{
	"start":	{
		"connected":	[{
				"socket":	5,
				"local_host":	"129.93.240.12",
				"local_port":	36475,
				"remote_host":	"10.53.1.3",
				"remote_port":	55002
			}],
		"version":	"iperf 3.12",
		"system_info":	"Linux rpi2 6.6.74+rpt-rpi-v8 #1 SMP PREEMPT Debian 1:6.6.74-1+rpt1 (2025-01-27) aarch64",
		"timestamp":	{
			"time":	"Thu, 22 May 2025 01:02:36 GMT",
			"timesecs":	1747875756
		},
		"connecting_to":	{
			"host":	"10.53.1.3",
			"port":	55002
		},
		"cookie":	"drxagaqpr6e4qibh2peaqj3cgqbj5aarciei",
		"target_bitrate":	200000000,
		"sock_bufsize":	0,
		"sndbuf_actual":	212992,
		"rcvbuf_actual":	212992,
		"test_start":	{
			"protocol":	"UDP",
			"num_streams":	1,
			"blksize":	1448,
			"omit":	0,
			"duration":	10,
			"bytes":	0,
			"blocks":	0,
			"reverse":	0,
			"tos":	0,
			"target_bitrate":	200000000
		}
	},
	"intervals":	[{
			"streams":	[{
					"socket":	5,
					"start":	0,
					"end":	1.000083,
					"seconds":	1.0000829696655273,
					"bytes":	1885296,
					"bits_per_second":	15081116.724789565,
					"packets":	1302,
					"omitted":	false,
					"sender":	true
				}],
			"sum":	{
				"start":	0,
				"end":	1.000083,
				"seconds":	1.0000829696655273,
				"bytes":	1885296,
				"bits_per_second":	15081116.724789565,
				"packets":	1302,
				"omitted":	false,
				"sender":	true
			}
		}, {
			"streams":	[{
					"socket":	5,
					"start":	1.000083,
					"end":	2.000082,
					"seconds":	0.99999898672103882,
					"bytes":	1088896,
					"bits_per_second":	8711176.8268522061,
					"packets":	752,
					"omitted":	false,
					"sender":	true
				}],
			"sum":	{
				"start":	1.000083,
				"end":	2.000082,
				"seconds":	0.99999898672103882,
				"bytes":	1088896,
				"bits_per_second":	8711176.8268522061,
				"packets":	752,
				"omitted":	false,
				"sender":	true
			}
		}, {
			"streams":	[{
					"socket":	5,
					"start":	2.000082,
					"end":	3.000083,
					"seconds":	1.0000009536743164,
					"bytes":	1062832,
					"bits_per_second":	8502647.8912430853,
					"packets":	734,
					"omitted":	false,
					"sender":	true
				}],
			"sum":	{
				"start":	2.000082,
				"end":	3.000083,
				"seconds":	1.0000009536743164,
				"bytes":	1062832,
				"bits_per_second":	8502647.8912430853,
				"packets":	734,
				"omitted":	false,
				"sender":	true
			}
		}, {
			"streams":	[{
					"socket":	5,
					"start":	3.000083,
					"end":	4.000083,
					"seconds":	1,
					"bytes":	1129440,
					"bits_per_second":	9035520,
					"packets":	780,
					"omitted":	false,
					"sender":	true
				}],
			"sum":	{
				"start":	3.000083,
				"end":	4.000083,
				"seconds":	1,
				"bytes":	1129440,
				"bits_per_second":	9035520,
				"packets":	780,
				"omitted":	false,
				"sender":	true
			}
		}, {
			"streams":	[{
					"socket":	5,
					"start":	4.000083,
					"end":	5.000084,
					"seconds":	1.0000009536743164,
					"bytes":	1078760,
					"bits_per_second":	8630071.7697222047,
					"packets":	745,
					"omitted":	false,
					"sender":	true
				}],
			"sum":	{
				"start":	4.000083,
				"end":	5.000084,
				"seconds":	1.0000009536743164,
				"bytes":	1078760,
				"bits_per_second":	8630071.7697222047,
				"packets":	745,
				"omitted":	false,
				"sender":	true
			}
		}, {
			"streams":	[{
					"socket":	5,
					"start":	5.000084,
					"end":	6.000083,
					"seconds":	0.99999898672103882,
					"bytes":	1044008,
					"bits_per_second":	8352072.46297931,
					"packets":	721,
					"omitted":	false,
					"sender":	true
				}],
			"sum":	{
				"start":	5.000084,
				"end":	6.000083,
				"seconds":	0.99999898672103882,
				"bytes":	1044008,
				"bits_per_second":	8352072.46297931,
				"packets":	721,
				"omitted":	false,
				"sender":	true
			}
		}, {
			"streams":	[{
					"socket":	5,
					"start":	6.000083,
					"end":	7.000083,
					"seconds":	1,
					"bytes":	1090344,
					"bits_per_second":	8722752,
					"packets":	753,
					"omitted":	false,
					"sender":	true
				}],
			"sum":	{
				"start":	6.000083,
				"end":	7.000083,
				"seconds":	1,
				"bytes":	1090344,
				"bits_per_second":	8722752,
				"packets":	753,
				"omitted":	false,
				"sender":	true
			}
		}, {
			"streams":	[{
					"socket":	5,
					"start":	7.000083,
					"end":	8.000082,
					"seconds":	0.99999898672103882,
					"bytes":	1094688,
					"bits_per_second":	8757512.8738035467,
					"packets":	756,
					"omitted":	false,
					"sender":	true
				}],
			"sum":	{
				"start":	7.000083,
				"end":	8.000082,
				"seconds":	0.99999898672103882,
				"bytes":	1094688,
				"bits_per_second":	8757512.8738035467,
				"packets":	756,
				"omitted":	false,
				"sender":	true
			}
		}, {
			"streams":	[{
					"socket":	5,
					"start":	8.000082,
					"end":	9.000083,
					"seconds":	1.0000009536743164,
					"bytes":	1138128,
					"bits_per_second":	9105015.31678074,
					"packets":	786,
					"omitted":	false,
					"sender":	true
				}],
			"sum":	{
				"start":	8.000082,
				"end":	9.000083,
				"seconds":	1.0000009536743164,
				"bytes":	1138128,
				"bits_per_second":	9105015.31678074,
				"packets":	786,
				"omitted":	false,
				"sender":	true
			}
		}, {
			"streams":	[{
					"socket":	5,
					"start":	9.000083,
					"end":	10.000103,
					"seconds":	1.0000200271606445,
					"bytes":	1064280,
					"bits_per_second":	8514069.48736264,
					"packets":	735,
					"omitted":	false,
					"sender":	true
				}],
			"sum":	{
				"start":	9.000083,
				"end":	10.000103,
				"seconds":	1.0000200271606445,
				"bytes":	1064280,
				"bits_per_second":	8514069.48736264,
				"packets":	735,
				"omitted":	false,
				"sender":	true
			}
		}],
	"end":	{
		"streams":	[{
				"udp":	{
					"socket":	5,
					"start":	0,
					"end":	10.000103,
					"seconds":	10.000103,
					"bytes":	11676672,
					"bits_per_second":	9341241.38521373,
					"jitter_ms":	1.1239254153753477,
					"lost_packets":	0,
					"packets":	8064,
					"lost_percent":	0,
					"out_of_order":	0,
					"sender":	true
				}
			}],
		"sum":	{
			"start":	0,
			"end":	10.544969,
			"seconds":	10.544969,
			"bytes":	11676672,
			"bits_per_second":	9341241.38521373,
			"jitter_ms":	1.1239254153753477,
			"lost_packets":	0,
			"packets":	8064,
			"lost_percent":	0,
			"sender":	true
		},
		"sum_sent":	{
			"start":	0,
			"end":	10.000103,
			"seconds":	10.000103,
			"bytes":	11676672,
			"bits_per_second":	9341241.38521373,
			"jitter_ms":	0,
			"lost_packets":	0,
			"packets":	8064,
			"lost_percent":	0,
			"sender":	true
		},
		"sum_received":	{
			"start":	0,
			"end":	10.544969,
			"seconds":	10.544969,
			"bytes":	11676672,
			"bits_per_second":	8858572.8417029958,
			"jitter_ms":	1.1239254153753477,
			"lost_packets":	0,
			"packets":	8064,
			"lost_percent":	0,
			"sender":	false
		},
		"cpu_utilization_percent":	{
			"host_total":	5.9328978257554867,
			"host_user":	0.5545694202273066,
			"host_system":	5.37832840552818,
			"remote_total":	0.544742668524992,
			"remote_user":	0.10985322967452094,
			"remote_system":	0.434889438850471
		}
	}
}
