{
	"start":	{
		"connected":	[{
				"socket":	5,
				"local_host":	"129.93.240.12",
				"local_port":	56439,
				"remote_host":	"10.53.1.3",
				"remote_port":	55002
			}],
		"version":	"iperf 3.12",
		"system_info":	"Linux rpi2 6.6.74+rpt-rpi-v8 #1 SMP PREEMPT Debian 1:6.6.74-1+rpt1 (2025-01-27) aarch64",
		"timestamp":	{
			"time":	"Thu, 22 May 2025 01:11:24 GMT",
			"timesecs":	1747876284
		},
		"connecting_to":	{
			"host":	"10.53.1.3",
			"port":	55002
		},
		"cookie":	"ht7daucqau4ber3csiydkfqx6yralu5aar6j",
		"target_bitrate":	200000000,
		"sock_bufsize":	0,
		"sndbuf_actual":	212992,
		"rcvbuf_actual":	212992,
		"test_start":	{
			"protocol":	"UDP",
			"num_streams":	1,
			"blksize":	1448,
			"omit":	0,
			"duration":	10,
			"bytes":	0,
			"blocks":	0,
			"reverse":	0,
			"tos":	0,
			"target_bitrate":	200000000
		}
	},
	"intervals":	[{
			"streams":	[{
					"socket":	5,
					"start":	0,
					"end":	1.000084,
					"seconds":	1.0000840425491333,
					"bytes":	2529656,
					"bits_per_second":	20235547.353017345,
					"packets":	1747,
					"omitted":	false,
					"sender":	true
				}],
			"sum":	{
				"start":	0,
				"end":	1.000084,
				"seconds":	1.0000840425491333,
				"bytes":	2529656,
				"bits_per_second":	20235547.353017345,
				"packets":	1747,
				"omitted":	false,
				"sender":	true
			}
		}, {
			"streams":	[{
					"socket":	5,
					"start":	1.000084,
					"end":	2.000079,
					"seconds":	0.999994993209839,
					"bytes":	1902672,
					"bits_per_second":	15221452.210617166,
					"packets":	1314,
					"omitted":	false,
					"sender":	true
				}],
			"sum":	{
				"start":	1.000084,
				"end":	2.000079,
				"seconds":	0.999994993209839,
				"bytes":	1902672,
				"bits_per_second":	15221452.210617166,
				"packets":	1314,
				"omitted":	false,
				"sender":	true
			}
		}, {
			"streams":	[{
					"socket":	5,
					"start":	2.000079,
					"end":	3.000079,
					"seconds":	1,
					"bytes":	2195168,
					"bits_per_second":	17561344,
					"packets":	1516,
					"omitted":	false,
					"sender":	true
				}],
			"sum":	{
				"start":	2.000079,
				"end":	3.000079,
				"seconds":	1,
				"bytes":	2195168,
				"bits_per_second":	17561344,
				"packets":	1516,
				"omitted":	false,
				"sender":	true
			}
		}, {
			"streams":	[{
					"socket":	5,
					"start":	3.000079,
					"end":	4.00001,
					"seconds":	0.99993097782135,
					"bytes":	2101048,
					"bits_per_second":	16809544.231364962,
					"packets":	1451,
					"omitted":	false,
					"sender":	true
				}],
			"sum":	{
				"start":	3.000079,
				"end":	4.00001,
				"seconds":	0.99993097782135,
				"bytes":	2101048,
				"bits_per_second":	16809544.231364962,
				"packets":	1451,
				"omitted":	false,
				"sender":	true
			}
		}, {
			"streams":	[{
					"socket":	5,
					"start":	4.00001,
					"end":	5.00008,
					"seconds":	1.0000699758529663,
					"bytes":	1995344,
					"bits_per_second":	15961635.070971172,
					"packets":	1378,
					"omitted":	false,
					"sender":	true
				}],
			"sum":	{
				"start":	4.00001,
				"end":	5.00008,
				"seconds":	1.0000699758529663,
				"bytes":	1995344,
				"bits_per_second":	15961635.070971172,
				"packets":	1378,
				"omitted":	false,
				"sender":	true
			}
		}, {
			"streams":	[{
					"socket":	5,
					"start":	5.00008,
					"end":	6.00008,
					"seconds":	1,
					"bytes":	2240056,
					"bits_per_second":	17920448,
					"packets":	1547,
					"omitted":	false,
					"sender":	true
				}],
			"sum":	{
				"start":	5.00008,
				"end":	6.00008,
				"seconds":	1,
				"bytes":	2240056,
				"bits_per_second":	17920448,
				"packets":	1547,
				"omitted":	false,
				"sender":	true
			}
		}, {
			"streams":	[{
					"socket":	5,
					"start":	6.00008,
					"end":	7.000083,
					"seconds":	1.0000029802322388,
					"bytes":	1917152,
					"bits_per_second":	15337170.291670645,
					"packets":	1324,
					"omitted":	false,
					"sender":	true
				}],
			"sum":	{
				"start":	6.00008,
				"end":	7.000083,
				"seconds":	1.0000029802322388,
				"bytes":	1917152,
				"bits_per_second":	15337170.291670645,
				"packets":	1324,
				"omitted":	false,
				"sender":	true
			}
		}, {
			"streams":	[{
					"socket":	5,
					"start":	7.000083,
					"end":	8.000084,
					"seconds":	1.0000009536743164,
					"bytes":	2203856,
					"bits_per_second":	17630831.18592912,
					"packets":	1522,
					"omitted":	false,
					"sender":	true
				}],
			"sum":	{
				"start":	7.000083,
				"end":	8.000084,
				"seconds":	1.0000009536743164,
				"bytes":	2203856,
				"bits_per_second":	17630831.18592912,
				"packets":	1522,
				"omitted":	false,
				"sender":	true
			}
		}, {
			"streams":	[{
					"socket":	5,
					"start":	8.000084,
					"end":	9.00008,
					"seconds":	0.9999960064888,
					"bytes":	1947560,
					"bits_per_second":	15580542.221069861,
					"packets":	1345,
					"omitted":	false,
					"sender":	true
				}],
			"sum":	{
				"start":	8.000084,
				"end":	9.00008,
				"seconds":	0.9999960064888,
				"bytes":	1947560,
				"bits_per_second":	15580542.221069861,
				"packets":	1345,
				"omitted":	false,
				"sender":	true
			}
		}, {
			"streams":	[{
					"socket":	5,
					"start":	9.00008,
					"end":	10.000098,
					"seconds":	1.0000180006027222,
					"bytes":	2224128,
					"bits_per_second":	17792703.720608972,
					"packets":	1536,
					"omitted":	false,
					"sender":	true
				}],
			"sum":	{
				"start":	9.00008,
				"end":	10.000098,
				"seconds":	1.0000180006027222,
				"bytes":	2224128,
				"bits_per_second":	17792703.720608972,
				"packets":	1536,
				"omitted":	false,
				"sender":	true
			}
		}],
	"end":	{
		"streams":	[{
				"udp":	{
					"socket":	5,
					"start":	0,
					"end":	10.000098,
					"seconds":	10.000098,
					"bytes":	21256640,
					"bits_per_second":	17005145.349575575,
					"jitter_ms":	0.79979989418789554,
					"lost_packets":	0,
					"packets":	14680,
					"lost_percent":	0,
					"out_of_order":	0,
					"sender":	true
				}
			}],
		"sum":	{
			"start":	0,
			"end":	10.289616,
			"seconds":	10.289616,
			"bytes":	21256640,
			"bits_per_second":	17005145.349575575,
			"jitter_ms":	0.79979989418789554,
			"lost_packets":	0,
			"packets":	14680,
			"lost_percent":	0,
			"sender":	true
		},
		"sum_sent":	{
			"start":	0,
			"end":	10.000098,
			"seconds":	10.000098,
			"bytes":	21256640,
			"bits_per_second":	17005145.349575575,
			"jitter_ms":	0,
			"lost_packets":	0,
			"packets":	14680,
			"lost_percent":	0,
			"sender":	true
		},
		"sum_received":	{
			"start":	0,
			"end":	10.289616,
			"seconds":	10.289616,
			"bytes":	21256640,
			"bits_per_second":	16526673.104224686,
			"jitter_ms":	0.79979989418789554,
			"lost_packets":	0,
			"packets":	14680,
			"lost_percent":	0,
			"sender":	false
		},
		"cpu_utilization_percent":	{
			"host_total":	7.1264996658141486,
			"host_user":	0.469721455028663,
			"host_system":	6.656758410112916,
			"remote_total":	0.85352009495391623,
			"remote_user":	0.0825977783636971,
			"remote_system":	0.770912598061173
		}
	}
}
