{
	"start":	{
		"connected":	[{
				"socket":	5,
				"local_host":	"129.93.240.12",
				"local_port":	43834,
				"remote_host":	"10.53.1.3",
				"remote_port":	55002
			}],
		"version":	"iperf 3.12",
		"system_info":	"Linux rpi2 6.6.74+rpt-rpi-v8 #1 SMP PREEMPT Debian 1:6.6.74-1+rpt1 (2025-01-27) aarch64",
		"timestamp":	{
			"time":	"Thu, 22 May 2025 00:29:20 GMT",
			"timesecs":	1747873760
		},
		"connecting_to":	{
			"host":	"10.53.1.3",
			"port":	55002
		},
		"cookie":	"tzgopzqrfaqbgk5pdh5ot36qwkqctrvqzngy",
		"target_bitrate":	200000000,
		"sock_bufsize":	0,
		"sndbuf_actual":	212992,
		"rcvbuf_actual":	212992,
		"test_start":	{
			"protocol":	"UDP",
			"num_streams":	1,
			"blksize":	1448,
			"omit":	0,
			"duration":	10,
			"bytes":	0,
			"blocks":	0,
			"reverse":	0,
			"tos":	0,
			"target_bitrate":	200000000
		}
	},
	"intervals":	[{
			"streams":	[{
					"socket":	5,
					"start":	0,
					"end":	1.000029,
					"seconds":	1.0000289678573608,
					"bytes":	3912496,
					"bits_per_second":	31299061.333255772,
					"packets":	2702,
					"omitted":	false,
					"sender":	true
				}],
			"sum":	{
				"start":	0,
				"end":	1.000029,
				"seconds":	1.0000289678573608,
				"bytes":	3912496,
				"bits_per_second":	31299061.333255772,
				"packets":	2702,
				"omitted":	false,
				"sender":	true
			}
		}, {
			"streams":	[{
					"socket":	5,
					"start":	1.000029,
					"end":	2.000082,
					"seconds":	1.00005304813385,
					"bytes":	3210216,
					"bits_per_second":	25680365.704522789,
					"packets":	2217,
					"omitted":	false,
					"sender":	true
				}],
			"sum":	{
				"start":	1.000029,
				"end":	2.000082,
				"seconds":	1.00005304813385,
				"bytes":	3210216,
				"bits_per_second":	25680365.704522789,
				"packets":	2217,
				"omitted":	false,
				"sender":	true
			}
		}, {
			"streams":	[{
					"socket":	5,
					"start":	2.000082,
					"end":	3.000083,
					"seconds":	1.0000009536743164,
					"bytes":	3142160,
					"bits_per_second":	25137256.027244542,
					"packets":	2170,
					"omitted":	false,
					"sender":	true
				}],
			"sum":	{
				"start":	2.000082,
				"end":	3.000083,
				"seconds":	1.0000009536743164,
				"bytes":	3142160,
				"bits_per_second":	25137256.027244542,
				"packets":	2170,
				"omitted":	false,
				"sender":	true
			}
		}, {
			"streams":	[{
					"socket":	5,
					"start":	3.000083,
					"end":	4.000081,
					"seconds":	0.99999797344207764,
					"bytes":	3077000,
					"bits_per_second":	24616049.885850914,
					"packets":	2125,
					"omitted":	false,
					"sender":	true
				}],
			"sum":	{
				"start":	3.000083,
				"end":	4.000081,
				"seconds":	0.99999797344207764,
				"bytes":	3077000,
				"bits_per_second":	24616049.885850914,
				"packets":	2125,
				"omitted":	false,
				"sender":	true
			}
		}, {
			"streams":	[{
					"socket":	5,
					"start":	4.000081,
					"end":	5.000082,
					"seconds":	1.0000009536743164,
					"bytes":	3079896,
					"bits_per_second":	24639144.502280708,
					"packets":	2127,
					"omitted":	false,
					"sender":	true
				}],
			"sum":	{
				"start":	4.000081,
				"end":	5.000082,
				"seconds":	1.0000009536743164,
				"bytes":	3079896,
				"bits_per_second":	24639144.502280708,
				"packets":	2127,
				"omitted":	false,
				"sender":	true
			}
		}, {
			"streams":	[{
					"socket":	5,
					"start":	5.000082,
					"end":	6.000083,
					"seconds":	1.0000009536743164,
					"bytes":	3365152,
					"bits_per_second":	26921190.325952221,
					"packets":	2324,
					"omitted":	false,
					"sender":	true
				}],
			"sum":	{
				"start":	5.000082,
				"end":	6.000083,
				"seconds":	1.0000009536743164,
				"bytes":	3365152,
				"bits_per_second":	26921190.325952221,
				"packets":	2324,
				"omitted":	false,
				"sender":	true
			}
		}, {
			"streams":	[{
					"socket":	5,
					"start":	6.000083,
					"end":	7.000082,
					"seconds":	0.99999898672103882,
					"bytes":	2867040,
					"bits_per_second":	22936343.240914054,
					"packets":	1980,
					"omitted":	false,
					"sender":	true
				}],
			"sum":	{
				"start":	6.000083,
				"end":	7.000082,
				"seconds":	0.99999898672103882,
				"bytes":	2867040,
				"bits_per_second":	22936343.240914054,
				"packets":	1980,
				"omitted":	false,
				"sender":	true
			}
		}, {
			"streams":	[{
					"socket":	5,
					"start":	7.000082,
					"end":	8.000082,
					"seconds":	1,
					"bytes":	3105960,
					"bits_per_second":	24847680,
					"packets":	2145,
					"omitted":	false,
					"sender":	true
				}],
			"sum":	{
				"start":	7.000082,
				"end":	8.000082,
				"seconds":	1,
				"bytes":	3105960,
				"bits_per_second":	24847680,
				"packets":	2145,
				"omitted":	false,
				"sender":	true
			}
		}, {
			"streams":	[{
					"socket":	5,
					"start":	8.000082,
					"end":	9.000083,
					"seconds":	1.0000009536743164,
					"bytes":	3111752,
					"bits_per_second":	24893992.259238951,
					"packets":	2149,
					"omitted":	false,
					"sender":	true
				}],
			"sum":	{
				"start":	8.000082,
				"end":	9.000083,
				"seconds":	1.0000009536743164,
				"bytes":	3111752,
				"bits_per_second":	24893992.259238951,
				"packets":	2149,
				"omitted":	false,
				"sender":	true
			}
		}, {
			"streams":	[{
					"socket":	5,
					"start":	9.000083,
					"end":	10.000103,
					"seconds":	1.0000200271606445,
					"bytes":	2822152,
					"bits_per_second":	22576763.851523511,
					"packets":	1949,
					"omitted":	false,
					"sender":	true
				}],
			"sum":	{
				"start":	9.000083,
				"end":	10.000103,
				"seconds":	1.0000200271606445,
				"bytes":	2822152,
				"bits_per_second":	22576763.851523511,
				"packets":	1949,
				"omitted":	false,
				"sender":	true
			}
		}],
	"end":	{
		"streams":	[{
				"udp":	{
					"socket":	5,
					"start":	0,
					"end":	10.000103,
					"seconds":	10.000103,
					"bytes":	31693824,
					"bits_per_second":	25354798.045580134,
					"jitter_ms":	0.567835996440702,
					"lost_packets":	0,
					"packets":	21888,
					"lost_percent":	0,
					"out_of_order":	0,
					"sender":	true
				}
			}],
		"sum":	{
			"start":	0,
			"end":	10.264844,
			"seconds":	10.264844,
			"bytes":	31693824,
			"bits_per_second":	25354798.045580134,
			"jitter_ms":	0.567835996440702,
			"lost_packets":	0,
			"packets":	21888,
			"lost_percent":	0,
			"sender":	true
		},
		"sum_sent":	{
			"start":	0,
			"end":	10.000103,
			"seconds":	10.000103,
			"bytes":	31693824,
			"bits_per_second":	25354798.045580134,
			"jitter_ms":	0,
			"lost_packets":	0,
			"packets":	21888,
			"lost_percent":	0,
			"sender":	true
		},
		"sum_received":	{
			"start":	0,
			"end":	10.264844,
			"seconds":	10.264844,
			"bytes":	31693824,
			"bits_per_second":	24700871.440423254,
			"jitter_ms":	0.567835996440702,
			"lost_packets":	0,
			"packets":	21888,
			"lost_percent":	0,
			"sender":	false
		},
		"cpu_utilization_percent":	{
			"host_total":	9.0464436615763457,
			"host_user":	0.89334498391617223,
			"host_system":	8.15307879838107,
			"remote_total":	1.2772222576180821,
			"remote_user":	0.1901049932127627,
			"remote_system":	1.0871172644053193
		}
	}
}
