{
	"start":	{
		"connected":	[{
				"socket":	5,
				"local_host":	"192.168.225.31",
				"local_port":	34518,
				"remote_host":	"192.168.26.3",
				"remote_port":	55004
			}],
		"version":	"iperf 3.16",
		"system_info":	"Linux cse-ThinkPad-P14s-Gen-5 6.11.0-17-generic #17~24.04.2-Ubuntu SMP PREEMPT_DYNAMIC Mon Jan 20 22:48:29 UTC 2 x86_64",
		"timestamp":	{
			"time":	"Fri, 30 May 2025 19:16:52 GMT",
			"timesecs":	1748632612
		},
		"connecting_to":	{
			"host":	"192.168.26.3",
			"port":	55004
		},
		"cookie":	"p3j57lx4ezyhkbyjlw56jmuz2xhffotvyuj2",
		"tcp_mss_default":	1448,
		"target_bitrate":	0,
		"fq_rate":	0,
		"sock_bufsize":	0,
		"sndbuf_actual":	16384,
		"rcvbuf_actual":	131072,
		"test_start":	{
			"protocol":	"TCP",
			"num_streams":	1,
			"blksize":	131072,
			"omit":	0,
			"duration":	10,
			"bytes":	0,
			"blocks":	0,
			"reverse":	0,
			"tos":	0,
			"target_bitrate":	0,
			"bidir":	0,
			"fqrate":	0
		}
	},
	"intervals":	[{
			"streams":	[{
					"socket":	5,
					"start":	0,
					"end":	1.001066,
					"seconds":	1.0010659694671631,
					"bytes":	1441792,
					"bits_per_second":	11522053.842404988,
					"retransmits":	0,
					"snd_cwnd":	111496,
					"snd_wnd":	318464,
					"rtt":	86072,
					"rttvar":	2343,
					"pmtu":	1500,
					"omitted":	false,
					"sender":	true
				}],
			"sum":	{
				"start":	0,
				"end":	1.001066,
				"seconds":	1.0010659694671631,
				"bytes":	1441792,
				"bits_per_second":	11522053.842404988,
				"retransmits":	0,
				"omitted":	false,
				"sender":	true
			}
		}, {
			"streams":	[{
					"socket":	5,
					"start":	1.001066,
					"end":	2.001107,
					"seconds":	1.0000410079956055,
					"bytes":	1441792,
					"bits_per_second":	11533863.019395987,
					"retransmits":	5,
					"snd_cwnd":	107152,
					"snd_wnd":	1133696,
					"rtt":	87688,
					"rttvar":	1806,
					"pmtu":	1500,
					"omitted":	false,
					"sender":	true
				}],
			"sum":	{
				"start":	1.001066,
				"end":	2.001107,
				"seconds":	1.0000410079956055,
				"bytes":	1441792,
				"bits_per_second":	11533863.019395987,
				"retransmits":	5,
				"omitted":	false,
				"sender":	true
			}
		}, {
			"streams":	[{
					"socket":	5,
					"start":	2.001107,
					"end":	3.001324,
					"seconds":	1.0002169609069824,
					"bytes":	1310720,
					"bits_per_second":	10483485.493479,
					"retransmits":	0,
					"snd_cwnd":	125976,
					"snd_wnd":	1303296,
					"rtt":	103206,
					"rttvar":	2078,
					"pmtu":	1500,
					"omitted":	false,
					"sender":	true
				}],
			"sum":	{
				"start":	2.001107,
				"end":	3.001324,
				"seconds":	1.0002169609069824,
				"bytes":	1310720,
				"bits_per_second":	10483485.493479,
				"retransmits":	0,
				"omitted":	false,
				"sender":	true
			}
		}, {
			"streams":	[{
					"socket":	5,
					"start":	3.001324,
					"end":	4.001328,
					"seconds":	1.0000040531158447,
					"bytes":	1048576,
					"bits_per_second":	8388574.000137805,
					"retransmits":	2,
					"snd_cwnd":	98464,
					"snd_wnd":	1304704,
					"rtt":	78412,
					"rttvar":	1259,
					"pmtu":	1500,
					"omitted":	false,
					"sender":	true
				}],
			"sum":	{
				"start":	3.001324,
				"end":	4.001328,
				"seconds":	1.0000040531158447,
				"bytes":	1048576,
				"bits_per_second":	8388574.000137805,
				"retransmits":	2,
				"omitted":	false,
				"sender":	true
			}
		}, {
			"streams":	[{
					"socket":	5,
					"start":	4.001328,
					"end":	5.001337,
					"seconds":	1.0000089406967163,
					"bytes":	1310720,
					"bits_per_second":	10485666.250838183,
					"retransmits":	0,
					"snd_cwnd":	108600,
					"snd_wnd":	1304704,
					"rtt":	87994,
					"rttvar":	2425,
					"pmtu":	1500,
					"omitted":	false,
					"sender":	true
				}],
			"sum":	{
				"start":	4.001328,
				"end":	5.001337,
				"seconds":	1.0000089406967163,
				"bytes":	1310720,
				"bits_per_second":	10485666.250838183,
				"retransmits":	0,
				"omitted":	false,
				"sender":	true
			}
		}, {
			"streams":	[{
					"socket":	5,
					"start":	5.001337,
					"end":	6.001294,
					"seconds":	0.999957025051117,
					"bytes":	1310720,
					"bits_per_second":	10486210.644366419,
					"retransmits":	0,
					"snd_cwnd":	112944,
					"snd_wnd":	1304704,
					"rtt":	93047,
					"rttvar":	1510,
					"pmtu":	1500,
					"omitted":	false,
					"sender":	true
				}],
			"sum":	{
				"start":	5.001337,
				"end":	6.001294,
				"seconds":	0.999957025051117,
				"bytes":	1310720,
				"bits_per_second":	10486210.644366419,
				"retransmits":	0,
				"omitted":	false,
				"sender":	true
			}
		}, {
			"streams":	[{
					"socket":	5,
					"start":	6.001294,
					"end":	7.001098,
					"seconds":	0.99980401992797852,
					"bytes":	1310720,
					"bits_per_second":	10487815.402817992,
					"retransmits":	0,
					"snd_cwnd":	120184,
					"snd_wnd":	1304704,
					"rtt":	97929,
					"rttvar":	1768,
					"pmtu":	1500,
					"omitted":	false,
					"sender":	true
				}],
			"sum":	{
				"start":	6.001294,
				"end":	7.001098,
				"seconds":	0.99980401992797852,
				"bytes":	1310720,
				"bits_per_second":	10487815.402817992,
				"retransmits":	0,
				"omitted":	false,
				"sender":	true
			}
		}, {
			"streams":	[{
					"socket":	5,
					"start":	7.001098,
					"end":	8.001337,
					"seconds":	1.0002390146255493,
					"bytes":	917504,
					"bits_per_second":	7338278.0442210836,
					"retransmits":	0,
					"snd_cwnd":	127424,
					"snd_wnd":	1304704,
					"rtt":	103986,
					"rttvar":	1402,
					"pmtu":	1500,
					"omitted":	false,
					"sender":	true
				}],
			"sum":	{
				"start":	7.001098,
				"end":	8.001337,
				"seconds":	1.0002390146255493,
				"bytes":	917504,
				"bits_per_second":	7338278.0442210836,
				"retransmits":	0,
				"omitted":	false,
				"sender":	true
			}
		}, {
			"streams":	[{
					"socket":	5,
					"start":	8.001337,
					"end":	9.001105,
					"seconds":	0.99976801872253418,
					"bytes":	1310720,
					"bits_per_second":	10488193.064425394,
					"retransmits":	2,
					"snd_cwnd":	102808,
					"snd_wnd":	1304704,
					"rtt":	82355,
					"rttvar":	1602,
					"pmtu":	1500,
					"omitted":	false,
					"sender":	true
				}],
			"sum":	{
				"start":	8.001337,
				"end":	9.001105,
				"seconds":	0.99976801872253418,
				"bytes":	1310720,
				"bits_per_second":	10488193.064425394,
				"retransmits":	2,
				"omitted":	false,
				"sender":	true
			}
		}, {
			"streams":	[{
					"socket":	5,
					"start":	9.001105,
					"end":	10.002004,
					"seconds":	1.0008989572525024,
					"bytes":	1310720,
					"bits_per_second":	10476342.216185063,
					"retransmits":	0,
					"snd_cwnd":	120184,
					"snd_wnd":	1304704,
					"rtt":	97430,
					"rttvar":	1977,
					"pmtu":	1500,
					"omitted":	false,
					"sender":	true
				}],
			"sum":	{
				"start":	9.001105,
				"end":	10.002004,
				"seconds":	1.0008989572525024,
				"bytes":	1310720,
				"bits_per_second":	10476342.216185063,
				"retransmits":	0,
				"omitted":	false,
				"sender":	true
			}
		}],
	"end":	{
		"streams":	[{
				"sender":	{
					"socket":	5,
					"start":	0,
					"end":	10.002004,
					"seconds":	10.002004,
					"bytes":	12713984,
					"bits_per_second":	10169149.302479783,
					"retransmits":	9,
					"max_snd_cwnd":	127424,
					"max_snd_wnd":	1304704,
					"max_rtt":	103986,
					"min_rtt":	78412,
					"mean_rtt":	91811,
					"sender":	true
				},
				"receiver":	{
					"socket":	5,
					"start":	0,
					"end":	10.09649,
					"seconds":	10.002004,
					"bytes":	12113968,
					"bits_per_second":	9598557.91468124,
					"sender":	true
				}
			}],
		"sum_sent":	{
			"start":	0,
			"end":	10.002004,
			"seconds":	10.002004,
			"bytes":	12713984,
			"bits_per_second":	10169149.302479783,
			"retransmits":	9,
			"sender":	true
		},
		"sum_received":	{
			"start":	0,
			"end":	10.09649,
			"seconds":	10.09649,
			"bytes":	12113968,
			"bits_per_second":	9598557.91468124,
			"sender":	true
		},
		"cpu_utilization_percent":	{
			"host_total":	0.11460674422743458,
			"host_user":	0.040869810360930035,
			"host_system":	0.073786150882835161,