{
	"start":	{
		"connected":	[{
				"socket":	5,
				"local_host":	"129.93.240.11",
				"local_port":	58567,
				"remote_host":	"10.53.1.3",
				"remote_port":	55001
			}],
		"version":	"iperf 3.12",
		"system_info":	"Linux rpi1 6.6.51+rpt-rpi-v8 #1 SMP PREEMPT Debian 1:6.6.51-1+rpt3 (2024-10-08) aarch64",
		"timestamp":	{
			"time":	"Thu, 22 May 2025 01:11:02 GMT",
			"timesecs":	1747876262
		},
		"connecting_to":	{
			"host":	"10.53.1.3",
			"port":	55001
		},
		"cookie":	"abk27ziapq37sdh76ewfgnmhpvw7dsdnc5kh",
		"target_bitrate":	200000000,
		"sock_bufsize":	0,
		"sndbuf_actual":	212992,
		"rcvbuf_actual":	212992,
		"test_start":	{
			"protocol":	"UDP",
			"num_streams":	1,
			"blksize":	1448,
			"omit":	0,
			"duration":	10,
			"bytes":	0,
			"blocks":	0,
			"reverse":	0,
			"tos":	0,
			"target_bitrate":	200000000
		}
	},
	"intervals":	[{
			"streams":	[{
					"socket":	5,
					"start":	0,
					"end":	1.000112,
					"seconds":	1.0001120567321777,
					"bytes":	973056,
					"bits_per_second":	7783575.7979314262,
					"packets":	672,
					"omitted":	false,
					"sender":	true
				}],
			"sum":	{
				"start":	0,
				"end":	1.000112,
				"seconds":	1.0001120567321777,
				"bytes":	973056,
				"bits_per_second":	7783575.7979314262,
				"packets":	672,
				"omitted":	false,
				"sender":	true
			}
		}, {
			"streams":	[{
					"socket":	5,
					"start":	1.000112,
					"end":	2.000104,
					"seconds":	0.9999920129776,
					"bytes":	278016,
					"bits_per_second":	2224145.76430204,
					"packets":	192,
					"omitted":	false,
					"sender":	true
				}],
			"sum":	{
				"start":	1.000112,
				"end":	2.000104,
				"seconds":	0.9999920129776,
				"bytes":	278016,
				"bits_per_second":	2224145.76430204,
				"packets":	192,
				"omitted":	false,
				"sender":	true
			}
		}, {
			"streams":	[{
					"socket":	5,
					"start":	2.000104,
					"end":	3.000106,
					"seconds":	1.0000020265579224,
					"bytes":	276568,
					"bits_per_second":	2212539.5161605151,
					"packets":	191,
					"omitted":	false,
					"sender":	true
				}],
			"sum":	{
				"start":	2.000104,
				"end":	3.000106,
				"seconds":	1.0000020265579224,
				"bytes":	276568,
				"bits_per_second":	2212539.5161605151,
				"packets":	191,
				"omitted":	false,
				"sender":	true
			}
		}, {
			"streams":	[{
					"socket":	5,
					"start":	3.000106,
					"end":	4.000106,
					"seconds":	1,
					"bytes":	366344,
					"bits_per_second":	2930752,
					"packets":	253,
					"omitted":	false,
					"sender":	true
				}],
			"sum":	{
				"start":	3.000106,
				"end":	4.000106,
				"seconds":	1,
				"bytes":	366344,
				"bits_per_second":	2930752,
				"packets":	253,
				"omitted":	false,
				"sender":	true
			}
		}, {
			"streams":	[{
					"socket":	5,
					"start":	4.000106,
					"end":	5.000111,
					"seconds":	1.0000050067901611,
					"bytes":	276568,
					"bits_per_second":	2212532.9223119332,
					"packets":	191,
					"omitted":	false,
					"sender":	true
				}],
			"sum":	{
				"start":	4.000106,
				"end":	5.000111,
				"seconds":	1.0000050067901611,
				"bytes":	276568,
				"bits_per_second":	2212532.9223119332,
				"packets":	191,
				"omitted":	false,
				"sender":	true
			}
		}, {
			"streams":	[{
					"socket":	5,
					"start":	5.000111,
					"end":	6.000109,
					"seconds":	0.99999797344207764,
					"bytes":	321456,
					"bits_per_second":	2571653.21160419,
					"packets":	222,
					"omitted":	false,
					"sender":	true
				}],
			"sum":	{
				"start":	5.000111,
				"end":	6.000109,
				"seconds":	0.99999797344207764,
				"bytes":	321456,
				"bits_per_second":	2571653.21160419,
				"packets":	222,
				"omitted":	false,
				"sender":	true
			}
		}, {
			"streams":	[{
					"socket":	5,
					"start":	6.000109,
					"end":	7.000111,
					"seconds":	1.0000020265579224,
					"bytes":	315664,
					"bits_per_second":	2525306.8823193312,
					"packets":	218,
					"omitted":	false,
					"sender":	true
				}],
			"sum":	{
				"start":	6.000109,
				"end":	7.000111,
				"seconds":	1.0000020265579224,
				"bytes":	315664,
				"bits_per_second":	2525306.8823193312,
				"packets":	218,
				"omitted":	false,
				"sender":	true
			}
		}, {
			"streams":	[{
					"socket":	5,
					"start":	7.000111,
					"end":	8.000106,
					"seconds":	0.999994993209839,
					"bytes":	320008,
					"bits_per_second":	2560076.8177674231,
					"packets":	221,
					"omitted":	false,
					"sender":	true
				}],
			"sum":	{
				"start":	7.000111,
				"end":	8.000106,
				"seconds":	0.999994993209839,
				"bytes":	320008,
				"bits_per_second":	2560076.8177674231,
				"packets":	221,
				"omitted":	false,
				"sender":	true
			}
		}, {
			"streams":	[{
					"socket":	5,
					"start":	8.000106,
					"end":	9.000109,
					"seconds":	1.0000029802322388,
					"bytes":	214304,
					"bits_per_second":	1714426.8906097095,
					"packets":	148,
					"omitted":	false,
					"sender":	true
				}],
			"sum":	{
				"start":	8.000106,
				"end":	9.000109,
				"seconds":	1.0000029802322388,
				"bytes":	214304,
				"bits_per_second":	1714426.8906097095,
				"packets":	148,
				"omitted":	false,
				"sender":	true
			}
		}, {
			"streams":	[{
					"socket":	5,
					"start":	9.000109,
					"end":	10.00013,
					"seconds":	1.0000209808349609,
					"bytes":	212856,
					"bits_per_second":	1702812.2735767185,
					"packets":	147,
					"omitted":	false,
					"sender":	true
				}],
			"sum":	{
				"start":	9.000109,
				"end":	10.00013,
				"seconds":	1.0000209808349609,
				"bytes":	212856,
				"bits_per_second":	1702812.2735767185,
				"packets":	147,
				"omitted":	false,
				"sender":	true
			}
		}],
	"end":	{
		"streams":	[{
				"udp":	{
					"socket":	5,
					"start":	0,
					"end":	10.00013,
					"seconds":	10.00013,
					"bytes":	3554840,
					"bits_per_second":	2843835.0301446081,
					"jitter_ms":	0.851521742183783,
					"lost_packets":	0,
					"packets":	2455,
					"lost_percent":	0,
					"out_of_order":	0,
					"sender":	true
				}
			}],
		"sum":	{
			"start":	0,
			"end":	10.565751,
			"seconds":	10.565751,
			"bytes":	3554840,
			"bits_per_second":	2843835.0301446081,
			"jitter_ms":	0.851521742183783,
			"lost_packets":	0,
			"packets":	2455,
			"lost_percent":	0,
			"sender":	true
		},
		"sum_sent":	{
			"start":	0,
			"end":	10.00013,
			"seconds":	10.00013,
			"bytes":	3554840,
			"bits_per_second":	2843835.0301446081,
			"jitter_ms":	0,
			"lost_packets":	0,
			"packets":	2455,
			"lost_percent":	0,
			"sender":	true
		},
		"sum_received":	{
			"start":	0,
			"end":	10.565751,
			"seconds":	10.565751,
			"bytes":	3554840,
			"bits_per_second":	2691594.7574384441,
			"jitter_ms":	0.851521742183783,
			"lost_packets":	0,
			"packets":	2455,
			"lost_percent":	0,
			"sender":	false
		},
		"cpu_utilization_percent":	{
			"host_total":	3.3669731092967683,
			"host_user":	0.083718794616179468,
			"host_system":	3.2832543146805886,
			"remote_total":	0.21576299291295656,
			"remote_user":	0,
			"remote_system":	0.21577245744745288
		}
	}
}
