{
	"start":	{
		"connected":	[{
				"socket":	5,
				"local_host":	"129.93.240.11",
				"local_port":	34956,
				"remote_host":	"10.53.1.3",
				"remote_port":	55001
			}],
		"version":	"iperf 3.12",
		"system_info":	"Linux rpi1 6.6.51+rpt-rpi-v8 #1 SMP PREEMPT Debian 1:6.6.51-1+rpt3 (2024-10-08) aarch64",
		"timestamp":	{
			"time":	"Thu, 22 May 2025 01:11:24 GMT",
			"timesecs":	1747876284
		},
		"connecting_to":	{
			"host":	"10.53.1.3",
			"port":	55001
		},
		"cookie":	"ezpsmdamj273eupcswbs6bo7vo2p4eodoaiw",
		"target_bitrate":	200000000,
		"sock_bufsize":	0,
		"sndbuf_actual":	212992,
		"rcvbuf_actual":	212992,
		"test_start":	{
			"protocol":	"UDP",
			"num_streams":	1,
			"blksize":	1448,
			"omit":	0,
			"duration":	10,
			"bytes":	0,
			"blocks":	0,
			"reverse":	0,
			"tos":	0,
			"target_bitrate":	200000000
		}
	},
	"intervals":	[{
			"streams":	[{
					"socket":	5,
					"start":	0,
					"end":	1.000084,
					"seconds":	1.0000840425491333,
					"bytes":	916584,
					"bits_per_second":	7332055.7953405716,
					"packets":	633,
					"omitted":	false,
					"sender":	true
				}],
			"sum":	{
				"start":	0,
				"end":	1.000084,
				"seconds":	1.0000840425491333,
				"bytes":	916584,
				"bits_per_second":	7332055.7953405716,
				"packets":	633,
				"omitted":	false,
				"sender":	true
			}
		}, {
			"streams":	[{
					"socket":	5,
					"start":	1.000084,
					"end":	2.000085,
					"seconds":	1.0000009536743164,
					"bytes":	320008,
					"bits_per_second":	2560061.5585350432,
					"packets":	221,
					"omitted":	false,
					"sender":	true
				}],
			"sum":	{
				"start":	1.000084,
				"end":	2.000085,
				"seconds":	1.0000009536743164,
				"bytes":	320008,
				"bits_per_second":	2560061.5585350432,
				"packets":	221,
				"omitted":	false,
				"sender":	true
			}
		}, {
			"streams":	[{
					"socket":	5,
					"start":	2.000085,
					"end":	3.000084,
					"seconds":	0.99999898672103882,
					"bytes":	317112,
					"bits_per_second":	2536898.5705859484,
					"packets":	219,
					"omitted":	false,
					"sender":	true
				}],
			"sum":	{
				"start":	2.000085,
				"end":	3.000084,
				"seconds":	0.99999898672103882,
				"bytes":	317112,
				"bits_per_second":	2536898.5705859484,
				"packets":	219,
				"omitted":	false,
				"sender":	true
			}
		}, {
			"streams":	[{
					"socket":	5,
					"start":	3.000084,
					"end":	4.000085,
					"seconds":	1.0000009536743164,
					"bytes":	211408,
					"bits_per_second":	1691262.387086499,
					"packets":	146,
					"omitted":	false,
					"sender":	true
				}],
			"sum":	{
				"start":	3.000084,
				"end":	4.000085,
				"seconds":	1.0000009536743164,
				"bytes":	211408,
				"bits_per_second":	1691262.387086499,
				"packets":	146,
				"omitted":	false,
				"sender":	true
			}
		}, {
			"streams":	[{
					"socket":	5,
					"start":	4.000085,
					"end":	5.000084,
					"seconds":	0.99999898672103882,
					"bytes":	321456,
					"bits_per_second":	2571650.6057994543,
					"packets":	222,
					"omitted":	false,
					"sender":	true
				}],
			"sum":	{
				"start":	4.000085,
				"end":	5.000084,
				"seconds":	0.99999898672103882,
				"bytes":	321456,
				"bits_per_second":	2571650.6057994543,
				"packets":	222,
				"omitted":	false,
				"sender":	true
			}
		}, {
			"streams":	[{
					"socket":	5,
					"start":	5.000084,
					"end":	6.000083,
					"seconds":	0.99999898672103882,
					"bytes":	317112,
					"bits_per_second":	2536898.5705859484,
					"packets":	219,
					"omitted":	false,
					"sender":	true
				}],
			"sum":	{
				"start":	5.000084,
				"end":	6.000083,
				"seconds":	0.99999898672103882,
				"bytes":	317112,
				"bits_per_second":	2536898.5705859484,
				"packets":	219,
				"omitted":	false,
				"sender":	true
			}
		}, {
			"streams":	[{
					"socket":	5,
					"start":	6.000083,
					"end":	7.000085,
					"seconds":	1.0000020265579224,
					"bytes":	321456,
					"bits_per_second":	2571642.7884169337,
					"packets":	222,
					"omitted":	false,
					"sender":	true
				}],
			"sum":	{
				"start":	6.000083,
				"end":	7.000085,
				"seconds":	1.0000020265579224,
				"bytes":	321456,
				"bits_per_second":	2571642.7884169337,
				"packets":	222,
				"omitted":	false,
				"sender":	true
			}
		}, {
			"streams":	[{
					"socket":	5,
					"start":	7.000085,
					"end":	8.000084,
					"seconds":	0.99999898672103882,
					"bytes":	317112,
					"bits_per_second":	2536898.5705859484,
					"packets":	219,
					"omitted":	false,
					"sender":	true
				}],
			"sum":	{
				"start":	7.000085,
				"end":	8.000084,
				"seconds":	0.99999898672103882,
				"bytes":	317112,
				"bits_per_second":	2536898.5705859484,
				"packets":	219,
				"omitted":	false,
				"sender":	true
			}
		}, {
			"streams":	[{
					"socket":	5,
					"start":	8.000084,
					"end":	9.000082,
					"seconds":	0.99999797344207764,
					"bytes":	315664,
					"bits_per_second":	2525317.1177014112,
					"packets":	218,
					"omitted":	false,
					"sender":	true
				}],
			"sum":	{
				"start":	8.000084,
				"end":	9.000082,
				"seconds":	0.99999797344207764,
				"bytes":	315664,
				"bits_per_second":	2525317.1177014112,
				"packets":	218,
				"omitted":	false,
				"sender":	true
			}
		}, {
			"streams":	[{
					"socket":	5,
					"start":	9.000082,
					"end":	10.000109,
					"seconds":	1.0000269412994385,
					"bytes":	211408,
					"bits_per_second":	1691218.43637769,
					"packets":	146,
					"omitted":	false,
					"sender":	true
				}],
			"sum":	{
				"start":	9.000082,
				"end":	10.000109,
				"seconds":	1.0000269412994385,
				"bytes":	211408,
				"bits_per_second":	1691218.43637769,
				"packets":	146,
				"omitted":	false,
				"sender":	true
			}
		}],
	"end":	{
		"streams":	[{
				"udp":	{
					"socket":	5,
					"start":	0,
					"end":	10.000109,
					"seconds":	10.000109,
					"bytes":	3569320,
					"bits_per_second":	2855424.8758688532,
					"jitter_ms":	0.96703782222726,
					"lost_packets":	0,
					"packets":	2465,
					"lost_percent":	0,
					"out_of_order":	0,
					"sender":	true
				}
			}],
		"sum":	{
			"start":	0,
			"end":	10.595214,
			"seconds":	10.595214,
			"bytes":	3569320,
			"bits_per_second":	2855424.8758688532,
			"jitter_ms":	0.96703782222726,
			"lost_packets":	0,
			"packets":	2465,
			"lost_percent":	0,
			"sender":	true
		},
		"sum_sent":	{
			"start":	0,
			"end":	10.000109,
			"seconds":	10.000109,
			"bytes":	3569320,
			"bits_per_second":	2855424.8758688532,
			"jitter_ms":	0,
			"lost_packets":	0,
			"packets":	2465,
			"lost_percent":	0,
			"sender":	true
		},
		"sum_received":	{
			"start":	0,
			"end":	10.595214,
			"seconds":	10.595214,
			"bytes":	3569320,
			"bits_per_second":	2695043.252547801,
			"jitter_ms":	0.96703782222726,
			"lost_packets":	0,
			"packets":	2465,
			"lost_percent":	0,
			"sender":	false
		},
		"cpu_utilization_percent":	{
			"host_total":	3.2081938347841183,
			"host_user":	0.44055253825360213,
			"host_system":	2.7676611363241821,
			"remote_total":	0.19179398111771692,
			"remote_user":	0.014044064952667822,
			"remote_system":	0.1777404779493551
		}
	}
}
