{
	"start":	{
		"connected":	[{
				"socket":	5,
				"local_host":	"129.93.240.11",
				"local_port":	34424,
				"remote_host":	"10.53.1.3",
				"remote_port":	55001
			}],
		"version":	"iperf 3.12",
		"system_info":	"Linux rpi1 6.6.51+rpt-rpi-v8 #1 SMP PREEMPT Debian 1:6.6.51-1+rpt3 (2024-10-08) aarch64",
		"timestamp":	{
			"time":	"Thu, 22 May 2025 00:29:03 GMT",
			"timesecs":	1747873743
		},
		"connecting_to":	{
			"host":	"10.53.1.3",
			"port":	55001
		},
		"cookie":	"3wdunpxnqjzbe24n3ebjkctz64l2auftkcso",
		"target_bitrate":	200000000,
		"sock_bufsize":	0,
		"sndbuf_actual":	212992,
		"rcvbuf_actual":	212992,
		"test_start":	{
			"protocol":	"UDP",
			"num_streams":	1,
			"blksize":	1448,
			"omit":	0,
			"duration":	10,
			"bytes":	0,
			"blocks":	0,
			"reverse":	0,
			"tos":	0,
			"target_bitrate":	200000000
		}
	},
	"intervals":	[{
			"streams":	[{
					"socket":	5,
					"start":	0,
					"end":	1.000085,
					"seconds":	1.00008499622345,
					"bytes":	1507368,
					"bits_per_second":	12057919.122411933,
					"packets":	1041,
					"omitted":	false,
					"sender":	true
				}],
			"sum":	{
				"start":	0,
				"end":	1.000085,
				"seconds":	1.00008499622345,
				"bytes":	1507368,
				"bits_per_second":	12057919.122411933,
				"packets":	1041,
				"omitted":	false,
				"sender":	true
			}
		}, {
			"streams":	[{
					"socket":	5,
					"start":	1.000085,
					"end":	2.000084,
					"seconds":	0.99999898672103882,
					"bytes":	1242384,
					"bits_per_second":	9939082.0710627567,
					"packets":	858,
					"omitted":	false,
					"sender":	true
				}],
			"sum":	{
				"start":	1.000085,
				"end":	2.000084,
				"seconds":	0.99999898672103882,
				"bytes":	1242384,
				"bits_per_second":	9939082.0710627567,
				"packets":	858,
				"omitted":	false,
				"sender":	true
			}
		}, {
			"streams":	[{
					"socket":	5,
					"start":	2.000084,
					"end":	3.000087,
					"seconds":	1.0000029802322388,
					"bytes":	1271344,
					"bits_per_second":	10170721.688887332,
					"packets":	878,
					"omitted":	false,
					"sender":	true
				}],
			"sum":	{
				"start":	2.000084,
				"end":	3.000087,
				"seconds":	1.0000029802322388,
				"bytes":	1271344,
				"bits_per_second":	10170721.688887332,
				"packets":	878,
				"omitted":	false,
				"sender":	true
			}
		}, {
			"streams":	[{
					"socket":	5,
					"start":	3.000087,
					"end":	4.000086,
					"seconds":	0.99999898672103882,
					"bytes":	1348088,
					"bits_per_second":	10784714.927924739,
					"packets":	931,
					"omitted":	false,
					"sender":	true
				}],
			"sum":	{
				"start":	3.000087,
				"end":	4.000086,
				"seconds":	0.99999898672103882,
				"bytes":	1348088,
				"bits_per_second":	10784714.927924739,
				"packets":	931,
				"omitted":	false,
				"sender":	true
			}
		}, {
			"streams":	[{
					"socket":	5,
					"start":	4.000086,
					"end":	5.000086,
					"seconds":	1,
					"bytes":	1368360,
					"bits_per_second":	10946880,
					"packets":	945,
					"omitted":	false,
					"sender":	true
				}],
			"sum":	{
				"start":	4.000086,
				"end":	5.000086,
				"seconds":	1,
				"bytes":	1368360,
				"bits_per_second":	10946880,
				"packets":	945,
				"omitted":	false,
				"sender":	true
			}
		}, {
			"streams":	[{
					"socket":	5,
					"start":	5.000086,
					"end":	6.000086,
					"seconds":	1,
					"bytes":	1361120,
					"bits_per_second":	10888960,
					"packets":	940,
					"omitted":	false,
					"sender":	true
				}],
			"sum":	{
				"start":	5.000086,
				"end":	6.000086,
				"seconds":	1,
				"bytes":	1361120,
				"bits_per_second":	10888960,
				"packets":	940,
				"omitted":	false,
				"sender":	true
			}
		}, {
			"streams":	[{
					"socket":	5,
					"start":	6.000086,
					"end":	7.000086,
					"seconds":	1,
					"bytes":	1391528,
					"bits_per_second":	11132224,
					"packets":	961,
					"omitted":	false,
					"sender":	true
				}],
			"sum":	{
				"start":	6.000086,
				"end":	7.000086,
				"seconds":	1,
				"bytes":	1391528,
				"bits_per_second":	11132224,
				"packets":	961,
				"omitted":	false,
				"sender":	true
			}
		}, {
			"streams":	[{
					"socket":	5,
					"start":	7.000086,
					"end":	8.000087,
					"seconds":	1.0000009536743164,
					"bytes":	1336504,
					"bits_per_second":	10692021.803293416,
					"packets":	923,
					"omitted":	false,
					"sender":	true
				}],
			"sum":	{
				"start":	7.000086,
				"end":	8.000087,
				"seconds":	1.0000009536743164,
				"bytes":	1336504,
				"bits_per_second":	10692021.803293416,
				"packets":	923,
				"omitted":	false,
				"sender":	true
			}
		}, {
			"streams":	[{
					"socket":	5,
					"start":	8.000087,
					"end":	9.000081,
					"seconds":	0.99999397993087769,
					"bytes":	1527640,
					"bits_per_second":	12221193.572430063,
					"packets":	1055,
					"omitted":	false,
					"sender":	true
				}],
			"sum":	{
				"start":	8.000087,
				"end":	9.000081,
				"seconds":	0.99999397993087769,
				"bytes":	1527640,
				"bits_per_second":	12221193.572430063,
				"packets":	1055,
				"omitted":	false,
				"sender":	true
			}
		}, {
			"streams":	[{
					"socket":	5,
					"start":	9.000081,
					"end":	10.000108,
					"seconds":	1.0000269412994385,
					"bytes":	1233696,
					"bits_per_second":	9869302.1081766542,
					"packets":	852,
					"omitted":	false,
					"sender":	true
				}],
			"sum":	{
				"start":	9.000081,
				"end":	10.000108,
				"seconds":	1.0000269412994385,
				"bytes":	1233696,
				"bits_per_second":	9869302.1081766542,
				"packets":	852,
				"omitted":	false,
				"sender":	true
			}
		}],
	"end":	{
		"streams":	[{
				"udp":	{
					"socket":	5,
					"start":	0,
					"end":	10.000108,
					"seconds":	10.000108,
					"bytes":	13588032,
					"bits_per_second":	10870308.200671433,
					"jitter_ms":	0.144202974508038,
					"lost_packets":	0,
					"packets":	9384,
					"lost_percent":	0,
					"out_of_order":	0,
					"sender":	true
				}
			}],
		"sum":	{
			"start":	0,
			"end":	10.241822,
			"seconds":	10.241822,
			"bytes":	13588032,
			"bits_per_second":	10870308.200671433,
			"jitter_ms":	0.144202974508038,
			"lost_packets":	0,
			"packets":	9384,
			"lost_percent":	0,
			"sender":	true
		},
		"sum_sent":	{
			"start":	0,
			"end":	10.000108,
			"seconds":	10.000108,
			"bytes":	13588032,
			"bits_per_second":	10870308.200671433,
			"jitter_ms":	0,
			"lost_packets":	0,
			"packets":	9384,
			"lost_percent":	0,
			"sender":	true
		},
		"sum_received":	{
			"start":	0,
			"end":	10.241822,
			"seconds":	10.241822,
			"bytes":	13588032,
			"bits_per_second":	10613761.496733686,
			"jitter_ms":	0.144202974508038,
			"lost_packets":	0,
			"packets":	9384,
			"lost_percent":	0,
			"sender":	false
		},
		"cpu_utilization_percent":	{
			"host_total":	5.37493325848477,
			"host_user":	0.91858787477125,
			"host_system":	4.45634538371352,
			"remote_total":	0.694133559881322,
			"remote_user":	0.094309290143668623,
			"remote_system":	0.59981450586042562
		}
	}
}
