{
	"start":	{
		"connected":	[{
				"socket":	5,
				"local_host":	"129.93.240.11",
				"local_port":	37385,
				"remote_host":	"10.53.1.3",
				"remote_port":	55001
			}],
		"version":	"iperf 3.12",
		"system_info":	"Linux rpi1 6.6.51+rpt-rpi-v8 #1 SMP PREEMPT Debian 1:6.6.51-1+rpt3 (2024-10-08) aarch64",
		"timestamp":	{
			"time":	"Thu, 22 May 2025 00:43:52 GMT",
			"timesecs":	1747874632
		},
		"connecting_to":	{
			"host":	"10.53.1.3",
			"port":	55001
		},
		"cookie":	"e3evqcjar6of7p7nwlb5ezcdu7ybvplrlx3j",
		"target_bitrate":	200000000,
		"sock_bufsize":	0,
		"sndbuf_actual":	212992,
		"rcvbuf_actual":	212992,
		"test_start":	{
			"protocol":	"UDP",
			"num_streams":	1,
			"blksize":	1448,
			"omit":	0,
			"duration":	10,
			"bytes":	0,
			"blocks":	0,
			"reverse":	0,
			"tos":	0,
			"target_bitrate":	200000000
		}
	},
	"intervals":	[{
			"streams":	[{
					"socket":	5,
					"start":	0,
					"end":	1.000064,
					"seconds":	1.0000640153884888,
					"bytes":	1996792,
					"bits_per_second":	15973313.462133268,
					"packets":	1379,
					"omitted":	false,
					"sender":	true
				}],
			"sum":	{
				"start":	0,
				"end":	1.000064,
				"seconds":	1.0000640153884888,
				"bytes":	1996792,
				"bits_per_second":	15973313.462133268,
				"packets":	1379,
				"omitted":	false,
				"sender":	true
			}
		}, {
			"streams":	[{
					"socket":	5,
					"start":	1.000064,
					"end":	2.000064,
					"seconds":	1,
					"bytes":	1741944,
					"bits_per_second":	13935552,
					"packets":	1203,
					"omitted":	false,
					"sender":	true
				}],
			"sum":	{
				"start":	1.000064,
				"end":	2.000064,
				"seconds":	1,
				"bytes":	1741944,
				"bits_per_second":	13935552,
				"packets":	1203,
				"omitted":	false,
				"sender":	true
			}
		}, {
			"streams":	[{
					"socket":	5,
					"start":	2.000064,
					"end":	3.000077,
					"seconds":	1.000012993812561,
					"bytes":	2004032,
					"bits_per_second":	16032047.682577442,
					"packets":	1384,
					"omitted":	false,
					"sender":	true
				}],
			"sum":	{
				"start":	2.000064,
				"end":	3.000077,
				"seconds":	1.000012993812561,
				"bytes":	2004032,
				"bits_per_second":	16032047.682577442,
				"packets":	1384,
				"omitted":	false,
				"sender":	true
			}
		}, {
			"streams":	[{
					"socket":	5,
					"start":	3.000077,
					"end":	4.000074,
					"seconds":	0.99999701976776123,
					"bytes":	1905568,
					"bits_per_second":	15244589.432416894,
					"packets":	1316,
					"omitted":	false,
					"sender":	true
				}],
			"sum":	{
				"start":	3.000077,
				"end":	4.000074,
				"seconds":	0.99999701976776123,
				"bytes":	1905568,
				"bits_per_second":	15244589.432416894,
				"packets":	1316,
				"omitted":	false,
				"sender":	true
			}
		}, {
			"streams":	[{
					"socket":	5,
					"start":	4.000074,
					"end":	5.000074,
					"seconds":	1,
					"bytes":	1935976,
					"bits_per_second":	15487808,
					"packets":	1337,
					"omitted":	false,
					"sender":	true
				}],
			"sum":	{
				"start":	4.000074,
				"end":	5.000074,
				"seconds":	1,
				"bytes":	1935976,
				"bits_per_second":	15487808,
				"packets":	1337,
				"omitted":	false,
				"sender":	true
			}
		}, {
			"streams":	[{
					"socket":	5,
					"start":	5.000074,
					"end":	6.000075,
					"seconds":	1.0000009536743164,
					"bytes":	2263224,
					"bits_per_second":	18105774.732987657,
					"packets":	1563,
					"omitted":	false,
					"sender":	true
				}],
			"sum":	{
				"start":	5.000074,
				"end":	6.000075,
				"seconds":	1.0000009536743164,
				"bytes":	2263224,
				"bits_per_second":	18105774.732987657,
				"packets":	1563,
				"omitted":	false,
				"sender":	true
			}
		}, {
			"streams":	[{
					"socket":	5,
					"start":	6.000075,
					"end":	7.000018,
					"seconds":	0.99994301795959473,
					"bytes":	2138696,
					"bits_per_second":	17110542.993652221,
					"packets":	1477,
					"omitted":	false,
					"sender":	true
				}],
			"sum":	{
				"start":	6.000075,
				"end":	7.000018,
				"seconds":	0.99994301795959473,
				"bytes":	2138696,
				"bits_per_second":	17110542.993652221,
				"packets":	1477,
				"omitted":	false,
				"sender":	true
			}
		}, {
			"streams":	[{
					"socket":	5,
					"start":	7.000018,
					"end":	8.000074,
					"seconds":	1.0000560283660889,
					"bytes":	1756424,
					"bits_per_second":	14050604.767572312,
					"packets":	1213,
					"omitted":	false,
					"sender":	true
				}],
			"sum":	{
				"start":	7.000018,
				"end":	8.000074,
				"seconds":	1.0000560283660889,
				"bytes":	1756424,
				"bits_per_second":	14050604.767572312,
				"packets":	1213,
				"omitted":	false,
				"sender":	true
			}
		}, {
			"streams":	[{
					"socket":	5,
					"start":	8.000074,
					"end":	9.000078,
					"seconds":	1.0000040531158447,
					"bytes":	2516624,
					"bits_per_second":	20132910.398981862,
					"packets":	1738,
					"omitted":	false,
					"sender":	true
				}],
			"sum":	{
				"start":	8.000074,
				"end":	9.000078,
				"seconds":	1.0000040531158447,
				"bytes":	2516624,
				"bits_per_second":	20132910.398981862,
				"packets":	1738,
				"omitted":	false,
				"sender":	true
			}
		}, {
			"streams":	[{
					"socket":	5,
					"start":	9.000078,
					"end":	10.000095,
					"seconds":	1.0000170469284058,
					"bytes":	1662304,
					"bits_per_second":	13298205.306446215,
					"packets":	1148,
					"omitted":	false,
					"sender":	true
				}],
			"sum":	{
				"start":	9.000078,
				"end":	10.000095,
				"seconds":	1.0000170469284058,
				"bytes":	1662304,
				"bits_per_second":	13298205.306446215,
				"packets":	1148,
				"omitted":	false,
				"sender":	true
			}
		}],
	"end":	{
		"streams":	[{
				"udp":	{
					"socket":	5,
					"start":	0,
					"end":	10.000095,
					"seconds":	10.000095,
					"bytes":	19921584,
					"bits_per_second":	15937115.797399925,
					"jitter_ms":	0.19026813830639433,
					"lost_packets":	0,
					"packets":	13758,
					"lost_percent":	0,
					"out_of_order":	0,
					"sender":	true
				}
			}],
		"sum":	{
			"start":	0,
			"end":	10.125814,
			"seconds":	10.125814,
			"bytes":	19921584,
			"bits_per_second":	15937115.797399925,
			"jitter_ms":	0.19026813830639433,
			"lost_packets":	0,
			"packets":	13758,
			"lost_percent":	0,
			"sender":	true
		},
		"sum_sent":	{
			"start":	0,
			"end":	10.000095,
			"seconds":	10.000095,
			"bytes":	19921584,
			"bits_per_second":	15937115.797399925,
			"jitter_ms":	0,
			"lost_packets":	0,
			"packets":	13758,
			"lost_percent":	0,
			"sender":	true
		},
		"sum_received":	{
			"start":	0,
			"end":	10.125814,
			"seconds":	10.125814,
			"bytes":	19899864,
			"bits_per_second":	15722085.355310693,
			"jitter_ms":	0.19026813830639433,
			"lost_packets":	0,
			"packets":	13743,
			"lost_percent":	0,
			"sender":	false
		},
		"cpu_utilization_percent":	{
			"host_total":	5.7067644622723455,
			"host_user":	0.61517612654078668,
			"host_system":	5.0916081366883814,
			"remote_total":	0.97513032517050957,
			"remote_user":	0.11507209387165056,
			"remote_system":	0.860048355561314
		}
	}
}
