{
	"start":	{
		"connected":	[{
				"socket":	5,
				"local_host":	"129.93.240.11",
				"local_port":	55980,
				"remote_host":	"129.93.208.46",
				"remote_port":	55000
			}],
		"version":	"iperf 3.12",
		"system_info":	"Linux rpi1 6.6.51+rpt-rpi-v8 #1 SMP PREEMPT Debian 1:6.6.51-1+rpt3 (2024-10-08) aarch64",
		"timestamp":	{
			"time":	"Tue, 13 May 2025 21:45:53 GMT",
			"timesecs":	1747172753
		},
		"connecting_to":	{
			"host":	"129.93.208.46",
			"port":	55000
		},
		"cookie":	"gzcd422eymo3pu6gb67ts4lmc5i4oxrf7ai3",
		"tcp_mss_default":	1448,
		"target_bitrate":	0,
		"sock_bufsize":	0,
		"sndbuf_actual":	16384,
		"rcvbuf_actual":	131072,
		"test_start":	{
			"protocol":	"TCP",
			"num_streams":	1,
			"blksize":	131072,
			"omit":	0,
			"duration":	10,
			"bytes":	0,
			"blocks":	0,
			"reverse":	0,
			"tos":	0,
			"target_bitrate":	0
		}
	},
	"intervals":	[{
			"streams":	[{
					"socket":	5,
					"start":	0,
					"end":	1.000175,
					"seconds":	1.0001749992370605,
					"bytes":	887624,
					"bits_per_second":	7099749.5492455615,
					"retransmits":	0,
					"snd_cwnd":	69504,
					"snd_wnd":	406400,
					"rtt":	47705,
					"rttvar":	3713,
					"pmtu":	1500,
					"omitted":	false,
					"sender":	true
				}],
			"sum":	{
				"start":	0,
				"end":	1.000175,
				"seconds":	1.0001749992370605,
				"bytes":	887624,
				"bits_per_second":	7099749.5492455615,
				"retransmits":	0,
				"omitted":	false,
				"sender":	true
			}
		}, {
			"streams":	[{
					"socket":	5,
					"start":	1.000175,
					"end":	2.000108,
					"seconds":	0.99993300437927246,
					"bytes":	1824480,
					"bits_per_second":	14596817.92287739,
					"retransmits":	0,
					"snd_cwnd":	136112,
					"snd_wnd":	420864,
					"rtt":	77069,
					"rttvar":	7184,
					"pmtu":	1500,
					"omitted":	false,
					"sender":	true
				}],
			"sum":	{
				"start":	1.000175,
				"end":	2.000108,
				"seconds":	0.99993300437927246,
				"bytes":	1824480,
				"bits_per_second":	14596817.92287739,
				"retransmits":	0,
				"omitted":	false,
				"sender":	true
			}
		}, {
			"streams":	[{
					"socket":	5,
					"start":	2.000108,
					"end":	3.000212,
					"seconds":	1.0001039505004883,
					"bytes":	1563840,
					"bits_per_second":	12509419.639567649,
					"retransmits":	0,
					"snd_cwnd":	205616,
					"snd_wnd":	575872,
					"rtt":	130583,
					"rttvar":	7362,
					"pmtu":	1500,
					"omitted":	false,
					"sender":	true
				}],
			"sum":	{
				"start":	2.000108,
				"end":	3.000212,
				"seconds":	1.0001039505004883,
				"bytes":	1563840,
				"bits_per_second":	12509419.639567649,
				"retransmits":	0,
				"omitted":	false,
				"sender":	true
			}
		}, {
			"streams":	[{
					"socket":	5,
					"start":	3.000212,
					"end":	4.00029,
					"seconds":	1.0000779628753662,
					"bytes":	1498680,
					"bits_per_second":	11988505.341652222,
					"retransmits":	0,
					"snd_cwnd":	270776,
					"snd_wnd":	854400,
					"rtt":	186894,
					"rttvar":	6498,
					"pmtu":	1500,
					"omitted":	false,
					"sender":	true
				}],
			"sum":	{
				"start":	3.000212,
				"end":	4.00029,
				"seconds":	1.0000779628753662,
				"bytes":	1498680,
				"bits_per_second":	11988505.341652222,
				"retransmits":	0,
				"omitted":	false,
				"sender":	true
			}
		}, {
			"streams":	[{
					"socket":	5,
					"start":	4.00029,
					"end":	5.000207,
					"seconds":	0.999916970729828,
					"bytes":	1954800,
					"bits_per_second":	15639698.552756548,
					"retransmits":	0,
					"snd_cwnd":	338832,
					"snd_wnd":	854400,
					"rtt":	224565,
					"rttvar":	3829,
					"pmtu":	1500,
					"omitted":	false,
					"sender":	true
				}],
			"sum":	{
				"start":	4.00029,
				"end":	5.000207,
				"seconds":	0.999916970729828,
				"bytes":	1954800,
				"bits_per_second":	15639698.552756548,
				"retransmits":	0,
				"omitted":	false,
				"sender":	true
			}
		}, {
			"streams":	[{
					"socket":	5,
					"start":	5.000207,
					"end":	6.000308,
					"seconds":	1.0001009702682495,
					"bytes":	1563840,
					"bits_per_second":	12509456.916779457,
					"retransmits":	0,
					"snd_cwnd":	411232,
					"snd_wnd":	854400,
					"rtt":	280336,
					"rttvar":	2832,
					"pmtu":	1500,
					"omitted":	false,
					"sender":	true
				}],
			"sum":	{
				"start":	5.000207,
				"end":	6.000308,
				"seconds":	1.0001009702682495,
				"bytes":	1563840,
				"bits_per_second":	12509456.916779457,
				"retransmits":	0,
				"omitted":	false,
				"sender":	true
			}
		}, {
			"streams":	[{
					"socket":	5,
					"start":	6.000308,
					"end":	7.000239,
					"seconds":	0.99993097782135,
					"bytes":	1824480,
					"bits_per_second":	14596847.5062163,
					"retransmits":	0,
					"snd_cwnd":	477840,
					"snd_wnd":	1075712,
					"rtt":	310492,
					"rttvar":	7157,
					"pmtu":	1500,
					"omitted":	false,
					"sender":	true
				}],
			"sum":	{
				"start":	6.000308,
				"end":	7.000239,
				"seconds":	0.99993097782135,
				"bytes":	1824480,
				"bits_per_second":	14596847.5062163,
				"retransmits":	0,
				"omitted":	false,
				"sender":	true
			}
		}, {
			"streams":	[{
					"socket":	5,
					"start":	7.000239,
					"end":	8.000103,
					"seconds":	0.99986398220062256,
					"bytes":	2150280,
					"bits_per_second":	17204580.129128378,
					"retransmits":	0,
					"snd_cwnd":	547344,
					"snd_wnd":	1143424,
					"rtt":	303313,
					"rttvar":	9032,
					"pmtu":	1500,
					"omitted":	false,
					"sender":	true
				}],
			"sum":	{
				"start":	7.000239,
				"end":	8.000103,
				"seconds":	0.99986398220062256,
				"bytes":	2150280,
				"bits_per_second":	17204580.129128378,
				"retransmits":	0,
				"omitted":	false,
				"sender":	true
			}
		}, {
			"streams":	[{
					"socket":	5,
					"start":	8.000103,
					"end":	9.000422,
					"seconds":	1.0003190040588379,
					"bytes":	1238040,
					"bits_per_second":	9901161.4892977048,
					"retransmits":	0,
					"snd_cwnd":	603816,
					"snd_wnd":	1143424,
					"rtt":	363087,
					"rttvar":	26361,
					"pmtu":	1500,
					"omitted":	false,
					"sender":	true
				}],
			"sum":	{
				"start":	8.000103,
				"end":	9.000422,
				"seconds":	1.0003190040588379,
				"bytes":	1238040,
				"bits_per_second":	9901161.4892977048,
				"retransmits":	0,
				"omitted":	false,
				"sender":	true
			}
		}, {
			"streams":	[{
					"socket":	5,
					"start":	9.000422,
					"end":	10.000637,
					"seconds":	1.0002150535583496,
					"bytes":	1222576,
					"bits_per_second":	9778505.0976834036,
					"retransmits":	0,
					"snd_cwnd":	603816,
					"snd_wnd":	1143424,
					"rtt":	275222,
					"rttvar":	16013,
					"pmtu":	1500,
					"omitted":	false,
					"sender":	true
				}],
			"sum":	{
				"start":	9.000422,
				"end":	10.000637,
				"seconds":	1.0002150535583496,
				"bytes":	1222576,
				"bits_per_second":	9778505.0976834036,
				"retransmits":	0,
				"omitted":	false,
				"sender":	true
			}
		}],
	"end":	{
		"streams":	[{
				"sender":	{
					"socket":	5,
					"start":	0,
					"end":	10.000637,
					"seconds":	10.000637,
					"bytes":	15728640,
					"bits_per_second":	12582110.519559905,
					"retransmits":	0,
					"max_snd_cwnd":	603816,
					"max_snd_wnd":	1143424,
					"max_rtt":	363087,
					"min_rtt":	47705,
					"mean_rtt":	219926,
					"sender":	true
				},
				"receiver":	{
					"socket":	5,
					"start":	0,
					"end":	10.264101,
					"seconds":	10.000637,
					"bytes":	13369344,
					"bits_per_second":	10420274.703064594,
					"sender":	true
				}
			}],
		"sum_sent":	{
			"start":	0,
			"end":	10.000637,
			"seconds":	10.000637,
			"bytes":	15728640,
			"bits_per_second":	12582110.519559905,
			"retransmits":	0,
			"sender":	true
		},
		"sum_received":	{
			"start":	0,
			"end":	10.264101,
			"seconds":	10.264101,
			"bytes":	13369344,
			"bits_per_second":	10420274.703064594,
			"sender":	true
		},
		"cpu_utilization_percent":	{
			"host_total":	0.61804628520281324,
			"host_user":	0,
			"host_system":	0.61805620075502965,
			"remote_total":	1.5572275472886719,
			"remote_user":	0.1819538881926677,