{
	"start":	{
		"connected":	[{
				"socket":	5,
				"local_host":	"129.93.240.11",
				"local_port":	57028,
				"remote_host":	"129.93.208.46",
				"remote_port":	55000
			}],
		"version":	"iperf 3.12",
		"system_info":	"Linux rpi1 6.6.51+rpt-rpi-v8 #1 SMP PREEMPT Debian 1:6.6.51-1+rpt3 (2024-10-08) aarch64",
		"timestamp":	{
			"time":	"Tue, 13 May 2025 21:56:28 GMT",
			"timesecs":	1747173388
		},
		"connecting_to":	{
			"host":	"129.93.208.46",
			"port":	55000
		},
		"cookie":	"mixvue64dfa2u44egi3ngxejtus4vwqox3lq",
		"tcp_mss_default":	1448,
		"target_bitrate":	0,
		"sock_bufsize":	0,
		"sndbuf_actual":	16384,
		"rcvbuf_actual":	131072,
		"test_start":	{
			"protocol":	"TCP",
			"num_streams":	1,
			"blksize":	131072,
			"omit":	0,
			"duration":	10,
			"bytes":	0,
			"blocks":	0,
			"reverse":	0,
			"tos":	0,
			"target_bitrate":	0
		}
	},
	"intervals":	[{
			"streams":	[{
					"socket":	5,
					"start":	0,
					"end":	1.000154,
					"seconds":	1.0001540184020996,
					"bytes":	1627552,
					"bits_per_second":	13018410.925151432,
					"retransmits":	0,
					"snd_cwnd":	101360,
					"snd_wnd":	1204096,
					"rtt":	97906,
					"rttvar":	38805,
					"pmtu":	1500,
					"omitted":	false,
					"sender":	true
				}],
			"sum":	{
				"start":	0,
				"end":	1.000154,
				"seconds":	1.0001540184020996,
				"bytes":	1627552,
				"bits_per_second":	13018410.925151432,
				"retransmits":	0,
				"omitted":	false,
				"sender":	true
			}
		}, {
			"streams":	[{
					"socket":	5,
					"start":	1.000154,
					"end":	2.000109,
					"seconds":	0.99995499849319458,
					"bytes":	3453480,
					"bits_per_second":	27629083.350382421,
					"retransmits":	0,
					"snd_cwnd":	237472,
					"snd_wnd":	1403648,
					"rtt":	66960,
					"rttvar":	17293,
					"pmtu":	1500,
					"omitted":	false,
					"sender":	true
				}],
			"sum":	{
				"start":	1.000154,
				"end":	2.000109,
				"seconds":	0.99995499849319458,
				"bytes":	3453480,
				"bits_per_second":	27629083.350382421,
				"retransmits":	0,
				"omitted":	false,
				"sender":	true
			}
		}, {
			"streams":	[{
					"socket":	5,
					"start":	2.000109,
					"end":	3.0001,
					"seconds":	0.999990999698639,
					"bytes":	6059880,
					"bits_per_second":	48479476.3298968,
					"retransmits":	0,
					"snd_cwnd":	470600,
					"snd_wnd":	1398528,
					"rtt":	96756,
					"rttvar":	3033,
					"pmtu":	1500,
					"omitted":	false,
					"sender":	true
				}],
			"sum":	{
				"start":	2.000109,
				"end":	3.0001,
				"seconds":	0.999990999698639,
				"bytes":	6059880,
				"bits_per_second":	48479476.3298968,
				"retransmits":	0,
				"omitted":	false,
				"sender":	true
			}
		}, {
			"streams":	[{
					"socket":	5,
					"start":	3.0001,
					"end":	4.000199,
					"seconds":	1.0000989437103271,
					"bytes":	4691520,
					"bits_per_second":	37528446.796231166,
					"retransmits":	0,
					"snd_cwnd":	632776,
					"snd_wnd":	2225024,
					"rtt":	108563,
					"rttvar":	5204,
					"pmtu":	1500,
					"omitted":	false,
					"sender":	true
				}],
			"sum":	{
				"start":	3.0001,
				"end":	4.000199,
				"seconds":	1.0000989437103271,
				"bytes":	4691520,
				"bits_per_second":	37528446.796231166,
				"retransmits":	0,
				"omitted":	false,
				"sender":	true
			}
		}, {
			"streams":	[{
					"socket":	5,
					"start":	4.000199,
					"end":	5.000093,
					"seconds":	0.99989402294158936,
					"bytes":	5139088,
					"bits_per_second":	41117061.465224572,
					"retransmits":	0,
					"snd_cwnd":	668976,
					"snd_wnd":	2225024,
					"rtt":	119548,
					"rttvar":	12872,
					"pmtu":	1500,
					"omitted":	false,
					"sender":	true
				}],
			"sum":	{
				"start":	4.000199,
				"end":	5.000093,
				"seconds":	0.99989402294158936,
				"bytes":	5139088,
				"bits_per_second":	41117061.465224572,
				"retransmits":	0,
				"omitted":	false,
				"sender":	true
			}
		}, {
			"streams":	[{
					"socket":	5,
					"start":	5.000093,
					"end":	6.000107,
					"seconds":	1.0000139474868774,
					"bytes":	3932160,
					"bits_per_second":	31456841.256119374,
					"retransmits":	0,
					"snd_cwnd":	715312,
					"snd_wnd":	2225024,
					"rtt":	105574,
					"rttvar":	10449,
					"pmtu":	1500,
					"omitted":	false,
					"sender":	true
				}],
			"sum":	{
				"start":	5.000093,
				"end":	6.000107,
				"seconds":	1.0000139474868774,
				"bytes":	3932160,
				"bits_per_second":	31456841.256119374,
				"retransmits":	0,
				"omitted":	false,
				"sender":	true
			}
		}, {
			"streams":	[{
					"socket":	5,
					"start":	6.000107,
					"end":	7.000212,
					"seconds":	1.0001050233840942,
					"bytes":	3932160,
					"bits_per_second":	31453976.596934568,
					"retransmits":	0,
					"snd_cwnd":	715312,
					"snd_wnd":	2225024,
					"rtt":	99261,
					"rttvar":	5959,
					"pmtu":	1500,
					"omitted":	false,
					"sender":	true
				}],
			"sum":	{
				"start":	6.000107,
				"end":	7.000212,
				"seconds":	1.0001050233840942,
				"bytes":	3932160,
				"bits_per_second":	31453976.596934568,
				"retransmits":	0,
				"omitted":	false,
				"sender":	true
			}
		}, {
			"streams":	[{
					"socket":	5,
					"start":	7.000212,
					"end":	8.000291,
					"seconds":	1.0000790357589722,
					"bytes":	3932160,
					"bits_per_second":	31454793.946487125,
					"retransmits":	0,
					"snd_cwnd":	715312,
					"snd_wnd":	2225024,
					"rtt":	106098,
					"rttvar":	12991,
					"pmtu":	1500,
					"omitted":	false,
					"sender":	true
				}],
			"sum":	{
				"start":	7.000212,
				"end":	8.000291,
				"seconds":	1.0000790357589722,
				"bytes":	3932160,
				"bits_per_second":	31454793.946487125,
				"retransmits":	0,
				"omitted":	false,
				"sender":	true
			}
		}, {
			"streams":	[{
					"socket":	5,
					"start":	8.000291,
					"end":	9.000106,
					"seconds":	0.99981498718261719,
					"bytes":	5242880,
					"bits_per_second":	41950801.435965136,
					"retransmits":	0,
					"snd_cwnd":	715312,
					"snd_wnd":	2225024,
					"rtt":	136201,
					"rttvar":	20818,
					"pmtu":	1500,
					"omitted":	false,
					"sender":	true
				}],
			"sum":	{
				"start":	8.000291,
				"end":	9.000106,
				"seconds":	0.99981498718261719,
				"bytes":	5242880,
				"bits_per_second":	41950801.435965136,
				"retransmits":	0,
				"omitted":	false,
				"sender":	true
			}
		}, {
			"streams":	[{
					"socket":	5,
					"start":	9.000106,
					"end":	10.000241,
					"seconds":	1.0001349449157715,
					"bytes":	3932160,
					"bits_per_second":	31453035.572763875,
					"retransmits":	0,
					"snd_cwnd":	715312,
					"snd_wnd":	2225024,
					"rtt":	100011,
					"rttvar":	14716,
					"pmtu":	1500,
					"omitted":	false,
					"sender":	true
				}],
			"sum":	{
				"start":	9.000106,
				"end":	10.000241,
				"seconds":	1.0001349449157715,
				"bytes":	3932160,
				"bits_per_second":	31453035.572763875,
				"retransmits":	0,
				"omitted":	false,
				"sender":	true
			}
		}],
	"end":	{
		"streams":	[{
				"sender":	{
					"socket":	5,
					"start":	0,
					"end":	10.000241,
					"seconds":	10.000241,
					"bytes":	41943040,
					"bits_per_second":	33553623.357677076,
					"retransmits":	0,
					"max_snd_cwnd":	715312,
					"max_snd_wnd":	2225024,
					"max_rtt":	136201,
					"min_rtt":	66960,
					"mean_rtt":	103687,
					"sender":	true
				},
				"receiver":	{
					"socket":	5,
					"start":	0,
					"end":	10.109513,
					"seconds":	10.000241,
					"bytes":	39059456,
					"bits_per_second":	30909070.298440687,
					"sender":	true
				}
			}],
		"sum_sent":	{
			"start":	0,
			"end":	10.000241,
			"seconds":	10.000241,
			"bytes":	41943040,
			"bits_per_second":	33553623.357677076,
			"retransmits":	0,
			"sender":	true
		},
		"sum_received":	{
			"start":	0,
			"end":	10.109513,
			"seconds":	10.109513,
			"bytes":	39059456,
			"bits_per_second":	30909070.298440687,
			"sender":	true
		},
		"cpu_utilization_percent":	{
			"host_total":	0.72284096090180872,
			"host_user":	0.031308393228657222,
			"host_system":	0.69151272711977463,
			"remote_total":	2.4020057864093074,