{
	"start":	{
		"connected":	[{
				"socket":	5,
				"local_host":	"129.93.240.11",
				"local_port":	37622,
				"remote_host":	"129.93.208.46",
				"remote_port":	55000
			}],
		"version":	"iperf 3.12",
		"system_info":	"Linux rpi1 6.6.51+rpt-rpi-v8 #1 SMP PREEMPT Debian 1:6.6.51-1+rpt3 (2024-10-08) aarch64",
		"timestamp":	{
			"time":	"Tue, 13 May 2025 21:56:55 GMT",
			"timesecs":	1747173415
		},
		"connecting_to":	{
			"host":	"129.93.208.46",
			"port":	55000
		},
		"cookie":	"tgm4t7ksdwcpl3pdbson4v2iwvcs2alx6yx4",
		"tcp_mss_default":	1448,
		"target_bitrate":	0,
		"sock_bufsize":	0,
		"sndbuf_actual":	16384,
		"rcvbuf_actual":	131072,
		"test_start":	{
			"protocol":	"TCP",
			"num_streams":	1,
			"blksize":	131072,
			"omit":	0,
			"duration":	10,
			"bytes":	0,
			"blocks":	0,
			"reverse":	0,
			"tos":	0,
			"target_bitrate":	0
		}
	},
	"intervals":	[{
			"streams":	[{
					"socket":	5,
					"start":	0,
					"end":	1.000194,
					"seconds":	1.0001939535140991,
					"bytes":	4694416,
					"bits_per_second":	37548045.424642339,
					"retransmits":	0,
					"snd_cwnd":	338832,
					"snd_wnd":	1268992,
					"rtt":	105300,
					"rttvar":	13886,
					"pmtu":	1500,
					"omitted":	false,
					"sender":	true
				}],
			"sum":	{
				"start":	0,
				"end":	1.000194,
				"seconds":	1.0001939535140991,
				"bytes":	4694416,
				"bits_per_second":	37548045.424642339,
				"retransmits":	0,
				"omitted":	false,
				"sender":	true
			}
		}, {
			"streams":	[{
					"socket":	5,
					"start":	1.000194,
					"end":	2.000111,
					"seconds":	0.999916970729828,
					"bytes":	5668920,
					"bits_per_second":	45355125.802994,
					"retransmits":	0,
					"snd_cwnd":	545896,
					"snd_wnd":	1299712,
					"rtt":	118821,
					"rttvar":	6140,
					"pmtu":	1500,
					"omitted":	false,
					"sender":	true
				}],
			"sum":	{
				"start":	1.000194,
				"end":	2.000111,
				"seconds":	0.999916970729828,
				"bytes":	5668920,
				"bits_per_second":	45355125.802994,
				"retransmits":	0,
				"omitted":	false,
				"sender":	true
			}
		}, {
			"streams":	[{
					"socket":	5,
					"start":	2.000111,
					"end":	3.00034,
					"seconds":	1.0002290010452271,
					"bytes":	3909600,
					"bits_per_second":	31269639.219934762,
					"retransmits":	0,
					"snd_cwnd":	647256,
					"snd_wnd":	1299712,
					"rtt":	111914,
					"rttvar":	13604,
					"pmtu":	1500,
					"omitted":	false,
					"sender":	true
				}],
			"sum":	{
				"start":	2.000111,
				"end":	3.00034,
				"seconds":	1.0002290010452271,
				"bytes":	3909600,
				"bits_per_second":	31269639.219934762,
				"retransmits":	0,
				"omitted":	false,
				"sender":	true
			}
		}, {
			"streams":	[{
					"socket":	5,
					"start":	3.00034,
					"end":	4.000219,
					"seconds":	0.999879002571106,
					"bytes":	5125720,
					"bits_per_second":	41010722.191942312,
					"retransmits":	0,
					"snd_cwnd":	696488,
					"snd_wnd":	1299712,
					"rtt":	121371,
					"rttvar":	17468,
					"pmtu":	1500,
					"omitted":	false,
					"sender":	true
				}],
			"sum":	{
				"start":	3.00034,
				"end":	4.000219,
				"seconds":	0.999879002571106,
				"bytes":	5125720,
				"bits_per_second":	41010722.191942312,
				"retransmits":	0,
				"omitted":	false,
				"sender":	true
			}
		}, {
			"streams":	[{
					"socket":	5,
					"start":	4.000219,
					"end":	5.000113,
					"seconds":	0.99989402294158936,
					"bytes":	5242880,
					"bits_per_second":	41947485.471117951,
					"retransmits":	0,
					"snd_cwnd":	696488,
					"snd_wnd":	1299712,
					"rtt":	136621,
					"rttvar":	22162,
					"pmtu":	1500,
					"omitted":	false,
					"sender":	true
				}],
			"sum":	{
				"start":	4.000219,
				"end":	5.000113,
				"seconds":	0.99989402294158936,
				"bytes":	5242880,
				"bits_per_second":	41947485.471117951,
				"retransmits":	0,
				"omitted":	false,
				"sender":	true
			}
		}, {
			"streams":	[{
					"socket":	5,
					"start":	5.000113,
					"end":	6.000232,
					"seconds":	1.0001189708709717,
					"bytes":	3932160,
					"bits_per_second":	31453537.945195518,
					"retransmits":	0,
					"snd_cwnd":	789160,
					"snd_wnd":	1988864,
					"rtt":	128909,
					"rttvar":	29474,
					"pmtu":	1500,
					"omitted":	false,
					"sender":	true
				}],
			"sum":	{
				"start":	5.000113,
				"end":	6.000232,
				"seconds":	1.0001189708709717,
				"bytes":	3932160,
				"bits_per_second":	31453537.945195518,
				"retransmits":	0,
				"omitted":	false,
				"sender":	true
			}
		}, {
			"streams":	[{
					"socket":	5,
					"start":	6.000232,
					"end":	7.000373,
					"seconds":	1.0001410245895386,
					"bytes":	3932160,
					"bits_per_second":	31452844.37553212,
					"retransmits":	0,
					"snd_cwnd":	789160,
					"snd_wnd":	1988864,
					"rtt":	115029,
					"rttvar":	20685,
					"pmtu":	1500,
					"omitted":	false,
					"sender":	true
				}],
			"sum":	{
				"start":	6.000232,
				"end":	7.000373,
				"seconds":	1.0001410245895386,
				"bytes":	3932160,
				"bits_per_second":	31452844.37553212,
				"retransmits":	0,
				"omitted":	false,
				"sender":	true
			}
		}, {
			"streams":	[{
					"socket":	5,
					"start":	7.000373,
					"end":	8.000196,
					"seconds":	0.999822974205017,
					"bytes":	5242880,
					"bits_per_second":	41950466.314649254,
					"retransmits":	0,
					"snd_cwnd":	789160,
					"snd_wnd":	1988864,
					"rtt":	108591,
					"rttvar":	15957,
					"pmtu":	1500,
					"omitted":	false,
					"sender":	true
				}],
			"sum":	{
				"start":	7.000373,
				"end":	8.000196,
				"seconds":	0.999822974205017,
				"bytes":	5242880,
				"bits_per_second":	41950466.314649254,
				"retransmits":	0,
				"omitted":	false,
				"sender":	true
			}
		}, {
			"streams":	[{
					"socket":	5,
					"start":	8.000196,
					"end":	9.000106,
					"seconds":	0.999909996986389,
					"bytes":	5242880,
					"bits_per_second":	41946815.339791961,
					"retransmits":	0,
					"snd_cwnd":	789160,
					"snd_wnd":	1988864,
					"rtt":	119161,
					"rttvar":	14688,
					"pmtu":	1500,
					"omitted":	false,
					"sender":	true
				}],
			"sum":	{
				"start":	8.000196,
				"end":	9.000106,
				"seconds":	0.999909996986389,
				"bytes":	5242880,
				"bits_per_second":	41946815.339791961,
				"retransmits":	0,
				"omitted":	false,
				"sender":	true
			}
		}, {
			"streams":	[{
					"socket":	5,
					"start":	9.000106,
					"end":	10.00024,
					"seconds":	1.0001339912414551,
					"bytes":	3932160,
					"bits_per_second":	31453065.564697418,
					"retransmits":	0,
					"snd_cwnd":	789160,
					"snd_wnd":	1960192,
					"rtt":	109169,
					"rttvar":	16719,
					"pmtu":	1500,
					"omitted":	false,
					"sender":	true
				}],
			"sum":	{
				"start":	9.000106,
				"end":	10.00024,
				"seconds":	1.0001339912414551,
				"bytes":	3932160,
				"bits_per_second":	31453065.564697418,
				"retransmits":	0,
				"omitted":	false,
				"sender":	true
			}
		}],
	"end":	{
		"streams":	[{
				"sender":	{
					"socket":	5,
					"start":	0,
					"end":	10.00024,
					"seconds":	10.00024,
					"bytes":	46923776,
					"bits_per_second":	37538119.885122761,
					"retransmits":	0,
					"max_snd_cwnd":	789160,
					"max_snd_wnd":	1988864,
					"max_rtt":	136621,
					"min_rtt":	105300,
					"mean_rtt":	117488,
					"sender":	true
				},
				"receiver":	{
					"socket":	5,
					"start":	0,
					"end":	10.104477,
					"seconds":	10.00024,
					"bytes":	43909120,
					"bits_per_second":	34764091.204324581,
					"sender":	true
				}
			}],
		"sum_sent":	{
			"start":	0,
			"end":	10.00024,
			"seconds":	10.00024,
			"bytes":	46923776,
			"bits_per_second":	37538119.885122761,
			"retransmits":	0,
			"sender":	true
		},
		"sum_received":	{
			"start":	0,
			"end":	10.104477,
			"seconds":	10.104477,
			"bytes":	43909120,
			"bits_per_second":	34764091.204324581,
			"sender":	true
		},
		"cpu_utilization_percent":	{
			"host_total":	0.84473321712957483,
			"host_user":	0.0026775211331506558,
			"host_system":	0.84203593569285839,
			"remote_total":	2.60604191055507,
			"remote_user":	0.30519018272913334,