{
	"start":	{
		"connected":	[{
				"socket":	5,
				"local_host":	"129.93.240.11",
				"local_port":	37394,
				"remote_host":	"129.93.208.46",
				"remote_port":	55000
			}],
		"version":	"iperf 3.12",
		"system_info":	"Linux rpi1 6.6.51+rpt-rpi-v8 #1 SMP PREEMPT Debian 1:6.6.51-1+rpt3 (2024-10-08) aarch64",
		"timestamp":	{
			"time":	"Tue, 13 May 2025 21:50:01 GMT",
			"timesecs":	1747173001
		},
		"connecting_to":	{
			"host":	"129.93.208.46",
			"port":	55000
		},
		"cookie":	"a4j2qcjj5u7b6aanzp6x3r3jhx74vz6sdgzs",
		"tcp_mss_default":	1448,
		"target_bitrate":	0,
		"sock_bufsize":	0,
		"sndbuf_actual":	16384,
		"rcvbuf_actual":	131072,
		"test_start":	{
			"protocol":	"TCP",
			"num_streams":	1,
			"blksize":	131072,
			"omit":	0,
			"duration":	10,
			"bytes":	0,
			"blocks":	0,
			"reverse":	0,
			"tos":	0,
			"target_bitrate":	0
		}
	},
	"intervals":	[{
			"streams":	[{
					"socket":	5,
					"start":	0,
					"end":	1.000096,
					"seconds":	1.0000959634780884,
					"bytes":	4708896,
					"bits_per_second":	37667553.290575154,
					"retransmits":	1,
					"snd_cwnd":	144800,
					"snd_wnd":	752512,
					"rtt":	30800,
					"rttvar":	1734,
					"pmtu":	1500,
					"omitted":	false,
					"sender":	true
				}],
			"sum":	{
				"start":	0,
				"end":	1.000096,
				"seconds":	1.0000959634780884,
				"bytes":	4708896,
				"bits_per_second":	37667553.290575154,
				"retransmits":	1,
				"omitted":	false,
				"sender":	true
			}
		}, {
			"streams":	[{
					"socket":	5,
					"start":	1.000096,
					"end":	2.000127,
					"seconds":	1.0000309944152832,
					"bytes":	4496040,
					"bits_per_second":	35967205.2175049,
					"retransmits":	0,
					"snd_cwnd":	166520,
					"snd_wnd":	752512,
					"rtt":	36596,
					"rttvar":	1632,
					"pmtu":	1500,
					"omitted":	false,
					"sender":	true
				}],
			"sum":	{
				"start":	1.000096,
				"end":	2.000127,
				"seconds":	1.0000309944152832,
				"bytes":	4496040,
				"bits_per_second":	35967205.2175049,
				"retransmits":	0,
				"omitted":	false,
				"sender":	true
			}
		}, {
			"streams":	[{
					"socket":	5,
					"start":	2.000127,
					"end":	3.000103,
					"seconds":	0.99997597932815552,
					"bytes":	4691520,
					"bits_per_second":	37533061.569355279,
					"retransmits":	0,
					"snd_cwnd":	186792,
					"snd_wnd":	752512,
					"rtt":	38828,
					"rttvar":	1543,
					"pmtu":	1500,
					"omitted":	false,
					"sender":	true
				}],
			"sum":	{
				"start":	2.000127,
				"end":	3.000103,
				"seconds":	0.99997597932815552,
				"bytes":	4691520,
				"bits_per_second":	37533061.569355279,
				"retransmits":	0,
				"omitted":	false,
				"sender":	true
			}
		}, {
			"streams":	[{
					"socket":	5,
					"start":	3.000103,
					"end":	4.000098,
					"seconds":	0.999994993209839,
					"bytes":	4691520,
					"bits_per_second":	37532347.916590273,
					"retransmits":	0,
					"snd_cwnd":	204168,
					"snd_wnd":	752512,
					"rtt":	46500,
					"rttvar":	2916,
					"pmtu":	1500,
					"omitted":	false,
					"sender":	true
				}],
			"sum":	{
				"start":	3.000103,
				"end":	4.000098,
				"seconds":	0.999994993209839,
				"bytes":	4691520,
				"bits_per_second":	37532347.916590273,
				"retransmits":	0,
				"omitted":	false,
				"sender":	true
			}
		}, {
			"streams":	[{
					"socket":	5,
					"start":	4.000098,
					"end":	5.000097,
					"seconds":	0.99999898672103882,
					"bytes":	4626360,
					"bits_per_second":	37010917.502384037,
					"retransmits":	0,
					"snd_cwnd":	221544,
					"snd_wnd":	752512,
					"rtt":	51448,
					"rttvar":	3217,
					"pmtu":	1500,
					"omitted":	false,
					"sender":	true
				}],
			"sum":	{
				"start":	4.000098,
				"end":	5.000097,
				"seconds":	0.99999898672103882,
				"bytes":	4626360,
				"bits_per_second":	37010917.502384037,
				"retransmits":	0,
				"omitted":	false,
				"sender":	true
			}
		}, {
			"streams":	[{
					"socket":	5,
					"start":	5.000097,
					"end":	6.000104,
					"seconds":	1.0000070333480835,
					"bytes":	4561200,
					"bits_per_second":	36489343.357746825,
					"retransmits":	0,
					"snd_cwnd":	237472,
					"snd_wnd":	752512,
					"rtt":	53848,
					"rttvar":	2344,
					"pmtu":	1500,
					"omitted":	false,
					"sender":	true
				}],
			"sum":	{
				"start":	5.000097,
				"end":	6.000104,
				"seconds":	1.0000070333480835,
				"bytes":	4561200,
				"bits_per_second":	36489343.357746825,
				"retransmits":	0,
				"omitted":	false,
				"sender":	true
			}
		}, {
			"streams":	[{
					"socket":	5,
					"start":	6.000104,
					"end":	7.000128,
					"seconds":	1.0000239610672,
					"bytes":	4691520,
					"bits_per_second":	37531260.710940018,
					"retransmits":	0,
					"snd_cwnd":	305528,
					"snd_wnd":	732160,
					"rtt":	66100,
					"rttvar":	4157,
					"pmtu":	1500,
					"omitted":	false,
					"sender":	true
				}],
			"sum":	{
				"start":	6.000104,
				"end":	7.000128,
				"seconds":	1.0000239610672,
				"bytes":	4691520,
				"bits_per_second":	37531260.710940018,
				"retransmits":	0,
				"omitted":	false,
				"sender":	true
			}
		}, {
			"streams":	[{
					"socket":	5,
					"start":	7.000128,
					"end":	8.000098,
					"seconds":	0.999970018863678,
					"bytes":	5343120,
					"bits_per_second":	42746241.5808961,
					"retransmits":	0,
					"snd_cwnd":	395304,
					"snd_wnd":	904448,
					"rtt":	88026,
					"rttvar":	3262,
					"pmtu":	1500,
					"omitted":	false,
					"sender":	true
				}],
			"sum":	{
				"start":	7.000128,
				"end":	8.000098,
				"seconds":	0.999970018863678,
				"bytes":	5343120,
				"bits_per_second":	42746241.5808961,
				"retransmits":	0,
				"omitted":	false,
				"sender":	true
			}
		}, {
			"streams":	[{
					"socket":	5,
					"start":	8.000098,
					"end":	9.000132,
					"seconds":	1.000033974647522,
					"bytes":	4756680,
					"bits_per_second":	38052147.1917117,
					"retransmits":	0,
					"snd_cwnd":	512592,
					"snd_wnd":	1141248,
					"rtt":	116343,
					"rttvar":	1529,
					"pmtu":	1500,
					"omitted":	false,
					"sender":	true
				}],
			"sum":	{
				"start":	8.000098,
				"end":	9.000132,
				"seconds":	1.000033974647522,
				"bytes":	4756680,
				"bits_per_second":	38052147.1917117,
				"retransmits":	0,
				"omitted":	false,
				"sender":	true
			}
		}, {
			"streams":	[{
					"socket":	5,
					"start":	9.000132,
					"end":	10.000242,
					"seconds":	1.0001100301742554,
					"bytes":	4750136,
					"bits_per_second":	37996907.193680316,
					"retransmits":	0,
					"snd_cwnd":	640016,
					"snd_wnd":	1598464,
					"rtt":	101118,
					"rttvar":	8809,
					"pmtu":	1500,
					"omitted":	false,
					"sender":	true
				}],
			"sum":	{
				"start":	9.000132,
				"end":	10.000242,
				"seconds":	1.0001100301742554,
				"bytes":	4750136,
				"bits_per_second":	37996907.193680316,
				"retransmits":	0,
				"omitted":	false,
				"sender":	true
			}
		}],
	"end":	{
		"streams":	[{
				"sender":	{
					"socket":	5,
					"start":	0,
					"end":	10.000242,
					"seconds":	10.000242,
					"bytes":	47316992,
					"bits_per_second":	37852677.565202922,
					"retransmits":	1,
					"max_snd_cwnd":	640016,
					"max_snd_wnd":	1598464,
					"max_rtt":	116343,
					"min_rtt":	30800,
					"mean_rtt":	62960,
					"sender":	true
				},
				"receiver":	{
					"socket":	5,
					"start":	0,
					"end":	10.103807,
					"seconds":	10.000242,
					"bytes":	44695552,
					"bits_per_second":	35389078.195971087,
					"sender":	true
				}
			}],
		"sum_sent":	{
			"start":	0,
			"end":	10.000242,
			"seconds":	10.000242,
			"bytes":	47316992,
			"bits_per_second":	37852677.565202922,
			"retransmits":	1,
			"sender":	true
		},
		"sum_received":	{
			"start":	0,
			"end":	10.103807,
			"seconds":	10.103807,
			"bytes":	44695552,
			"bits_per_second":	35389078.195971087,
			"sender":	true
		},
		"cpu_utilization_percent":	{
			"host_total":	0.971318888665576,
			"host_user":	0.015851374353661445,
			"host_system":	0.95545763806621131,
			"remote_total":	4.2228651234069066,
			"remote_user":	0.48697273940401536,