{
	"start":	{
		"connected":	[{
				"socket":	5,
				"local_host":	"129.93.240.11",
				"local_port":	49448,
				"remote_host":	"129.93.208.46",
				"remote_port":	55000
			}],
		"version":	"iperf 3.12",
		"system_info":	"Linux rpi1 6.6.51+rpt-rpi-v8 #1 SMP PREEMPT Debian 1:6.6.51-1+rpt3 (2024-10-08) aarch64",
		"timestamp":	{
			"time":	"Tue, 13 May 2025 21:50:38 GMT",
			"timesecs":	1747173038
		},
		"connecting_to":	{
			"host":	"129.93.208.46",
			"port":	55000
		},
		"cookie":	"hck5ufpenugd25bddvmvtdjd4ab626hnrqyi",
		"tcp_mss_default":	1448,
		"target_bitrate":	0,
		"sock_bufsize":	0,
		"sndbuf_actual":	16384,
		"rcvbuf_actual":	131072,
		"test_start":	{
			"protocol":	"TCP",
			"num_streams":	1,
			"blksize":	131072,
			"omit":	0,
			"duration":	10,
			"bytes":	0,
			"blocks":	0,
			"reverse":	0,
			"tos":	0,
			"target_bitrate":	0
		}
	},
	"intervals":	[{
			"streams":	[{
					"socket":	5,
					"start":	0,
					"end":	1.0001,
					"seconds":	1.0001000165939331,
					"bytes":	4523552,
					"bits_per_second":	36184796.919859916,
					"retransmits":	0,
					"snd_cwnd":	214304,
					"snd_wnd":	525312,
					"rtt":	45000,
					"rttvar":	3669,
					"pmtu":	1500,
					"omitted":	false,
					"sender":	true
				}],
			"sum":	{
				"start":	0,
				"end":	1.0001,
				"seconds":	1.0001000165939331,
				"bytes":	4523552,
				"bits_per_second":	36184796.919859916,
				"retransmits":	0,
				"omitted":	false,
				"sender":	true
			}
		}, {
			"streams":	[{
					"socket":	5,
					"start":	1.0001,
					"end":	2.000152,
					"seconds":	1.0000519752502441,
					"bytes":	5343120,
					"bits_per_second":	42742738.4354737,
					"retransmits":	0,
					"snd_cwnd":	438744,
					"snd_wnd":	949376,
					"rtt":	92802,
					"rttvar":	1595,
					"pmtu":	1500,
					"omitted":	false,
					"sender":	true
				}],
			"sum":	{
				"start":	1.0001,
				"end":	2.000152,
				"seconds":	1.0000519752502441,
				"bytes":	5343120,
				"bits_per_second":	42742738.4354737,
				"retransmits":	0,
				"omitted":	false,
				"sender":	true
			}
		}, {
			"streams":	[{
					"socket":	5,
					"start":	2.000152,
					"end":	3.000187,
					"seconds":	1.0000350475311279,
					"bytes":	5468752,
					"bits_per_second":	43748482.723689944,
					"retransmits":	0,
					"snd_cwnd":	611056,
					"snd_wnd":	1324544,
					"rtt":	88840,
					"rttvar":	3412,
					"pmtu":	1500,
					"omitted":	false,
					"sender":	true
				}],
			"sum":	{
				"start":	2.000152,
				"end":	3.000187,
				"seconds":	1.0000350475311279,
				"bytes":	5468752,
				"bits_per_second":	43748482.723689944,
				"retransmits":	0,
				"omitted":	false,
				"sender":	true
			}
		}, {
			"streams":	[{
					"socket":	5,
					"start":	3.000187,
					"end":	4.000099,
					"seconds":	0.99991202354431152,
					"bytes":	4980736,
					"bits_per_second":	39849393.8084286,
					"retransmits":	0,
					"snd_cwnd":	632776,
					"snd_wnd":	1324544,
					"rtt":	113559,
					"rttvar":	11509,
					"pmtu":	1500,
					"omitted":	false,
					"sender":	true
				}],
			"sum":	{
				"start":	3.000187,
				"end":	4.000099,
				"seconds":	0.99991202354431152,
				"bytes":	4980736,
				"bits_per_second":	39849393.8084286,
				"retransmits":	0,
				"omitted":	false,
				"sender":	true
			}
		}, {
			"streams":	[{
					"socket":	5,
					"start":	4.000099,
					"end":	5.00035,
					"seconds":	1.0002510547637939,
					"bytes":	3801088,
					"bits_per_second":	30401071.666133776,
					"retransmits":	0,
					"snd_cwnd":	677664,
					"snd_wnd":	1324544,
					"rtt":	98688,
					"rttvar":	5553,
					"pmtu":	1500,
					"omitted":	false,
					"sender":	true
				}],
			"sum":	{
				"start":	4.000099,
				"end":	5.00035,
				"seconds":	1.0002510547637939,
				"bytes":	3801088,
				"bits_per_second":	30401071.666133776,
				"retransmits":	0,
				"omitted":	false,
				"sender":	true
			}
		}, {
			"streams":	[{
					"socket":	5,
					"start":	5.00035,
					"end":	6.000158,
					"seconds":	0.99980801343917847,
					"bytes":	5242880,
					"bits_per_second":	41951094.046268642,
					"retransmits":	0,
					"snd_cwnd":	677664,
					"snd_wnd":	1324544,
					"rtt":	121541,
					"rttvar":	11470,
					"pmtu":	1500,
					"omitted":	false,
					"sender":	true
				}],
			"sum":	{
				"start":	5.00035,
				"end":	6.000158,
				"seconds":	0.99980801343917847,
				"bytes":	5242880,
				"bits_per_second":	41951094.046268642,
				"retransmits":	0,
				"omitted":	false,
				"sender":	true
			}
		}, {
			"streams":	[{
					"socket":	5,
					"start":	6.000158,
					"end":	7.000285,
					"seconds":	1.0001269578933716,
					"bytes":	3932160,
					"bits_per_second":	31453286.756973721,
					"retransmits":	0,
					"snd_cwnd":	677664,
					"snd_wnd":	1324544,
					"rtt":	91487,
					"rttvar":	4669,
					"pmtu":	1500,
					"omitted":	false,
					"sender":	true
				}],
			"sum":	{
				"start":	6.000158,
				"end":	7.000285,
				"seconds":	1.0001269578933716,
				"bytes":	3932160,
				"bits_per_second":	31453286.756973721,
				"retransmits":	0,
				"omitted":	false,
				"sender":	true
			}
		}, {
			"streams":	[{
					"socket":	5,
					"start":	7.000285,
					"end":	8.000136,
					"seconds":	0.99985098838806152,
					"bytes":	5242880,
					"bits_per_second":	41949290.931461371,
					"retransmits":	0,
					"snd_cwnd":	677664,
					"snd_wnd":	1324544,
					"rtt":	115142,
					"rttvar":	12575,
					"pmtu":	1500,
					"omitted":	false,
					"sender":	true
				}],
			"sum":	{
				"start":	7.000285,
				"end":	8.000136,
				"seconds":	0.99985098838806152,
				"bytes":	5242880,
				"bits_per_second":	41949290.931461371,
				"retransmits":	0,
				"omitted":	false,
				"sender":	true
			}
		}, {
			"streams":	[{
					"socket":	5,
					"start":	8.000136,
					"end":	9.000241,
					"seconds":	1.0001050233840942,
					"bytes":	3932160,
					"bits_per_second":	31453976.596934568,
					"retransmits":	0,
					"snd_cwnd":	677664,
					"snd_wnd":	1324544,
					"rtt":	92302,
					"rttvar":	9721,
					"pmtu":	1500,
					"omitted":	false,
					"sender":	true
				}],
			"sum":	{
				"start":	8.000136,
				"end":	9.000241,
				"seconds":	1.0001050233840942,
				"bytes":	3932160,
				"bits_per_second":	31453976.596934568,
				"retransmits":	0,
				"omitted":	false,
				"sender":	true
			}
		}, {
			"streams":	[{
					"socket":	5,
					"start":	9.000241,
					"end":	10.000128,
					"seconds":	0.999886989593506,
					"bytes":	5242880,
					"bits_per_second":	41947780.53572987,
					"retransmits":	0,
					"snd_cwnd":	677664,
					"snd_wnd":	1319040,
					"rtt":	117703,
					"rttvar":	9762,
					"pmtu":	1500,
					"omitted":	false,
					"sender":	true
				}],
			"sum":	{
				"start":	9.000241,
				"end":	10.000128,
				"seconds":	0.999886989593506,
				"bytes":	5242880,
				"bits_per_second":	41947780.53572987,
				"retransmits":	0,
				"omitted":	false,
				"sender":	true
			}
		}],
	"end":	{
		"streams":	[{
				"sender":	{
					"socket":	5,
					"start":	0,
					"end":	10.000128,
					"seconds":	10.000128,
					"bytes":	47710208,
					"bits_per_second":	38167677.853723474,
					"retransmits":	0,
					"max_snd_cwnd":	677664,
					"max_snd_wnd":	1324544,
					"max_rtt":	121541,
					"min_rtt":	45000,
					"mean_rtt":	97706,
					"sender":	true
				},
				"receiver":	{
					"socket":	5,
					"start":	0,
					"end":	10.078777,
					"seconds":	10.000128,
					"bytes":	44171264,
					"bits_per_second":	35060812.636295058,
					"sender":	true
				}
			}],
		"sum_sent":	{
			"start":	0,
			"end":	10.000128,
			"seconds":	10.000128,
			"bytes":	47710208,
			"bits_per_second":	38167677.853723474,
			"retransmits":	0,
			"sender":	true
		},
		"sum_received":	{
			"start":	0,
			"end":	10.078777,
			"seconds":	10.078777,
			"bytes":	44171264,
			"bits_per_second":	35060812.636295058,
			"sender":	true
		},
		"cpu_utilization_percent":	{
			"host_total":	0.751292169198858,
			"host_user":	0.22457779197335129,
			"host_system":	0.52670450089884446,
			"remote_total":	4.6448857590273152,
			"remote_user":	0.521876206427593,