{
	"start":	{
		"connected":	[{
				"socket":	5,
				"local_host":	"129.93.240.11",
				"local_port":	40420,
				"remote_host":	"129.93.208.46",
				"remote_port":	55000
			}],
		"version":	"iperf 3.12",
		"system_info":	"Linux rpi1 6.6.51+rpt-rpi-v8 #1 SMP PREEMPT Debian 1:6.6.51-1+rpt3 (2024-10-08) aarch64",
		"timestamp":	{
			"time":	"Tue, 13 May 2025 22:20:51 GMT",
			"timesecs":	1747174851
		},
		"connecting_to":	{
			"host":	"129.93.208.46",
			"port":	55000
		},
		"cookie":	"cxup2vllaljhs4dc7q2cq3od23sbup2zpcbx",
		"tcp_mss_default":	1448,
		"target_bitrate":	0,
		"sock_bufsize":	0,
		"sndbuf_actual":	16384,
		"rcvbuf_actual":	131072,
		"test_start":	{
			"protocol":	"TCP",
			"num_streams":	1,
			"blksize":	131072,
			"omit":	0,
			"duration":	10,
			"bytes":	0,
			"blocks":	0,
			"reverse":	0,
			"tos":	0,
			"target_bitrate":	0
		}
	},
	"intervals":	[{
			"streams":	[{
					"socket":	5,
					"start":	0,
					"end":	1.000153,
					"seconds":	1.0001529455184937,
					"bytes":	964368,
					"bits_per_second":	7713764.2143327,
					"retransmits":	0,
					"snd_cwnd":	99912,
					"snd_wnd":	513792,
					"rtt":	158753,
					"rttvar":	20497,
					"pmtu":	1500,
					"omitted":	false,
					"sender":	true
				}],
			"sum":	{
				"start":	0,
				"end":	1.000153,
				"seconds":	1.0001529455184937,
				"bytes":	964368,
				"bits_per_second":	7713764.2143327,
				"retransmits":	0,
				"omitted":	false,
				"sender":	true
			}
		}, {
			"streams":	[{
					"socket":	5,
					"start":	1.000153,
					"end":	2.000161,
					"seconds":	1.0000079870224,
					"bytes":	781920,
					"bits_per_second":	6255310.0386986025,
					"retransmits":	0,
					"snd_cwnd":	128872,
					"snd_wnd":	513792,
					"rtt":	181942,
					"rttvar":	3360,
					"pmtu":	1500,
					"omitted":	false,
					"sender":	true
				}],
			"sum":	{
				"start":	1.000153,
				"end":	2.000161,
				"seconds":	1.0000079870224,
				"bytes":	781920,
				"bits_per_second":	6255310.0386986025,
				"retransmits":	0,
				"omitted":	false,
				"sender":	true
			}
		}, {
			"streams":	[{
					"socket":	5,
					"start":	2.000161,
					"end":	3.000268,
					"seconds":	1.0001070499420166,
					"bytes":	1042560,
					"bits_per_second":	8339587.2476686947,
					"retransmits":	0,
					"snd_cwnd":	176656,
					"snd_wnd":	513792,
					"rtt":	147952,
					"rttvar":	7807,
					"pmtu":	1500,
					"omitted":	false,
					"sender":	true
				}],
			"sum":	{
				"start":	2.000161,
				"end":	3.000268,
				"seconds":	1.0001070499420166,
				"bytes":	1042560,
				"bits_per_second":	8339587.2476686947,
				"retransmits":	0,
				"omitted":	false,
				"sender":	true
			}
		}, {
			"streams":	[{
					"socket":	5,
					"start":	3.000268,
					"end":	4.000111,
					"seconds":	0.99984300136566162,
					"bytes":	1824480,
					"bits_per_second":	14598131.886770114,
					"retransmits":	0,
					"snd_cwnd":	238920,
					"snd_wnd":	513792,
					"rtt":	170247,
					"rttvar":	7077,
					"pmtu":	1500,
					"omitted":	false,
					"sender":	true
				}],
			"sum":	{
				"start":	3.000268,
				"end":	4.000111,
				"seconds":	0.99984300136566162,
				"bytes":	1824480,
				"bits_per_second":	14598131.886770114,
				"retransmits":	0,
				"omitted":	false,
				"sender":	true
			}
		}, {
			"streams":	[{
					"socket":	5,
					"start":	4.000111,
					"end":	5.0001,
					"seconds":	0.99998897314071655,
					"bytes":	1759320,
					"bits_per_second":	14074715.199903963,
					"retransmits":	0,
					"snd_cwnd":	306976,
					"snd_wnd":	664832,
					"rtt":	214707,
					"rttvar":	3673,
					"pmtu":	1500,
					"omitted":	false,
					"sender":	true
				}],
			"sum":	{
				"start":	4.000111,
				"end":	5.0001,
				"seconds":	0.99998897314071655,
				"bytes":	1759320,
				"bits_per_second":	14074715.199903963,
				"retransmits":	0,
				"omitted":	false,
				"sender":	true
			}
		}, {
			"streams":	[{
					"socket":	5,
					"start":	5.0001,
					"end":	6.000262,
					"seconds":	1.0001620054244995,
					"bytes":	1498680,
					"bits_per_second":	11987497.960304255,
					"retransmits":	0,
					"snd_cwnd":	376480,
					"snd_wnd":	764032,
					"rtt":	259248,
					"rttvar":	3462,
					"pmtu":	1500,
					"omitted":	false,
					"sender":	true
				}],
			"sum":	{
				"start":	5.0001,
				"end":	6.000262,
				"seconds":	1.0001620054244995,
				"bytes":	1498680,
				"bits_per_second":	11987497.960304255,
				"retransmits":	0,
				"omitted":	false,
				"sender":	true
			}
		}, {
			"streams":	[{
					"socket":	5,
					"start":	6.000262,
					"end":	7.000387,
					"seconds":	1.0001250505447388,
					"bytes":	1759320,
					"bits_per_second":	14072800.188670406,
					"retransmits":	0,
					"snd_cwnd":	454672,
					"snd_wnd":	983552,
					"rtt":	306092,
					"rttvar":	3433,
					"pmtu":	1500,
					"omitted":	false,
					"sender":	true
				}],
			"sum":	{
				"start":	6.000262,
				"end":	7.000387,
				"seconds":	1.0001250505447388,
				"bytes":	1759320,
				"bits_per_second":	14072800.188670406,
				"retransmits":	0,
				"omitted":	false,
				"sender":	true
			}
		}, {
			"streams":	[{
					"socket":	5,
					"start":	7.000387,
					"end":	8.000353,
					"seconds":	0.999966025352478,
					"bytes":	2019960,
					"bits_per_second":	16160229.038085444,
					"retransmits":	0,
					"snd_cwnd":	531416,
					"snd_wnd":	1079680,
					"rtt":	257790,
					"rttvar":	20252,
					"pmtu":	1500,
					"omitted":	false,
					"sender":	true
				}],
			"sum":	{
				"start":	7.000387,
				"end":	8.000353,
				"seconds":	0.999966025352478,
				"bytes":	2019960,
				"bits_per_second":	16160229.038085444,
				"retransmits":	0,
				"omitted":	false,
				"sender":	true
			}
		}, {
			"streams":	[{
					"socket":	5,
					"start":	8.000353,
					"end":	9.000116,
					"seconds":	0.999763011932373,
					"bytes":	2345760,
					"bits_per_second":	18770528.39125178,
					"retransmits":	0,
					"snd_cwnd":	586440,
					"snd_wnd":	1079680,
					"rtt":	245041,
					"rttvar":	12894,
					"pmtu":	1500,
					"omitted":	false,
					"sender":	true
				}],
			"sum":	{
				"start":	8.000353,
				"end":	9.000116,
				"seconds":	0.999763011932373,
				"bytes":	2345760,
				"bits_per_second":	18770528.39125178,
				"retransmits":	0,
				"omitted":	false,
				"sender":	true
			}
		}, {
			"streams":	[{
					"socket":	5,
					"start":	9.000116,
					"end":	10.000489,
					"seconds":	1.0003730058670044,
					"bytes":	1207984,
					"bits_per_second":	9660268.66311182,
					"retransmits":	0,
					"snd_cwnd":	592232,
					"snd_wnd":	1079680,
					"rtt":	256915,
					"rttvar":	19017,
					"pmtu":	1500,
					"omitted":	false,
					"sender":	true
				}],
			"sum":	{
				"start":	9.000116,
				"end":	10.000489,
				"seconds":	1.0003730058670044,
				"bytes":	1207984,
				"bits_per_second":	9660268.66311182,
				"retransmits":	0,
				"omitted":	false,
				"sender":	true
			}
		}],
	"end":	{
		"streams":	[{
				"sender":	{
					"socket":	5,
					"start":	0,
					"end":	10.000489,
					"seconds":	10.000489,
					"bytes":	15204352,
					"bits_per_second":	12162886.834833777,
					"retransmits":	0,
					"max_snd_cwnd":	592232,
					"max_snd_wnd":	1079680,
					"max_rtt":	306092,
					"min_rtt":	147952,
					"mean_rtt":	219868,
					"sender":	true
				},
				"receiver":	{
					"socket":	5,
					"start":	0,
					"end":	10.25362,
					"seconds":	10.000489,
					"bytes":	12713984,
					"bits_per_second":	9919606.1488527954,
					"sender":	true
				}
			}],
		"sum_sent":	{
			"start":	0,
			"end":	10.000489,
			"seconds":	10.000489,
			"bytes":	15204352,
			"bits_per_second":	12162886.834833777,
			"retransmits":	0,
			"sender":	true
		},
		"sum_received":	{
			"start":	0,
			"end":	10.25362,
			"seconds":	10.25362,
			"bytes":	12713984,
			"bits_per_second":	9919606.1488527954,
			"sender":	true
		},
		"cpu_utilization_percent":	{
			"host_total":	0.44368819764507911,
			"host_user":	0.0951508142875342,
			"host_system":	0.348547258896132,
			"remote_total":	4.15019491083333,
			"remote_user":	0.42529191762982649,