{
	"start":	{
		"connected":	[{
				"socket":	5,
				"local_host":	"129.93.240.11",
				"local_port":	48446,
				"remote_host":	"129.93.208.46",
				"remote_port":	55000
			}],
		"version":	"iperf 3.12",
		"system_info":	"Linux rpi1 6.6.51+rpt-rpi-v8 #1 SMP PREEMPT Debian 1:6.6.51-1+rpt3 (2024-10-08) aarch64",
		"timestamp":	{
			"time":	"Tue, 13 May 2025 22:09:17 GMT",
			"timesecs":	1747174157
		},
		"connecting_to":	{
			"host":	"129.93.208.46",
			"port":	55000
		},
		"cookie":	"vjai2zpbvhbydld7xwtq7w2xlxajjwkeu4zy",
		"tcp_mss_default":	1448,
		"target_bitrate":	0,
		"sock_bufsize":	0,
		"sndbuf_actual":	16384,
		"rcvbuf_actual":	131072,
		"test_start":	{
			"protocol":	"TCP",
			"num_streams":	1,
			"blksize":	131072,
			"omit":	0,
			"duration":	10,
			"bytes":	0,
			"blocks":	0,
			"reverse":	0,
			"tos":	0,
			"target_bitrate":	0
		}
	},
	"intervals":	[{
			"streams":	[{
					"socket":	5,
					"start":	0,
					"end":	1.000095,
					"seconds":	1.000095009803772,
					"bytes":	2759888,
					"bits_per_second":	22077006.467947606,
					"retransmits":	0,
					"snd_cwnd":	150592,
					"snd_wnd":	575104,
					"rtt":	39072,
					"rttvar":	1988,
					"pmtu":	1500,
					"omitted":	false,
					"sender":	true
				}],
			"sum":	{
				"start":	0,
				"end":	1.000095,
				"seconds":	1.000095009803772,
				"bytes":	2759888,
				"bits_per_second":	22077006.467947606,
				"retransmits":	0,
				"omitted":	false,
				"sender":	true
			}
		}, {
			"streams":	[{
					"socket":	5,
					"start":	1.000095,
					"end":	2.00018,
					"seconds":	1.00008499622345,
					"bytes":	3192840,
					"bits_per_second":	25540549.149777438,
					"retransmits":	0,
					"snd_cwnd":	288152,
					"snd_wnd":	616448,
					"rtt":	92090,
					"rttvar":	4157,
					"pmtu":	1500,
					"omitted":	false,
					"sender":	true
				}],
			"sum":	{
				"start":	1.000095,
				"end":	2.00018,
				"seconds":	1.00008499622345,
				"bytes":	3192840,
				"bits_per_second":	25540549.149777438,
				"retransmits":	0,
				"omitted":	false,
				"sender":	true
			}
		}, {
			"streams":	[{
					"socket":	5,
					"start":	2.00018,
					"end":	3.000134,
					"seconds":	0.9999539852142334,
					"bytes":	4496040,
					"bits_per_second":	35969975.1507006,
					"retransmits":	0,
					"snd_cwnd":	454672,
					"snd_wnd":	1083136,
					"rtt":	149524,
					"rttvar":	3279,
					"pmtu":	1500,
					"omitted":	false,
					"sender":	true
				}],
			"sum":	{
				"start":	2.00018,
				"end":	3.000134,
				"seconds":	0.9999539852142334,
				"bytes":	4496040,
				"bits_per_second":	35969975.1507006,
				"retransmits":	0,
				"omitted":	false,
				"sender":	true
			}
		}, {
			"streams":	[{
					"socket":	5,
					"start":	3.000134,
					"end":	4.000186,
					"seconds":	1.0000519752502441,
					"bytes":	2085120,
					"bits_per_second":	16680093.047989735,
					"retransmits":	0,
					"snd_cwnd":	532864,
					"snd_wnd":	1095168,
					"rtt":	231898,
					"rttvar":	15551,
					"pmtu":	1500,
					"omitted":	false,
					"sender":	true
				}],
			"sum":	{
				"start":	3.000134,
				"end":	4.000186,
				"seconds":	1.0000519752502441,
				"bytes":	2085120,
				"bits_per_second":	16680093.047989735,
				"retransmits":	0,
				"omitted":	false,
				"sender":	true
			}
		}, {
			"streams":	[{
					"socket":	5,
					"start":	4.000186,
					"end":	5.000573,
					"seconds":	1.0003869533538818,
					"bytes":	1172880,
					"bits_per_second":	9379410.6056087241,
					"retransmits":	0,
					"snd_cwnd":	583544,
					"snd_wnd":	1095168,
					"rtt":	309173,
					"rttvar":	12690,
					"pmtu":	1500,
					"omitted":	false,
					"sender":	true
				}],
			"sum":	{
				"start":	4.000186,
				"end":	5.000573,
				"seconds":	1.0003869533538818,
				"bytes":	1172880,
				"bits_per_second":	9379410.6056087241,
				"retransmits":	0,
				"omitted":	false,
				"sender":	true
			}
		}, {
			"streams":	[{
					"socket":	5,
					"start":	5.000573,
					"end":	6.000187,
					"seconds":	0.99961400032043457,
					"bytes":	2410920,
					"bits_per_second":	19294807.789624073,
					"retransmits":	0,
					"snd_cwnd":	583544,
					"snd_wnd":	1095168,
					"rtt":	184153,
					"rttvar":	6606,
					"pmtu":	1500,
					"omitted":	false,
					"sender":	true
				}],
			"sum":	{
				"start":	5.000573,
				"end":	6.000187,
				"seconds":	0.99961400032043457,
				"bytes":	2410920,
				"bits_per_second":	19294807.789624073,
				"retransmits":	0,
				"omitted":	false,
				"sender":	true
			}
		}, {
			"streams":	[{
					"socket":	5,
					"start":	6.000187,
					"end":	7.000501,
					"seconds":	1.0003139972686768,
					"bytes":	1172880,
					"bits_per_second":	9380094.67589184,
					"retransmits":	0,
					"snd_cwnd":	583544,
					"snd_wnd":	1095168,
					"rtt":	231631,
					"rttvar":	11710,
					"pmtu":	1500,
					"omitted":	false,
					"sender":	true
				}],
			"sum":	{
				"start":	6.000187,
				"end":	7.000501,
				"seconds":	1.0003139972686768,
				"bytes":	1172880,
				"bits_per_second":	9380094.67589184,
				"retransmits":	0,
				"omitted":	false,
				"sender":	true
			}
		}, {
			"streams":	[{
					"socket":	5,
					"start":	7.000501,
					"end":	8.000364,
					"seconds":	0.999863028526306,
					"bytes":	2370232,
					"bits_per_second":	18964453.5891559,
					"retransmits":	0,
					"snd_cwnd":	612504,
					"snd_wnd":	1095168,
					"rtt":	151208,
					"rttvar":	22159,
					"pmtu":	1500,
					"omitted":	false,
					"sender":	true
				}],
			"sum":	{
				"start":	7.000501,
				"end":	8.000364,
				"seconds":	0.999863028526306,
				"bytes":	2370232,
				"bits_per_second":	18964453.5891559,
				"retransmits":	0,
				"omitted":	false,
				"sender":	true
			}
		}, {
			"streams":	[{
					"socket":	5,
					"start":	8.000364,
					"end":	9.00029,
					"seconds":	0.999925971031189,
					"bytes":	2490368,
					"bits_per_second":	19924418.984191559,
					"retransmits":	0,
					"snd_cwnd":	612504,
					"snd_wnd":	1095168,
					"rtt":	163293,
					"rttvar":	28004,
					"pmtu":	1500,
					"omitted":	false,
					"sender":	true
				}],
			"sum":	{
				"start":	8.000364,
				"end":	9.00029,
				"seconds":	0.999925971031189,
				"bytes":	2490368,
				"bits_per_second":	19924418.984191559,
				"retransmits":	0,
				"omitted":	false,
				"sender":	true
			}
		}, {
			"streams":	[{
					"socket":	5,
					"start":	9.00029,
					"end":	10.000141,
					"seconds":	0.99985098838806152,
					"bytes":	2490368,
					"bits_per_second":	19925913.192444153,
					"retransmits":	0,
					"snd_cwnd":	612504,
					"snd_wnd":	1095168,
					"rtt":	200409,
					"rttvar":	14729,
					"pmtu":	1500,
					"omitted":	false,
					"sender":	true
				}],
			"sum":	{
				"start":	9.00029,
				"end":	10.000141,
				"seconds":	0.99985098838806152,
				"bytes":	2490368,
				"bits_per_second":	19925913.192444153,
				"retransmits":	0,
				"omitted":	false,
				"sender":	true
			}
		}],
	"end":	{
		"streams":	[{
				"sender":	{
					"socket":	5,
					"start":	0,
					"end":	10.000141,
					"seconds":	10.000141,
					"bytes":	24641536,
					"bits_per_second":	19712950.847393055,
					"retransmits":	0,
					"max_snd_cwnd":	612504,
					"max_snd_wnd":	1095168,
					"max_rtt":	309173,
					"min_rtt":	39072,
					"mean_rtt":	175245,
					"sender":	true
				},
				"receiver":	{
					"socket":	5,
					"start":	0,
					"end":	10.234228,
					"seconds":	10.000141,
					"bytes":	21626880,
					"bits_per_second":	16905529.17132587,
					"sender":	true
				}
			}],
		"sum_sent":	{
			"start":	0,
			"end":	10.000141,
			"seconds":	10.000141,
			"bytes":	24641536,
			"bits_per_second":	19712950.847393055,
			"retransmits":	0,
			"sender":	true
		},
		"sum_received":	{
			"start":	0,
			"end":	10.234228,
			"seconds":	10.234228,
			"bytes":	21626880,
			"bits_per_second":	16905529.17132587,
			"sender":	true
		},
		"cpu_utilization_percent":	{
			"host_total":	0.54595504202972267,
			"host_user":	0.06278924253286966,
			"host_system":	0.48314596713976748,
			"remote_total":	4.1886947979248532,
			"remote_user":	0.41398197544678844,