{
	"start":	{
		"connected":	[{
				"socket":	5,
				"local_host":	"129.93.240.12",
				"local_port":	34240,
				"remote_host":	"10.53.1.3",
				"remote_port":	55002
			}],
		"version":	"iperf 3.12",
		"system_info":	"Linux rpi2 6.6.74+rpt-rpi-v8 #1 SMP PREEMPT Debian 1:6.6.74-1+rpt1 (2025-01-27) aarch64",
		"timestamp":	{
			"time":	"Thu, 22 May 2025 22:59:45 GMT",
			"timesecs":	1747954785
		},
		"connecting_to":	{
			"host":	"10.53.1.3",
			"port":	55002
		},
		"cookie":	"ow6ahwi33zhctgjwoej2gbgts5wdfidgdjxg",
		"tcp_mss_default":	1448,
		"target_bitrate":	0,
		"sock_bufsize":	0,
		"sndbuf_actual":	16384,
		"rcvbuf_actual":	131072,
		"test_start":	{
			"protocol":	"TCP",
			"num_streams":	1,
			"blksize":	131072,
			"omit":	0,
			"duration":	10,
			"bytes":	0,
			"blocks":	0,
			"reverse":	0,
			"tos":	0,
			"target_bitrate":	0
		}
	},
	"intervals":	[{
			"streams":	[{
					"socket":	5,
					"start":	0,
					"end":	1.000121,
					"seconds":	1.000120997428894,
					"bytes":	1287272,
					"bits_per_second":	10296930.097932648,
					"retransmits":	0,
					"snd_cwnd":	89776,
					"snd_wnd":	697344,
					"rtt":	33594,
					"rttvar":	5211,
					"pmtu":	1500,
					"omitted":	false,
					"sender":	true
				}],
			"sum":	{
				"start":	0,
				"end":	1.000121,
				"seconds":	1.000120997428894,
				"bytes":	1287272,
				"bits_per_second":	10296930.097932648,
				"retransmits":	0,
				"omitted":	false,
				"sender":	true
			}
		}, {
			"streams":	[{
					"socket":	5,
					"start":	1.000121,
					"end":	2.00026,
					"seconds":	1.0001389980316162,
					"bytes":	2606400,
					"bits_per_second":	20848302.1270418,
					"retransmits":	0,
					"snd_cwnd":	194032,
					"snd_wnd":	725120,
					"rtt":	76580,
					"rttvar":	3525,
					"pmtu":	1500,
					"omitted":	false,
					"sender":	true
				}],
			"sum":	{
				"start":	1.000121,
				"end":	2.00026,
				"seconds":	1.0001389980316162,
				"bytes":	2606400,
				"bits_per_second":	20848302.1270418,
				"retransmits":	0,
				"omitted":	false,
				"sender":	true
			}
		}, {
			"streams":	[{
					"socket":	5,
					"start":	2.00026,
					"end":	3.000373,
					"seconds":	1.0001130104064941,
					"bytes":	2606400,
					"bits_per_second":	20848843.863680031,
					"retransmits":	0,
					"snd_cwnd":	312768,
					"snd_wnd":	1197824,
					"rtt":	126718,
					"rttvar":	3435,
					"pmtu":	1500,
					"omitted":	false,
					"sender":	true
				}],
			"sum":	{
				"start":	2.00026,
				"end":	3.000373,
				"seconds":	1.0001130104064941,
				"bytes":	2606400,
				"bits_per_second":	20848843.863680031,
				"retransmits":	0,
				"omitted":	false,
				"sender":	true
			}
		}, {
			"streams":	[{
					"socket":	5,
					"start":	3.000373,
					"end":	4.000372,
					"seconds":	0.99999898672103882,
					"bytes":	2997360,
					"bits_per_second":	23978904.297319237,
					"retransmits":	0,
					"snd_cwnd":	425712,
					"snd_wnd":	1197824,
					"rtt":	170820,
					"rttvar":	2325,
					"pmtu":	1500,
					"omitted":	false,
					"sender":	true
				}],
			"sum":	{
				"start":	3.000373,
				"end":	4.000372,
				"seconds":	0.99999898672103882,
				"bytes":	2997360,
				"bits_per_second":	23978904.297319237,
				"retransmits":	0,
				"omitted":	false,
				"sender":	true
			}
		}, {
			"streams":	[{
					"socket":	5,
					"start":	4.000372,
					"end":	5.000231,
					"seconds":	0.99985897541046143,
					"bytes":	3062520,
					"bits_per_second":	24503615.612333942,
					"retransmits":	0,
					"snd_cwnd":	538656,
					"snd_wnd":	1378688,
					"rtt":	224915,
					"rttvar":	3535,
					"pmtu":	1500,
					"omitted":	false,
					"sender":	true
				}],
			"sum":	{
				"start":	4.000372,
				"end":	5.000231,
				"seconds":	0.99985897541046143,
				"bytes":	3062520,
				"bits_per_second":	24503615.612333942,
				"retransmits":	0,
				"omitted":	false,
				"sender":	true
			}
		}, {
			"streams":	[{
					"socket":	5,
					"start":	5.000231,
					"end":	6.000428,
					"seconds":	1.0001970529556274,
					"bytes":	2382256,
					"bits_per_second":	19054293.295188792,
					"retransmits":	0,
					"snd_cwnd":	658840,
					"snd_wnd":	1378688,
					"rtt":	193068,
					"rttvar":	7509,
					"pmtu":	1500,
					"omitted":	false,
					"sender":	true
				}],
			"sum":	{
				"start":	5.000231,
				"end":	6.000428,
				"seconds":	1.0001970529556274,
				"bytes":	2382256,
				"bits_per_second":	19054293.295188792,
				"retransmits":	0,
				"omitted":	false,
				"sender":	true
			}
		}, {
			"streams":	[{
					"socket":	5,
					"start":	6.000428,
					"end":	7.000439,
					"seconds":	1.0000109672546387,
					"bytes":	2621440,
					"bits_per_second":	20971290.002522442,
					"retransmits":	0,
					"snd_cwnd":	660288,
					"snd_wnd":	1378688,
					"rtt":	150155,
					"rttvar":	9091,
					"pmtu":	1500,
					"omitted":	false,
					"sender":	true
				}],
			"sum":	{
				"start":	6.000428,
				"end":	7.000439,
				"seconds":	1.0000109672546387,
				"bytes":	2621440,
				"bits_per_second":	20971290.002522442,
				"retransmits":	0,
				"omitted":	false,
				"sender":	true
			}
		}, {
			"streams":	[{
					"socket":	5,
					"start":	7.000439,
					"end":	8.000403,
					"seconds":	0.99996399879455566,
					"bytes":	2621440,
					"bits_per_second":	20972275.02718189,
					"retransmits":	0,
					"snd_cwnd":	660288,
					"snd_wnd":	1378688,
					"rtt":	138172,
					"rttvar":	9649,
					"pmtu":	1500,
					"omitted":	false,
					"sender":	true
				}],
			"sum":	{
				"start":	7.000439,
				"end":	8.000403,
				"seconds":	0.99996399879455566,
				"bytes":	2621440,
				"bits_per_second":	20972275.02718189,
				"retransmits":	0,
				"omitted":	false,
				"sender":	true
			}
		}, {
			"streams":	[{
					"socket":	5,
					"start":	8.000403,
					"end":	9.000311,
					"seconds":	0.9999079704284668,
					"bytes":	2621440,
					"bits_per_second":	20973450.17763342,
					"retransmits":	0,
					"snd_cwnd":	660288,
					"snd_wnd":	1378688,
					"rtt":	163926,
					"rttvar":	6488,
					"pmtu":	1500,
					"omitted":	false,
					"sender":	true
				}],
			"sum":	{
				"start":	8.000403,
				"end":	9.000311,
				"seconds":	0.9999079704284668,
				"bytes":	2621440,
				"bits_per_second":	20973450.17763342,
				"retransmits":	0,
				"omitted":	false,
				"sender":	true
			}
		}, {
			"streams":	[{
					"socket":	5,
					"start":	9.000311,
					"end":	10.000195,
					"seconds":	0.999884009361267,
					"bytes":	2621440,
					"bits_per_second":	20973952.782179959,
					"retransmits":	0,
					"snd_cwnd":	660288,
					"snd_wnd":	1378688,
					"rtt":	158830,
					"rttvar":	3135,
					"pmtu":	1500,
					"omitted":	false,
					"sender":	true
				}],
			"sum":	{
				"start":	9.000311,
				"end":	10.000195,
				"seconds":	0.999884009361267,
				"bytes":	2621440,
				"bits_per_second":	20973952.782179959,
				"retransmits":	0,
				"omitted":	false,
				"sender":	true
			}
		}],
	"end":	{
		"streams":	[{
				"sender":	{
					"socket":	5,
					"start":	0,
					"end":	10.000195,
					"seconds":	10.000195,
					"bytes":	25427968,
					"bits_per_second":	20341977.731434237,
					"retransmits":	0,
					"max_snd_cwnd":	660288,
					"max_snd_wnd":	1378688,
					"max_rtt":	224915,
					"min_rtt":	33594,
					"mean_rtt":	143677,
					"sender":	true
				},
				"receiver":	{
					"socket":	5,
					"start":	0,
					"end":	10.250561,
					"seconds":	10.000195,
					"bytes":	22282240,
					"bits_per_second":	17390064.797429137,
					"sender":	true
				}
			}],
		"sum_sent":	{
			"start":	0,
			"end":	10.000195,
			"seconds":	10.000195,
			"bytes":	25427968,
			"bits_per_second":	20341977.731434237,
			"retransmits":	0,
			"sender":	true
		},
		"sum_received":	{
			"start":	0,
			"end":	10.250561,
			"seconds":	10.250561,
			"bytes":	22282240,
			"bits_per_second":	17390064.797429137,
			"sender":	true
		},
		"cpu_utilization_percent":	{
			"host_total":	0.786443076958415,
			"host_user":	0.049226328838609119,
			"host_system":	0.73720684741006348,
			"remote_total":	0.49852832588545559,
			"remote_user":	0.04889483717541198,