{
	"start":	{
		"connected":	[{
				"socket":	5,
				"local_host":	"129.93.240.12",
				"local_port":	51362,
				"remote_host":	"10.53.1.3",
				"remote_port":	55002
			}],
		"version":	"iperf 3.12",
		"system_info":	"Linux rpi2 6.6.74+rpt-rpi-v8 #1 SMP PREEMPT Debian 1:6.6.74-1+rpt1 (2025-01-27) aarch64",
		"timestamp":	{
			"time":	"Thu, 22 May 2025 23:03:05 GMT",
			"timesecs":	1747954985
		},
		"connecting_to":	{
			"host":	"10.53.1.3",
			"port":	55002
		},
		"cookie":	"fka4ghtubamdq5q5idmkl2cdqicgc2r6xsyx",
		"tcp_mss_default":	1448,
		"target_bitrate":	0,
		"sock_bufsize":	0,
		"sndbuf_actual":	16384,
		"rcvbuf_actual":	131072,
		"test_start":	{
			"protocol":	"TCP",
			"num_streams":	1,
			"blksize":	131072,
			"omit":	0,
			"duration":	10,
			"bytes":	0,
			"blocks":	0,
			"reverse":	0,
			"tos":	0,
			"target_bitrate":	0
		}
	},
	"intervals":	[{
			"streams":	[{
					"socket":	5,
					"start":	0,
					"end":	1.000122,
					"seconds":	1.0001219511032104,
					"bytes":	2157520,
					"bits_per_second":	17258055.361109447,
					"retransmits":	0,
					"snd_cwnd":	121632,
					"snd_wnd":	1617152,
					"rtt":	31300,
					"rttvar":	2677,
					"pmtu":	1500,
					"omitted":	false,
					"sender":	true
				}],
			"sum":	{
				"start":	0,
				"end":	1.000122,
				"seconds":	1.0001219511032104,
				"bytes":	2157520,
				"bits_per_second":	17258055.361109447,
				"retransmits":	0,
				"omitted":	false,
				"sender":	true
			}
		}, {
			"streams":	[{
					"socket":	5,
					"start":	1.000122,
					"end":	2.000094,
					"seconds":	0.99997198581695557,
					"bytes":	6125040,
					"bits_per_second":	49001692.74238997,
					"retransmits":	0,
					"snd_cwnd":	353312,
					"snd_wnd":	1617152,
					"rtt":	62727,
					"rttvar":	4524,
					"pmtu":	1500,
					"omitted":	false,
					"sender":	true
				}],
			"sum":	{
				"start":	1.000122,
				"end":	2.000094,
				"seconds":	0.99997198581695557,
				"bytes":	6125040,
				"bits_per_second":	49001692.74238997,
				"retransmits":	0,
				"omitted":	false,
				"sender":	true
			}
		}, {
			"streams":	[{
					"socket":	5,
					"start":	2.000094,
					"end":	3.000099,
					"seconds":	1.0000050067901611,
					"bytes":	5929560,
					"bits_per_second":	47436242.496687785,
					"retransmits":	0,
					"snd_cwnd":	587888,
					"snd_wnd":	1617792,
					"rtt":	109243,
					"rttvar":	2306,
					"pmtu":	1500,
					"omitted":	false,
					"sender":	true
				}],
			"sum":	{
				"start":	2.000094,
				"end":	3.000099,
				"seconds":	1.0000050067901611,
				"bytes":	5929560,
				"bits_per_second":	47436242.496687785,
				"retransmits":	0,
				"omitted":	false,
				"sender":	true
			}
		}, {
			"streams":	[{
					"socket":	5,
					"start":	3.000099,
					"end":	4.000166,
					"seconds":	1.0000669956207275,
					"bytes":	5055464,
					"bits_per_second":	40441002.629925966,
					"retransmits":	0,
					"snd_cwnd":	661736,
					"snd_wnd":	1617792,
					"rtt":	108823,
					"rttvar":	1744,
					"pmtu":	1500,
					"omitted":	false,
					"sender":	true
				}],
			"sum":	{
				"start":	3.000099,
				"end":	4.000166,
				"seconds":	1.0000669956207275,
				"bytes":	5055464,
				"bits_per_second":	40441002.629925966,
				"retransmits":	0,
				"omitted":	false,
				"sender":	true
			}
		}, {
			"streams":	[{
					"socket":	5,
					"start":	4.000166,
					"end":	5.000109,
					"seconds":	0.99994301795959473,
					"bytes":	5242880,
					"bits_per_second":	41945430.13619484,
					"retransmits":	0,
					"snd_cwnd":	661736,
					"snd_wnd":	1617792,
					"rtt":	94273,
					"rttvar":	2306,
					"pmtu":	1500,
					"omitted":	false,
					"sender":	true
				}],
			"sum":	{
				"start":	4.000166,
				"end":	5.000109,
				"seconds":	0.99994301795959473,
				"bytes":	5242880,
				"bits_per_second":	41945430.13619484,
				"retransmits":	0,
				"omitted":	false,
				"sender":	true
			}
		}, {
			"streams":	[{
					"socket":	5,
					"start":	5.000109,
					"end":	6.000308,
					"seconds":	1.00019896030426,
					"bytes":	3932160,
					"bits_per_second":	31451022.4949951,
					"retransmits":	0,
					"snd_cwnd":	684904,
					"snd_wnd":	1617792,
					"rtt":	79539,
					"rttvar":	2985,
					"pmtu":	1500,
					"omitted":	false,
					"sender":	true
				}],
			"sum":	{
				"start":	5.000109,
				"end":	6.000308,
				"seconds":	1.00019896030426,
				"bytes":	3932160,
				"bits_per_second":	31451022.4949951,
				"retransmits":	0,
				"omitted":	false,
				"sender":	true
			}
		}, {
			"streams":	[{
					"socket":	5,
					"start":	6.000308,
					"end":	7.000282,
					"seconds":	0.999974012374878,
					"bytes":	5242880,
					"bits_per_second":	41944130.028327249,
					"retransmits":	0,
					"snd_cwnd":	706624,
					"snd_wnd":	1617792,
					"rtt":	121805,
					"rttvar":	2113,
					"pmtu":	1500,
					"omitted":	false,
					"sender":	true
				}],
			"sum":	{
				"start":	6.000308,
				"end":	7.000282,
				"seconds":	0.999974012374878,
				"bytes":	5242880,
				"bits_per_second":	41944130.028327249,
				"retransmits":	0,
				"omitted":	false,
				"sender":	true
			}
		}, {
			"streams":	[{
					"socket":	5,
					"start":	7.000282,
					"end":	8.000192,
					"seconds":	0.999909996986389,
					"bytes":	5242880,
					"bits_per_second":	41946815.339791961,
					"retransmits":	0,
					"snd_cwnd":	706624,
					"snd_wnd":	1617792,
					"rtt":	88013,
					"rttvar":	492,
					"pmtu":	1500,
					"omitted":	false,
					"sender":	true
				}],
			"sum":	{
				"start":	7.000282,
				"end":	8.000192,
				"seconds":	0.999909996986389,
				"bytes":	5242880,
				"bits_per_second":	41946815.339791961,
				"retransmits":	0,
				"omitted":	false,
				"sender":	true
			}
		}, {
			"streams":	[{
					"socket":	5,
					"start":	8.000192,
					"end":	9.000294,
					"seconds":	1.0001020431518555,
					"bytes":	3932160,
					"bits_per_second":	31454070.327525094,
					"retransmits":	0,
					"snd_cwnd":	706624,
					"snd_wnd":	1617792,
					"rtt":	88420,
					"rttvar":	5962,
					"pmtu":	1500,
					"omitted":	false,
					"sender":	true
				}],
			"sum":	{
				"start":	8.000192,
				"end":	9.000294,
				"seconds":	1.0001020431518555,
				"bytes":	3932160,
				"bits_per_second":	31454070.327525094,
				"retransmits":	0,
				"omitted":	false,
				"sender":	true
			}
		}, {
			"streams":	[{
					"socket":	5,
					"start":	9.000294,
					"end":	10.000127,
					"seconds":	0.99983298778533936,
					"bytes":	5242880,
					"bits_per_second":	41950046.170115985,
					"retransmits":	0,
					"snd_cwnd":	757304,
					"snd_wnd":	1617792,
					"rtt":	110941,
					"rttvar":	4470,
					"pmtu":	1500,
					"omitted":	false,
					"sender":	true
				}],
			"sum":	{
				"start":	9.000294,
				"end":	10.000127,
				"seconds":	0.99983298778533936,
				"bytes":	5242880,
				"bits_per_second":	41950046.170115985,
				"retransmits":	0,
				"omitted":	false,
				"sender":	true
			}
		}],
	"end":	{
		"streams":	[{
				"sender":	{
					"socket":	5,
					"start":	0,
					"end":	10.000127,
					"seconds":	10.000127,
					"bytes":	48103424,
					"bits_per_second":	38482250.475418955,
					"retransmits":	0,
					"max_snd_cwnd":	757304,
					"max_snd_wnd":	1617792,
					"max_rtt":	121805,
					"min_rtt":	31300,
					"mean_rtt":	89508,
					"sender":	true
				},
				"receiver":	{
					"socket":	5,
					"start":	0,
					"end":	10.110287,
					"seconds":	10.000127,
					"bytes":	44433408,
					"bits_per_second":	35158968.682095774,
					"sender":	true
				}
			}],
		"sum_sent":	{
			"start":	0,
			"end":	10.000127,
			"seconds":	10.000127,
			"bytes":	48103424,
			"bits_per_second":	38482250.475418955,
			"retransmits":	0,
			"sender":	true
		},
		"sum_received":	{
			"start":	0,
			"end":	10.110287,
			"seconds":	10.110287,
			"bytes":	44433408,
			"bits_per_second":	35158968.682095774,
			"sender":	true
		},
		"cpu_utilization_percent":	{
			"host_total":	0.80648329513203254,
			"host_user":	0,
			"host_system":	0.806453533038305,
			"remote_total":	1.1393928388058234,
			"remote_user":	0.098008990240346053,