{
	"start":	{
		"connected":	[{
				"socket":	5,
				"local_host":	"129.93.240.12",
				"local_port":	60560,
				"remote_host":	"10.53.1.3",
				"remote_port":	55002
			}],
		"version":	"iperf 3.12",
		"system_info":	"Linux rpi2 6.6.74+rpt-rpi-v8 #1 SMP PREEMPT Debian 1:6.6.74-1+rpt1 (2025-01-27) aarch64",
		"timestamp":	{
			"time":	"Thu, 22 May 2025 23:08:59 GMT",
			"timesecs":	1747955339
		},
		"connecting_to":	{
			"host":	"10.53.1.3",
			"port":	55002
		},
		"cookie":	"5jqrf6bk2rxglkjej4co4fe5xeoxwnvcbtzz",
		"tcp_mss_default":	1448,
		"target_bitrate":	0,
		"sock_bufsize":	0,
		"sndbuf_actual":	16384,
		"rcvbuf_actual":	131072,
		"test_start":	{
			"protocol":	"TCP",
			"num_streams":	1,
			"blksize":	131072,
			"omit":	0,
			"duration":	10,
			"bytes":	0,
			"blocks":	0,
			"reverse":	0,
			"tos":	0,
			"target_bitrate":	0
		}
	},
	"intervals":	[{
			"streams":	[{
					"socket":	5,
					"start":	0,
					"end":	1.000094,
					"seconds":	1.0000940561294556,
					"bytes":	1649272,
					"bits_per_second":	13192935.123586116,
					"retransmits":	0,
					"snd_cwnd":	89776,
					"snd_wnd":	427648,
					"rtt":	27035,
					"rttvar":	2098,
					"pmtu":	1500,
					"omitted":	false,
					"sender":	true
				}],
			"sum":	{
				"start":	0,
				"end":	1.000094,
				"seconds":	1.0000940561294556,
				"bytes":	1649272,
				"bits_per_second":	13192935.123586116,
				"retransmits":	0,
				"omitted":	false,
				"sender":	true
			}
		}, {
			"streams":	[{
					"socket":	5,
					"start":	1.000094,
					"end":	2.000096,
					"seconds":	1.0000020265579224,
					"bytes":	3909600,
					"bits_per_second":	31276736.615881626,
					"retransmits":	0,
					"snd_cwnd":	244712,
					"snd_wnd":	594432,
					"rtt":	66112,
					"rttvar":	781,
					"pmtu":	1500,
					"omitted":	false,
					"sender":	true
				}],
			"sum":	{
				"start":	1.000094,
				"end":	2.000096,
				"seconds":	1.0000020265579224,
				"bytes":	3909600,
				"bits_per_second":	31276736.615881626,
				"retransmits":	0,
				"omitted":	false,
				"sender":	true
			}
		}, {
			"streams":	[{
					"socket":	5,
					"start":	2.000096,
					"end":	3.000095,
					"seconds":	0.99999898672103882,
					"bytes":	6125040,
					"bits_per_second":	49000369.651043661,
					"retransmits":	0,
					"snd_cwnd":	479288,
					"snd_wnd":	1031168,
					"rtt":	80893,
					"rttvar":	1467,
					"pmtu":	1500,
					"omitted":	false,
					"sender":	true
				}],
			"sum":	{
				"start":	2.000096,
				"end":	3.000095,
				"seconds":	0.99999898672103882,
				"bytes":	6125040,
				"bits_per_second":	49000369.651043661,
				"retransmits":	0,
				"omitted":	false,
				"sender":	true
			}
		}, {
			"streams":	[{
					"socket":	5,
					"start":	3.000095,
					"end":	4.000149,
					"seconds":	1.0000540018081665,
					"bytes":	6010808,
					"bits_per_second":	48083867.384217612,
					"retransmits":	0,
					"snd_cwnd":	657392,
					"snd_wnd":	1260544,
					"rtt":	82914,
					"rttvar":	2082,
					"pmtu":	1500,
					"omitted":	false,
					"sender":	true
				}],
			"sum":	{
				"start":	3.000095,
				"end":	4.000149,
				"seconds":	1.0000540018081665,
				"bytes":	6010808,
				"bits_per_second":	48083867.384217612,
				"retransmits":	0,
				"omitted":	false,
				"sender":	true
			}
		}, {
			"streams":	[{
					"socket":	5,
					"start":	4.000149,
					"end":	5.000096,
					"seconds":	0.99994701147079468,
					"bytes":	6553600,
					"bits_per_second":	52431578.272216558,
					"retransmits":	0,
					"snd_cwnd":	677664,
					"snd_wnd":	1260544,
					"rtt":	81288,
					"rttvar":	3509,
					"pmtu":	1500,
					"omitted":	false,
					"sender":	true
				}],
			"sum":	{
				"start":	4.000149,
				"end":	5.000096,
				"seconds":	0.99994701147079468,
				"bytes":	6553600,
				"bits_per_second":	52431578.272216558,
				"retransmits":	0,
				"omitted":	false,
				"sender":	true
			}
		}, {
			"streams":	[{
					"socket":	5,
					"start":	5.000096,
					"end":	6.000163,
					"seconds":	1.0000669956207275,
					"bytes":	5242880,
					"bits_per_second":	41940230.18824508,
					"retransmits":	0,
					"snd_cwnd":	712416,
					"snd_wnd":	1260544,
					"rtt":	79195,
					"rttvar":	2067,
					"pmtu":	1500,
					"omitted":	false,
					"sender":	true
				}],
			"sum":	{
				"start":	5.000096,
				"end":	6.000163,
				"seconds":	1.0000669956207275,
				"bytes":	5242880,
				"bits_per_second":	41940230.18824508,
				"retransmits":	0,
				"omitted":	false,
				"sender":	true
			}
		}, {
			"streams":	[{
					"socket":	5,
					"start":	6.000163,
					"end":	7.000288,
					"seconds":	1.0001250505447388,
					"bytes":	5242880,
					"bits_per_second":	41937795.6558081,
					"retransmits":	0,
					"snd_cwnd":	712416,
					"snd_wnd":	1260544,
					"rtt":	103682,
					"rttvar":	2779,
					"pmtu":	1500,
					"omitted":	false,
					"sender":	true
				}],
			"sum":	{
				"start":	6.000163,
				"end":	7.000288,
				"seconds":	1.0001250505447388,
				"bytes":	5242880,
				"bits_per_second":	41937795.6558081,
				"retransmits":	0,
				"omitted":	false,
				"sender":	true
			}
		}, {
			"streams":	[{
					"socket":	5,
					"start":	7.000288,
					"end":	8.000105,
					"seconds":	0.99981701374053955,
					"bytes":	6553600,
					"bits_per_second":	52438395.505845726,
					"retransmits":	0,
					"snd_cwnd":	712416,
					"snd_wnd":	1260544,
					"rtt":	101350,
					"rttvar":	4358,
					"pmtu":	1500,
					"omitted":	false,
					"sender":	true
				}],
			"sum":	{
				"start":	7.000288,
				"end":	8.000105,
				"seconds":	0.99981701374053955,
				"bytes":	6553600,
				"bits_per_second":	52438395.505845726,
				"retransmits":	0,
				"omitted":	false,
				"sender":	true
			}
		}, {
			"streams":	[{
					"socket":	5,
					"start":	8.000105,
					"end":	9.000132,
					"seconds":	1.0000269412994385,
					"bytes":	5242880,
					"bits_per_second":	41941910.030442849,
					"retransmits":	0,
					"snd_cwnd":	712416,
					"snd_wnd":	1260544,
					"rtt":	112439,
					"rttvar":	2511,
					"pmtu":	1500,
					"omitted":	false,
					"sender":	true
				}],
			"sum":	{
				"start":	8.000105,
				"end":	9.000132,
				"seconds":	1.0000269412994385,
				"bytes":	5242880,
				"bits_per_second":	41941910.030442849,
				"retransmits":	0,
				"omitted":	false,
				"sender":	true
			}
		}, {
			"streams":	[{
					"socket":	5,
					"start":	9.000132,
					"end":	10.000305,
					"seconds":	1.0001729726791382,
					"bytes":	3932160,
					"bits_per_second":	31451839.691024818,
					"retransmits":	0,
					"snd_cwnd":	712416,
					"snd_wnd":	1260544,
					"rtt":	110476,
					"rttvar":	3148,
					"pmtu":	1500,
					"omitted":	false,
					"sender":	true
				}],
			"sum":	{
				"start":	9.000132,
				"end":	10.000305,
				"seconds":	1.0001729726791382,
				"bytes":	3932160,
				"bits_per_second":	31451839.691024818,
				"retransmits":	0,
				"omitted":	false,
				"sender":	true
			}
		}],
	"end":	{
		"streams":	[{
				"sender":	{
					"socket":	5,
					"start":	0,
					"end":	10.000305,
					"seconds":	10.000305,
					"bytes":	50462720,
					"bits_per_second":	40368944.7471852,
					"retransmits":	0,
					"max_snd_cwnd":	712416,
					"max_snd_wnd":	1260544,
					"max_rtt":	112439,
					"min_rtt":	27035,
					"mean_rtt":	84538,
					"sender":	true
				},
				"receiver":	{
					"socket":	5,
					"start":	0,
					"end":	10.066763,
					"seconds":	10.000305,
					"bytes":	47841280,
					"bits_per_second":	38019196.438815534,
					"sender":	true
				}
			}],
		"sum_sent":	{
			"start":	0,
			"end":	10.000305,
			"seconds":	10.000305,
			"bytes":	50462720,
			"bits_per_second":	40368944.7471852,
			"retransmits":	0,
			"sender":	true
		},
		"sum_received":	{
			"start":	0,
			"end":	10.066763,
			"seconds":	10.066763,
			"bytes":	47841280,
			"bits_per_second":	38019196.438815534,
			"sender":	true
		},
		"cpu_utilization_percent":	{
			"host_total":	0.76718591788860779,
			"host_user":	0.00043648728130623189,
			"host_system":	0.76673951044181743,
			"remote_total":	1.3833031316685962,
			"remote_user":	0.15228314453071065,