{
	"start":	{
		"connected":	[{
				"socket":	5,
				"local_host":	"129.93.240.12",
				"local_port":	43076,
				"remote_host":	"10.53.1.3",
				"remote_port":	55002
			}],
		"version":	"iperf 3.12",
		"system_info":	"Linux rpi2 6.6.74+rpt-rpi-v8 #1 SMP PREEMPT Debian 1:6.6.74-1+rpt1 (2025-01-27) aarch64",
		"timestamp":	{
			"time":	"Thu, 22 May 2025 23:15:25 GMT",
			"timesecs":	1747955725
		},
		"connecting_to":	{
			"host":	"10.53.1.3",
			"port":	55002
		},
		"cookie":	"oabsj34w4nythfo63i4a5mpywbwitincqdaf",
		"tcp_mss_default":	1448,
		"target_bitrate":	0,
		"sock_bufsize":	0,
		"sndbuf_actual":	16384,
		"rcvbuf_actual":	131072,
		"test_start":	{
			"protocol":	"TCP",
			"num_streams":	1,
			"blksize":	131072,
			"omit":	0,
			"duration":	10,
			"bytes":	0,
			"blocks":	0,
			"reverse":	0,
			"tos":	0,
			"target_bitrate":	0
		}
	},
	"intervals":	[{
			"streams":	[{
					"socket":	5,
					"start":	0,
					"end":	1.000101,
					"seconds":	1.0001009702682495,
					"bytes":	2783056,
					"bits_per_second":	22262200.179676034,
					"retransmits":	0,
					"snd_cwnd":	152040,
					"snd_wnd":	1729152,
					"rtt":	37460,
					"rttvar":	2279,
					"pmtu":	1500,
					"omitted":	false,
					"sender":	true
				}],
			"sum":	{
				"start":	0,
				"end":	1.000101,
				"seconds":	1.0001009702682495,
				"bytes":	2783056,
				"bits_per_second":	22262200.179676034,
				"retransmits":	0,
				"omitted":	false,
				"sender":	true
			}
		}, {
			"streams":	[{
					"socket":	5,
					"start":	1.000101,
					"end":	2.000136,
					"seconds":	1.0000350475311279,
					"bytes":	6776640,
					"bits_per_second":	54211220.0305785,
					"retransmits":	0,
					"snd_cwnd":	430056,
					"snd_wnd":	1729152,
					"rtt":	60552,
					"rttvar":	1276,
					"pmtu":	1500,
					"omitted":	false,
					"sender":	true
				}],
			"sum":	{
				"start":	1.000101,
				"end":	2.000136,
				"seconds":	1.0000350475311279,
				"bytes":	6776640,
				"bits_per_second":	54211220.0305785,
				"retransmits":	0,
				"omitted":	false,
				"sender":	true
			}
		}, {
			"streams":	[{
					"socket":	5,
					"start":	2.000136,
					"end":	3.000096,
					"seconds":	0.99996000528335571,
					"bytes":	9445744,
					"bits_per_second":	75568974.3597166,
					"retransmits":	0,
					"snd_cwnd":	703728,
					"snd_wnd":	1729152,
					"rtt":	72916,
					"rttvar":	2952,
					"pmtu":	1500,
					"omitted":	false,
					"sender":	true
				}],
			"sum":	{
				"start":	2.000136,
				"end":	3.000096,
				"seconds":	0.99996000528335571,
				"bytes":	9445744,
				"bits_per_second":	75568974.3597166,
				"retransmits":	0,
				"omitted":	false,
				"sender":	true
			}
		}, {
			"streams":	[{
					"socket":	5,
					"start":	3.000096,
					"end":	4.000091,
					"seconds":	0.999994993209839,
					"bytes":	7864320,
					"bits_per_second":	62914875.001577146,
					"retransmits":	0,
					"snd_cwnd":	703728,
					"snd_wnd":	1729152,
					"rtt":	64551,
					"rttvar":	1303,
					"pmtu":	1500,
					"omitted":	false,
					"sender":	true
				}],
			"sum":	{
				"start":	3.000096,
				"end":	4.000091,
				"seconds":	0.999994993209839,
				"bytes":	7864320,
				"bits_per_second":	62914875.001577146,
				"retransmits":	0,
				"omitted":	false,
				"sender":	true
			}
		}, {
			"streams":	[{
					"socket":	5,
					"start":	4.000091,
					"end":	5.000242,
					"seconds":	1.0001510381698608,
					"bytes":	6553600,
					"bits_per_second":	52420882.4458529,
					"retransmits":	25,
					"snd_cwnd":	486528,
					"snd_wnd":	1729152,
					"rtt":	71395,
					"rttvar":	3465,
					"pmtu":	1500,
					"omitted":	false,
					"sender":	true
				}],
			"sum":	{
				"start":	4.000091,
				"end":	5.000242,
				"seconds":	1.0001510381698608,
				"bytes":	6553600,
				"bits_per_second":	52420882.4458529,
				"retransmits":	25,
				"omitted":	false,
				"sender":	true
			}
		}, {
			"streams":	[{
					"socket":	5,
					"start":	5.000242,
					"end":	6.000191,
					"seconds":	0.99994897842407227,
					"bytes":	7864320,
					"bits_per_second":	62917770.163787618,
					"retransmits":	0,
					"snd_cwnd":	599472,
					"snd_wnd":	3930752,
					"rtt":	54906,
					"rttvar":	4446,
					"pmtu":	1500,
					"omitted":	false,
					"sender":	true
				}],
			"sum":	{
				"start":	5.000242,
				"end":	6.000191,
				"seconds":	0.99994897842407227,
				"bytes":	7864320,
				"bits_per_second":	62917770.163787618,
				"retransmits":	0,
				"omitted":	false,
				"sender":	true
			}
		}, {
			"streams":	[{
					"socket":	5,
					"start":	6.000191,
					"end":	7.000167,
					"seconds":	0.99997597932815552,
					"bytes":	7864320,
					"bits_per_second":	62916071.286302112,
					"retransmits":	0,
					"snd_cwnd":	660288,
					"snd_wnd":	3930752,
					"rtt":	66410,
					"rttvar":	665,
					"pmtu":	1500,
					"omitted":	false,
					"sender":	true
				}],
			"sum":	{
				"start":	6.000191,
				"end":	7.000167,
				"seconds":	0.99997597932815552,
				"bytes":	7864320,
				"bits_per_second":	62916071.286302112,
				"retransmits":	0,
				"omitted":	false,
				"sender":	true
			}
		}, {
			"streams":	[{
					"socket":	5,
					"start":	7.000167,
					"end":	8.000123,
					"seconds":	0.99995601177215576,
					"bytes":	7864320,
					"bits_per_second":	62917327.621742778,
					"retransmits":	0,
					"snd_cwnd":	687800,
					"snd_wnd":	3930752,
					"rtt":	54662,
					"rttvar":	1954,
					"pmtu":	1500,
					"omitted":	false,
					"sender":	true
				}],
			"sum":	{
				"start":	7.000167,
				"end":	8.000123,
				"seconds":	0.99995601177215576,
				"bytes":	7864320,
				"bits_per_second":	62917327.621742778,
				"retransmits":	0,
				"omitted":	false,
				"sender":	true
			}
		}, {
			"streams":	[{
					"socket":	5,
					"start":	8.000123,
					"end":	9.000233,
					"seconds":	1.0001100301742554,
					"bytes":	6553600,
					"bits_per_second":	52423031.884666733,
					"retransmits":	0,
					"snd_cwnd":	708072,
					"snd_wnd":	3930752,
					"rtt":	60639,
					"rttvar":	1847,
					"pmtu":	1500,
					"omitted":	false,
					"sender":	true
				}],
			"sum":	{
				"start":	8.000123,
				"end":	9.000233,
				"seconds":	1.0001100301742554,
				"bytes":	6553600,
				"bits_per_second":	52423031.884666733,
				"retransmits":	0,
				"omitted":	false,
				"sender":	true
			}
		}, {
			"streams":	[{
					"socket":	5,
					"start":	9.000233,
					"end":	10.000131,
					"seconds":	0.99989801645278931,
					"bytes":	9175040,
					"bits_per_second":	73407806.388488457,
					"retransmits":	0,
					"snd_cwnd":	734136,
					"snd_wnd":	3930752,
					"rtt":	57680,
					"rttvar":	1057,
					"pmtu":	1500,
					"omitted":	false,
					"sender":	true
				}],
			"sum":	{
				"start":	9.000233,
				"end":	10.000131,
				"seconds":	0.99989801645278931,
				"bytes":	9175040,
				"bits_per_second":	73407806.388488457,
				"retransmits":	0,
				"omitted":	false,
				"sender":	true
			}
		}],
	"end":	{
		"streams":	[{
				"sender":	{
					"socket":	5,
					"start":	0,
					"end":	10.000131,
					"seconds":	10.000131,
					"bytes":	72744960,
					"bits_per_second":	58195205.642806083,
					"retransmits":	25,
					"max_snd_cwnd":	734136,
					"max_snd_wnd":	3930752,
					"max_rtt":	72916,
					"min_rtt":	37460,
					"mean_rtt":	60117,
					"sender":	true
				},
				"receiver":	{
					"socket":	5,
					"start":	0,
					"end":	10.060251,
					"seconds":	10.000131,
					"bytes":	69206016,
					"bits_per_second":	55033232.073434353,
					"sender":	true
				}
			}],
		"sum_sent":	{
			"start":	0,
			"end":	10.000131,
			"seconds":	10.000131,
			"bytes":	72744960,
			"bits_per_second":	58195205.642806083,
			"retransmits":	25,
			"sender":	true
		},
		"sum_received":	{
			"start":	0,
			"end":	10.060251,
			"seconds":	10.060251,
			"bytes":	69206016,
			"bits_per_second":	55033232.073434353,
			"sender":	true
		},
		"cpu_utilization_percent":	{
			"host_total":	1.1691296055230465,
			"host_user":	0,
			"host_system":	1.1691097647137954,
			"remote_total":	1.8486699150916577,
			"remote_user":	0.10382435444014371,