{
	"start":	{
		"connected":	[{
				"socket":	5,
				"local_host":	"129.93.240.12",
				"local_port":	56526,
				"remote_host":	"10.53.1.3",
				"remote_port":	55000
			}],
		"version":	"iperf 3.12",
		"system_info":	"Linux rpi2 6.6.74+rpt-rpi-v8 #1 SMP PREEMPT Debian 1:6.6.74-1+rpt1 (2025-01-27) aarch64",
		"timestamp":	{
			"time":	"Tue, 13 May 2025 23:37:25 GMT",
			"timesecs":	1747179445
		},
		"connecting_to":	{
			"host":	"10.53.1.3",
			"port":	55000
		},
		"cookie":	"rey5m725c2dugn2q23mcbptpy7sy5kdkj2mf",
		"tcp_mss_default":	1448,
		"target_bitrate":	0,
		"sock_bufsize":	0,
		"sndbuf_actual":	16384,
		"rcvbuf_actual":	131072,
		"test_start":	{
			"protocol":	"TCP",
			"num_streams":	1,
			"blksize":	131072,
			"omit":	0,
			"duration":	10,
			"bytes":	0,
			"blocks":	0,
			"reverse":	0,
			"tos":	0,
			"target_bitrate":	0
		}
	},
	"intervals":	[{
			"streams":	[{
					"socket":	5,
					"start":	0,
					"end":	1.000104,
					"seconds":	1.0001039505004883,
					"bytes":	2357344,
					"bits_per_second":	18856791.827051975,
					"retransmits":	0,
					"snd_cwnd":	133216,
					"snd_wnd":	312832,
					"rtt":	73259,
					"rttvar":	2099,
					"pmtu":	1500,
					"omitted":	false,
					"sender":	true
				}],
			"sum":	{
				"start":	0,
				"end":	1.000104,
				"seconds":	1.0001039505004883,
				"bytes":	2357344,
				"bits_per_second":	18856791.827051975,
				"retransmits":	0,
				"omitted":	false,
				"sender":	true
			}
		}, {
			"streams":	[{
					"socket":	5,
					"start":	1.000104,
					"end":	2.000194,
					"seconds":	1.0000900030136108,
					"bytes":	1889640,
					"bits_per_second":	15115759.536088735,
					"retransmits":	0,
					"snd_cwnd":	215752,
					"snd_wnd":	466688,
					"rtt":	122660,
					"rttvar":	3069,
					"pmtu":	1500,
					"omitted":	false,
					"sender":	true
				}],
			"sum":	{
				"start":	1.000104,
				"end":	2.000194,
				"seconds":	1.0000900030136108,
				"bytes":	1889640,
				"bits_per_second":	15115759.536088735,
				"retransmits":	0,
				"omitted":	false,
				"sender":	true
			}
		}, {
			"streams":	[{
					"socket":	5,
					"start":	2.000194,
					"end":	3.000159,
					"seconds":	0.999965012073517,
					"bytes":	2150280,
					"bits_per_second":	17202841.891767409,
					"retransmits":	0,
					"snd_cwnd":	299736,
					"snd_wnd":	667648,
					"rtt":	168544,
					"rttvar":	3284,
					"pmtu":	1500,
					"omitted":	false,
					"sender":	true
				}],
			"sum":	{
				"start":	2.000194,
				"end":	3.000159,
				"seconds":	0.999965012073517,
				"bytes":	2150280,
				"bits_per_second":	17202841.891767409,
				"retransmits":	0,
				"omitted":	false,
				"sender":	true
			}
		}, {
			"streams":	[{
					"socket":	5,
					"start":	3.000159,
					"end":	4.00016,
					"seconds":	1.0000009536743164,
					"bytes":	2150280,
					"bits_per_second":	17202223.594681174,
					"retransmits":	0,
					"snd_cwnd":	382272,
					"snd_wnd":	820096,
					"rtt":	217631,
					"rttvar":	2332,
					"pmtu":	1500,
					"omitted":	false,
					"sender":	true
				}],
			"sum":	{
				"start":	3.000159,
				"end":	4.00016,
				"seconds":	1.0000009536743164,
				"bytes":	2150280,
				"bits_per_second":	17202223.594681174,
				"retransmits":	0,
				"omitted":	false,
				"sender":	true
			}
		}, {
			"streams":	[{
					"socket":	5,
					"start":	4.00016,
					"end":	5.000347,
					"seconds":	1.0001870393753052,
					"bytes":	1759320,
					"bits_per_second":	14071927.995378405,
					"retransmits":	0,
					"snd_cwnd":	464808,
					"snd_wnd":	985344,
					"rtt":	266054,
					"rttvar":	2421,
					"pmtu":	1500,
					"omitted":	false,
					"sender":	true
				}],
			"sum":	{
				"start":	4.00016,
				"end":	5.000347,
				"seconds":	1.0001870393753052,
				"bytes":	1759320,
				"bits_per_second":	14071927.995378405,
				"retransmits":	0,
				"omitted":	false,
				"sender":	true
			}
		}, {
			"streams":	[{
					"socket":	5,
					"start":	5.000347,
					"end":	6.000411,
					"seconds":	1.0000640153884888,
					"bytes":	2019960,
					"bits_per_second":	16158645.59802459,
					"retransmits":	0,
					"snd_cwnd":	547344,
					"snd_wnd":	1065728,
					"rtt":	304398,
					"rttvar":	11673,
					"pmtu":	1500,
					"omitted":	false,
					"sender":	true
				}],
			"sum":	{
				"start":	5.000347,
				"end":	6.000411,
				"seconds":	1.0000640153884888,
				"bytes":	2019960,
				"bits_per_second":	16158645.59802459,
				"retransmits":	0,
				"omitted":	false,
				"sender":	true
			}
		}, {
			"streams":	[{
					"socket":	5,
					"start":	6.000411,
					"end":	7.000165,
					"seconds":	0.999754011631012,
					"bytes":	2345760,
					"bits_per_second":	18770697.373231608,
					"retransmits":	0,
					"snd_cwnd":	576304,
					"snd_wnd":	1065728,
					"rtt":	298354,
					"rttvar":	12308,
					"pmtu":	1500,
					"omitted":	false,
					"sender":	true
				}],
			"sum":	{
				"start":	6.000411,
				"end":	7.000165,
				"seconds":	0.999754011631012,
				"bytes":	2345760,
				"bits_per_second":	18770697.373231608,
				"retransmits":	0,
				"omitted":	false,
				"sender":	true
			}
		}, {
			"streams":	[{
					"socket":	5,
					"start":	7.000165,
					"end":	8.000476,
					"seconds":	1.000311017036438,
					"bytes":	1172880,
					"bits_per_second":	9380122.62206066,
					"retransmits":	0,
					"snd_cwnd":	576304,
					"snd_wnd":	1065728,
					"rtt":	286941,
					"rttvar":	20764,
					"pmtu":	1500,
					"omitted":	false,
					"sender":	true
				}],
			"sum":	{
				"start":	7.000165,
				"end":	8.000476,
				"seconds":	1.000311017036438,
				"bytes":	1172880,
				"bits_per_second":	9380122.62206066,
				"retransmits":	0,
				"omitted":	false,
				"sender":	true
			}
		}, {
			"streams":	[{
					"socket":	5,
					"start":	8.000476,
					"end":	9.00078,
					"seconds":	1.0003039836883545,
					"bytes":	1172880,
					"bits_per_second":	9380188.5756793041,
					"retransmits":	0,
					"snd_cwnd":	576304,
					"snd_wnd":	1065728,
					"rtt":	322748,
					"rttvar":	11450,
					"pmtu":	1500,
					"omitted":	false,
					"sender":	true
				}],
			"sum":	{
				"start":	8.000476,
				"end":	9.00078,
				"seconds":	1.0003039836883545,
				"bytes":	1172880,
				"bits_per_second":	9380188.5756793041,
				"retransmits":	0,
				"omitted":	false,
				"sender":	true
			}
		}, {
			"streams":	[{
					"socket":	5,
					"start":	9.00078,
					"end":	10.000487,
					"seconds":	0.99970698356628418,
					"bytes":	2380312,
					"bits_per_second":	19048077.3997088,
					"retransmits":	0,
					"snd_cwnd":	619744,
					"snd_wnd":	1065728,
					"rtt":	276284,
					"rttvar":	11441,
					"pmtu":	1500,
					"omitted":	false,
					"sender":	true
				}],
			"sum":	{
				"start":	9.00078,
				"end":	10.000487,
				"seconds":	0.99970698356628418,
				"bytes":	2380312,
				"bits_per_second":	19048077.3997088,
				"retransmits":	0,
				"omitted":	false,
				"sender":	true
			}
		}],
	"end":	{
		"streams":	[{
				"sender":	{
					"socket":	5,
					"start":	0,
					"end":	10.000487,
					"seconds":	10.000487,
					"bytes":	19398656,
					"bits_per_second":	15518169.065166527,
					"retransmits":	0,
					"max_snd_cwnd":	619744,
					"max_snd_wnd":	1065728,
					"max_rtt":	322748,
					"min_rtt":	73259,
					"mean_rtt":	233687,
					"sender":	true
				},
				"receiver":	{
					"socket":	5,
					"start":	0,
					"end":	10.205283,
					"seconds":	10.000487,
					"bytes":	16777216,
					"bits_per_second":	13151788.931281965,
					"sender":	true
				}
			}],
		"sum_sent":	{
			"start":	0,
			"end":	10.000487,
			"seconds":	10.000487,
			"bytes":	19398656,
			"bits_per_second":	15518169.065166527,
			"retransmits":	0,
			"sender":	true
		},
		"sum_received":	{
			"start":	0,
			"end":	10.205283,
			"seconds":	10.205283,
			"bytes":	16777216,
			"bits_per_second":	13151788.931281965,
			"sender":	true
		},
		"cpu_utilization_percent":	{
			"host_total":	0.51999757157890225,
			"host_user":	0.0246909318312041,
			"host_system":	0.49532647978934635,
			"remote_total":	0.4562533916220346,
			"remote_user":	0,