{
	"start":	{
		"connected":	[{
				"socket":	5,
				"local_host":	"129.93.240.12",
				"local_port":	53910,
				"remote_host":	"10.53.1.3",
				"remote_port":	55000
			}],
		"version":	"iperf 3.12",
		"system_info":	"Linux rpi2 6.6.74+rpt-rpi-v8 #1 SMP PREEMPT Debian 1:6.6.74-1+rpt1 (2025-01-27) aarch64",
		"timestamp":	{
			"time":	"Tue, 13 May 2025 23:37:12 GMT",
			"timesecs":	1747179432
		},
		"connecting_to":	{
			"host":	"10.53.1.3",
			"port":	55000
		},
		"cookie":	"ulmnww5olo767t5rs4rg5zn7hs4tr7qithuq",
		"tcp_mss_default":	1448,
		"target_bitrate":	0,
		"sock_bufsize":	0,
		"sndbuf_actual":	16384,
		"rcvbuf_actual":	131072,
		"test_start":	{
			"protocol":	"TCP",
			"num_streams":	1,
			"blksize":	131072,
			"omit":	0,
			"duration":	10,
			"bytes":	0,
			"blocks":	0,
			"reverse":	0,
			"tos":	0,
			"target_bitrate":	0
		}
	},
	"intervals":	[{
			"streams":	[{
					"socket":	5,
					"start":	0,
					"end":	1.000143,
					"seconds":	1.0001430511474609,
					"bytes":	2164760,
					"bits_per_second":	17315602.983124286,
					"retransmits":	0,
					"snd_cwnd":	133216,
					"snd_wnd":	321920,
					"rtt":	73332,
					"rttvar":	2096,
					"pmtu":	1500,
					"omitted":	false,
					"sender":	true
				}],
			"sum":	{
				"start":	0,
				"end":	1.000143,
				"seconds":	1.0001430511474609,
				"bytes":	2164760,
				"bits_per_second":	17315602.983124286,
				"retransmits":	0,
				"omitted":	false,
				"sender":	true
			}
		}, {
			"streams":	[{
					"socket":	5,
					"start":	1.000143,
					"end":	2.000277,
					"seconds":	1.0001339912414551,
					"bytes":	1889640,
					"bits_per_second":	15115094.709695136,
					"retransmits":	0,
					"snd_cwnd":	215752,
					"snd_wnd":	470656,
					"rtt":	123460,
					"rttvar":	2807,
					"pmtu":	1500,
					"omitted":	false,
					"sender":	true
				}],
			"sum":	{
				"start":	1.000143,
				"end":	2.000277,
				"seconds":	1.0001339912414551,
				"bytes":	1889640,
				"bits_per_second":	15115094.709695136,
				"retransmits":	0,
				"omitted":	false,
				"sender":	true
			}
		}, {
			"streams":	[{
					"socket":	5,
					"start":	2.000277,
					"end":	3.000258,
					"seconds":	0.99998098611831665,
					"bytes":	2085120,
					"bits_per_second":	16681277.175830549,
					"retransmits":	0,
					"snd_cwnd":	295392,
					"snd_wnd":	679040,
					"rtt":	171277,
					"rttvar":	853,
					"pmtu":	1500,
					"omitted":	false,
					"sender":	true
				}],
			"sum":	{
				"start":	2.000277,
				"end":	3.000258,
				"seconds":	0.99998098611831665,
				"bytes":	2085120,
				"bits_per_second":	16681277.175830549,
				"retransmits":	0,
				"omitted":	false,
				"sender":	true
			}
		}, {
			"streams":	[{
					"socket":	5,
					"start":	3.000258,
					"end":	4.000247,
					"seconds":	0.99998897314071655,
					"bytes":	2150280,
					"bits_per_second":	17202429.688771512,
					"retransmits":	0,
					"snd_cwnd":	377928,
					"snd_wnd":	785280,
					"rtt":	216699,
					"rttvar":	1321,
					"pmtu":	1500,
					"omitted":	false,
					"sender":	true
				}],
			"sum":	{
				"start":	3.000258,
				"end":	4.000247,
				"seconds":	0.99998897314071655,
				"bytes":	2150280,
				"bits_per_second":	17202429.688771512,
				"retransmits":	0,
				"omitted":	false,
				"sender":	true
			}
		}, {
			"streams":	[{
					"socket":	5,
					"start":	4.000247,
					"end":	5.000377,
					"seconds":	1.0001300573349,
					"bytes":	1759320,
					"bits_per_second":	14072729.738275474,
					"retransmits":	0,
					"snd_cwnd":	457568,
					"snd_wnd":	971776,
					"rtt":	269231,
					"rttvar":	2921,
					"pmtu":	1500,
					"omitted":	false,
					"sender":	true
				}],
			"sum":	{
				"start":	4.000247,
				"end":	5.000377,
				"seconds":	1.0001300573349,
				"bytes":	1759320,
				"bits_per_second":	14072729.738275474,
				"retransmits":	0,
				"omitted":	false,
				"sender":	true
			}
		}, {
			"streams":	[{
					"socket":	5,
					"start":	5.000377,
					"end":	6.000401,
					"seconds":	1.0000239610672,
					"bytes":	2019960,
					"bits_per_second":	16159292.806099173,
					"retransmits":	0,
					"snd_cwnd":	538656,
					"snd_wnd":	1036928,
					"rtt":	206520,
					"rttvar":	6014,
					"pmtu":	1500,
					"omitted":	false,
					"sender":	true
				}],
			"sum":	{
				"start":	5.000377,
				"end":	6.000401,
				"seconds":	1.0000239610672,
				"bytes":	2019960,
				"bits_per_second":	16159292.806099173,
				"retransmits":	0,
				"omitted":	false,
				"sender":	true
			}
		}, {
			"streams":	[{
					"socket":	5,
					"start":	6.000401,
					"end":	7.000314,
					"seconds":	0.999912977218628,
					"bytes":	2345760,
					"bits_per_second":	18767713.218604278,
					"retransmits":	0,
					"snd_cwnd":	589336,
					"snd_wnd":	1036928,
					"rtt":	208932,
					"rttvar":	5305,
					"pmtu":	1500,
					"omitted":	false,
					"sender":	true
				}],
			"sum":	{
				"start":	6.000401,
				"end":	7.000314,
				"seconds":	0.999912977218628,
				"bytes":	2345760,
				"bits_per_second":	18767713.218604278,
				"retransmits":	0,
				"omitted":	false,
				"sender":	true
			}
		}, {
			"streams":	[{
					"socket":	5,
					"start":	7.000314,
					"end":	8.000556,
					"seconds":	1.0002419948577881,
					"bytes":	1172880,
					"bits_per_second":	9380769.90192164,
					"retransmits":	0,
					"snd_cwnd":	589336,
					"snd_wnd":	1036928,
					"rtt":	213912,
					"rttvar":	23802,
					"pmtu":	1500,
					"omitted":	false,
					"sender":	true
				}],
			"sum":	{
				"start":	7.000314,
				"end":	8.000556,
				"seconds":	1.0002419948577881,
				"bytes":	1172880,
				"bits_per_second":	9380769.90192164,
				"retransmits":	0,
				"omitted":	false,
				"sender":	true
			}
		}, {
			"streams":	[{
					"socket":	5,
					"start":	8.000556,
					"end":	9.00013,
					"seconds":	0.99957400560379028,
					"bytes":	2345760,
					"bits_per_second":	18774077.6518737,
					"retransmits":	0,
					"snd_cwnd":	589336,
					"snd_wnd":	1036928,
					"rtt":	204462,
					"rttvar":	22612,
					"pmtu":	1500,
					"omitted":	false,
					"sender":	true
				}],
			"sum":	{
				"start":	8.000556,
				"end":	9.00013,
				"seconds":	0.99957400560379028,
				"bytes":	2345760,
				"bits_per_second":	18774077.6518737,
				"retransmits":	0,
				"omitted":	false,
				"sender":	true
			}
		}, {
			"streams":	[{
					"socket":	5,
					"start":	9.00013,
					"end":	10.000456,
					"seconds":	1.0003260374069214,
					"bytes":	1203032,
					"bits_per_second":	9621119.1552589368,
					"retransmits":	0,
					"snd_cwnd":	589336,
					"snd_wnd":	1036928,
					"rtt":	323785,
					"rttvar":	11342,
					"pmtu":	1500,
					"omitted":	false,
					"sender":	true
				}],
			"sum":	{
				"start":	9.00013,
				"end":	10.000456,
				"seconds":	1.0003260374069214,
				"bytes":	1203032,
				"bits_per_second":	9621119.1552589368,
				"retransmits":	0,
				"omitted":	false,
				"sender":	true
			}
		}],
	"end":	{
		"streams":	[{
				"sender":	{
					"socket":	5,
					"start":	0,
					"end":	10.000456,
					"seconds":	10.000456,
					"bytes":	19136512,
					"bits_per_second":	15308511.531874146,
					"retransmits":	0,
					"max_snd_cwnd":	589336,
					"max_snd_wnd":	1036928,
					"max_rtt":	323785,
					"min_rtt":	73332,
					"mean_rtt":	201161,
					"sender":	true
				},
				"receiver":	{
					"socket":	5,
					"start":	0,
					"end":	10.325831,
					"seconds":	10.000456,
					"bytes":	16777216,
					"bits_per_second":	12998249.535557961,
					"sender":	true
				}
			}],
		"sum_sent":	{
			"start":	0,
			"end":	10.000456,
			"seconds":	10.000456,
			"bytes":	19136512,
			"bits_per_second":	15308511.531874146,
			"retransmits":	0,
			"sender":	true
		},
		"sum_received":	{
			"start":	0,
			"end":	10.325831,
			"seconds":	10.325831,
			"bytes":	16777216,
			"bits_per_second":	12998249.535557961,
			"sender":	true
		},
		"cpu_utilization_percent":	{
			"host_total":	0.52125126890385254,
			"host_user":	0.01662607530084417,
			"host_system":	0.504615273510347,
			"remote_total":	0.43657448243455932,
			"remote_user":	0.057060710969485888,