{
	"start":	{
		"connected":	[{
				"socket":	5,
				"local_host":	"129.93.240.12",
				"local_port":	55132,
				"remote_host":	"10.53.1.3",
				"remote_port":	56000
			}],
		"version":	"iperf 3.12",
		"system_info":	"Linux rpi2 6.6.74+rpt-rpi-v8 #1 SMP PREEMPT Debian 1:6.6.74-1+rpt1 (2025-01-27) aarch64",
		"timestamp":	{
			"time":	"Tue, 13 May 2025 23:54:21 GMT",
			"timesecs":	1747180461
		},
		"connecting_to":	{
			"host":	"10.53.1.3",
			"port":	56000
		},
		"cookie":	"gzp4u2l2e3e4r7o4mquazymiw5k3pa6s4ywf",
		"tcp_mss_default":	1448,
		"target_bitrate":	0,
		"sock_bufsize":	0,
		"sndbuf_actual":	16384,
		"rcvbuf_actual":	131072,
		"test_start":	{
			"protocol":	"TCP",
			"num_streams":	1,
			"blksize":	131072,
			"omit":	0,
			"duration":	10,
			"bytes":	0,
			"blocks":	0,
			"reverse":	0,
			"tos":	0,
			"target_bitrate":	0
		}
	},
	"intervals":	[{
			"streams":	[{
					"socket":	5,
					"start":	0,
					"end":	1.000099,
					"seconds":	1.0000989437103271,
					"bytes":	1122200,
					"bits_per_second":	8976711.8108269,
					"retransmits":	0,
					"snd_cwnd":	69504,
					"snd_wnd":	642432,
					"rtt":	57957,
					"rttvar":	3046,
					"pmtu":	1500,
					"omitted":	false,
					"sender":	true
				}],
			"sum":	{
				"start":	0,
				"end":	1.000099,
				"seconds":	1.0000989437103271,
				"bytes":	1122200,
				"bits_per_second":	8976711.8108269,
				"retransmits":	0,
				"omitted":	false,
				"sender":	true
			}
		}, {
			"streams":	[{
					"socket":	5,
					"start":	1.000099,
					"end":	2.000267,
					"seconds":	1.0001679658889771,
					"bytes":	1368360,
					"bits_per_second":	10945041.606356697,
					"retransmits":	0,
					"snd_cwnd":	133216,
					"snd_wnd":	642432,
					"rtt":	120263,
					"rttvar":	3937,
					"pmtu":	1500,
					"omitted":	false,
					"sender":	true
				}],
			"sum":	{
				"start":	1.000099,
				"end":	2.000267,
				"seconds":	1.0001679658889771,
				"bytes":	1368360,
				"bits_per_second":	10945041.606356697,
				"retransmits":	0,
				"omitted":	false,
				"sender":	true
			}
		}, {
			"streams":	[{
					"socket":	5,
					"start":	2.000267,
					"end":	3.000177,
					"seconds":	0.999909996986389,
					"bytes":	1759320,
					"bits_per_second":	14075826.866837081,
					"retransmits":	0,
					"snd_cwnd":	196928,
					"snd_wnd":	642432,
					"rtt":	162103,
					"rttvar":	11396,
					"pmtu":	1500,
					"omitted":	false,
					"sender":	true
				}],
			"sum":	{
				"start":	2.000267,
				"end":	3.000177,
				"seconds":	0.999909996986389,
				"bytes":	1759320,
				"bits_per_second":	14075826.866837081,
				"retransmits":	0,
				"omitted":	false,
				"sender":	true
			}
		}, {
			"streams":	[{
					"socket":	5,
					"start":	3.000177,
					"end":	4.00022,
					"seconds":	1.0000430345535278,
					"bytes":	2019960,
					"bits_per_second":	16158984.605312048,
					"retransmits":	0,
					"snd_cwnd":	280912,
					"snd_wnd":	642432,
					"rtt":	170517,
					"rttvar":	2611,
					"pmtu":	1500,
					"omitted":	false,
					"sender":	true
				}],
			"sum":	{
				"start":	3.000177,
				"end":	4.00022,
				"seconds":	1.0000430345535278,
				"bytes":	2019960,
				"bits_per_second":	16158984.605312048,
				"retransmits":	0,
				"omitted":	false,
				"sender":	true
			}
		}, {
			"streams":	[{
					"socket":	5,
					"start":	4.00022,
					"end":	5.000105,
					"seconds":	0.99988502264022827,
					"bytes":	2736720,
					"bits_per_second":	21896277.576184537,
					"retransmits":	0,
					"snd_cwnd":	376480,
					"snd_wnd":	803968,
					"rtt":	249570,
					"rttvar":	9254,
					"pmtu":	1500,
					"omitted":	false,
					"sender":	true
				}],
			"sum":	{
				"start":	4.00022,
				"end":	5.000105,
				"seconds":	0.99988502264022827,
				"bytes":	2736720,
				"bits_per_second":	21896277.576184537,
				"retransmits":	0,
				"omitted":	false,
				"sender":	true
			}
		}, {
			"streams":	[{
					"socket":	5,
					"start":	5.000105,
					"end":	6.000233,
					"seconds":	1.0001280307769775,
					"bytes":	2736720,
					"bits_per_second":	21890957.283730183,
					"retransmits":	0,
					"snd_cwnd":	509696,
					"snd_wnd":	1013376,
					"rtt":	161088,
					"rttvar":	995,
					"pmtu":	1500,
					"omitted":	false,
					"sender":	true
				}],
			"sum":	{
				"start":	5.000105,
				"end":	6.000233,
				"seconds":	1.0001280307769775,
				"bytes":	2736720,
				"bits_per_second":	21890957.283730183,
				"retransmits":	0,
				"omitted":	false,
				"sender":	true
			}
		}, {
			"streams":	[{
					"socket":	5,
					"start":	6.000233,
					"end":	7.000232,
					"seconds":	0.99999898672103882,
					"bytes":	3461072,
					"bits_per_second":	27688604.056279954,
					"retransmits":	0,
					"snd_cwnd":	605264,
					"snd_wnd":	1087488,
					"rtt":	282320,
					"rttvar":	8351,
					"pmtu":	1500,
					"omitted":	false,
					"sender":	true
				}],
			"sum":	{
				"start":	6.000233,
				"end":	7.000232,
				"seconds":	0.99999898672103882,
				"bytes":	3461072,
				"bits_per_second":	27688604.056279954,
				"retransmits":	0,
				"omitted":	false,
				"sender":	true
			}
		}, {
			"streams":	[{
					"socket":	5,
					"start":	7.000232,
					"end":	8.00054,
					"seconds":	1.0003080368041992,
					"bytes":	1230448,
					"bits_per_second":	9840552.74758008,
					"retransmits":	0,
					"snd_cwnd":	605264,
					"snd_wnd":	1087488,
					"rtt":	235083,
					"rttvar":	6751,
					"pmtu":	1500,
					"omitted":	false,
					"sender":	true
				}],
			"sum":	{
				"start":	7.000232,
				"end":	8.00054,
				"seconds":	1.0003080368041992,
				"bytes":	1230448,
				"bits_per_second":	9840552.74758008,
				"retransmits":	0,
				"omitted":	false,
				"sender":	true
			}
		}, {
			"streams":	[{
					"socket":	5,
					"start":	8.00054,
					"end":	9.000101,
					"seconds":	0.99956101179122925,
					"bytes":	3648960,
					"bits_per_second":	29204500.4313324,
					"retransmits":	0,
					"snd_cwnd":	605264,
					"snd_wnd":	1148672,
					"rtt":	134177,
					"rttvar":	4999,
					"pmtu":	1500,
					"omitted":	false,
					"sender":	true
				}],
			"sum":	{
				"start":	8.00054,
				"end":	9.000101,
				"seconds":	0.99956101179122925,
				"bytes":	3648960,
				"bits_per_second":	29204500.4313324,
				"retransmits":	0,
				"omitted":	false,
				"sender":	true
			}
		}, {
			"streams":	[{
					"socket":	5,
					"start":	9.000101,
					"end":	10.00029,
					"seconds":	1.000188946723938,
					"bytes":	2460624,
					"bits_per_second":	19681273.287889324,
					"retransmits":	0,
					"snd_cwnd":	605264,
					"snd_wnd":	1148672,
					"rtt":	132218,
					"rttvar":	5617,
					"pmtu":	1500,
					"omitted":	false,
					"sender":	true
				}],
			"sum":	{
				"start":	9.000101,
				"end":	10.00029,
				"seconds":	1.000188946723938,
				"bytes":	2460624,
				"bits_per_second":	19681273.287889324,
				"retransmits":	0,
				"omitted":	false,
				"sender":	true
			}
		}],
	"end":	{
		"streams":	[{
				"sender":	{
					"socket":	5,
					"start":	0,
					"end":	10.00029,
					"seconds":	10.00029,
					"bytes":	22544384,
					"bits_per_second":	18034984.185458623,
					"retransmits":	0,
					"max_snd_cwnd":	605264,
					"max_snd_wnd":	1148672,
					"max_rtt":	282320,
					"min_rtt":	57957,
					"mean_rtt":	170529,
					"sender":	true
				},
				"receiver":	{
					"socket":	5,
					"start":	0,
					"end":	10.175279,
					"seconds":	10.00029,
					"bytes":	20054016,
					"bits_per_second":	15766852.977692308,
					"sender":	true
				}
			}],
		"sum_sent":	{
			"start":	0,
			"end":	10.00029,
			"seconds":	10.00029,
			"bytes":	22544384,
			"bits_per_second":	18034984.185458623,
			"retransmits":	0,
			"sender":	true
		},
		"sum_received":	{
			"start":	0,
			"end":	10.175279,
			"seconds":	10.175279,
			"bytes":	20054016,
			"bits_per_second":	15766852.977692308,
			"sender":	true
		},
		"cpu_utilization_percent":	{
			"host_total":	0.5536048741180557,
			"host_user":	0.096261064909027763,
			"host_system":	0.45736357128353189,
			"remote_total":	0.53910994182966776,
			"remote_user":	0.063123508027781022,