{
	"start":	{
		"connected":	[{
				"socket":	5,
				"local_host":	"129.93.240.12",
				"local_port":	47696,
				"remote_host":	"10.53.1.3",
				"remote_port":	56000
			}],
		"version":	"iperf 3.12",
		"system_info":	"Linux rpi2 6.6.74+rpt-rpi-v8 #1 SMP PREEMPT Debian 1:6.6.74-1+rpt1 (2025-01-27) aarch64",
		"timestamp":	{
			"time":	"Wed, 14 May 2025 00:04:55 GMT",
			"timesecs":	1747181095
		},
		"connecting_to":	{
			"host":	"10.53.1.3",
			"port":	56000
		},
		"cookie":	"dfcds5d2v7oqmvhvpjgmjarotqqu6cjtsyxb",
		"tcp_mss_default":	1448,
		"target_bitrate":	0,
		"sock_bufsize":	0,
		"sndbuf_actual":	16384,
		"rcvbuf_actual":	131072,
		"test_start":	{
			"protocol":	"TCP",
			"num_streams":	1,
			"blksize":	131072,
			"omit":	0,
			"duration":	10,
			"bytes":	0,
			"blocks":	0,
			"reverse":	0,
			"tos":	0,
			"target_bitrate":	0
		}
	},
	"intervals":	[{
			"streams":	[{
					"socket":	5,
					"start":	0,
					"end":	1.000178,
					"seconds":	1.0001779794692993,
					"bytes":	1949008,
					"bits_per_second":	15589289.426541111,
					"retransmits":	0,
					"snd_cwnd":	134664,
					"snd_wnd":	859520,
					"rtt":	67508,
					"rttvar":	4878,
					"pmtu":	1500,
					"omitted":	false,
					"sender":	true
				}],
			"sum":	{
				"start":	0,
				"end":	1.000178,
				"seconds":	1.0001779794692993,
				"bytes":	1949008,
				"bits_per_second":	15589289.426541111,
				"retransmits":	0,
				"omitted":	false,
				"sender":	true
			}
		}, {
			"streams":	[{
					"socket":	5,
					"start":	1.000178,
					"end":	2.00026,
					"seconds":	1.0000820159912109,
					"bytes":	1433520,
					"bits_per_second":	11467219.504625894,
					"retransmits":	0,
					"snd_cwnd":	194032,
					"snd_wnd":	859520,
					"rtt":	131629,
					"rttvar":	6527,
					"pmtu":	1500,
					"omitted":	false,
					"sender":	true
				}],
			"sum":	{
				"start":	1.000178,
				"end":	2.00026,
				"seconds":	1.0000820159912109,
				"bytes":	1433520,
				"bits_per_second":	11467219.504625894,
				"retransmits":	0,
				"omitted":	false,
				"sender":	true
			}
		}, {
			"streams":	[{
					"socket":	5,
					"start":	2.00026,
					"end":	3.000277,
					"seconds":	1.0000170469284058,
					"bytes":	2019960,
					"bits_per_second":	16159404.531787867,
					"retransmits":	0,
					"snd_cwnd":	278016,
					"snd_wnd":	859520,
					"rtt":	149690,
					"rttvar":	320,
					"pmtu":	1500,
					"omitted":	false,
					"sender":	true
				}],
			"sum":	{
				"start":	2.00026,
				"end":	3.000277,
				"seconds":	1.0000170469284058,
				"bytes":	2019960,
				"bits_per_second":	16159404.531787867,
				"retransmits":	0,
				"omitted":	false,
				"sender":	true
			}
		}, {
			"streams":	[{
					"socket":	5,
					"start":	3.000277,
					"end":	4.000096,
					"seconds":	0.999818980693817,
					"bytes":	3583800,
					"bits_per_second":	28675590.835557435,
					"retransmits":	0,
					"snd_cwnd":	401096,
					"snd_wnd":	1047680,
					"rtt":	111848,
					"rttvar":	3984,
					"pmtu":	1500,
					"omitted":	false,
					"sender":	true
				}],
			"sum":	{
				"start":	3.000277,
				"end":	4.000096,
				"seconds":	0.999818980693817,
				"bytes":	3583800,
				"bits_per_second":	28675590.835557435,
				"retransmits":	0,
				"omitted":	false,
				"sender":	true
			}
		}, {
			"streams":	[{
					"socket":	5,
					"start":	4.000096,
					"end":	5.000096,
					"seconds":	1,
					"bytes":	2932200,
					"bits_per_second":	23457600,
					"retransmits":	0,
					"snd_cwnd":	514040,
					"snd_wnd":	1268480,
					"rtt":	142833,
					"rttvar":	1398,
					"pmtu":	1500,
					"omitted":	false,
					"sender":	true
				}],
			"sum":	{
				"start":	4.000096,
				"end":	5.000096,
				"seconds":	1,
				"bytes":	2932200,
				"bits_per_second":	23457600,
				"retransmits":	0,
				"omitted":	false,
				"sender":	true
			}
		}, {
			"streams":	[{
					"socket":	5,
					"start":	5.000096,
					"end":	6.00023,
					"seconds":	1.0001339912414551,
					"bytes":	2368360,
					"bits_per_second":	18944341.624147233,
					"retransmits":	0,
					"snd_cwnd":	616848,
					"snd_wnd":	1418240,
					"rtt":	235456,
					"rttvar":	25725,
					"pmtu":	1500,
					"omitted":	false,
					"sender":	true
				}],
			"sum":	{
				"start":	5.000096,
				"end":	6.00023,
				"seconds":	1.0001339912414551,
				"bytes":	2368360,
				"bits_per_second":	18944341.624147233,
				"retransmits":	0,
				"omitted":	false,
				"sender":	true
			}
		}, {
			"streams":	[{
					"socket":	5,
					"start":	6.00023,
					"end":	7.000497,
					"seconds":	1.0002670288085938,
					"bytes":	1280600,
					"bits_per_second":	10242065.073565867,
					"retransmits":	0,
					"snd_cwnd":	616848,
					"snd_wnd":	1418240,
					"rtt":	212989,
					"rttvar":	25622,
					"pmtu":	1500,
					"omitted":	false,
					"sender":	true
				}],
			"sum":	{
				"start":	6.00023,
				"end":	7.000497,
				"seconds":	1.0002670288085938,
				"bytes":	1280600,
				"bits_per_second":	10242065.073565867,
				"retransmits":	0,
				"omitted":	false,
				"sender":	true
			}
		}, {
			"streams":	[{
					"socket":	5,
					"start":	7.000497,
					"end":	8.000275,
					"seconds":	0.99977797269821167,
					"bytes":	2476080,
					"bits_per_second":	19813039.0355973,
					"retransmits":	0,
					"snd_cwnd":	616848,
					"snd_wnd":	1418240,
					"rtt":	231971,
					"rttvar":	6985,
					"pmtu":	1500,
					"omitted":	false,
					"sender":	true
				}],
			"sum":	{
				"start":	7.000497,
				"end":	8.000275,
				"seconds":	0.99977797269821167,
				"bytes":	2476080,
				"bits_per_second":	19813039.0355973,
				"retransmits":	0,
				"omitted":	false,
				"sender":	true
			}
		}, {
			"streams":	[{
					"socket":	5,
					"start":	8.000275,
					"end":	9.000217,
					"seconds":	0.99994200468063354,
					"bytes":	2476080,
					"bits_per_second":	19809788.875032391,
					"retransmits":	0,
					"snd_cwnd":	616848,
					"snd_wnd":	1418240,
					"rtt":	134657,
					"rttvar":	1300,
					"pmtu":	1500,
					"omitted":	false,
					"sender":	true
				}],
			"sum":	{
				"start":	8.000275,
				"end":	9.000217,
				"seconds":	0.99994200468063354,
				"bytes":	2476080,
				"bits_per_second":	19809788.875032391,
				"retransmits":	0,
				"omitted":	false,
				"sender":	true
			}
		}, {
			"streams":	[{
					"socket":	5,
					"start":	9.000217,
					"end":	10.000199,
					"seconds":	0.99998199939727783,
					"bytes":	2549064,
					"bits_per_second":	20392879.084114753,
					"retransmits":	0,
					"snd_cwnd":	648704,
					"snd_wnd":	1418240,
					"rtt":	150259,
					"rttvar":	5811,
					"pmtu":	1500,
					"omitted":	false,
					"sender":	true
				}],
			"sum":	{
				"start":	9.000217,
				"end":	10.000199,
				"seconds":	0.99998199939727783,
				"bytes":	2549064,
				"bits_per_second":	20392879.084114753,
				"retransmits":	0,
				"omitted":	false,
				"sender":	true
			}
		}],
	"end":	{
		"streams":	[{
				"sender":	{
					"socket":	5,
					"start":	0,
					"end":	10.000199,
					"seconds":	10.000199,
					"bytes":	23068672,
					"bits_per_second":	18454570.354049955,
					"retransmits":	0,
					"max_snd_cwnd":	648704,
					"max_snd_wnd":	1418240,
					"max_rtt":	235456,
					"min_rtt":	67508,
					"mean_rtt":	156884,
					"sender":	true
				},
				"receiver":	{
					"socket":	5,
					"start":	0,
					"end":	10.265402,
					"seconds":	10.000199,
					"bytes":	20054016,
					"bits_per_second":	15628431.112585751,
					"sender":	true
				}
			}],
		"sum_sent":	{
			"start":	0,
			"end":	10.000199,
			"seconds":	10.000199,
			"bytes":	23068672,
			"bits_per_second":	18454570.354049955,
			"retransmits":	0,
			"sender":	true
		},
		"sum_received":	{
			"start":	0,
			"end":	10.265402,
			"seconds":	10.265402,
			"bytes":	20054016,
			"bits_per_second":	15628431.112585751,
			"sender":	true
		},
		"cpu_utilization_percent":	{
			"host_total":	0.53355570008472153,
			"host_user":	0,
			"host_system":	0.533526056454515,
			"remote_total":	0.538234397904576,
			"remote_user":	0.10213906577190833,
			"remote_system":	0.43610507357909317
		},
		"sender_tcp_congestion":	"cubic",