{
	"start":	{
		"connected":	[{
				"socket":	5,
				"local_host":	"129.93.240.12",
				"local_port":	51684,
				"remote_host":	"129.93.208.46",
				"remote_port":	57000
			}],
		"version":	"iperf 3.12",
		"system_info":	"Linux rpi2 6.6.74+rpt-rpi-v8 #1 SMP PREEMPT Debian 1:6.6.74-1+rpt1 (2025-01-27) aarch64",
		"timestamp":	{
			"time":	"Sun, 11 May 2025 22:39:53 GMT",
			"timesecs":	1747003193
		},
		"connecting_to":	{
			"host":	"129.93.208.46",
			"port":	57000
		},
		"cookie":	"cmj5wbqmhod35qly2rz5sm2jmjqz37g327rb",
		"tcp_mss_default":	1448,
		"target_bitrate":	0,
		"sock_bufsize":	0,
		"sndbuf_actual":	16384,
		"rcvbuf_actual":	131072,
		"test_start":	{
			"protocol":	"TCP",
			"num_streams":	1,
			"blksize":	131072,
			"omit":	0,
			"duration":	10,
			"bytes":	0,
			"blocks":	0,
			"reverse":	0,
			"tos":	0,
			"target_bitrate":	0
		}
	},
	"intervals":	[{
			"streams":	[{
					"socket":	5,
					"start":	0,
					"end":	1.000221,
					"seconds":	1.0002210140228271,
					"bytes":	1116408,
					"bits_per_second":	8929290.50158525,
					"retransmits":	1,
					"snd_cwnd":	60816,
					"snd_wnd":	304896,
					"rtt":	103125,
					"rttvar":	1720,
					"pmtu":	1500,
					"omitted":	false,
					"sender":	true
				}],
			"sum":	{
				"start":	0,
				"end":	1.000221,
				"seconds":	1.0002210140228271,
				"bytes":	1116408,
				"bits_per_second":	8929290.50158525,
				"retransmits":	1,
				"omitted":	false,
				"sender":	true
			}
		}, {
			"streams":	[{
					"socket":	5,
					"start":	1.000221,
					"end":	2.000104,
					"seconds":	0.999882996082306,
					"bytes":	977400,
					"bits_per_second":	7820114.9840899566,
					"retransmits":	0,
					"snd_cwnd":	78192,
					"snd_wnd":	1010304,
					"rtt":	94137,
					"rttvar":	1564,
					"pmtu":	1500,
					"omitted":	false,
					"sender":	true
				}],
			"sum":	{
				"start":	1.000221,
				"end":	2.000104,
				"seconds":	0.999882996082306,
				"bytes":	977400,
				"bits_per_second":	7820114.9840899566,
				"retransmits":	0,
				"omitted":	false,
				"sender":	true
			}
		}, {
			"streams":	[{
					"socket":	5,
					"start":	2.000104,
					"end":	3.000288,
					"seconds":	1.0001840591430664,
					"bytes":	586440,
					"bits_per_second":	4690656.6417581,
					"retransmits":	1,
					"snd_cwnd":	63712,
					"snd_wnd":	1011712,
					"rtt":	96472,
					"rttvar":	473,
					"pmtu":	1500,
					"omitted":	false,
					"sender":	true
				}],
			"sum":	{
				"start":	2.000104,
				"end":	3.000288,
				"seconds":	1.0001840591430664,
				"bytes":	586440,
				"bits_per_second":	4690656.6417581,
				"retransmits":	1,
				"omitted":	false,
				"sender":	true
			}
		}, {
			"streams":	[{
					"socket":	5,
					"start":	3.000288,
					"end":	4.000098,
					"seconds":	0.999809980392456,
					"bytes":	781920,
					"bits_per_second":	6256548.86696028,
					"retransmits":	0,
					"snd_cwnd":	69504,
					"snd_wnd":	1011712,
					"rtt":	105423,
					"rttvar":	538,
					"pmtu":	1500,
					"omitted":	false,
					"sender":	true
				}],
			"sum":	{
				"start":	3.000288,
				"end":	4.000098,
				"seconds":	0.999809980392456,
				"bytes":	781920,
				"bits_per_second":	6256548.86696028,
				"retransmits":	0,
				"omitted":	false,
				"sender":	true
			}
		}, {
			"streams":	[{
					"socket":	5,
					"start":	4.000098,
					"end":	5.000113,
					"seconds":	1.0000150203704834,
					"bytes":	781920,
					"bits_per_second":	6255266.0435865531,
					"retransmits":	2,
					"snd_cwnd":	60816,
					"snd_wnd":	1011712,
					"rtt":	63019,
					"rttvar":	542,
					"pmtu":	1500,
					"omitted":	false,
					"sender":	true
				}],
			"sum":	{
				"start":	4.000098,
				"end":	5.000113,
				"seconds":	1.0000150203704834,
				"bytes":	781920,
				"bits_per_second":	6255266.0435865531,
				"retransmits":	2,
				"omitted":	false,
				"sender":	true
			}
		}, {
			"streams":	[{
					"socket":	5,
					"start":	5.000113,
					"end":	6.000235,
					"seconds":	1.0001219511032104,
					"bytes":	781920,
					"bits_per_second":	6254597.24496584,
					"retransmits":	0,
					"snd_cwnd":	68056,
					"snd_wnd":	1011712,
					"rtt":	81198,
					"rttvar":	2156,
					"pmtu":	1500,
					"omitted":	false,
					"sender":	true
				}],
			"sum":	{
				"start":	5.000113,
				"end":	6.000235,
				"seconds":	1.0001219511032104,
				"bytes":	781920,
				"bits_per_second":	6254597.24496584,
				"retransmits":	0,
				"omitted":	false,
				"sender":	true
			}
		}, {
			"streams":	[{
					"socket":	5,
					"start":	6.000235,
					"end":	7.000294,
					"seconds":	1.0000590085983276,
					"bytes":	781920,
					"bits_per_second":	6254990.9017543355,
					"retransmits":	0,
					"snd_cwnd":	76744,
					"snd_wnd":	1011712,
					"rtt":	90838,
					"rttvar":	587,
					"pmtu":	1500,
					"omitted":	false,
					"sender":	true
				}],
			"sum":	{
				"start":	6.000235,
				"end":	7.000294,
				"seconds":	1.0000590085983276,
				"bytes":	781920,
				"bits_per_second":	6254990.9017543355,
				"retransmits":	0,
				"omitted":	false,
				"sender":	true
			}
		}, {
			"streams":	[{
					"socket":	5,
					"start":	7.000294,
					"end":	8.000098,
					"seconds":	0.99980401992797852,
					"bytes":	390960,
					"bits_per_second":	3128293.0831037308,
					"retransmits":	53,
					"snd_cwnd":	53576,
					"snd_wnd":	1011712,
					"rtt":	45837,
					"rttvar":	7155,
					"pmtu":	1500,
					"omitted":	false,
					"sender":	true
				}],
			"sum":	{
				"start":	7.000294,
				"end":	8.000098,
				"seconds":	0.99980401992797852,
				"bytes":	390960,
				"bits_per_second":	3128293.0831037308,
				"retransmits":	53,
				"omitted":	false,
				"sender":	true
			}
		}, {
			"streams":	[{
					"socket":	5,
					"start":	8.000098,
					"end":	9.000275,
					"seconds":	1.0001770257949829,
					"bytes":	586440,
					"bits_per_second":	4690689.6269397726,
					"retransmits":	0,
					"snd_cwnd":	69504,
					"snd_wnd":	1010304,
					"rtt":	91941,
					"rttvar":	494,
					"pmtu":	1500,
					"omitted":	false,
					"sender":	true
				}],
			"sum":	{
				"start":	8.000098,
				"end":	9.000275,
				"seconds":	1.0001770257949829,
				"bytes":	586440,
				"bits_per_second":	4690689.6269397726,
				"retransmits":	0,
				"omitted":	false,
				"sender":	true
			}
		}, {
			"streams":	[{
					"socket":	5,
					"start":	9.000275,
					"end":	10.000228,
					"seconds":	0.99995297193527222,
					"bytes":	781920,
					"bits_per_second":	6255654.1913102232,
					"retransmits":	1,
					"snd_cwnd":	52128,
					"snd_wnd":	1010304,
					"rtt":	102946,
					"rttvar":	853,
					"pmtu":	1500,
					"omitted":	false,
					"sender":	true
				}],
			"sum":	{
				"start":	9.000275,
				"end":	10.000228,
				"seconds":	0.99995297193527222,
				"bytes":	781920,
				"bits_per_second":	6255654.1913102232,
				"retransmits":	1,
				"omitted":	false,
				"sender":	true
			}
		}],
	"end":	{
		"streams":	[{
				"sender":	{
					"socket":	5,
					"start":	0,
					"end":	10.000228,
					"seconds":	10.000228,
					"bytes":	7567248,
					"bits_per_second":	6053660.3765434148,
					"retransmits":	58,
					"max_snd_cwnd":	78192,
					"max_snd_wnd":	1011712,
					"max_rtt":	105423,
					"min_rtt":	45837,
					"mean_rtt":	87493,
					"sender":	true
				},
				"receiver":	{
					"socket":	5,
					"start":	0,
					"end":	10.068217,
					"seconds":	10.000228,
					"bytes":	7208960,
					"bits_per_second":	5728092.67023148,
					"sender":	true
				}
			}],
		"sum_sent":	{
			"start":	0,
			"end":	10.000228,
			"seconds":	10.000228,
			"bytes":	7567248,
			"bits_per_second":	6053660.3765434148,
			"retransmits":	58,
			"sender":	true
		},
		"sum_received":	{
			"start":	0,
			"end":	10.068217,
			"seconds":	10.068217,
			"bytes":	7208960,
			"bits_per_second":	5728092.67023148,
			"sender":	true
		},
		"cpu_utilization_percent":	{
			"host_total":	0.53274832698539631,
			"host_user":	0.058980987293692048,
			"host_system":	0.47374765311383588,
			"remote_total":	0.43330344063352522,
			"remote_user":	0.039788511052535239,
			"remote_system":	0.393524861810409
		},