{
	"start":	{
		"connected":	[{
				"socket":	5,
				"local_host":	"129.93.240.12",
				"local_port":	43742,
				"remote_host":	"129.93.208.46",
				"remote_port":	57000
			}],
		"version":	"iperf 3.12",
		"system_info":	"Linux rpi2 6.6.74+rpt-rpi-v8 #1 SMP PREEMPT Debian 1:6.6.74-1+rpt1 (2025-01-27) aarch64",
		"timestamp":	{
			"time":	"Sun, 11 May 2025 22:40:34 GMT",
			"timesecs":	1747003234
		},
		"connecting_to":	{
			"host":	"129.93.208.46",
			"port":	57000
		},
		"cookie":	"ou7azhyv4kzprmsszomx2pfimbxfl3bgds2p",
		"tcp_mss_default":	1448,
		"target_bitrate":	0,
		"sock_bufsize":	0,
		"sndbuf_actual":	16384,
		"rcvbuf_actual":	131072,
		"test_start":	{
			"protocol":	"TCP",
			"num_streams":	1,
			"blksize":	131072,
			"omit":	0,
			"duration":	10,
			"bytes":	0,
			"blocks":	0,
			"reverse":	0,
			"tos":	0,
			"target_bitrate":	0
		}
	},
	"intervals":	[{
			"streams":	[{
					"socket":	5,
					"start":	0,
					"end":	1.000125,
					"seconds":	1.0001250505447388,
					"bytes":	755856,
					"bits_per_second":	6046091.93291025,
					"retransmits":	13,
					"snd_cwnd":	21720,
					"snd_wnd":	565760,
					"rtt":	81027,
					"rttvar":	6061,
					"pmtu":	1500,
					"omitted":	false,
					"sender":	true
				}],
			"sum":	{
				"start":	0,
				"end":	1.000125,
				"seconds":	1.0001250505447388,
				"bytes":	755856,
				"bits_per_second":	6046091.93291025,
				"retransmits":	13,
				"omitted":	false,
				"sender":	true
			}
		}, {
			"streams":	[{
					"socket":	5,
					"start":	1.000125,
					"end":	2.000138,
					"seconds":	1.000012993812561,
					"bytes":	390960,
					"bits_per_second":	3127639.3600403969,
					"retransmits":	0,
					"snd_cwnd":	33304,
					"snd_wnd":	583552,
					"rtt":	71836,
					"rttvar":	1878,
					"pmtu":	1500,
					"omitted":	false,
					"sender":	true
				}],
			"sum":	{
				"start":	1.000125,
				"end":	2.000138,
				"seconds":	1.000012993812561,
				"bytes":	390960,
				"bits_per_second":	3127639.3600403969,
				"retransmits":	0,
				"omitted":	false,
				"sender":	true
			}
		}, {
			"streams":	[{
					"socket":	5,
					"start":	2.000138,
					"end":	3.00024,
					"seconds":	1.0001020431518555,
					"bytes":	390960,
					"bits_per_second":	3127360.8742394033,
					"retransmits":	0,
					"snd_cwnd":	41992,
					"snd_wnd":	583552,
					"rtt":	92826,
					"rttvar":	493,
					"pmtu":	1500,
					"omitted":	false,
					"sender":	true
				}],
			"sum":	{
				"start":	2.000138,
				"end":	3.00024,
				"seconds":	1.0001020431518555,
				"bytes":	390960,
				"bits_per_second":	3127360.8742394033,
				"retransmits":	0,
				"omitted":	false,
				"sender":	true
			}
		}, {
			"streams":	[{
					"socket":	5,
					"start":	3.00024,
					"end":	4.000269,
					"seconds":	1.0000289678573608,
					"bytes":	456120,
					"bits_per_second":	3648854.3005090924,
					"retransmits":	1,
					"snd_cwnd":	36200,
					"snd_wnd":	585088,
					"rtt":	81662,
					"rttvar":	1267,
					"pmtu":	1500,
					"omitted":	false,
					"sender":	true
				}],
			"sum":	{
				"start":	3.00024,
				"end":	4.000269,
				"seconds":	1.0000289678573608,
				"bytes":	456120,
				"bits_per_second":	3648854.3005090924,
				"retransmits":	1,
				"omitted":	false,
				"sender":	true
			}
		}, {
			"streams":	[{
					"socket":	5,
					"start":	4.000269,
					"end":	5.000275,
					"seconds":	1.0000059604644775,
					"bytes":	390960,
					"bits_per_second":	3127661.35768558,
					"retransmits":	1,
					"snd_cwnd":	33304,
					"snd_wnd":	585088,
					"rtt":	72910,
					"rttvar":	1780,
					"pmtu":	1500,
					"omitted":	false,
					"sender":	true
				}],
			"sum":	{
				"start":	4.000269,
				"end":	5.000275,
				"seconds":	1.0000059604644775,
				"bytes":	390960,
				"bits_per_second":	3127661.35768558,
				"retransmits":	1,
				"omitted":	false,
				"sender":	true
			}
		}, {
			"streams":	[{
					"socket":	5,
					"start":	5.000275,
					"end":	6.000101,
					"seconds":	0.99982601404190063,
					"bytes":	521280,
					"bits_per_second":	4170965.68946168,
					"retransmits":	0,
					"snd_cwnd":	41992,
					"snd_wnd":	585088,
					"rtt":	91963,
					"rttvar":	1487,
					"pmtu":	1500,
					"omitted":	false,
					"sender":	true
				}],
			"sum":	{
				"start":	5.000275,
				"end":	6.000101,
				"seconds":	0.99982601404190063,
				"bytes":	521280,
				"bits_per_second":	4170965.68946168,
				"retransmits":	0,
				"omitted":	false,
				"sender":	true
			}
		}, {
			"streams":	[{
					"socket":	5,
					"start":	6.000101,
					"end":	7.000175,
					"seconds":	1.000074028968811,
					"bytes":	390960,
					"bits_per_second":	3127448.478214148,
					"retransmits":	1,
					"snd_cwnd":	34752,
					"snd_wnd":	585088,
					"rtt":	76344,
					"rttvar":	2585,
					"pmtu":	1500,
					"omitted":	false,
					"sender":	true
				}],
			"sum":	{
				"start":	6.000101,
				"end":	7.000175,
				"seconds":	1.000074028968811,
				"bytes":	390960,
				"bits_per_second":	3127448.478214148,
				"retransmits":	1,
				"omitted":	false,
				"sender":	true
			}
		}, {
			"streams":	[{
					"socket":	5,
					"start":	7.000175,
					"end":	8.000267,
					"seconds":	1.0000920295715332,
					"bytes":	390960,
					"bits_per_second":	3127392.1874369737,
					"retransmits":	0,
					"snd_cwnd":	43440,
					"snd_wnd":	585088,
					"rtt":	102037,
					"rttvar":	2409,
					"pmtu":	1500,
					"omitted":	false,
					"sender":	true
				}],
			"sum":	{
				"start":	7.000175,
				"end":	8.000267,
				"seconds":	1.0000920295715332,
				"bytes":	390960,
				"bits_per_second":	3127392.1874369737,
				"retransmits":	0,
				"omitted":	false,
				"sender":	true
			}
		}, {
			"streams":	[{
					"socket":	5,
					"start":	8.000267,
					"end":	9.000314,
					"seconds":	1.000046968460083,
					"bytes":	390960,
					"bits_per_second":	3127533.1045862189,
					"retransmits":	5,
					"snd_cwnd":	36200,
					"snd_wnd":	585088,
					"rtt":	86102,
					"rttvar":	1249,
					"pmtu":	1500,
					"omitted":	false,
					"sender":	true
				}],
			"sum":	{
				"start":	8.000267,
				"end":	9.000314,
				"seconds":	1.000046968460083,
				"bytes":	390960,
				"bits_per_second":	3127533.1045862189,
				"retransmits":	5,
				"omitted":	false,
				"sender":	true
			}
		}, {
			"streams":	[{
					"socket":	5,
					"start":	9.000314,
					"end":	10.000256,
					"seconds":	0.99994200468063354,
					"bytes":	456120,
					"bits_per_second":	3649171.6348743876,
					"retransmits":	5,
					"snd_cwnd":	30408,
					"snd_wnd":	583552,
					"rtt":	89542,
					"rttvar":	1867,
					"pmtu":	1500,
					"omitted":	false,
					"sender":	true
				}],
			"sum":	{
				"start":	9.000314,
				"end":	10.000256,
				"seconds":	0.99994200468063354,
				"bytes":	456120,
				"bits_per_second":	3649171.6348743876,
				"retransmits":	5,
				"omitted":	false,
				"sender":	true
			}
		}],
	"end":	{
		"streams":	[{
				"sender":	{
					"socket":	5,
					"start":	0,
					"end":	10.000256,
					"seconds":	10.000256,
					"bytes":	4535136,
					"bits_per_second":	3628015.9227923765,
					"retransmits":	26,
					"max_snd_cwnd":	43440,
					"max_snd_wnd":	585088,
					"max_rtt":	102037,
					"min_rtt":	71836,
					"mean_rtt":	84624,
					"sender":	true
				},
				"receiver":	{
					"socket":	5,
					"start":	0,
					"end":	10.089718,
					"seconds":	10.000256,
					"bytes":	4194304,
					"bits_per_second":	3325606.5233934191,
					"sender":	true
				}
			}],
		"sum_sent":	{
			"start":	0,
			"end":	10.000256,
			"seconds":	10.000256,
			"bytes":	4535136,
			"bits_per_second":	3628015.9227923765,
			"retransmits":	26,
			"sender":	true
		},
		"sum_received":	{
			"start":	0,
			"end":	10.089718,
			"seconds":	10.089718,
			"bytes":	4194304,
			"bits_per_second":	3325606.5233934191,
			"sender":	true
		},
		"cpu_utilization_percent":	{
			"host_total":	0.5043103431306355,
			"host_user":	0.0615833606621594,
			"host_system":	0.44271714015416219,
			"remote_total":	0.28038341862612126,
			"remote_user":	0.043866278219837851,
			"remote_system":	0.23652705144971312
		},