{
	"start":	{
		"connected":	[{
				"socket":	5,
				"local_host":	"129.93.240.12",
				"local_port":	44304,
				"remote_host":	"129.93.208.46",
				"remote_port":	57000
			}],
		"version":	"iperf 3.12",
		"system_info":	"Linux rpi2 6.6.74+rpt-rpi-v8 #1 SMP PREEMPT Debian 1:6.6.74-1+rpt1 (2025-01-27) aarch64",
		"timestamp":	{
			"time":	"Sun, 11 May 2025 22:57:29 GMT",
			"timesecs":	1747004249
		},
		"connecting_to":	{
			"host":	"129.93.208.46",
			"port":	57000
		},
		"cookie":	"vodxev7ffuhds7nrhc4zthgqaqqsoawhs4ev",
		"tcp_mss_default":	1448,
		"target_bitrate":	0,
		"sock_bufsize":	0,
		"sndbuf_actual":	16384,
		"rcvbuf_actual":	131072,
		"test_start":	{
			"protocol":	"TCP",
			"num_streams":	1,
			"blksize":	131072,
			"omit":	0,
			"duration":	10,
			"bytes":	0,
			"blocks":	0,
			"reverse":	0,
			"tos":	0,
			"target_bitrate":	0
		}
	},
	"intervals":	[{
			"streams":	[{
					"socket":	5,
					"start":	0,
					"end":	1.001021,
					"seconds":	1.0010210275650024,
					"bytes":	196928,
					"bits_per_second":	1573817.0893694819,
					"retransmits":	6,
					"snd_cwnd":	1448,
					"snd_wnd":	85632,
					"rtt":	70363,
					"rttvar":	20353,
					"pmtu":	1500,
					"omitted":	false,
					"sender":	true
				}],
			"sum":	{
				"start":	0,
				"end":	1.001021,
				"seconds":	1.0010210275650024,
				"bytes":	196928,
				"bits_per_second":	1573817.0893694819,
				"retransmits":	6,
				"omitted":	false,
				"sender":	true
			}
		}, {
			"streams":	[{
					"socket":	5,
					"start":	1.001021,
					"end":	2.000476,
					"seconds":	0.99945497512817383,
					"bytes":	153488,
					"bits_per_second":	1228573.603170597,
					"retransmits":	26,
					"snd_cwnd":	4344,
					"snd_wnd":	428800,
					"rtt":	39918,
					"rttvar":	4686,
					"pmtu":	1500,
					"omitted":	false,
					"sender":	true
				}],
			"sum":	{
				"start":	1.001021,
				"end":	2.000476,
				"seconds":	0.99945497512817383,
				"bytes":	153488,
				"bits_per_second":	1228573.603170597,
				"retransmits":	26,
				"omitted":	false,
				"sender":	true
			}
		}, {
			"streams":	[{
					"socket":	5,
					"start":	2.000476,
					"end":	3.000189,
					"seconds":	0.99971300363540649,
					"bytes":	130320,
					"bits_per_second":	1042859.2968269719,
					"retransmits":	11,
					"snd_cwnd":	5792,
					"snd_wnd":	540672,
					"rtt":	41406,
					"rttvar":	8726,
					"pmtu":	1500,
					"omitted":	false,
					"sender":	true
				}],
			"sum":	{
				"start":	2.000476,
				"end":	3.000189,
				"seconds":	0.99971300363540649,
				"bytes":	130320,
				"bits_per_second":	1042859.2968269719,
				"retransmits":	11,
				"omitted":	false,
				"sender":	true
			}
		}, {
			"streams":	[{
					"socket":	5,
					"start":	3.000189,
					"end":	4.001061,
					"seconds":	1.000872015953064,
					"bytes":	0,
					"bits_per_second":	0,
					"retransmits":	10,
					"snd_cwnd":	1448,
					"snd_wnd":	543488,
					"rtt":	48376,
					"rttvar":	14423,
					"pmtu":	1500,
					"omitted":	false,
					"sender":	true
				}],
			"sum":	{
				"start":	3.000189,
				"end":	4.001061,
				"seconds":	1.000872015953064,
				"bytes":	0,
				"bits_per_second":	0,
				"retransmits":	10,
				"omitted":	false,
				"sender":	true
			}
		}, {
			"streams":	[{
					"socket":	5,
					"start":	4.001061,
					"end":	5.000855,
					"seconds":	0.99979400634765625,
					"bytes":	65160,
					"bits_per_second":	521387.402495326,
					"retransmits":	10,
					"snd_cwnd":	2896,
					"snd_wnd":	540672,
					"rtt":	43345,
					"rttvar":	7063,
					"pmtu":	1500,
					"omitted":	false,
					"sender":	true
				}],
			"sum":	{
				"start":	4.001061,
				"end":	5.000855,
				"seconds":	0.99979400634765625,
				"bytes":	65160,
				"bits_per_second":	521387.402495326,
				"retransmits":	10,
				"omitted":	false,
				"sender":	true
			}
		}, {
			"streams":	[{
					"socket":	5,
					"start":	5.000855,
					"end":	6.000634,
					"seconds":	0.999778985977173,
					"bytes":	65160,
					"bits_per_second":	521395.23565851577,
					"retransmits":	8,
					"snd_cwnd":	1448,
					"snd_wnd":	544896,
					"rtt":	53111,
					"rttvar":	18785,
					"pmtu":	1500,
					"omitted":	false,
					"sender":	true
				}],
			"sum":	{
				"start":	5.000855,
				"end":	6.000634,
				"seconds":	0.999778985977173,
				"bytes":	65160,
				"bits_per_second":	521395.23565851577,
				"retransmits":	8,
				"omitted":	false,
				"sender":	true
			}
		}, {
			"streams":	[{
					"socket":	5,
					"start":	6.000634,
					"end":	7.001046,
					"seconds":	1.0004119873046875,
					"bytes":	0,
					"bits_per_second":	0,
					"retransmits":	11,
					"snd_cwnd":	4344,
					"snd_wnd":	543488,
					"rtt":	44322,
					"rttvar":	5618,
					"pmtu":	1500,
					"omitted":	false,
					"sender":	true
				}],
			"sum":	{
				"start":	6.000634,
				"end":	7.001046,
				"seconds":	1.0004119873046875,
				"bytes":	0,
				"bits_per_second":	0,
				"retransmits":	11,
				"omitted":	false,
				"sender":	true
			}
		}, {
			"streams":	[{
					"socket":	5,
					"start":	7.001046,
					"end":	8.000996,
					"seconds":	0.99994999170303345,
					"bytes":	65160,
					"bits_per_second":	521306.06962874049,
					"retransmits":	10,
					"snd_cwnd":	5792,
					"snd_wnd":	543488,
					"rtt":	42005,
					"rttvar":	6527,
					"pmtu":	1500,
					"omitted":	false,
					"sender":	true
				}],
			"sum":	{
				"start":	7.001046,
				"end":	8.000996,
				"seconds":	0.99994999170303345,
				"bytes":	65160,
				"bits_per_second":	521306.06962874049,
				"retransmits":	10,
				"omitted":	false,
				"sender":	true
			}
		}, {
			"streams":	[{
					"socket":	5,
					"start":	8.000996,
					"end":	9.000711,
					"seconds":	0.999714970588684,
					"bytes":	65160,
					"bits_per_second":	521428.62249331252,
					"retransmits":	13,
					"snd_cwnd":	5792,
					"snd_wnd":	539648,
					"rtt":	45719,
					"rttvar":	14168,
					"pmtu":	1500,
					"omitted":	false,
					"sender":	true
				}],
			"sum":	{
				"start":	8.000996,
				"end":	9.000711,
				"seconds":	0.999714970588684,
				"bytes":	65160,
				"bits_per_second":	521428.62249331252,
				"retransmits":	13,
				"omitted":	false,
				"sender":	true
			}
		}, {
			"streams":	[{
					"socket":	5,
					"start":	9.000711,
					"end":	10.000717,
					"seconds":	1.0000059604644775,
					"bytes":	65160,
					"bits_per_second":	521276.89294759661,
					"retransmits":	9,
					"snd_cwnd":	4344,
					"snd_wnd":	544896,
					"rtt":	63255,
					"rttvar":	21406,
					"pmtu":	1500,
					"omitted":	false,
					"sender":	true
				}],
			"sum":	{
				"start":	9.000711,
				"end":	10.000717,
				"seconds":	1.0000059604644775,
				"bytes":	65160,
				"bits_per_second":	521276.89294759661,
				"retransmits":	9,
				"omitted":	false,
				"sender":	true
			}
		}],
	"end":	{
		"streams":	[{
				"sender":	{
					"socket":	5,
					"start":	0,
					"end":	10.000717,
					"seconds":	10.000717,
					"bytes":	806536,
					"bits_per_second":	645182.54041185253,
					"retransmits":	114,
					"max_snd_cwnd":	5792,
					"max_snd_wnd":	544896,
					"max_rtt":	70363,
					"min_rtt":	39918,
					"mean_rtt":	49182,
					"sender":	true
				},
				"receiver":	{
					"socket":	5,
					"start":	0,
					"end":	10.066077,
					"seconds":	10.000717,
					"bytes":	524288,
					"bits_per_second":	416677.122577147,
					"sender":	true
				}
			}],
		"sum_sent":	{
			"start":	0,
			"end":	10.000717,
			"seconds":	10.000717,
			"bytes":	806536,
			"bits_per_second":	645182.54041185253,
			"retransmits":	114,
			"sender":	true
		},
		"sum_received":	{
			"start":	0,
			"end":	10.066077,
			"seconds":	10.066077,
			"bytes":	524288,
			"bits_per_second":	416677.122577147,
			"sender":	true
		},
		"cpu_utilization_percent":	{
			"host_total":	0.43684300730698056,
			"host_user":	0.000345143349866686,
			"host_system":	0.43649786395711387,
			"remote_total":	0.076315546605383755,
			"remote_user":	0,
			"remote_system":	0.076315546605383755
		},
		"sender_tcp_congestion":	"cubic",
		"receiver_tcp_congestion":	"cubic"
	}
}
