{
	"start":	{
		"connected":	[{
				"socket":	5,
				"local_host":	"129.93.240.12",
				"local_port":	58080,
				"remote_host":	"10.53.1.2",
				"remote_port":	55002
			}],
		"version":	"iperf 3.12",
		"system_info":	"Linux rpi2 6.6.74+rpt-rpi-v8 #1 SMP PREEMPT Debian 1:6.6.74-1+rpt1 (2025-01-27) aarch64",
		"timestamp":	{
			"time":	"Thu, 15 May 2025 06:15:42 GMT",
			"timesecs":	1747289742
		},
		"connecting_to":	{
			"host":	"10.53.1.2",
			"port":	55002
		},
		"cookie":	"sensxyonz4tiyoqmx4a5hyvrh6qcp6e72xcj",
		"tcp_mss_default":	1448,
		"target_bitrate":	0,
		"sock_bufsize":	0,
		"sndbuf_actual":	16384,
		"rcvbuf_actual":	131072,
		"test_start":	{
			"protocol":	"TCP",
			"num_streams":	1,
			"blksize":	131072,
			"omit":	0,
			"duration":	20,
			"bytes":	0,
			"blocks":	0,
			"reverse":	0,
			"tos":	0,
			"target_bitrate":	0
		}
	},
	"intervals":	[{
			"streams":	[{
					"socket":	5,
					"start":	0,
					"end":	1.00023,
					"seconds":	1.0002299547195435,
					"bytes":	997672,
					"bits_per_second":	7979541.0668718824,
					"retransmits":	0,
					"snd_cwnd":	78192,
					"snd_wnd":	236032,
					"rtt":	102950,
					"rttvar":	1858,
					"pmtu":	1500,
					"omitted":	false,
					"sender":	true
				}],
			"sum":	{
				"start":	0,
				"end":	1.00023,
				"seconds":	1.0002299547195435,
				"bytes":	997672,
				"bits_per_second":	7979541.0668718824,
				"retransmits":	0,
				"omitted":	false,
				"sender":	true
			}
		}, {
			"streams":	[{
					"socket":	5,
					"start":	1.00023,
					"end":	2.000216,
					"seconds":	0.99998599290847778,
					"bytes":	912240,
					"bits_per_second":	7298022.2240652237,
					"retransmits":	0,
					"snd_cwnd":	115840,
					"snd_wnd":	266752,
					"rtt":	132966,
					"rttvar":	3602,
					"pmtu":	1500,
					"omitted":	false,
					"sender":	true
				}],
			"sum":	{
				"start":	1.00023,
				"end":	2.000216,
				"seconds":	0.99998599290847778,
				"bytes":	912240,
				"bits_per_second":	7298022.2240652237,
				"retransmits":	0,
				"omitted":	false,
				"sender":	true
			}
		}, {
			"streams":	[{
					"socket":	5,
					"start":	2.000216,
					"end":	3.000313,
					"seconds":	1.0000970363616943,
					"bytes":	912240,
					"bits_per_second":	7297211.9051062157,
					"retransmits":	0,
					"snd_cwnd":	154936,
					"snd_wnd":	337408,
					"rtt":	184099,
					"rttvar":	5083,
					"pmtu":	1500,
					"omitted":	false,
					"sender":	true
				}],
			"sum":	{
				"start":	2.000216,
				"end":	3.000313,
				"seconds":	1.0000970363616943,
				"bytes":	912240,
				"bits_per_second":	7297211.9051062157,
				"retransmits":	0,
				"omitted":	false,
				"sender":	true
			}
		}, {
			"streams":	[{
					"socket":	5,
					"start":	3.000313,
					"end":	4.000232,
					"seconds":	0.99991899728775024,
					"bytes":	1107720,
					"bits_per_second":	8862477.88474592,
					"retransmits":	0,
					"snd_cwnd":	196928,
					"snd_wnd":	449280,
					"rtt":	223402,
					"rttvar":	1389,
					"pmtu":	1500,
					"omitted":	false,
					"sender":	true
				}],
			"sum":	{
				"start":	3.000313,
				"end":	4.000232,
				"seconds":	0.99991899728775024,
				"bytes":	1107720,
				"bits_per_second":	8862477.88474592,
				"retransmits":	0,
				"omitted":	false,
				"sender":	true
			}
		}, {
			"streams":	[{
					"socket":	5,
					"start":	4.000232,
					"end":	5.000365,
					"seconds":	1.0001330375671387,
					"bytes":	912240,
					"bits_per_second":	7296949.23162669,
					"retransmits":	0,
					"snd_cwnd":	237472,
					"snd_wnd":	510976,
					"rtt":	264232,
					"rttvar":	1899,
					"pmtu":	1500,
					"omitted":	false,
					"sender":	true
				}],
			"sum":	{
				"start":	4.000232,
				"end":	5.000365,
				"seconds":	1.0001330375671387,
				"bytes":	912240,
				"bits_per_second":	7296949.23162669,
				"retransmits":	0,
				"omitted":	false,
				"sender":	true
			}
		}, {
			"streams":	[{
					"socket":	5,
					"start":	5.000365,
					"end":	6.000407,
					"seconds":	1.0000419616699219,
					"bytes":	1107720,
					"bits_per_second":	8861388.1613549236,
					"retransmits":	0,
					"snd_cwnd":	280912,
					"snd_wnd":	588288,
					"rtt":	320443,
					"rttvar":	5284,
					"pmtu":	1500,
					"omitted":	false,
					"sender":	true
				}],
			"sum":	{
				"start":	5.000365,
				"end":	6.000407,
				"seconds":	1.0000419616699219,
				"bytes":	1107720,
				"bits_per_second":	8861388.1613549236,
				"retransmits":	0,
				"omitted":	false,
				"sender":	true
			}
		}, {
			"streams":	[{
					"socket":	5,
					"start":	6.000407,
					"end":	7.000214,
					"seconds":	0.99980700016021729,
					"bytes":	1238040,
					"bits_per_second":	9906231.9011697769,
					"retransmits":	0,
					"snd_cwnd":	322904,
					"snd_wnd":	679040,
					"rtt":	359040,
					"rttvar":	2210,
					"pmtu":	1500,
					"omitted":	false,
					"sender":	true
				}],
			"sum":	{
				"start":	6.000407,
				"end":	7.000214,
				"seconds":	0.99980700016021729,
				"bytes":	1238040,
				"bits_per_second":	9906231.9011697769,
				"retransmits":	0,
				"omitted":	false,
				"sender":	true
			}
		}, {
			"streams":	[{
					"socket":	5,
					"start":	7.000214,
					"end":	8.000584,
					"seconds":	1.0003700256347656,
					"bytes":	716760,
					"bits_per_second":	5731959.0282221315,
					"retransmits":	0,
					"snd_cwnd":	363448,
					"snd_wnd":	739072,
					"rtt":	430051,
					"rttvar":	2335,
					"pmtu":	1500,
					"omitted":	false,
					"sender":	true
				}],
			"sum":	{
				"start":	7.000214,
				"end":	8.000584,
				"seconds":	1.0003700256347656,
				"bytes":	716760,
				"bits_per_second":	5731959.0282221315,
				"retransmits":	0,
				"omitted":	false,
				"sender":	true
			}
		}, {
			"streams":	[{
					"socket":	5,
					"start":	8.000584,
					"end":	9.000839,
					"seconds":	1.0002549886703491,
					"bytes":	781920,
					"bits_per_second":	6253765.3606860032,
					"retransmits":	0,
					"snd_cwnd":	417024,
					"snd_wnd":	861696,
					"rtt":	465821,
					"rttvar":	2037,
					"pmtu":	1500,
					"omitted":	false,
					"sender":	true
				}],
			"sum":	{
				"start":	8.000584,
				"end":	9.000839,
				"seconds":	1.0002549886703491,
				"bytes":	781920,
				"bits_per_second":	6253765.3606860032,
				"retransmits":	0,
				"omitted":	false,
				"sender":	true
			}
		}, {
			"streams":	[{
					"socket":	5,
					"start":	9.000839,
					"end":	10.000361,
					"seconds":	0.99952197074890137,
					"bytes":	1889640,
					"bits_per_second":	15124349.881647278,
					"retransmits":	0,
					"snd_cwnd":	535760,
					"snd_wnd":	968320,
					"rtt":	566870,
					"rttvar":	3563,
					"pmtu":	1500,
					"omitted":	false,
					"sender":	true
				}],
			"sum":	{
				"start":	9.000839,
				"end":	10.000361,
				"seconds":	0.99952197074890137,
				"bytes":	1889640,
				"bits_per_second":	15124349.881647278,
				"retransmits":	0,
				"omitted":	false,
				"sender":	true
			}
		}, {
			"streams":	[{
					"socket":	5,
					"start":	10.000361,
					"end":	11.000634,
					"seconds":	1.0002729892730713,
					"bytes":	1220288,
					"bits_per_second":	9759639.72304657,
					"retransmits":	0,
					"snd_cwnd":	634224,
					"snd_wnd":	1140992,
					"rtt":	571594,
					"rttvar":	41999,
					"pmtu":	1500,
					"omitted":	false,
					"sender":	true
				}],
			"sum":	{
				"start":	10.000361,
				"end":	11.000634,
				"seconds":	1.0002729892730713,
				"bytes":	1220288,
				"bits_per_second":	9759639.72304657,
				"retransmits":	0,
				"omitted":	false,
				"sender":	true
			}
		}, {
			"streams":	[{
					"socket":	5,
					"start":	11.000634,
					"end":	12.000252,
					"seconds":	0.99961799383163452,
					"bytes":	1255792,
					"bits_per_second":	10050175.228930606,
					"retransmits":	0,
					"snd_cwnd":	634224,
					"snd_wnd":	1140992,
					"rtt":	568797,
					"rttvar":	43328,
					"pmtu":	1500,
					"omitted":	false,
					"sender":	true
				}],
			"sum":	{
				"start":	11.000634,
				"end":	12.000252,
				"seconds":	0.99961799383163452,
				"bytes":	1255792,
				"bits_per_second":	10050175.228930606,
				"retransmits":	0,
				"omitted":	false,