{
	"start":	{
		"connected":	[{
				"socket":	5,
				"local_host":	"129.93.240.12",
				"local_port":	55656,
				"remote_host":	"10.53.1.2",
				"remote_port":	55002
			}],
		"version":	"iperf 3.12",
		"system_info":	"Linux rpi2 6.6.74+rpt-rpi-v8 #1 SMP PREEMPT Debian 1:6.6.74-1+rpt1 (2025-01-27) aarch64",
		"timestamp":	{
			"time":	"Thu, 15 May 2025 19:12:01 GMT",
			"timesecs":	1747336321
		},
		"connecting_to":	{
			"host":	"10.53.1.2",
			"port":	55002
		},
		"cookie":	"nenmwcesa7bf72nnklazdh7udifeg7wf63h4",
		"tcp_mss_default":	1448,
		"target_bitrate":	0,
		"sock_bufsize":	0,
		"sndbuf_actual":	16384,
		"rcvbuf_actual":	131072,
		"test_start":	{
			"protocol":	"TCP",
			"num_streams":	1,
			"blksize":	131072,
			"omit":	0,
			"duration":	20,
			"bytes":	0,
			"blocks":	0,
			"reverse":	0,
			"tos":	0,
			"target_bitrate":	0
		}
	},
	"intervals":	[{
			"streams":	[{
					"socket":	5,
					"start":	0,
					"end":	1.000192,
					"seconds":	1.0001920461654663,
					"bytes":	1505920,
					"bits_per_second":	12045046.794950167,
					"retransmits":	0,
					"snd_cwnd":	105704,
					"snd_wnd":	376960,
					"rtt":	98672,
					"rttvar":	1800,
					"pmtu":	1500,
					"omitted":	false,
					"sender":	true
				}],
			"sum":	{
				"start":	0,
				"end":	1.000192,
				"seconds":	1.0001920461654663,
				"bytes":	1505920,
				"bits_per_second":	12045046.794950167,
				"retransmits":	0,
				"omitted":	false,
				"sender":	true
			}
		}, {
			"streams":	[{
					"socket":	5,
					"start":	1.000192,
					"end":	2.000326,
					"seconds":	1.0001339912414551,
					"bytes":	1172880,
					"bits_per_second":	9381782.92325905,
					"retransmits":	0,
					"snd_cwnd":	160728,
					"snd_wnd":	376960,
					"rtt":	144011,
					"rttvar":	1091,
					"pmtu":	1500,
					"omitted":	false,
					"sender":	true
				}],
			"sum":	{
				"start":	1.000192,
				"end":	2.000326,
				"seconds":	1.0001339912414551,
				"bytes":	1172880,
				"bits_per_second":	9381782.92325905,
				"retransmits":	0,
				"omitted":	false,
				"sender":	true
			}
		}, {
			"streams":	[{
					"socket":	5,
					"start":	2.000326,
					"end":	3.000185,
					"seconds":	0.99985897541046143,
					"bytes":	1563840,
					"bits_per_second":	12512484.568000309,
					"retransmits":	0,
					"snd_cwnd":	214304,
					"snd_wnd":	470656,
					"rtt":	179688,
					"rttvar":	2174,
					"pmtu":	1500,
					"omitted":	false,
					"sender":	true
				}],
			"sum":	{
				"start":	2.000326,
				"end":	3.000185,
				"seconds":	0.99985897541046143,
				"bytes":	1563840,
				"bits_per_second":	12512484.568000309,
				"retransmits":	0,
				"omitted":	false,
				"sender":	true
			}
		}, {
			"streams":	[{
					"socket":	5,
					"start":	3.000185,
					"end":	4.000101,
					"seconds":	0.99991601705551147,
					"bytes":	1563840,
					"bits_per_second":	12511770.775350479,
					"retransmits":	0,
					"snd_cwnd":	269328,
					"snd_wnd":	584320,
					"rtt":	230830,
					"rttvar":	5074,
					"pmtu":	1500,
					"omitted":	false,
					"sender":	true
				}],
			"sum":	{
				"start":	3.000185,
				"end":	4.000101,
				"seconds":	0.99991601705551147,
				"bytes":	1563840,
				"bits_per_second":	12511770.775350479,
				"retransmits":	0,
				"omitted":	false,
				"sender":	true
			}
		}, {
			"streams":	[{
					"socket":	5,
					"start":	4.000101,
					"end":	5.000115,
					"seconds":	1.0000139474868774,
					"bytes":	1303200,
					"bits_per_second":	10425454.5911089,
					"retransmits":	0,
					"snd_cwnd":	321456,
					"snd_wnd":	671104,
					"rtt":	276535,
					"rttvar":	2353,
					"pmtu":	1500,
					"omitted":	false,
					"sender":	true
				}],
			"sum":	{
				"start":	4.000101,
				"end":	5.000115,
				"seconds":	1.0000139474868774,
				"bytes":	1303200,
				"bits_per_second":	10425454.5911089,
				"retransmits":	0,
				"omitted":	false,
				"sender":	true
			}
		}, {
			"streams":	[{
					"socket":	5,
					"start":	5.000115,
					"end":	6.000594,
					"seconds":	1.000478982925415,
					"bytes":	716760,
					"bits_per_second":	5731334.7884964729,
					"retransmits":	0,
					"snd_cwnd":	373584,
					"snd_wnd":	803968,
					"rtt":	350383,
					"rttvar":	1748,
					"pmtu":	1500,
					"omitted":	false,
					"sender":	true
				}],
			"sum":	{
				"start":	5.000115,
				"end":	6.000594,
				"seconds":	1.000478982925415,
				"bytes":	716760,
				"bits_per_second":	5731334.7884964729,
				"retransmits":	0,
				"omitted":	false,
				"sender":	true
			}
		}, {
			"streams":	[{
					"socket":	5,
					"start":	6.000594,
					"end":	7.000387,
					"seconds":	0.999792993068695,
					"bytes":	1629000,
					"bits_per_second":	13034698.272889957,
					"retransmits":	0,
					"snd_cwnd":	430056,
					"snd_wnd":	882304,
					"rtt":	367088,
					"rttvar":	2528,
					"pmtu":	1500,
					"omitted":	false,
					"sender":	true
				}],
			"sum":	{
				"start":	6.000594,
				"end":	7.000387,
				"seconds":	0.999792993068695,
				"bytes":	1629000,
				"bits_per_second":	13034698.272889957,
				"retransmits":	0,
				"omitted":	false,
				"sender":	true
			}
		}, {
			"streams":	[{
					"socket":	5,
					"start":	7.000387,
					"end":	8.000742,
					"seconds":	1.0003550052642822,
					"bytes":	912240,
					"bits_per_second":	7295330.1194029357,
					"retransmits":	0,
					"snd_cwnd":	483632,
					"snd_wnd":	997248,
					"rtt":	421387,
					"rttvar":	2262,
					"pmtu":	1500,
					"omitted":	false,
					"sender":	true
				}],
			"sum":	{
				"start":	7.000387,
				"end":	8.000742,
				"seconds":	1.0003550052642822,
				"bytes":	912240,
				"bits_per_second":	7295330.1194029357,
				"retransmits":	0,
				"omitted":	false,
				"sender":	true
			}
		}, {
			"streams":	[{
					"socket":	5,
					"start":	8.000742,
					"end":	9.000312,
					"seconds":	0.99957001209259033,
					"bytes":	2085120,
					"bits_per_second":	16688135.696546726,
					"retransmits":	0,
					"snd_cwnd":	538656,
					"snd_wnd":	1072256,
					"rtt":	375079,
					"rttvar":	20842,
					"pmtu":	1500,
					"omitted":	false,
					"sender":	true
				}],
			"sum":	{
				"start":	8.000742,
				"end":	9.000312,
				"seconds":	0.99957001209259033,
				"bytes":	2085120,
				"bits_per_second":	16688135.696546726,
				"retransmits":	0,
				"omitted":	false,
				"sender":	true
			}
		}, {
			"streams":	[{
					"socket":	5,
					"start":	9.000312,
					"end":	10.000502,
					"seconds":	1.0001900196075439,
					"bytes":	1172880,
					"bits_per_second":	9381257.377154924,
					"retransmits":	0,
					"snd_cwnd":	584992,
					"snd_wnd":	1072256,
					"rtt":	341152,
					"rttvar":	14441,
					"pmtu":	1500,
					"omitted":	false,
					"sender":	true
				}],
			"sum":	{
				"start":	9.000312,
				"end":	10.000502,
				"seconds":	1.0001900196075439,
				"bytes":	1172880,
				"bits_per_second":	9381257.377154924,
				"retransmits":	0,
				"omitted":	false,
				"sender":	true
			}
		}, {
			"streams":	[{
					"socket":	5,
					"start":	10.000502,
					"end":	11.00047,
					"seconds":	0.99996799230575562,
					"bytes":	1172880,
					"bits_per_second":	9383340.3390885647,
					"retransmits":	0,
					"snd_cwnd":	584992,
					"snd_wnd":	1072256,
					"rtt":	345381,
					"rttvar":	12553,
					"pmtu":	1500,
					"omitted":	false,
					"sender":	true
				}],
			"sum":	{
				"start":	10.000502,
				"end":	11.00047,
				"seconds":	0.99996799230575562,
				"bytes":	1172880,
				"bits_per_second":	9383340.3390885647,
				"retransmits":	0,
				"omitted":	false,
				"sender":	true
			}
		}, {
			"streams":	[{
					"socket":	5,
					"start":	11.00047,
					"end":	12.000403,
					"seconds":	0.99993300437927246,
					"bytes":	1172880,
					"bits_per_second":	9383668.6647068933,
					"retransmits":	0,
					"snd_cwnd":	584992,
					"snd_wnd":	1072256,
					"rtt":	397603,
					"rttvar":	34503,
					"pmtu":	1500,
					"omitted":	false,
					"sender":	true
				}],
			"sum":	{
				"start":	11.00047,
				"end":	12.000403,
				"seconds":	0.99993300437927246,
				"bytes":	1172880,
				"bits_per_second":	9383668.6647068933,
				"retransmits":	0,