{
	"start":	{
		"connected":	[{
				"socket":	5,
				"local_host":	"129.93.240.12",
				"local_port":	40774,
				"remote_host":	"10.53.1.2",
				"remote_port":	55002
			}],
		"version":	"iperf 3.12",
		"system_info":	"Linux rpi2 6.6.74+rpt-rpi-v8 #1 SMP PREEMPT Debian 1:6.6.74-1+rpt1 (2025-01-27) aarch64",
		"timestamp":	{
			"time":	"Wed, 14 May 2025 04:24:12 GMT",
			"timesecs":	1747196652
		},
		"connecting_to":	{
			"host":	"10.53.1.2",
			"port":	55002
		},
		"cookie":	"fdfvo6r2x6nmfz5xftuczbz6riixxpbxaixl",
		"tcp_mss_default":	1448,
		"target_bitrate":	0,
		"sock_bufsize":	0,
		"sndbuf_actual":	16384,
		"rcvbuf_actual":	131072,
		"test_start":	{
			"protocol":	"TCP",
			"num_streams":	1,
			"blksize":	131072,
			"omit":	0,
			"duration":	20,
			"bytes":	0,
			"blocks":	0,
			"reverse":	0,
			"tos":	0,
			"target_bitrate":	0
		}
	},
	"intervals":	[{
			"streams":	[{
					"socket":	5,
					"start":	0,
					"end":	1.000209,
					"seconds":	1.0002089738845825,
					"bytes":	1487096,
					"bits_per_second":	11894282.40560138,
					"retransmits":	0,
					"snd_cwnd":	102808,
					"snd_wnd":	508544,
					"rtt":	74904,
					"rttvar":	6697,
					"pmtu":	1500,
					"omitted":	false,
					"sender":	true
				}],
			"sum":	{
				"start":	0,
				"end":	1.000209,
				"seconds":	1.0002089738845825,
				"bytes":	1487096,
				"bits_per_second":	11894282.40560138,
				"retransmits":	0,
				"omitted":	false,
				"sender":	true
			}
		}, {
			"streams":	[{
					"socket":	5,
					"start":	1.000209,
					"end":	2.000206,
					"seconds":	0.99999701976776123,
					"bytes":	1498680,
					"bits_per_second":	11989475.7314221,
					"retransmits":	0,
					"snd_cwnd":	163624,
					"snd_wnd":	508544,
					"rtt":	130984,
					"rttvar":	4992,
					"pmtu":	1500,
					"omitted":	false,
					"sender":	true
				}],
			"sum":	{
				"start":	1.000209,
				"end":	2.000206,
				"seconds":	0.99999701976776123,
				"bytes":	1498680,
				"bits_per_second":	11989475.7314221,
				"retransmits":	0,
				"omitted":	false,
				"sender":	true
			}
		}, {
			"streams":	[{
					"socket":	5,
					"start":	2.000206,
					"end":	3.000201,
					"seconds":	0.999994993209839,
					"bytes":	1694160,
					"bits_per_second":	13553347.858768709,
					"retransmits":	0,
					"snd_cwnd":	228784,
					"snd_wnd":	687360,
					"rtt":	178714,
					"rttvar":	6569,
					"pmtu":	1500,
					"omitted":	false,
					"sender":	true
				}],
			"sum":	{
				"start":	2.000206,
				"end":	3.000201,
				"seconds":	0.999994993209839,
				"bytes":	1694160,
				"bits_per_second":	13553347.858768709,
				"retransmits":	0,
				"omitted":	false,
				"sender":	true
			}
		}, {
			"streams":	[{
					"socket":	5,
					"start":	3.000201,
					"end":	4.000152,
					"seconds":	0.99995100498199463,
					"bytes":	1759320,
					"bits_per_second":	14075249.61710842,
					"retransmits":	0,
					"snd_cwnd":	292496,
					"snd_wnd":	899968,
					"rtt":	220531,
					"rttvar":	3838,
					"pmtu":	1500,
					"omitted":	false,
					"sender":	true
				}],
			"sum":	{
				"start":	3.000201,
				"end":	4.000152,
				"seconds":	0.99995100498199463,
				"bytes":	1759320,
				"bits_per_second":	14075249.61710842,
				"retransmits":	0,
				"omitted":	false,
				"sender":	true
			}
		}, {
			"streams":	[{
					"socket":	5,
					"start":	4.000152,
					"end":	5.000214,
					"seconds":	1.0000619888305664,
					"bytes":	1433520,
					"bits_per_second":	11467449.146237845,
					"retransmits":	0,
					"snd_cwnd":	356208,
					"snd_wnd":	899968,
					"rtt":	235152,
					"rttvar":	5737,
					"pmtu":	1500,
					"omitted":	false,
					"sender":	true
				}],
			"sum":	{
				"start":	4.000152,
				"end":	5.000214,
				"seconds":	1.0000619888305664,
				"bytes":	1433520,
				"bits_per_second":	11467449.146237845,
				"retransmits":	0,
				"omitted":	false,
				"sender":	true
			}
		}, {
			"streams":	[{
					"socket":	5,
					"start":	5.000214,
					"end":	6.000251,
					"seconds":	1.0000369548797607,
					"bytes":	1629000,
					"bits_per_second":	13031518.421803622,
					"retransmits":	0,
					"snd_cwnd":	418472,
					"snd_wnd":	1042304,
					"rtt":	323526,
					"rttvar":	4119,
					"pmtu":	1500,
					"omitted":	false,
					"sender":	true
				}],
			"sum":	{
				"start":	5.000214,
				"end":	6.000251,
				"seconds":	1.0000369548797607,
				"bytes":	1629000,
				"bits_per_second":	13031518.421803622,
				"retransmits":	0,
				"omitted":	false,
				"sender":	true
			}
		}, {
			"streams":	[{
					"socket":	5,
					"start":	6.000251,
					"end":	7.000622,
					"seconds":	1.000370979309082,
					"bytes":	977400,
					"bits_per_second":	7816300.31430982,
					"retransmits":	0,
					"snd_cwnd":	483632,
					"snd_wnd":	1098112,
					"rtt":	344111,
					"rttvar":	4651,
					"pmtu":	1500,
					"omitted":	false,
					"sender":	true
				}],
			"sum":	{
				"start":	6.000251,
				"end":	7.000622,
				"seconds":	1.000370979309082,
				"bytes":	977400,
				"bits_per_second":	7816300.31430982,
				"retransmits":	0,
				"omitted":	false,
				"sender":	true
			}
		}, {
			"streams":	[{
					"socket":	5,
					"start":	7.000622,
					"end":	8.000346,
					"seconds":	0.999723970890045,
					"bytes":	2150280,
					"bits_per_second":	17206989.63003258,
					"retransmits":	0,
					"snd_cwnd":	544448,
					"snd_wnd":	1198720,
					"rtt":	318619,
					"rttvar":	32211,
					"pmtu":	1500,
					"omitted":	false,
					"sender":	true
				}],
			"sum":	{
				"start":	7.000622,
				"end":	8.000346,
				"seconds":	0.999723970890045,
				"bytes":	2150280,
				"bits_per_second":	17206989.63003258,
				"retransmits":	0,
				"omitted":	false,
				"sender":	true
			}
		}, {
			"streams":	[{
					"socket":	5,
					"start":	8.000346,
					"end":	9.000575,
					"seconds":	1.0002290010452271,
					"bytes":	1172880,
					"bits_per_second":	9380891.76598043,
					"retransmits":	0,
					"snd_cwnd":	587888,
					"snd_wnd":	1198720,
					"rtt":	257361,
					"rttvar":	19094,
					"pmtu":	1500,
					"omitted":	false,
					"sender":	true
				}],
			"sum":	{
				"start":	8.000346,
				"end":	9.000575,
				"seconds":	1.0002290010452271,
				"bytes":	1172880,
				"bits_per_second":	9380891.76598043,
				"retransmits":	0,
				"omitted":	false,
				"sender":	true
			}
		}, {
			"streams":	[{
					"socket":	5,
					"start":	9.000575,
					"end":	10.00066,
					"seconds":	1.00008499622345,
					"bytes":	1238040,
					"bits_per_second":	9903478.241750434,
					"retransmits":	0,
					"snd_cwnd":	587888,
					"snd_wnd":	1198720,
					"rtt":	263848,
					"rttvar":	6178,
					"pmtu":	1500,
					"omitted":	false,
					"sender":	true
				}],
			"sum":	{
				"start":	9.000575,
				"end":	10.00066,
				"seconds":	1.00008499622345,
				"bytes":	1238040,
				"bits_per_second":	9903478.241750434,
				"retransmits":	0,
				"omitted":	false,
				"sender":	true
			}
		}, {
			"streams":	[{
					"socket":	5,
					"start":	10.00066,
					"end":	11.000719,
					"seconds":	1.0000590085983276,
					"bytes":	1172880,
					"bits_per_second":	9382486.3526315037,
					"retransmits":	0,
					"snd_cwnd":	587888,
					"snd_wnd":	1198720,
					"rtt":	290359,
					"rttvar":	13272,
					"pmtu":	1500,
					"omitted":	false,
					"sender":	true
				}],
			"sum":	{
				"start":	10.00066,
				"end":	11.000719,
				"seconds":	1.0000590085983276,
				"bytes":	1172880,
				"bits_per_second":	9382486.3526315037,
				"retransmits":	0,
				"omitted":	false,
				"sender":	true
			}
		}, {
			"streams":	[{
					"socket":	5,
					"start":	11.000719,
					"end":	12.000092,
					"seconds":	0.99937301874160767,
					"bytes":	2345760,
					"bits_per_second":	18777853.3621309,
					"retransmits":	0,
					"snd_cwnd":	587888,
					"snd_wnd":	1198720,
					"rtt":	323119,
					"rttvar":	17583,
					"pmtu":	1500,
					"omitted":	false,
					"sender":	true
				}],
			"sum":	{
				"start":	11.000719,
				"end":	12.000092,
				"seconds":	0.99937301874160767,
				"bytes":	2345760,
				"bits_per_second":	18777853.3621309,
				"retransmits":	0,
				"omitted":	false,