{
	"start":	{
		"connected":	[{
				"socket":	5,
				"local_host":	"129.93.240.12",
				"local_port":	49570,
				"remote_host":	"10.53.1.2",
				"remote_port":	55002
			}],
		"version":	"iperf 3.12",
		"system_info":	"Linux rpi2 6.6.74+rpt-rpi-v8 #1 SMP PREEMPT Debian 1:6.6.74-1+rpt1 (2025-01-27) aarch64",
		"timestamp":	{
			"time":	"Thu, 15 May 2025 18:57:21 GMT",
			"timesecs":	1747335441
		},
		"connecting_to":	{
			"host":	"10.53.1.2",
			"port":	55002
		},
		"cookie":	"666kbpvmplm5wb2theirfcfgqjdwqahtld3q",
		"tcp_mss_default":	1448,
		"target_bitrate":	0,
		"sock_bufsize":	0,
		"sndbuf_actual":	16384,
		"rcvbuf_actual":	131072,
		"test_start":	{
			"protocol":	"TCP",
			"num_streams":	1,
			"blksize":	131072,
			"omit":	0,
			"duration":	20,
			"bytes":	0,
			"blocks":	0,
			"reverse":	0,
			"tos":	0,
			"target_bitrate":	0
		}
	},
	"intervals":	[{
			"streams":	[{
					"socket":	5,
					"start":	0,
					"end":	1.000137,
					"seconds":	1.0001369714736938,
					"bytes":	1505920,
					"bits_per_second":	12045710.081338471,
					"retransmits":	0,
					"snd_cwnd":	92672,
					"snd_wnd":	1303296,
					"rtt":	84055,
					"rttvar":	5498,
					"pmtu":	1500,
					"omitted":	false,
					"sender":	true
				}],
			"sum":	{
				"start":	0,
				"end":	1.000137,
				"seconds":	1.0001369714736938,
				"bytes":	1505920,
				"bits_per_second":	12045710.081338471,
				"retransmits":	0,
				"omitted":	false,
				"sender":	true
			}
		}, {
			"streams":	[{
					"socket":	5,
					"start":	1.000137,
					"end":	2.000156,
					"seconds":	1.0000189542770386,
					"bytes":	3779280,
					"bits_per_second":	30233666.942700878,
					"retransmits":	0,
					"snd_cwnd":	251952,
					"snd_wnd":	1303296,
					"rtt":	80340,
					"rttvar":	2848,
					"pmtu":	1500,
					"omitted":	false,
					"sender":	true
				}],
			"sum":	{
				"start":	1.000137,
				"end":	2.000156,
				"seconds":	1.0000189542770386,
				"bytes":	3779280,
				"bits_per_second":	30233666.942700878,
				"retransmits":	0,
				"omitted":	false,
				"sender":	true
			}
		}, {
			"streams":	[{
					"socket":	5,
					"start":	2.000156,
					"end":	3.000098,
					"seconds":	0.99994200468063354,
					"bytes":	4039920,
					"bits_per_second":	32321234.480316006,
					"retransmits":	0,
					"snd_cwnd":	402544,
					"snd_wnd":	1303296,
					"rtt":	124243,
					"rttvar":	2813,
					"pmtu":	1500,
					"omitted":	false,
					"sender":	true
				}],
			"sum":	{
				"start":	2.000156,
				"end":	3.000098,
				"seconds":	0.99994200468063354,
				"bytes":	4039920,
				"bits_per_second":	32321234.480316006,
				"retransmits":	0,
				"omitted":	false,
				"sender":	true
			}
		}, {
			"streams":	[{
					"socket":	5,
					"start":	3.000098,
					"end":	4.000104,
					"seconds":	1.0000059604644775,
					"bytes":	4105080,
					"bits_per_second":	32840444.255698588,
					"retransmits":	0,
					"snd_cwnd":	560376,
					"snd_wnd":	1451776,
					"rtt":	161043,
					"rttvar":	5972,
					"pmtu":	1500,
					"omitted":	false,
					"sender":	true
				}],
			"sum":	{
				"start":	3.000098,
				"end":	4.000104,
				"seconds":	1.0000059604644775,
				"bytes":	4105080,
				"bits_per_second":	32840444.255698588,
				"retransmits":	0,
				"omitted":	false,
				"sender":	true
			}
		}, {
			"streams":	[{
					"socket":	5,
					"start":	4.000104,
					"end":	5.000212,
					"seconds":	1.000108003616333,
					"bytes":	3740232,
					"bits_per_second":	29918624.680338815,
					"retransmits":	0,
					"snd_cwnd":	690696,
					"snd_wnd":	1451776,
					"rtt":	136845,
					"rttvar":	2455,
					"pmtu":	1500,
					"omitted":	false,
					"sender":	true
				}],
			"sum":	{
				"start":	4.000104,
				"end":	5.000212,
				"seconds":	1.000108003616333,
				"bytes":	3740232,
				"bits_per_second":	29918624.680338815,
				"retransmits":	0,
				"omitted":	false,
				"sender":	true
			}
		}, {
			"streams":	[{
					"socket":	5,
					"start":	5.000212,
					"end":	6.00011,
					"seconds":	0.99989801645278931,
					"bytes":	3932160,
					"bits_per_second":	31460488.452209339,
					"retransmits":	0,
					"snd_cwnd":	690696,
					"snd_wnd":	1451776,
					"rtt":	161960,
					"rttvar":	4661,
					"pmtu":	1500,
					"omitted":	false,
					"sender":	true
				}],
			"sum":	{
				"start":	5.000212,
				"end":	6.00011,
				"seconds":	0.99989801645278931,
				"bytes":	3932160,
				"bits_per_second":	31460488.452209339,
				"retransmits":	0,
				"omitted":	false,
				"sender":	true
			}
		}, {
			"streams":	[{
					"socket":	5,
					"start":	6.00011,
					"end":	7.000298,
					"seconds":	1.0001879930496216,
					"bytes":	2621440,
					"bits_per_second":	20967578.241023291,
					"retransmits":	0,
					"snd_cwnd":	690696,
					"snd_wnd":	1451776,
					"rtt":	175305,
					"rttvar":	5253,
					"pmtu":	1500,
					"omitted":	false,
					"sender":	true
				}],
			"sum":	{
				"start":	6.00011,
				"end":	7.000298,
				"seconds":	1.0001879930496216,
				"bytes":	2621440,
				"bits_per_second":	20967578.241023291,
				"retransmits":	0,
				"omitted":	false,
				"sender":	true
			}
		}, {
			"streams":	[{
					"socket":	5,
					"start":	7.000298,
					"end":	8.000471,
					"seconds":	1.0001729726791382,
					"bytes":	2621440,
					"bits_per_second":	20967893.12734988,
					"retransmits":	0,
					"snd_cwnd":	690696,
					"snd_wnd":	1451776,
					"rtt":	182943,
					"rttvar":	4426,
					"pmtu":	1500,
					"omitted":	false,
					"sender":	true
				}],
			"sum":	{
				"start":	7.000298,
				"end":	8.000471,
				"seconds":	1.0001729726791382,
				"bytes":	2621440,
				"bits_per_second":	20967893.12734988,
				"retransmits":	0,
				"omitted":	false,
				"sender":	true
			}
		}, {
			"streams":	[{
					"socket":	5,
					"start":	8.000471,
					"end":	9.000125,
					"seconds":	0.999653995037079,
					"bytes":	3932160,
					"bits_per_second":	31468168.142351292,
					"retransmits":	0,
					"snd_cwnd":	690696,
					"snd_wnd":	1451776,
					"rtt":	104010,
					"rttvar":	3212,
					"pmtu":	1500,
					"omitted":	false,
					"sender":	true
				}],
			"sum":	{
				"start":	8.000471,
				"end":	9.000125,
				"seconds":	0.999653995037079,
				"bytes":	3932160,
				"bits_per_second":	31468168.142351292,
				"retransmits":	0,
				"omitted":	false,
				"sender":	true
			}
		}, {
			"streams":	[{
					"socket":	5,
					"start":	9.000125,
					"end":	10.000417,
					"seconds":	1.00029194355011,
					"bytes":	2621440,
					"bits_per_second":	20965399.286902711,
					"retransmits":	0,
					"snd_cwnd":	724000,
					"snd_wnd":	1451776,
					"rtt":	119186,
					"rttvar":	4851,
					"pmtu":	1500,
					"omitted":	false,
					"sender":	true
				}],
			"sum":	{
				"start":	9.000125,
				"end":	10.000417,
				"seconds":	1.00029194355011,
				"bytes":	2621440,
				"bits_per_second":	20965399.286902711,
				"retransmits":	0,
				"omitted":	false,
				"sender":	true
			}
		}, {
			"streams":	[{
					"socket":	5,
					"start":	10.000417,
					"end":	11.000326,
					"seconds":	0.999908983707428,
					"bytes":	3932160,
					"bits_per_second":	31460143.385614742,
					"retransmits":	0,
					"snd_cwnd":	724000,
					"snd_wnd":	1451776,
					"rtt":	137361,
					"rttvar":	6366,
					"pmtu":	1500,
					"omitted":	false,
					"sender":	true
				}],
			"sum":	{
				"start":	10.000417,
				"end":	11.000326,
				"seconds":	0.999908983707428,
				"bytes":	3932160,
				"bits_per_second":	31460143.385614742,
				"retransmits":	0,
				"omitted":	false,
				"sender":	true
			}
		}, {
			"streams":	[{
					"socket":	5,
					"start":	11.000326,
					"end":	12.000135,
					"seconds":	0.99980902671813965,
					"bytes":	3932160,
					"bits_per_second":	31463288.647491131,
					"retransmits":	0,
					"snd_cwnd":	724000,
					"snd_wnd":	1451776,
					"rtt":	136576,
					"rttvar":	6557,
					"pmtu":	1500,
					"omitted":	false,
					"sender":	true
				}],
			"sum":	{
				"start":	11.000326,
				"end":	12.000135,
				"seconds":	0.99980902671813965,
				"bytes":	3932160,
				"bits_per_second":	31463288.647491131,
				"retransmits":	0,