{
	"start":	{
		"connected":	[{
				"socket":	5,
				"local_host":	"129.93.240.12",
				"local_port":	42674,
				"remote_host":	"10.53.1.2",
				"remote_port":	55002
			}],
		"version":	"iperf 3.12",
		"system_info":	"Linux rpi2 6.6.74+rpt-rpi-v8 #1 SMP PREEMPT Debian 1:6.6.74-1+rpt1 (2025-01-27) aarch64",
		"timestamp":	{
			"time":	"Wed, 14 May 2025 04:16:00 GMT",
			"timesecs":	1747196160
		},
		"connecting_to":	{
			"host":	"10.53.1.2",
			"port":	55002
		},
		"cookie":	"y5bv2rajpekbvhp235u3kk7kk4hiizhnnkat",
		"tcp_mss_default":	1448,
		"target_bitrate":	0,
		"sock_bufsize":	0,
		"sndbuf_actual":	16384,
		"rcvbuf_actual":	131072,
		"test_start":	{
			"protocol":	"TCP",
			"num_streams":	1,
			"blksize":	131072,
			"omit":	0,
			"duration":	20,
			"bytes":	0,
			"blocks":	0,
			"reverse":	0,
			"tos":	0,
			"target_bitrate":	0
		}
	},
	"intervals":	[{
			"streams":	[{
					"socket":	5,
					"start":	0,
					"end":	1.000083,
					"seconds":	1.0000829696655273,
					"bytes":	2548480,
					"bits_per_second":	20386148.568071917,
					"retransmits":	0,
					"snd_cwnd":	189688,
					"snd_wnd":	2698496,
					"rtt":	86475,
					"rttvar":	1526,
					"pmtu":	1500,
					"omitted":	false,
					"sender":	true
				}],
			"sum":	{
				"start":	0,
				"end":	1.000083,
				"seconds":	1.0000829696655273,
				"bytes":	2548480,
				"bits_per_second":	20386148.568071917,
				"retransmits":	0,
				"omitted":	false,
				"sender":	true
			}
		}, {
			"streams":	[{
					"socket":	5,
					"start":	1.000083,
					"end":	2.000079,
					"seconds":	0.9999960064888,
					"bytes":	2736720,
					"bits_per_second":	21893847.433324937,
					"retransmits":	0,
					"snd_cwnd":	296840,
					"snd_wnd":	3190656,
					"rtt":	116653,
					"rttvar":	6665,
					"pmtu":	1500,
					"omitted":	false,
					"sender":	true
				}],
			"sum":	{
				"start":	1.000083,
				"end":	2.000079,
				"seconds":	0.9999960064888,
				"bytes":	2736720,
				"bits_per_second":	21893847.433324937,
				"retransmits":	0,
				"omitted":	false,
				"sender":	true
			}
		}, {
			"streams":	[{
					"socket":	5,
					"start":	2.000079,
					"end":	3.000157,
					"seconds":	1.0000779628753662,
					"bytes":	2215440,
					"bits_per_second":	17722138.331138067,
					"retransmits":	0,
					"snd_cwnd":	389512,
					"snd_wnd":	3190656,
					"rtt":	352520,
					"rttvar":	3681,
					"pmtu":	1500,
					"omitted":	false,
					"sender":	true
				}],
			"sum":	{
				"start":	2.000079,
				"end":	3.000157,
				"seconds":	1.0000779628753662,
				"bytes":	2215440,
				"bits_per_second":	17722138.331138067,
				"retransmits":	0,
				"omitted":	false,
				"sender":	true
			}
		}, {
			"streams":	[{
					"socket":	5,
					"start":	3.000157,
					"end":	4.000169,
					"seconds":	1.0000120401382446,
					"bytes":	2736720,
					"bits_per_second":	21893496.3992767,
					"retransmits":	0,
					"snd_cwnd":	503904,
					"snd_wnd":	3190656,
					"rtt":	268293,
					"rttvar":	1617,
					"pmtu":	1500,
					"omitted":	false,
					"sender":	true
				}],
			"sum":	{
				"start":	3.000157,
				"end":	4.000169,
				"seconds":	1.0000120401382446,
				"bytes":	2736720,
				"bits_per_second":	21893496.3992767,
				"retransmits":	0,
				"omitted":	false,
				"sender":	true
			}
		}, {
			"streams":	[{
					"socket":	5,
					"start":	4.000169,
					"end":	5.000284,
					"seconds":	1.0001150369644165,
					"bytes":	2280600,
					"bits_per_second":	18242701.415006462,
					"retransmits":	0,
					"snd_cwnd":	600920,
					"snd_wnd":	3190656,
					"rtt":	223149,
					"rttvar":	10235,
					"pmtu":	1500,
					"omitted":	false,
					"sender":	true
				}],
			"sum":	{
				"start":	4.000169,
				"end":	5.000284,
				"seconds":	1.0001150369644165,
				"bytes":	2280600,
				"bits_per_second":	18242701.415006462,
				"retransmits":	0,
				"omitted":	false,
				"sender":	true
			}
		}, {
			"streams":	[{
					"socket":	5,
					"start":	5.000284,
					"end":	6.000227,
					"seconds":	0.99994301795959473,
					"bytes":	2424248,
					"bits_per_second":	19395089.171754848,
					"retransmits":	0,
					"snd_cwnd":	603816,
					"snd_wnd":	3190656,
					"rtt":	201665,
					"rttvar":	7049,
					"pmtu":	1500,
					"omitted":	false,
					"sender":	true
				}],
			"sum":	{
				"start":	5.000284,
				"end":	6.000227,
				"seconds":	0.99994301795959473,
				"bytes":	2424248,
				"bits_per_second":	19395089.171754848,
				"retransmits":	0,
				"omitted":	false,
				"sender":	true
			}
		}, {
			"streams":	[{
					"socket":	5,
					"start":	6.000227,
					"end":	7.00032,
					"seconds":	1.0000929832458496,
					"bytes":	2462752,
					"bits_per_second":	19700184.212928046,
					"retransmits":	0,
					"snd_cwnd":	603816,
					"snd_wnd":	3190656,
					"rtt":	201803,
					"rttvar":	9754,
					"pmtu":	1500,
					"omitted":	false,
					"sender":	true
				}],
			"sum":	{
				"start":	6.000227,
				"end":	7.00032,
				"seconds":	1.0000929832458496,
				"bytes":	2462752,
				"bits_per_second":	19700184.212928046,
				"retransmits":	0,
				"omitted":	false,
				"sender":	true
			}
		}, {
			"streams":	[{
					"socket":	5,
					"start":	7.00032,
					"end":	8.000167,
					"seconds":	0.99984699487686157,
					"bytes":	2410920,
					"bits_per_second":	19290311.516488958,
					"retransmits":	0,
					"snd_cwnd":	603816,
					"snd_wnd":	3190656,
					"rtt":	348794,
					"rttvar":	15965,
					"pmtu":	1500,
					"omitted":	false,
					"sender":	true
				}],
			"sum":	{
				"start":	7.00032,
				"end":	8.000167,
				"seconds":	0.99984699487686157,
				"bytes":	2410920,
				"bits_per_second":	19290311.516488958,
				"retransmits":	0,
				"omitted":	false,
				"sender":	true
			}
		}, {
			"streams":	[{
					"socket":	5,
					"start":	8.000167,
					"end":	9.000507,
					"seconds":	1.0003399848937988,
					"bytes":	1238040,
					"bits_per_second":	9900953.82526521,
					"retransmits":	0,
					"snd_cwnd":	603816,
					"snd_wnd":	3190656,
					"rtt":	221076,
					"rttvar":	3212,
					"pmtu":	1500,
					"omitted":	false,
					"sender":	true
				}],
			"sum":	{
				"start":	8.000167,
				"end":	9.000507,
				"seconds":	1.0003399848937988,
				"bytes":	1238040,
				"bits_per_second":	9900953.82526521,
				"retransmits":	0,
				"omitted":	false,
				"sender":	true
			}
		}, {
			"streams":	[{
					"socket":	5,
					"start":	9.000507,
					"end":	10.000239,
					"seconds":	0.99973201751709,
					"bytes":	2476080,
					"bits_per_second":	19813949.791461375,
					"retransmits":	0,
					"snd_cwnd":	603816,
					"snd_wnd":	3190656,
					"rtt":	221761,
					"rttvar":	9421,
					"pmtu":	1500,
					"omitted":	false,
					"sender":	true
				}],
			"sum":	{
				"start":	9.000507,
				"end":	10.000239,
				"seconds":	0.99973201751709,
				"bytes":	2476080,
				"bits_per_second":	19813949.791461375,
				"retransmits":	0,
				"omitted":	false,
				"sender":	true
			}
		}, {
			"streams":	[{
					"socket":	5,
					"start":	10.000239,
					"end":	11.000322,
					"seconds":	1.0000829696655273,
					"bytes":	2422256,
					"bits_per_second":	19376440.343225613,
					"retransmits":	0,
					"snd_cwnd":	770336,
					"snd_wnd":	3190656,
					"rtt":	179733,
					"rttvar":	10064,
					"pmtu":	1500,
					"omitted":	false,
					"sender":	true
				}],
			"sum":	{
				"start":	10.000239,
				"end":	11.000322,
				"seconds":	1.0000829696655273,
				"bytes":	2422256,
				"bits_per_second":	19376440.343225613,
				"retransmits":	0,
				"omitted":	false,
				"sender":	true
			}
		}, {
			"streams":	[{
					"socket":	5,
					"start":	11.000322,
					"end":	12.000214,
					"seconds":	0.999891996383667,
					"bytes":	2621440,
					"bits_per_second":	20973785.244654614,
					"retransmits":	0,
					"snd_cwnd":	770336,
					"snd_wnd":	3190656,
					"rtt":	142239,
					"rttvar":	21118,
					"pmtu":	1500,
					"omitted":	false,
					"sender":	true
				}],
			"sum":	{
				"start":	11.000322,
				"end":	12.000214,
				"seconds":	0.999891996383667,
				"bytes":	2621440,
				"bits_per_second":	20973785.244654614,
				"retransmits":	0,