{
	"start":	{
		"connected":	[{
				"socket":	5,
				"local_host":	"129.93.240.11",
				"local_port":	43789,
				"remote_host":	"10.53.1.3",
				"remote_port":	55001
			}],
		"version":	"iperf 3.12",
		"system_info":	"Linux rpi1 6.6.51+rpt-rpi-v8 #1 SMP PREEMPT Debian 1:6.6.51-1+rpt3 (2024-10-08) aarch64",
		"timestamp":	{
			"time":	"Wed, 21 May 2025 20:57:44 GMT",
			"timesecs":	1747861064
		},
		"connecting_to":	{
			"host":	"10.53.1.3",
			"port":	55001
		},
		"cookie":	"rbsqniyuangtttvwmfwhhntiyqgnundp73t7",
		"target_bitrate":	200000000,
		"sock_bufsize":	0,
		"sndbuf_actual":	212992,
		"rcvbuf_actual":	212992,
		"test_start":	{
			"protocol":	"UDP",
			"num_streams":	1,
			"blksize":	1448,
			"omit":	0,
			"duration":	10,
			"bytes":	0,
			"blocks":	0,
			"reverse":	0,
			"tos":	0,
			"target_bitrate":	200000000
		}
	},
	"intervals":	[{
			"streams":	[{
					"socket":	5,
					"start":	0,
					"end":	1.000082,
					"seconds":	1.0000820159912109,
					"bytes":	3079896,
					"bits_per_second":	24637147.359938666,
					"packets":	2127,
					"omitted":	false,
					"sender":	true
				}],
			"sum":	{
				"start":	0,
				"end":	1.000082,
				"seconds":	1.0000820159912109,
				"bytes":	3079896,
				"bits_per_second":	24637147.359938666,
				"packets":	2127,
				"omitted":	false,
				"sender":	true
			}
		}, {
			"streams":	[{
					"socket":	5,
					"start":	1.000082,
					"end":	2.000081,
					"seconds":	0.99999898672103882,
					"bytes":	2583232,
					"bits_per_second":	20665876.940298319,
					"packets":	1784,
					"omitted":	false,
					"sender":	true
				}],
			"sum":	{
				"start":	1.000082,
				"end":	2.000081,
				"seconds":	0.99999898672103882,
				"bytes":	2583232,
				"bits_per_second":	20665876.940298319,
				"packets":	1784,
				"omitted":	false,
				"sender":	true
			}
		}, {
			"streams":	[{
					"socket":	5,
					"start":	2.000081,
					"end":	3.000081,
					"seconds":	1,
					"bytes":	2507936,
					"bits_per_second":	20063488,
					"packets":	1732,
					"omitted":	false,
					"sender":	true
				}],
			"sum":	{
				"start":	2.000081,
				"end":	3.000081,
				"seconds":	1,
				"bytes":	2507936,
				"bits_per_second":	20063488,
				"packets":	1732,
				"omitted":	false,
				"sender":	true
			}
		}, {
			"streams":	[{
					"socket":	5,
					"start":	3.000081,
					"end":	4.000082,
					"seconds":	1.0000009536743164,
					"bytes":	2512280,
					"bits_per_second":	20098220.832842987,
					"packets":	1735,
					"omitted":	false,
					"sender":	true
				}],
			"sum":	{
				"start":	3.000081,
				"end":	4.000082,
				"seconds":	1.0000009536743164,
				"bytes":	2512280,
				"bits_per_second":	20098220.832842987,
				"packets":	1735,
				"omitted":	false,
				"sender":	true
			}
		}, {
			"streams":	[{
					"socket":	5,
					"start":	4.000082,
					"end":	5.000023,
					"seconds":	0.99994099140167236,
					"bytes":	2523864,
					"bits_per_second":	20192103.507725276,
					"packets":	1743,
					"omitted":	false,
					"sender":	true
				}],
			"sum":	{
				"start":	4.000082,
				"end":	5.000023,
				"seconds":	0.99994099140167236,
				"bytes":	2523864,
				"bits_per_second":	20192103.507725276,
				"packets":	1743,
				"omitted":	false,
				"sender":	true
			}
		}, {
			"streams":	[{
					"socket":	5,
					"start":	5.000023,
					"end":	6.000081,
					"seconds":	1.0000580549240112,
					"bytes":	2798984,
					"bits_per_second":	22390572.117037177,
					"packets":	1933,
					"omitted":	false,
					"sender":	true
				}],
			"sum":	{
				"start":	5.000023,
				"end":	6.000081,
				"seconds":	1.0000580549240112,
				"bytes":	2798984,
				"bits_per_second":	22390572.117037177,
				"packets":	1933,
				"omitted":	false,
				"sender":	true
			}
		}, {
			"streams":	[{
					"socket":	5,
					"start":	6.000081,
					"end":	7.000084,
					"seconds":	1.0000029802322388,
					"bytes":	2581784,
					"bits_per_second":	20654210.445656162,
					"packets":	1783,
					"omitted":	false,
					"sender":	true
				}],
			"sum":	{
				"start":	6.000081,
				"end":	7.000084,
				"seconds":	1.0000029802322388,
				"bytes":	2581784,
				"bits_per_second":	20654210.445656162,
				"packets":	1783,
				"omitted":	false,
				"sender":	true
			}
		}, {
			"streams":	[{
					"socket":	5,
					"start":	7.000084,
					"end":	8.00008,
					"seconds":	0.9999960064888,
					"bytes":	2557168,
					"bits_per_second":	20457425.696958642,
					"packets":	1766,
					"omitted":	false,
					"sender":	true
				}],
			"sum":	{
				"start":	7.000084,
				"end":	8.00008,
				"seconds":	0.9999960064888,
				"bytes":	2557168,
				"bits_per_second":	20457425.696958642,
				"packets":	1766,
				"omitted":	false,
				"sender":	true
			}
		}, {
			"streams":	[{
					"socket":	5,
					"start":	8.00008,
					"end":	9.00008,
					"seconds":	1,
					"bytes":	2772920,
					"bits_per_second":	22183360,
					"packets":	1915,
					"omitted":	false,
					"sender":	true
				}],
			"sum":	{
				"start":	8.00008,
				"end":	9.00008,
				"seconds":	1,
				"bytes":	2772920,
				"bits_per_second":	22183360,
				"packets":	1915,
				"omitted":	false,
				"sender":	true
			}
		}, {
			"streams":	[{
					"socket":	5,
					"start":	9.00008,
					"end":	10.0001,
					"seconds":	1.0000200271606445,
					"bytes":	2564408,
					"bits_per_second":	20514853.145740449,
					"packets":	1771,
					"omitted":	false,
					"sender":	true
				}],
			"sum":	{
				"start":	9.00008,
				"end":	10.0001,
				"seconds":	1.0000200271606445,
				"bytes":	2564408,
				"bits_per_second":	20514853.145740449,
				"packets":	1771,
				"omitted":	false,
				"sender":	true
			}
		}],
	"end":	{
		"streams":	[{
				"udp":	{
					"socket":	5,
					"start":	0,
					"end":	10.0001,
					"seconds":	10.0001,
					"bytes":	26482472,
					"bits_per_second":	21185765.742342576,
					"jitter_ms":	0.55351447070850635,
					"lost_packets":	0,
					"packets":	18289,
					"lost_percent":	0,
					"out_of_order":	0,
					"sender":	true
				}
			}],
		"sum":	{
			"start":	0,
			"end":	10.179889,
			"seconds":	10.179889,
			"bytes":	26482472,
			"bits_per_second":	21185765.742342576,
			"jitter_ms":	0.55351447070850635,
			"lost_packets":	0,
			"packets":	18289,
			"lost_percent":	0,
			"sender":	true
		},
		"sum_sent":	{
			"start":	0,
			"end":	10.0001,
			"seconds":	10.0001,
			"bytes":	26482472,
			"bits_per_second":	21185765.742342576,
			"jitter_ms":	0,
			"lost_packets":	0,
			"packets":	18289,
			"lost_percent":	0,
			"sender":	true
		},
		"sum_received":	{
			"start":	0,
			"end":	10.179889,
			"seconds":	10.179889,
			"bytes":	26482472,
			"bits_per_second":	20811599.812139407,
			"jitter_ms":	0.55351447070850635,
			"lost_packets":	0,
			"packets":	18289,
			"lost_percent":	0,
			"sender":	false
		},
		"cpu_utilization_percent":	{
			"host_total":	7.7403747864444563,
			"host_user":	0.622977589451787,
			"host_system":	7.11739719699267,
			"remote_total":	1.1814559616860563,
			"remote_user":	0.16290931037907358,
			"remote_system":	1.0185466513069827
		}
	}
}
