{
	"start":	{
		"connected":	[{
				"socket":	5,
				"local_host":	"129.93.240.12",
				"local_port":	44906,
				"remote_host":	"10.53.1.3",
				"remote_port":	55002
			}],
		"version":	"iperf 3.12",
		"system_info":	"Linux rpi2 6.6.74+rpt-rpi-v8 #1 SMP PREEMPT Debian 1:6.6.74-1+rpt1 (2025-01-27) aarch64",
		"timestamp":	{
			"time":	"Thu, 22 May 2025 22:59:19 GMT",
			"timesecs":	1747954759
		},
		"connecting_to":	{
			"host":	"10.53.1.3",
			"port":	55002
		},
		"cookie":	"eq4a3dt3hza47oam5qth3jxevpd4ox2wwhan",
		"tcp_mss_default":	1448,
		"target_bitrate":	0,
		"sock_bufsize":	0,
		"sndbuf_actual":	16384,
		"rcvbuf_actual":	131072,
		"test_start":	{
			"protocol":	"TCP",
			"num_streams":	1,
			"blksize":	131072,
			"omit":	0,
			"duration":	10,
			"bytes":	0,
			"blocks":	0,
			"reverse":	0,
			"tos":	0,
			"target_bitrate":	0
		}
	},
	"intervals":	[{
			"streams":	[{
					"socket":	5,
					"start":	0,
					"end":	1.000111,
					"seconds":	1.0001109838485718,
					"bytes":	2303768,
					"bits_per_second":	18428098.778675683,
					"retransmits":	0,
					"snd_cwnd":	124528,
					"snd_wnd":	587520,
					"rtt":	54302,
					"rttvar":	1857,
					"pmtu":	1500,
					"omitted":	false,
					"sender":	true
				}],
			"sum":	{
				"start":	0,
				"end":	1.000111,
				"seconds":	1.0001109838485718,
				"bytes":	2303768,
				"bits_per_second":	18428098.778675683,
				"retransmits":	0,
				"omitted":	false,
				"sender":	true
			}
		}, {
			"streams":	[{
					"socket":	5,
					"start":	1.000111,
					"end":	2.000199,
					"seconds":	1.0000879764556885,
					"bytes":	2736720,
					"bits_per_second":	21891834.034033164,
					"retransmits":	0,
					"snd_cwnd":	243264,
					"snd_wnd":	587520,
					"rtt":	97336,
					"rttvar":	2279,
					"pmtu":	1500,
					"omitted":	false,
					"sender":	true
				}],
			"sum":	{
				"start":	1.000111,
				"end":	2.000199,
				"seconds":	1.0000879764556885,
				"bytes":	2736720,
				"bits_per_second":	21891834.034033164,
				"retransmits":	0,
				"omitted":	false,
				"sender":	true
			}
		}, {
			"streams":	[{
					"socket":	5,
					"start":	2.000199,
					"end":	3.000149,
					"seconds":	0.99994999170303345,
					"bytes":	3062520,
					"bits_per_second":	24501385.2725508,
					"retransmits":	0,
					"snd_cwnd":	356208,
					"snd_wnd":	1039488,
					"rtt":	139658,
					"rttvar":	6723,
					"pmtu":	1500,
					"omitted":	false,
					"sender":	true
				}],
			"sum":	{
				"start":	2.000199,
				"end":	3.000149,
				"seconds":	0.99994999170303345,
				"bytes":	3062520,
				"bits_per_second":	24501385.2725508,
				"retransmits":	0,
				"omitted":	false,
				"sender":	true
			}
		}, {
			"streams":	[{
					"socket":	5,
					"start":	3.000149,
					"end":	4.000343,
					"seconds":	1.0001939535140991,
					"bytes":	2541240,
					"bits_per_second":	20325977.705196578,
					"retransmits":	0,
					"snd_cwnd":	476392,
					"snd_wnd":	1253888,
					"rtt":	191359,
					"rttvar":	4113,
					"pmtu":	1500,
					"omitted":	false,
					"sender":	true
				}],
			"sum":	{
				"start":	3.000149,
				"end":	4.000343,
				"seconds":	1.0001939535140991,
				"bytes":	2541240,
				"bits_per_second":	20325977.705196578,
				"retransmits":	0,
				"omitted":	false,
				"sender":	true
			}
		}, {
			"streams":	[{
					"socket":	5,
					"start":	4.000343,
					"end":	5.000212,
					"seconds":	0.99986898899078369,
					"bytes":	3380456,
					"bits_per_second":	27047191.479852241,
					"retransmits":	0,
					"snd_cwnd":	587888,
					"snd_wnd":	1253888,
					"rtt":	209621,
					"rttvar":	8157,
					"pmtu":	1500,
					"omitted":	false,
					"sender":	true
				}],
			"sum":	{
				"start":	4.000343,
				"end":	5.000212,
				"seconds":	0.99986898899078369,
				"bytes":	3380456,
				"bits_per_second":	27047191.479852241,
				"retransmits":	0,
				"omitted":	false,
				"sender":	true
			}
		}, {
			"streams":	[{
					"socket":	5,
					"start":	5.000212,
					"end":	6.000152,
					"seconds":	0.99993997812271118,
					"bytes":	2490368,
					"bits_per_second":	19924139.884279221,
					"retransmits":	0,
					"snd_cwnd":	626984,
					"snd_wnd":	1253888,
					"rtt":	176697,
					"rttvar":	7618,
					"pmtu":	1500,
					"omitted":	false,
					"sender":	true
				}],
			"sum":	{
				"start":	5.000212,
				"end":	6.000152,
				"seconds":	0.99993997812271118,
				"bytes":	2490368,
				"bits_per_second":	19924139.884279221,
				"retransmits":	0,
				"omitted":	false,
				"sender":	true
			}
		}, {
			"streams":	[{
					"socket":	5,
					"start":	6.000152,
					"end":	7.000621,
					"seconds":	1.0004689693450928,
					"bytes":	1296776,
					"bits_per_second":	10369345.095021747,
					"retransmits":	0,
					"snd_cwnd":	661736,
					"snd_wnd":	1253888,
					"rtt":	204090,
					"rttvar":	11567,
					"pmtu":	1500,
					"omitted":	false,
					"sender":	true
				}],
			"sum":	{
				"start":	6.000152,
				"end":	7.000621,
				"seconds":	1.0004689693450928,
				"bytes":	1296776,
				"bits_per_second":	10369345.095021747,
				"retransmits":	0,
				"omitted":	false,
				"sender":	true
			}
		}, {
			"streams":	[{
					"socket":	5,
					"start":	7.000621,
					"end":	8.00064,
					"seconds":	1.0000189542770386,
					"bytes":	2504312,
					"bits_per_second":	20034116.267810035,
					"retransmits":	0,
					"snd_cwnd":	680560,
					"snd_wnd":	1253888,
					"rtt":	272267,
					"rttvar":	3126,
					"pmtu":	1500,
					"omitted":	false,
					"sender":	true
				}],
			"sum":	{
				"start":	7.000621,
				"end":	8.00064,
				"seconds":	1.0000189542770386,
				"bytes":	2504312,
				"bits_per_second":	20034116.267810035,
				"retransmits":	0,
				"omitted":	false,
				"sender":	true
			}
		}, {
			"streams":	[{
					"socket":	5,
					"start":	8.00064,
					"end":	9.000839,
					"seconds":	1.00019896030426,
					"bytes":	1310720,
					"bits_per_second":	10483674.164998367,
					"retransmits":	0,
					"snd_cwnd":	680560,
					"snd_wnd":	1253888,
					"rtt":	230050,
					"rttvar":	31862,
					"pmtu":	1500,
					"omitted":	false,
					"sender":	true
				}],
			"sum":	{
				"start":	8.00064,
				"end":	9.000839,
				"seconds":	1.00019896030426,
				"bytes":	1310720,
				"bits_per_second":	10483674.164998367,
				"retransmits":	0,
				"omitted":	false,
				"sender":	true
			}
		}, {
			"streams":	[{
					"socket":	5,
					"start":	9.000839,
					"end":	10.000418,
					"seconds":	0.99957901239395142,
					"bytes":	2621440,
					"bits_per_second":	20980352.468359709,
					"retransmits":	0,
					"snd_cwnd":	680560,
					"snd_wnd":	1253888,
					"rtt":	254732,
					"rttvar":	11667,
					"pmtu":	1500,
					"omitted":	false,
					"sender":	true
				}],
			"sum":	{
				"start":	9.000839,
				"end":	10.000418,
				"seconds":	0.99957901239395142,
				"bytes":	2621440,
				"bits_per_second":	20980352.468359709,
				"retransmits":	0,
				"omitted":	false,
				"sender":	true
			}
		}],
	"end":	{
		"streams":	[{
				"sender":	{
					"socket":	5,
					"start":	0,
					"end":	10.000418,
					"seconds":	10.000418,
					"bytes":	24248320,
					"bits_per_second":	19397845.170071892,
					"retransmits":	0,
					"max_snd_cwnd":	680560,
					"max_snd_wnd":	1253888,
					"max_rtt":	272267,
					"min_rtt":	54302,
					"mean_rtt":	183011,
					"sender":	true
				},
				"receiver":	{
					"socket":	5,
					"start":	0,
					"end":	10.264821,
					"seconds":	10.000418,
					"bytes":	21495808,
					"bits_per_second":	16752991.990800425,
					"sender":	true
				}
			}],
		"sum_sent":	{
			"start":	0,
			"end":	10.000418,
			"seconds":	10.000418,
			"bytes":	24248320,
			"bits_per_second":	19397845.170071892,
			"retransmits":	0,
			"sender":	true
		},
		"sum_received":	{
			"start":	0,
			"end":	10.264821,
			"seconds":	10.264821,
			"bytes":	21495808,
			"bits_per_second":	16752991.990800425,
			"sender":	true
		},
		"cpu_utilization_percent":	{
			"host_total":	0.67902646307258363,
			"host_user":	0.18976307090052066,
			"host_system":	0.48925349166228571,
			"remote_total":	0.48500550228196626,
			"remote_user":	0.0582474218769484,