{
	"start":	{
		"connected":	[{
				"socket":	5,
				"local_host":	"129.93.240.12",
				"local_port":	56028,
				"remote_host":	"10.53.1.3",
				"remote_port":	55002
			}],
		"version":	"iperf 3.12",
		"system_info":	"Linux rpi2 6.6.74+rpt-rpi-v8 #1 SMP PREEMPT Debian 1:6.6.74-1+rpt1 (2025-01-27) aarch64",
		"timestamp":	{
			"time":	"Thu, 22 May 2025 23:22:03 GMT",
			"timesecs":	1747956123
		},
		"connecting_to":	{
			"host":	"10.53.1.3",
			"port":	55002
		},
		"cookie":	"hklttfqkgmnvixrqmltqi6duyqbp7vpyqk2d",
		"tcp_mss_default":	1448,
		"target_bitrate":	0,
		"sock_bufsize":	0,
		"sndbuf_actual":	16384,
		"rcvbuf_actual":	131072,
		"test_start":	{
			"protocol":	"TCP",
			"num_streams":	1,
			"blksize":	131072,
			"omit":	0,
			"duration":	10,
			"bytes":	0,
			"blocks":	0,
			"reverse":	0,
			"tos":	0,
			"target_bitrate":	0
		}
	},
	"intervals":	[{
			"streams":	[{
					"socket":	5,
					"start":	0,
					"end":	1.000095,
					"seconds":	1.000095009803772,
					"bytes":	2848216,
					"bits_per_second":	22783563.33811802,
					"retransmits":	0,
					"snd_cwnd":	149144,
					"snd_wnd":	785024,
					"rtt":	30955,
					"rttvar":	1378,
					"pmtu":	1500,
					"omitted":	false,
					"sender":	true
				}],
			"sum":	{
				"start":	0,
				"end":	1.000095,
				"seconds":	1.000095009803772,
				"bytes":	2848216,
				"bits_per_second":	22783563.33811802,
				"retransmits":	0,
				"omitted":	false,
				"sender":	true
			}
		}, {
			"streams":	[{
					"socket":	5,
					"start":	1.000095,
					"end":	2.001162,
					"seconds":	1.001067042350769,
					"bytes":	6906960,
					"bits_per_second":	55196782.695237987,
					"retransmits":	0,
					"snd_cwnd":	414128,
					"snd_wnd":	833280,
					"rtt":	68801,
					"rttvar":	693,
					"pmtu":	1500,
					"omitted":	false,
					"sender":	true
				}],
			"sum":	{
				"start":	1.000095,
				"end":	2.001162,
				"seconds":	1.001067042350769,
				"bytes":	6906960,
				"bits_per_second":	55196782.695237987,
				"retransmits":	0,
				"omitted":	false,
				"sender":	true
			}
		}, {
			"streams":	[{
					"socket":	5,
					"start":	2.001162,
					"end":	3.000128,
					"seconds":	0.99896597862243652,
					"bytes":	6890968,
					"bits_per_second":	55184806.269399256,
					"retransmits":	0,
					"snd_cwnd":	660288,
					"snd_wnd":	1144192,
					"rtt":	61339,
					"rttvar":	3298,
					"pmtu":	1500,
					"omitted":	false,
					"sender":	true
				}],
			"sum":	{
				"start":	2.001162,
				"end":	3.000128,
				"seconds":	0.99896597862243652,
				"bytes":	6890968,
				"bits_per_second":	55184806.269399256,
				"retransmits":	0,
				"omitted":	false,
				"sender":	true
			}
		}, {
			"streams":	[{
					"socket":	5,
					"start":	3.000128,
					"end":	4.000139,
					"seconds":	1.0000109672546387,
					"bytes":	7864320,
					"bits_per_second":	62913870.007567324,
					"retransmits":	0,
					"snd_cwnd":	706624,
					"snd_wnd":	1144192,
					"rtt":	54159,
					"rttvar":	726,
					"pmtu":	1500,
					"omitted":	false,
					"sender":	true
				}],
			"sum":	{
				"start":	3.000128,
				"end":	4.000139,
				"seconds":	1.0000109672546387,
				"bytes":	7864320,
				"bits_per_second":	62913870.007567324,
				"retransmits":	0,
				"omitted":	false,
				"sender":	true
			}
		}, {
			"streams":	[{
					"socket":	5,
					"start":	4.000139,
					"end":	5.000093,
					"seconds":	0.9999539852142334,
					"bytes":	10485760,
					"bits_per_second":	83889940.177625254,
					"retransmits":	0,
					"snd_cwnd":	742824,
					"snd_wnd":	1385344,
					"rtt":	56267,
					"rttvar":	563,
					"pmtu":	1500,
					"omitted":	false,
					"sender":	true
				}],
			"sum":	{
				"start":	4.000139,
				"end":	5.000093,
				"seconds":	0.9999539852142334,
				"bytes":	10485760,
				"bits_per_second":	83889940.177625254,
				"retransmits":	0,
				"omitted":	false,
				"sender":	true
			}
		}, {
			"streams":	[{
					"socket":	5,
					"start":	5.000093,
					"end":	6.000103,
					"seconds":	1.0000100135803223,
					"bytes":	10485760,
					"bits_per_second":	83885240.0084113,
					"retransmits":	0,
					"snd_cwnd":	825360,
					"snd_wnd":	1385344,
					"rtt":	41496,
					"rttvar":	113,
					"pmtu":	1500,
					"omitted":	false,
					"sender":	true
				}],
			"sum":	{
				"start":	5.000093,
				"end":	6.000103,
				"seconds":	1.0000100135803223,
				"bytes":	10485760,
				"bits_per_second":	83885240.0084113,
				"retransmits":	0,
				"omitted":	false,
				"sender":	true
			}
		}, {
			"streams":	[{
					"socket":	5,
					"start":	6.000103,
					"end":	7.000126,
					"seconds":	1.0000230073928833,
					"bytes":	10485760,
					"bits_per_second":	83884150.04440324,
					"retransmits":	0,
					"snd_cwnd":	825360,
					"snd_wnd":	1387264,
					"rtt":	43378,
					"rttvar":	314,
					"pmtu":	1500,
					"omitted":	false,
					"sender":	true
				}],
			"sum":	{
				"start":	6.000103,
				"end":	7.000126,
				"seconds":	1.0000230073928833,
				"bytes":	10485760,
				"bits_per_second":	83884150.04440324,
				"retransmits":	0,
				"omitted":	false,
				"sender":	true
			}
		}, {
			"streams":	[{
					"socket":	5,
					"start":	7.000126,
					"end":	8.000107,
					"seconds":	0.99998098611831665,
					"bytes":	11796480,
					"bits_per_second":	94373634.4091187,
					"retransmits":	0,
					"snd_cwnd":	844184,
					"snd_wnd":	1469952,
					"rtt":	39765,
					"rttvar":	319,
					"pmtu":	1500,
					"omitted":	false,
					"sender":	true
				}],
			"sum":	{
				"start":	7.000126,
				"end":	8.000107,
				"seconds":	0.99998098611831665,
				"bytes":	11796480,
				"bits_per_second":	94373634.4091187,
				"retransmits":	0,
				"omitted":	false,
				"sender":	true
			}
		}, {
			"streams":	[{
					"socket":	5,
					"start":	8.000107,
					"end":	9.000151,
					"seconds":	1.0000439882278442,
					"bytes":	10485760,
					"bits_per_second":	83882390.162309423,
					"retransmits":	0,
					"snd_cwnd":	867352,
					"snd_wnd":	1469952,
					"rtt":	41098,
					"rttvar":	3926,
					"pmtu":	1500,
					"omitted":	false,
					"sender":	true
				}],
			"sum":	{
				"start":	8.000107,
				"end":	9.000151,
				"seconds":	1.0000439882278442,
				"bytes":	10485760,
				"bits_per_second":	83882390.162309423,
				"retransmits":	0,
				"omitted":	false,
				"sender":	true
			}
		}, {
			"streams":	[{
					"socket":	5,
					"start":	9.000151,
					"end":	10.000124,
					"seconds":	0.99997299909591675,
					"bytes":	11796480,
					"bits_per_second":	94374388.193803534,
					"retransmits":	0,
					"snd_cwnd":	867352,
					"snd_wnd":	1469952,
					"rtt":	42644,
					"rttvar":	1989,
					"pmtu":	1500,
					"omitted":	false,
					"sender":	true
				}],
			"sum":	{
				"start":	9.000151,
				"end":	10.000124,
				"seconds":	0.99997299909591675,
				"bytes":	11796480,
				"bits_per_second":	94374388.193803534,
				"retransmits":	0,
				"omitted":	false,
				"sender":	true
			}
		}],
	"end":	{
		"streams":	[{
				"sender":	{
					"socket":	5,
					"start":	0,
					"end":	10.000124,
					"seconds":	10.000124,
					"bytes":	90046464,
					"bits_per_second":	72036277.950153425,
					"retransmits":	0,
					"max_snd_cwnd":	867352,
					"max_snd_wnd":	1469952,
					"max_rtt":	68801,
					"min_rtt":	30955,
					"mean_rtt":	47990,
					"sender":	true
				},
				"receiver":	{
					"socket":	5,
					"start":	0,
					"end":	10.04151,
					"seconds":	10.000124,
					"bytes":	86769664,
					"bits_per_second":	69128777.643999755,
					"sender":	true
				}
			}],
		"sum_sent":	{
			"start":	0,
			"end":	10.000124,
			"seconds":	10.000124,
			"bytes":	90046464,
			"bits_per_second":	72036277.950153425,
			"retransmits":	0,
			"sender":	true
		},
		"sum_received":	{
			"start":	0,
			"end":	10.04151,
			"seconds":	10.04151,
			"bytes":	86769664,
			"bits_per_second":	69128777.643999755,
			"sender":	true
		},
		"cpu_utilization_percent":	{
			"host_total":	1.045176116337339,
			"host_user":	0.16709444750002184,
			"host_system":	0.87806182742575145,
			"remote_total":	2.136588244631815,
			"remote_user":	0.21691928604854063,