{
	"start":	{
		"connected":	[{
				"socket":	5,
				"local_host":	"129.93.240.13",
				"local_port":	53960,
				"remote_host":	"10.53.1.3",
				"remote_port":	55001
			}],
		"version":	"iperf 3.12",
		"system_info":	"Linux rpi1 6.6.51+rpt-rpi-v8 #1 SMP PREEMPT Debian 1:6.6.51-1+rpt3 (2024-10-08) aarch64",
		"timestamp":	{
			"time":	"Thu, 22 May 2025 23:00:08 GMT",
			"timesecs":	1747954808
		},
		"connecting_to":	{
			"host":	"10.53.1.3",
			"port":	55001
		},
		"cookie":	"eif2sfxvsugbtamlpo6ar5m5ce5pguomtlyy",
		"tcp_mss_default":	1448,
		"target_bitrate":	0,
		"sock_bufsize":	0,
		"sndbuf_actual":	16384,
		"rcvbuf_actual":	131072,
		"test_start":	{
			"protocol":	"TCP",
			"num_streams":	1,
			"blksize":	131072,
			"omit":	0,
			"duration":	10,
			"bytes":	0,
			"blocks":	0,
			"reverse":	0,
			"tos":	0,
			"target_bitrate":	0
		}
	},
	"intervals":	[{
			"streams":	[{
					"socket":	5,
					"start":	0,
					"end":	1.000124,
					"seconds":	1.0001239776611328,
					"bytes":	1152608,
					"bits_per_second":	9219720.96055901,
					"retransmits":	0,
					"snd_cwnd":	89776,
					"snd_wnd":	259200,
					"rtt":	115578,
					"rttvar":	7569,
					"pmtu":	1500,
					"omitted":	false,
					"sender":	true
				}],
			"sum":	{
				"start":	0,
				"end":	1.000124,
				"seconds":	1.0001239776611328,
				"bytes":	1152608,
				"bits_per_second":	9219720.96055901,
				"retransmits":	0,
				"omitted":	false,
				"sender":	true
			}
		}, {
			"streams":	[{
					"socket":	5,
					"start":	1.000124,
					"end":	2.000187,
					"seconds":	1.0000629425048828,
					"bytes":	977400,
					"bits_per_second":	7818707.8709416557,
					"retransmits":	0,
					"snd_cwnd":	131768,
					"snd_wnd":	285696,
					"rtt":	173723,
					"rttvar":	3241,
					"pmtu":	1500,
					"omitted":	false,
					"sender":	true
				}],
			"sum":	{
				"start":	1.000124,
				"end":	2.000187,
				"seconds":	1.0000629425048828,
				"bytes":	977400,
				"bits_per_second":	7818707.8709416557,
				"retransmits":	0,
				"omitted":	false,
				"sender":	true
			}
		}, {
			"streams":	[{
					"socket":	5,
					"start":	2.000187,
					"end":	3.000209,
					"seconds":	1.0000220537185669,
					"bytes":	977400,
					"bits_per_second":	7819027.561366695,
					"retransmits":	0,
					"snd_cwnd":	172312,
					"snd_wnd":	383488,
					"rtt":	192137,
					"rttvar":	2215,
					"pmtu":	1500,
					"omitted":	false,
					"sender":	true
				}],
			"sum":	{
				"start":	2.000187,
				"end":	3.000209,
				"seconds":	1.0000220537185669,
				"bytes":	977400,
				"bits_per_second":	7819027.561366695,
				"retransmits":	0,
				"omitted":	false,
				"sender":	true
			}
		}, {
			"streams":	[{
					"socket":	5,
					"start":	3.000209,
					"end":	4.000076,
					"seconds":	0.999867022037506,
					"bytes":	1238040,
					"bits_per_second":	9905637.23145624,
					"retransmits":	0,
					"snd_cwnd":	211408,
					"snd_wnd":	420736,
					"rtt":	270857,
					"rttvar":	5662,
					"pmtu":	1500,
					"omitted":	false,
					"sender":	true
				}],
			"sum":	{
				"start":	3.000209,
				"end":	4.000076,
				"seconds":	0.999867022037506,
				"bytes":	1238040,
				"bits_per_second":	9905637.23145624,
				"retransmits":	0,
				"omitted":	false,
				"sender":	true
			}
		}, {
			"streams":	[{
					"socket":	5,
					"start":	4.000076,
					"end":	5.000533,
					"seconds":	1.0004570484161377,
					"bytes":	521280,
					"bits_per_second":	4168334.8691501236,
					"retransmits":	0,
					"snd_cwnd":	250504,
					"snd_wnd":	600832,
					"rtt":	284330,
					"rttvar":	5235,
					"pmtu":	1500,
					"omitted":	false,
					"sender":	true
				}],
			"sum":	{
				"start":	4.000076,
				"end":	5.000533,
				"seconds":	1.0004570484161377,
				"bytes":	521280,
				"bits_per_second":	4168334.8691501236,
				"retransmits":	0,
				"omitted":	false,
				"sender":	true
			}
		}, {
			"streams":	[{
					"socket":	5,
					"start":	5.000533,
					"end":	6.000341,
					"seconds":	0.99980801343917847,
					"bytes":	1107720,
					"bits_per_second":	8863461.66552214,
					"retransmits":	0,
					"snd_cwnd":	285256,
					"snd_wnd":	619264,
					"rtt":	395366,
					"rttvar":	2912,
					"pmtu":	1500,
					"omitted":	false,
					"sender":	true
				}],
			"sum":	{
				"start":	5.000533,
				"end":	6.000341,
				"seconds":	0.99980801343917847,
				"bytes":	1107720,
				"bits_per_second":	8863461.66552214,
				"retransmits":	0,
				"omitted":	false,
				"sender":	true
			}
		}, {
			"streams":	[{
					"socket":	5,
					"start":	6.000341,
					"end":	7.000669,
					"seconds":	1.0003279447555542,
					"bytes":	651600,
					"bits_per_second":	5211091.05001943,
					"retransmits":	0,
					"snd_cwnd":	322904,
					"snd_wnd":	715776,
					"rtt":	396550,
					"rttvar":	11415,
					"pmtu":	1500,
					"omitted":	false,
					"sender":	true
				}],
			"sum":	{
				"start":	6.000341,
				"end":	7.000669,
				"seconds":	1.0003279447555542,
				"bytes":	651600,
				"bits_per_second":	5211091.05001943,
				"retransmits":	0,
				"omitted":	false,
				"sender":	true
			}
		}, {
			"streams":	[{
					"socket":	5,
					"start":	7.000669,
					"end":	8.000159,
					"seconds":	0.99949002265930176,
					"bytes":	1368360,
					"bits_per_second":	10952465.509234488,
					"retransmits":	0,
					"snd_cwnd":	357656,
					"snd_wnd":	773760,
					"rtt":	482809,
					"rttvar":	6481,
					"pmtu":	1500,
					"omitted":	false,
					"sender":	true
				}],
			"sum":	{
				"start":	7.000669,
				"end":	8.000159,
				"seconds":	0.99949002265930176,
				"bytes":	1368360,
				"bits_per_second":	10952465.509234488,
				"retransmits":	0,
				"omitted":	false,
				"sender":	true
			}
		}, {
			"streams":	[{
					"socket":	5,
					"start":	8.000159,
					"end":	9.000381,
					"seconds":	1.0002219676971436,
					"bytes":	781920,
					"bits_per_second":	6253971.820277052,
					"retransmits":	0,
					"snd_cwnd":	418472,
					"snd_wnd":	853120,
					"rtt":	444846,
					"rttvar":	2043,
					"pmtu":	1500,
					"omitted":	false,
					"sender":	true
				}],
			"sum":	{
				"start":	8.000159,
				"end":	9.000381,
				"seconds":	1.0002219676971436,
				"bytes":	781920,
				"bits_per_second":	6253971.820277052,
				"retransmits":	0,
				"omitted":	false,
				"sender":	true
			}
		}, {
			"streams":	[{
					"socket":	5,
					"start":	9.000381,
					"end":	10.00074,
					"seconds":	1.000359058380127,
					"bytes":	912240,
					"bits_per_second":	7295300.561197957,
					"retransmits":	0,
					"snd_cwnd":	534312,
					"snd_wnd":	1101952,
					"rtt":	613921,
					"rttvar":	5441,
					"pmtu":	1500,
					"omitted":	false,
					"sender":	true
				}],
			"sum":	{
				"start":	9.000381,
				"end":	10.00074,
				"seconds":	1.000359058380127,
				"bytes":	912240,
				"bits_per_second":	7295300.561197957,
				"retransmits":	0,
				"omitted":	false,
				"sender":	true
			}
		}],
	"end":	{
		"streams":	[{
				"sender":	{
					"socket":	5,
					"start":	0,
					"end":	10.00074,
					"seconds":	10.00074,
					"bytes":	9688568,
					"bits_per_second":	7750280.8792149378,
					"retransmits":	0,
					"max_snd_cwnd":	534312,
					"max_snd_wnd":	1101952,
					"max_rtt":	613921,
					"min_rtt":	115578,
					"mean_rtt":	337011,
					"sender":	true
				},
				"receiver":	{
					"socket":	5,
					"start":	0,
					"end":	10.595186,
					"seconds":	10.00074,
					"bytes":	7995392,
					"bits_per_second":	6036999.82237216,
					"sender":	true
				}
			}],
		"sum_sent":	{
			"start":	0,
			"end":	10.00074,
			"seconds":	10.00074,
			"bytes":	9688568,
			"bits_per_second":	7750280.8792149378,
			"retransmits":	0,
			"sender":	true
		},
		"sum_received":	{
			"start":	0,
			"end":	10.595186,
			"seconds":	10.595186,
			"bytes":	7995392,
			"bits_per_second":	6036999.82237216,
			"sender":	true
		},
		"cpu_utilization_percent":	{
			"host_total":	1.6072904309734466,
			"host_user":	0.33725418873226931,
			"host_system":	1.2700459784976723,
			"remote_total":	0.24845210581658622,
			"remote_user":	0.020716926465104344,
			"remote_system":	0.22774461758677347
		},