{
	"start":	{
		"connected":	[{
				"socket":	5,
				"local_host":	"192.168.225.54",
				"local_port":	50082,
				"remote_host":	"192.168.26.3",
				"remote_port":	55005
			}],
		"version":	"iperf 3.12",
		"system_info":	"Linux rpi1 6.6.51+rpt-rpi-v8 #1 SMP PREEMPT Debian 1:6.6.51-1+rpt3 (2024-10-08) aarch64",
		"timestamp":	{
			"time":	"Thu, 22 May 2025 01:57:54 GMT",
			"timesecs":	1747879074
		},
		"connecting_to":	{
			"host":	"192.168.26.3",
			"port":	55005
		},
		"cookie":	"4yotho3mba5pektcqicmhhr5vuukgx2rpyc6",
		"target_bitrate":	200000000,
		"sock_bufsize":	0,
		"sndbuf_actual":	212992,
		"rcvbuf_actual":	212992,
		"test_start":	{
			"protocol":	"UDP",
			"num_streams":	1,
			"blksize":	1448,
			"omit":	0,
			"duration":	10,
			"bytes":	0,
			"blocks":	0,
			"reverse":	0,
			"tos":	0,
			"target_bitrate":	200000000
		}
	},
	"intervals":	[{
			"streams":	[{
					"socket":	5,
					"start":	0,
					"end":	1.000021,
					"seconds":	1.0000209808349609,
					"bytes":	8399848,
					"bits_per_second":	67197374.1429833,
					"packets":	5801,
					"omitted":	false,
					"sender":	true
				}],
			"sum":	{
				"start":	0,
				"end":	1.000021,
				"seconds":	1.0000209808349609,
				"bytes":	8399848,
				"bits_per_second":	67197374.1429833,
				"packets":	5801,
				"omitted":	false,
				"sender":	true
			}
		}, {
			"streams":	[{
					"socket":	5,
					"start":	1.000021,
					"end":	2.000044,
					"seconds":	1.0000230073928833,
					"bytes":	8884928,
					"bits_per_second":	71077788.685390443,
					"packets":	6136,
					"omitted":	false,
					"sender":	true
				}],
			"sum":	{
				"start":	1.000021,
				"end":	2.000044,
				"seconds":	1.0000230073928833,
				"bytes":	8884928,
				"bits_per_second":	71077788.685390443,
				"packets":	6136,
				"omitted":	false,
				"sender":	true
			}
		}, {
			"streams":	[{
					"socket":	5,
					"start":	2.000044,
					"end":	3.000076,
					"seconds":	1.0000319480895996,
					"bytes":	8631528,
					"bits_per_second":	69050017.9838386,
					"packets":	5961,
					"omitted":	false,
					"sender":	true
				}],
			"sum":	{
				"start":	2.000044,
				"end":	3.000076,
				"seconds":	1.0000319480895996,
				"bytes":	8631528,
				"bits_per_second":	69050017.9838386,
				"packets":	5961,
				"omitted":	false,
				"sender":	true
			}
		}, {
			"streams":	[{
					"socket":	5,
					"start":	3.000076,
					"end":	4.00007,
					"seconds":	0.99999397993087769,
					"bytes":	8450528,
					"bits_per_second":	67604630.9845515,
					"packets":	5836,
					"omitted":	false,
					"sender":	true
				}],
			"sum":	{
				"start":	3.000076,
				"end":	4.00007,
				"seconds":	0.99999397993087769,
				"bytes":	8450528,
				"bits_per_second":	67604630.9845515,
				"packets":	5836,
				"omitted":	false,
				"sender":	true
			}
		}, {
			"streams":	[{
					"socket":	5,
					"start":	4.00007,
					"end":	5.000068,
					"seconds":	0.99999797344207764,
					"bytes":	8544648,
					"bits_per_second":	68357322.530073524,
					"packets":	5901,
					"omitted":	false,
					"sender":	true
				}],
			"sum":	{
				"start":	4.00007,
				"end":	5.000068,
				"seconds":	0.99999797344207764,
				"bytes":	8544648,
				"bits_per_second":	68357322.530073524,
				"packets":	5901,
				"omitted":	false,
				"sender":	true
			}
		}, {
			"streams":	[{
					"socket":	5,
					"start":	5.000068,
					"end":	6.00002,
					"seconds":	0.99995201826095581,
					"bytes":	8618496,
					"bits_per_second":	68951276.4021511,
					"packets":	5952,
					"omitted":	false,
					"sender":	true
				}],
			"sum":	{
				"start":	5.000068,
				"end":	6.00002,
				"seconds":	0.99995201826095581,
				"bytes":	8618496,
				"bits_per_second":	68951276.4021511,
				"packets":	5952,
				"omitted":	false,
				"sender":	true
			}
		}, {
			"streams":	[{
					"socket":	5,
					"start":	6.00002,
					"end":	7.000069,
					"seconds":	1.0000489950180054,
					"bytes":	8363648,
					"bits_per_second":	66905905.943933614,
					"packets":	5776,
					"omitted":	false,
					"sender":	true
				}],
			"sum":	{
				"start":	6.00002,
				"end":	7.000069,
				"seconds":	1.0000489950180054,
				"bytes":	8363648,
				"bits_per_second":	66905905.943933614,
				"packets":	5776,
				"omitted":	false,
				"sender":	true
			}
		}, {
			"streams":	[{
					"socket":	5,
					"start":	7.000069,
					"end":	8.00003,
					"seconds":	0.999961018562317,
					"bytes":	8855968,
					"bits_per_second":	70850505.8545788,
					"packets":	6116,
					"omitted":	false,
					"sender":	true
				}],
			"sum":	{
				"start":	7.000069,
				"end":	8.00003,
				"seconds":	0.999961018562317,
				"bytes":	8855968,
				"bits_per_second":	70850505.8545788,
				"packets":	6116,
				"omitted":	false,
				"sender":	true
			}
		}, {
			"streams":	[{
					"socket":	5,
					"start":	8.00003,
					"end":	9.000077,
					"seconds":	1.000046968460083,
					"bytes":	8302832,
					"bits_per_second":	66419536.376656964,
					"packets":	5734,
					"omitted":	false,
					"sender":	true
				}],
			"sum":	{
				"start":	8.00003,
				"end":	9.000077,
				"seconds":	1.000046968460083,
				"bytes":	8302832,
				"bits_per_second":	66419536.376656964,
				"packets":	5734,
				"omitted":	false,
				"sender":	true
			}
		}, {
			"streams":	[{
					"socket":	5,
					"start":	9.000077,
					"end":	10.000028,
					"seconds":	0.99995100498199463,
					"bytes":	8912440,
					"bits_per_second":	71303013.4924299,
					"packets":	6155,
					"omitted":	false,
					"sender":	true
				}],
			"sum":	{
				"start":	9.000077,
				"end":	10.000028,
				"seconds":	0.99995100498199463,
				"bytes":	8912440,
				"bits_per_second":	71303013.4924299,
				"packets":	6155,
				"omitted":	false,
				"sender":	true
			}
		}],
	"end":	{
		"streams":	[{
				"udp":	{
					"socket":	5,
					"start":	0,
					"end":	10.000028,
					"seconds":	10.000028,
					"bytes":	85964864,
					"bits_per_second":	68771698.6392438,
					"jitter_ms":	1.6921586037592926,
					"lost_packets":	56345,
					"packets":	59368,
					"lost_percent":	94.908031262633074,
					"out_of_order":	0,
					"sender":	true
				}
			}],
		"sum":	{
			"start":	0,
			"end":	10.349987,
			"seconds":	10.349987,
			"bytes":	85964864,
			"bits_per_second":	68771698.6392438,
			"jitter_ms":	1.6921586037592926,
			"lost_packets":	56345,
			"packets":	59368,
			"lost_percent":	94.908031262633074,
			"sender":	true
		},
		"sum_sent":	{
			"start":	0,
			"end":	10.000028,
			"seconds":	10.000028,
			"bytes":	85964864,
			"bits_per_second":	68771698.6392438,
			"jitter_ms":	0,
			"lost_packets":	0,
			"packets":	59368,
			"lost_percent":	0,
			"sender":	true
		},
		"sum_received":	{
			"start":	0,
			"end":	10.349987,
			"seconds":	10.349987,
			"bytes":	4304904,
			"bits_per_second":	3327466.2084116624,
			"jitter_ms":	1.6921586037592926,
			"lost_packets":	56345,
			"packets":	59318,
			"lost_percent":	94.908031262633074,
			"sender":	false
		},
		"cpu_utilization_percent":	{
			"host_total":	21.670986692273818,
			"host_user":	2.1165664763256888,
			"host_system":	19.554410373100993,
			"remote_total":	0.024553907061974658,
			"remote_user":	0.0019043322940057732,
			"remote_system":	0.022645443895313772
		}
	}
}
