{
	"start":	{
		"connected":	[{
				"socket":	5,
				"local_host":	"192.168.225.54",
				"local_port":	36812,
				"remote_host":	"192.168.26.3",
				"remote_port":	55005
			}],
		"version":	"iperf 3.12",
		"system_info":	"Linux rpi1 6.6.51+rpt-rpi-v8 #1 SMP PREEMPT Debian 1:6.6.51-1+rpt3 (2024-10-08) aarch64",
		"timestamp":	{
			"time":	"Thu, 22 May 2025 01:58:27 GMT",
			"timesecs":	1747879107
		},
		"connecting_to":	{
			"host":	"192.168.26.3",
			"port":	55005
		},
		"cookie":	"6wi72a3kmsaxw7g3bgsnyivkhxqzg5wkgrl3",
		"target_bitrate":	200000000,
		"sock_bufsize":	0,
		"sndbuf_actual":	212992,
		"rcvbuf_actual":	212992,
		"test_start":	{
			"protocol":	"UDP",
			"num_streams":	1,
			"blksize":	1448,
			"omit":	0,
			"duration":	10,
			"bytes":	0,
			"blocks":	0,
			"reverse":	0,
			"tos":	0,
			"target_bitrate":	200000000
		}
	},
	"intervals":	[{
			"streams":	[{
					"socket":	5,
					"start":	0,
					"end":	1.000072,
					"seconds":	1.0000720024108887,
					"bytes":	8919680,
					"bits_per_second":	71352302.462200269,
					"packets":	6160,
					"omitted":	false,
					"sender":	true
				}],
			"sum":	{
				"start":	0,
				"end":	1.000072,
				"seconds":	1.0000720024108887,
				"bytes":	8919680,
				"bits_per_second":	71352302.462200269,
				"packets":	6160,
				"omitted":	false,
				"sender":	true
			}
		}, {
			"streams":	[{
					"socket":	5,
					"start":	1.000072,
					"end":	2.000072,
					"seconds":	1,
					"bytes":	8134864,
					"bits_per_second":	65078912,
					"packets":	5618,
					"omitted":	false,
					"sender":	true
				}],
			"sum":	{
				"start":	1.000072,
				"end":	2.000072,
				"seconds":	1,
				"bytes":	8134864,
				"bits_per_second":	65078912,
				"packets":	5618,
				"omitted":	false,
				"sender":	true
			}
		}, {
			"streams":	[{
					"socket":	5,
					"start":	2.000072,
					"end":	3.000017,
					"seconds":	0.99994498491287231,
					"bytes":	8798048,
					"bits_per_second":	70388256.4160595,
					"packets":	6076,
					"omitted":	false,
					"sender":	true
				}],
			"sum":	{
				"start":	2.000072,
				"end":	3.000017,
				"seconds":	0.99994498491287231,
				"bytes":	8798048,
				"bits_per_second":	70388256.4160595,
				"packets":	6076,
				"omitted":	false,
				"sender":	true
			}
		}, {
			"streams":	[{
					"socket":	5,
					"start":	3.000017,
					"end":	4.000087,
					"seconds":	1.0000699758529663,
					"bytes":	8877688,
					"bits_per_second":	71016534.557419628,
					"packets":	6131,
					"omitted":	false,
					"sender":	true
				}],
			"sum":	{
				"start":	3.000017,
				"end":	4.000087,
				"seconds":	1.0000699758529663,
				"bytes":	8877688,
				"bits_per_second":	71016534.557419628,
				"packets":	6131,
				"omitted":	false,
				"sender":	true
			}
		}, {
			"streams":	[{
					"socket":	5,
					"start":	4.000087,
					"end":	5.000046,
					"seconds":	0.99995899200439453,
					"bytes":	8149344,
					"bits_per_second":	65197425.615743138,
					"packets":	5628,
					"omitted":	false,
					"sender":	true
				}],
			"sum":	{
				"start":	4.000087,
				"end":	5.000046,
				"seconds":	0.99995899200439453,
				"bytes":	8149344,
				"bits_per_second":	65197425.615743138,
				"packets":	5628,
				"omitted":	false,
				"sender":	true
			}
		}, {
			"streams":	[{
					"socket":	5,
					"start":	5.000046,
					"end":	6.000067,
					"seconds":	1.0000209808349609,
					"bytes":	8288352,
					"bits_per_second":	66305424.856824063,
					"packets":	5724,
					"omitted":	false,
					"sender":	true
				}],
			"sum":	{
				"start":	5.000046,
				"end":	6.000067,
				"seconds":	1.0000209808349609,
				"bytes":	8288352,
				"bits_per_second":	66305424.856824063,
				"packets":	5724,
				"omitted":	false,
				"sender":	true
			}
		}, {
			"streams":	[{
					"socket":	5,
					"start":	6.000067,
					"end":	7.00008,
					"seconds":	1.000012993812561,
					"bytes":	8718408,
					"bits_per_second":	69746357.72890085,
					"packets":	6021,
					"omitted":	false,
					"sender":	true
				}],
			"sum":	{
				"start":	6.000067,
				"end":	7.00008,
				"seconds":	1.000012993812561,
				"bytes":	8718408,
				"bits_per_second":	69746357.72890085,
				"packets":	6021,
				"omitted":	false,
				"sender":	true
			}
		}, {
			"streams":	[{
					"socket":	5,
					"start":	7.00008,
					"end":	8.000082,
					"seconds":	1.0000020265579224,
					"bytes":	8386816,
					"bits_per_second":	67094392.029328287,
					"packets":	5792,
					"omitted":	false,
					"sender":	true
				}],
			"sum":	{
				"start":	7.00008,
				"end":	8.000082,
				"seconds":	1.0000020265579224,
				"bytes":	8386816,
				"bits_per_second":	67094392.029328287,
				"packets":	5792,
				"omitted":	false,
				"sender":	true
			}
		}, {
			"streams":	[{
					"socket":	5,
					"start":	8.000082,
					"end":	9.000092,
					"seconds":	1.0000100135803223,
					"bytes":	8507000,
					"bits_per_second":	68055318.5226016,
					"packets":	5875,
					"omitted":	false,
					"sender":	true
				}],
			"sum":	{
				"start":	8.000082,
				"end":	9.000092,
				"seconds":	1.0000100135803223,
				"bytes":	8507000,
				"bits_per_second":	68055318.5226016,
				"packets":	5875,
				"omitted":	false,
				"sender":	true
			}
		}, {
			"streams":	[{
					"socket":	5,
					"start":	9.000092,
					"end":	10.000098,
					"seconds":	1.0000059604644775,
					"bytes":	8221744,
					"bits_per_second":	65773559.9590323,
					"packets":	5678,
					"omitted":	false,
					"sender":	true
				}],
			"sum":	{
				"start":	9.000092,
				"end":	10.000098,
				"seconds":	1.0000059604644775,
				"bytes":	8221744,
				"bits_per_second":	65773559.9590323,
				"packets":	5678,
				"omitted":	false,
				"sender":	true
			}
		}],
	"end":	{
		"streams":	[{
				"udp":	{
					"socket":	5,
					"start":	0,
					"end":	10.000098,
					"seconds":	10.000098,
					"bytes":	85001944,
					"bits_per_second":	68000888.791289851,
					"jitter_ms":	1.911802756262708,
					"lost_packets":	55217,
					"packets":	58703,
					"lost_percent":	94.061632284551038,
					"out_of_order":	0,
					"sender":	true
				}
			}],
		"sum":	{
			"start":	0,
			"end":	10.344715,
			"seconds":	10.344715,
			"bytes":	85001944,
			"bits_per_second":	68000888.791289851,
			"jitter_ms":	1.911802756262708,
			"lost_packets":	55217,
			"packets":	58703,
			"lost_percent":	94.061632284551038,
			"sender":	true
		},
		"sum_sent":	{
			"start":	0,
			"end":	10.000098,
			"seconds":	10.000098,
			"bytes":	85001944,
			"bits_per_second":	68000888.791289851,
			"jitter_ms":	0,
			"lost_packets":	0,
			"packets":	58703,
			"lost_percent":	0,
			"sender":	true
		},
		"sum_received":	{
			"start":	0,
			"end":	10.344715,
			"seconds":	10.344715,
			"bytes":	4533688,
			"bits_per_second":	3506090.2112817992,
			"jitter_ms":	1.911802756262708,
			"lost_packets":	55217,
			"packets":	58348,
			"lost_percent":	94.061632284551038,
			"sender":	false
		},
		"cpu_utilization_percent":	{
			"host_total":	20.760441221385616,
			"host_user":	1.760040914565745,
			"host_system":	19.0003806212128,
			"remote_total":	0.0732043158184388,
			"remote_user":	0.0052319500945650415,
			"remote_system":	0.0679846472968657
		}
	}
}
