{
	"start":	{
		"connected":	[{
				"socket":	5,
				"local_host":	"192.168.225.54",
				"local_port":	42951,
				"remote_host":	"192.168.26.3",
				"remote_port":	55002
			}],
		"version":	"iperf 3.12",
		"system_info":	"Linux rpi1 6.6.51+rpt-rpi-v8 #1 SMP PREEMPT Debian 1:6.6.51-1+rpt3 (2024-10-08) aarch64",
		"timestamp":	{
			"time":	"Thu, 22 May 2025 02:03:48 GMT",
			"timesecs":	1747879428
		},
		"connecting_to":	{
			"host":	"192.168.26.3",
			"port":	55002
		},
		"cookie":	"ilmrdhn3sjtzj47ensgoqdyq46v3t7cfegrc",
		"target_bitrate":	200000000,
		"sock_bufsize":	0,
		"sndbuf_actual":	212992,
		"rcvbuf_actual":	212992,
		"test_start":	{
			"protocol":	"UDP",
			"num_streams":	1,
			"blksize":	1448,
			"omit":	0,
			"duration":	10,
			"bytes":	0,
			"blocks":	0,
			"reverse":	0,
			"tos":	0,
			"target_bitrate":	200000000
		}
	},
	"intervals":	[{
			"streams":	[{
					"socket":	5,
					"start":	0,
					"end":	1.000069,
					"seconds":	1.00006902217865,
					"bytes":	7962552,
					"bits_per_second":	63696019.5619585,
					"packets":	5499,
					"omitted":	false,
					"sender":	true
				}],
			"sum":	{
				"start":	0,
				"end":	1.000069,
				"seconds":	1.00006902217865,
				"bytes":	7962552,
				"bits_per_second":	63696019.5619585,
				"packets":	5499,
				"omitted":	false,
				"sender":	true
			}
		}, {
			"streams":	[{
					"socket":	5,
					"start":	1.000069,
					"end":	2.000069,
					"seconds":	1,
					"bytes":	7615032,
					"bits_per_second":	60920256,
					"packets":	5259,
					"omitted":	false,
					"sender":	true
				}],
			"sum":	{
				"start":	1.000069,
				"end":	2.000069,
				"seconds":	1,
				"bytes":	7615032,
				"bits_per_second":	60920256,
				"packets":	5259,
				"omitted":	false,
				"sender":	true
			}
		}, {
			"streams":	[{
					"socket":	5,
					"start":	2.000069,
					"end":	3.000067,
					"seconds":	0.99999797344207764,
					"bytes":	7384800,
					"bits_per_second":	59078519.726042189,
					"packets":	5100,
					"omitted":	false,
					"sender":	true
				}],
			"sum":	{
				"start":	2.000069,
				"end":	3.000067,
				"seconds":	0.99999797344207764,
				"bytes":	7384800,
				"bits_per_second":	59078519.726042189,
				"packets":	5100,
				"omitted":	false,
				"sender":	true
			}
		}, {
			"streams":	[{
					"socket":	5,
					"start":	3.000067,
					"end":	4.000059,
					"seconds":	0.9999920129776,
					"bytes":	7916216,
					"bits_per_second":	63330233.8199961,
					"packets":	5467,
					"omitted":	false,
					"sender":	true
				}],
			"sum":	{
				"start":	3.000067,
				"end":	4.000059,
				"seconds":	0.9999920129776,
				"bytes":	7916216,
				"bits_per_second":	63330233.8199961,
				"packets":	5467,
				"omitted":	false,
				"sender":	true
			}
		}, {
			"streams":	[{
					"socket":	5,
					"start":	4.000059,
					"end":	5.000069,
					"seconds":	1.0000100135803223,
					"bytes":	7756936,
					"bits_per_second":	62054866.608608827,
					"packets":	5357,
					"omitted":	false,
					"sender":	true
				}],
			"sum":	{
				"start":	4.000059,
				"end":	5.000069,
				"seconds":	1.0000100135803223,
				"bytes":	7756936,
				"bits_per_second":	62054866.608608827,
				"packets":	5357,
				"omitted":	false,
				"sender":	true
			}
		}, {
			"streams":	[{
					"socket":	5,
					"start":	5.000069,
					"end":	6.000074,
					"seconds":	1.0000050067901611,
					"bytes":	7219728,
					"bits_per_second":	57757534.820142932,
					"packets":	4986,
					"omitted":	false,
					"sender":	true
				}],
			"sum":	{
				"start":	5.000069,
				"end":	6.000074,
				"seconds":	1.0000050067901611,
				"bytes":	7219728,
				"bits_per_second":	57757534.820142932,
				"packets":	4986,
				"omitted":	false,
				"sender":	true
			}
		}, {
			"streams":	[{
					"socket":	5,
					"start":	6.000074,
					"end":	7.000073,
					"seconds":	0.99999898672103882,
					"bytes":	7961104,
					"bits_per_second":	63688896.534618922,
					"packets":	5498,
					"omitted":	false,
					"sender":	true
				}],
			"sum":	{
				"start":	6.000074,
				"end":	7.000073,
				"seconds":	0.99999898672103882,
				"bytes":	7961104,
				"bits_per_second":	63688896.534618922,
				"packets":	5498,
				"omitted":	false,
				"sender":	true
			}
		}, {
			"streams":	[{
					"socket":	5,
					"start":	7.000073,
					"end":	8.000076,
					"seconds":	1.0000029802322388,
					"bytes":	6824424,
					"bits_per_second":	54595229.293537579,
					"packets":	4713,
					"omitted":	false,
					"sender":	true
				}],
			"sum":	{
				"start":	7.000073,
				"end":	8.000076,
				"seconds":	1.0000029802322388,
				"bytes":	6824424,
				"bits_per_second":	54595229.293537579,
				"packets":	4713,
				"omitted":	false,
				"sender":	true
			}
		}, {
			"streams":	[{
					"socket":	5,
					"start":	8.000076,
					"end":	9.000074,
					"seconds":	0.99999797344207764,
					"bytes":	7368872,
					"bits_per_second":	58951095.46780955,
					"packets":	5089,
					"omitted":	false,
					"sender":	true
				}],
			"sum":	{
				"start":	8.000076,
				"end":	9.000074,
				"seconds":	0.99999797344207764,
				"bytes":	7368872,
				"bits_per_second":	58951095.46780955,
				"packets":	5089,
				"omitted":	false,
				"sender":	true
			}
		}, {
			"streams":	[{
					"socket":	5,
					"start":	9.000074,
					"end":	10.000083,
					"seconds":	1.0000089406967163,
					"bytes":	7668608,
					"bits_per_second":	61348315.503317028,
					"packets":	5296,
					"omitted":	false,
					"sender":	true
				}],
			"sum":	{
				"start":	9.000074,
				"end":	10.000083,
				"seconds":	1.0000089406967163,
				"bytes":	7668608,
				"bits_per_second":	61348315.503317028,
				"packets":	5296,
				"omitted":	false,
				"sender":	true
			}
		}],
	"end":	{
		"streams":	[{
				"udp":	{
					"socket":	5,
					"start":	0,
					"end":	10.000083,
					"seconds":	10.000083,
					"bytes":	75678272,
					"bits_per_second":	60542115.100444667,
					"jitter_ms":	12.630521875126766,
					"lost_packets":	50509,
					"packets":	52264,
					"lost_percent":	96.642048063676725,
					"out_of_order":	0,
					"sender":	true
				}
			}],
		"sum":	{
			"start":	0,
			"end":	10.319729,
			"seconds":	10.319729,
			"bytes":	75678272,
			"bits_per_second":	60542115.100444667,
			"jitter_ms":	12.630521875126766,
			"lost_packets":	50509,
			"packets":	52264,
			"lost_percent":	96.642048063676725,
			"sender":	true
		},
		"sum_sent":	{
			"start":	0,
			"end":	10.000083,
			"seconds":	10.000083,
			"bytes":	75678272,
			"bits_per_second":	60542115.100444667,
			"jitter_ms":	0,
			"lost_packets":	0,
			"packets":	52264,
			"lost_percent":	0,
			"sender":	true
		},
		"sum_received":	{
			"start":	0,
			"end":	10.319729,
			"seconds":	10.319729,
			"bytes":	1536328,
			"bits_per_second":	1190983.212834368,
			"jitter_ms":	12.630521875126766,
			"lost_packets":	50509,
			"packets":	51570,
			"lost_percent":	96.642048063676725,
			"sender":	false
		},
		"cpu_utilization_percent":	{
			"host_total":	19.533358216065583,
			"host_user":	2.0674518901033658,
			"host_system":	17.465896483109269,
			"remote_total":	0.0035094531558214964,
			"remote_user":	0.00095354112315377681,
			"remote_system":	0.0025553570029103541
		}
	}
}
