{
	"start":	{
		"connected":	[{
				"socket":	5,
				"local_host":	"192.168.225.54",
				"local_port":	45839,
				"remote_host":	"192.168.26.3",
				"remote_port":	55002
			}],
		"version":	"iperf 3.12",
		"system_info":	"Linux rpi1 6.6.51+rpt-rpi-v8 #1 SMP PREEMPT Debian 1:6.6.51-1+rpt3 (2024-10-08) aarch64",
		"timestamp":	{
			"time":	"Thu, 22 May 2025 02:15:05 GMT",
			"timesecs":	1747880105
		},
		"connecting_to":	{
			"host":	"192.168.26.3",
			"port":	55002
		},
		"cookie":	"acuyii75odo2aqqfdw6qzdmmsq6364pb4rai",
		"target_bitrate":	200000000,
		"sock_bufsize":	0,
		"sndbuf_actual":	212992,
		"rcvbuf_actual":	212992,
		"test_start":	{
			"protocol":	"UDP",
			"num_streams":	1,
			"blksize":	1448,
			"omit":	0,
			"duration":	10,
			"bytes":	0,
			"blocks":	0,
			"reverse":	0,
			"tos":	0,
			"target_bitrate":	200000000
		}
	},
	"intervals":	[{
			"streams":	[{
					"socket":	5,
					"start":	0,
					"end":	1.000024,
					"seconds":	1.0000239610672,
					"bytes":	8825560,
					"bits_per_second":	70602788.2818455,
					"packets":	6095,
					"omitted":	false,
					"sender":	true
				}],
			"sum":	{
				"start":	0,
				"end":	1.000024,
				"seconds":	1.0000239610672,
				"bytes":	8825560,
				"bits_per_second":	70602788.2818455,
				"packets":	6095,
				"omitted":	false,
				"sender":	true
			}
		}, {
			"streams":	[{
					"socket":	5,
					"start":	1.000024,
					"end":	2.000012,
					"seconds":	0.9999880194664,
					"bytes":	8198576,
					"bits_per_second":	65589393.795936167,
					"packets":	5662,
					"omitted":	false,
					"sender":	true
				}],
			"sum":	{
				"start":	1.000024,
				"end":	2.000012,
				"seconds":	0.9999880194664,
				"bytes":	8198576,
				"bits_per_second":	65589393.795936167,
				"packets":	5662,
				"omitted":	false,
				"sender":	true
			}
		}, {
			"streams":	[{
					"socket":	5,
					"start":	2.000012,
					"end":	3.00007,
					"seconds":	1.0000580549240112,
					"bytes":	8896512,
					"bits_per_second":	71167964.349237666,
					"packets":	6144,
					"omitted":	false,
					"sender":	true
				}],
			"sum":	{
				"start":	2.000012,
				"end":	3.00007,
				"seconds":	1.0000580549240112,
				"bytes":	8896512,
				"bits_per_second":	71167964.349237666,
				"packets":	6144,
				"omitted":	false,
				"sender":	true
			}
		}, {
			"streams":	[{
					"socket":	5,
					"start":	3.00007,
					"end":	4.000073,
					"seconds":	1.0000029802322388,
					"bytes":	8489624,
					"bits_per_second":	67916789.5921941,
					"packets":	5863,
					"omitted":	false,
					"sender":	true
				}],
			"sum":	{
				"start":	3.00007,
				"end":	4.000073,
				"seconds":	1.0000029802322388,
				"bytes":	8489624,
				"bits_per_second":	67916789.5921941,
				"packets":	5863,
				"omitted":	false,
				"sender":	true
			}
		}, {
			"streams":	[{
					"socket":	5,
					"start":	4.000073,
					"end":	5.00007,
					"seconds":	0.99999701976776123,
					"bytes":	8495416,
					"bits_per_second":	67963530.5471048,
					"packets":	5867,
					"omitted":	false,
					"sender":	true
				}],
			"sum":	{
				"start":	4.000073,
				"end":	5.00007,
				"seconds":	0.99999701976776123,
				"bytes":	8495416,
				"bits_per_second":	67963530.5471048,
				"packets":	5867,
				"omitted":	false,
				"sender":	true
			}
		}, {
			"streams":	[{
					"socket":	5,
					"start":	5.00007,
					"end":	6.000071,
					"seconds":	1.0000009536743164,
					"bytes":	8850176,
					"bits_per_second":	70801340.47858,
					"packets":	6112,
					"omitted":	false,
					"sender":	true
				}],
			"sum":	{
				"start":	5.00007,
				"end":	6.000071,
				"seconds":	1.0000009536743164,
				"bytes":	8850176,
				"bits_per_second":	70801340.47858,
				"packets":	6112,
				"omitted":	false,
				"sender":	true
			}
		}, {
			"streams":	[{
					"socket":	5,
					"start":	6.000071,
					"end":	7.000126,
					"seconds":	1.0000549554824829,
					"bytes":	8305728,
					"bits_per_second":	66442172.63834545,
					"packets":	5736,
					"omitted":	false,
					"sender":	true
				}],
			"sum":	{
				"start":	6.000071,
				"end":	7.000126,
				"seconds":	1.0000549554824829,
				"bytes":	8305728,
				"bits_per_second":	66442172.63834545,
				"packets":	5736,
				"omitted":	false,
				"sender":	true
			}
		}, {
			"streams":	[{
					"socket":	5,
					"start":	7.000126,
					"end":	8.000071,
					"seconds":	0.99994498491287231,
					"bytes":	9426480,
					"bits_per_second":	75415989.0172066,
					"packets":	6510,
					"omitted":	false,
					"sender":	true
				}],
			"sum":	{
				"start":	7.000126,
				"end":	8.000071,
				"seconds":	0.99994498491287231,
				"bytes":	9426480,
				"bits_per_second":	75415989.0172066,
				"packets":	6510,
				"omitted":	false,
				"sender":	true
			}
		}, {
			"streams":	[{
					"socket":	5,
					"start":	8.000071,
					"end":	9.00005,
					"seconds":	0.999979019165039,
					"bytes":	8559128,
					"bits_per_second":	68474460.651357964,
					"packets":	5911,
					"omitted":	false,
					"sender":	true
				}],
			"sum":	{
				"start":	8.000071,
				"end":	9.00005,
				"seconds":	0.999979019165039,
				"bytes":	8559128,
				"bits_per_second":	68474460.651357964,
				"packets":	5911,
				"omitted":	false,
				"sender":	true
			}
		}, {
			"streams":	[{
					"socket":	5,
					"start":	9.00005,
					"end":	10.000083,
					"seconds":	1.0000330209732056,
					"bytes":	7699016,
					"bits_per_second":	61590094.235148534,
					"packets":	5317,
					"omitted":	false,
					"sender":	true
				}],
			"sum":	{
				"start":	9.00005,
				"end":	10.000083,
				"seconds":	1.0000330209732056,
				"bytes":	7699016,
				"bits_per_second":	61590094.235148534,
				"packets":	5317,
				"omitted":	false,
				"sender":	true
			}
		}],
	"end":	{
		"streams":	[{
				"udp":	{
					"socket":	5,
					"start":	0,
					"end":	10.000083,
					"seconds":	10.000083,
					"bytes":	85746216,
					"bits_per_second":	68596403.449851364,
					"jitter_ms":	4.698568789045062,
					"lost_packets":	55747,
					"packets":	59217,
					"lost_percent":	94.1401962274347,
					"out_of_order":	0,
					"sender":	true
				}
			}],
		"sum":	{
			"start":	0,
			"end":	10.323768,
			"seconds":	10.323768,
			"bytes":	85746216,
			"bits_per_second":	68596403.449851364,
			"jitter_ms":	4.698568789045062,
			"lost_packets":	55747,
			"packets":	59217,
			"lost_percent":	94.1401962274347,
			"sender":	true
		},
		"sum_sent":	{
			"start":	0,
			"end":	10.000083,
			"seconds":	10.000083,
			"bytes":	85746216,
			"bits_per_second":	68596403.449851364,
			"jitter_ms":	0,
			"lost_packets":	0,
			"packets":	59217,
			"lost_percent":	0,
			"sender":	true
		},
		"sum_received":	{
			"start":	0,
			"end":	10.323768,
			"seconds":	10.323768,
			"bytes":	4238296,
			"bits_per_second":	3284301.6232057908,
			"jitter_ms":	4.698568789045062,
			"lost_packets":	55747,
			"packets":	58674,
			"lost_percent":	94.1401962274347,
			"sender":	false
		},
		"cpu_utilization_percent":	{
			"host_total":	19.905060447263388,
			"host_user":	1.84374906799211,
			"host_system":	18.06127200732082,
			"remote_total":	0.1166883276065369,
			"remote_user":	0,
			"remote_system":	0.1166883276065369
		}
	}
}
