{
	"start":	{
		"connected":	[{
				"socket":	5,
				"local_host":	"192.168.225.24",
				"local_port":	41378,
				"remote_host":	"192.168.26.3",
				"remote_port":	55004
			}],
		"version":	"iperf 3.16",
		"system_info":	"Linux cse-ThinkPad-P14s-Gen-5 6.11.0-17-generic #17~24.04.2-Ubuntu SMP PREEMPT_DYNAMIC Mon Jan 20 22:48:29 UTC 2 x86_64",
		"timestamp":	{
			"time":	"Fri, 30 May 2025 19:55:48 GMT",
			"timesecs":	1748634948
		},
		"connecting_to":	{
			"host":	"192.168.26.3",
			"port":	55004
		},
		"cookie":	"2o3frlnzesbmadskcuqm3jnb4tbpfap4a7qc",
		"tcp_mss_default":	1448,
		"target_bitrate":	0,
		"fq_rate":	0,
		"sock_bufsize":	0,
		"sndbuf_actual":	16384,
		"rcvbuf_actual":	131072,
		"test_start":	{
			"protocol":	"TCP",
			"num_streams":	1,
			"blksize":	131072,
			"omit":	0,
			"duration":	10,
			"bytes":	0,
			"blocks":	0,
			"reverse":	0,
			"tos":	0,
			"target_bitrate":	0,
			"bidir":	0,
			"fqrate":	0
		}
	},
	"intervals":	[{
			"streams":	[{
					"socket":	5,
					"start":	0,
					"end":	1.000867,
					"seconds":	1.0008670091629028,
					"bytes":	1310720,
					"bits_per_second":	10476676.625369035,
					"retransmits":	20,
					"snd_cwnd":	33304,
					"snd_wnd":	1178112,
					"rtt":	35948,
					"rttvar":	915,
					"pmtu":	1500,
					"omitted":	false,
					"sender":	true
				}],
			"sum":	{
				"start":	0,
				"end":	1.000867,
				"seconds":	1.0008670091629028,
				"bytes":	1310720,
				"bits_per_second":	10476676.625369035,
				"retransmits":	20,
				"omitted":	false,
				"sender":	true
			}
		}, {
			"streams":	[{
					"socket":	5,
					"start":	1.000867,
					"end":	2.001346,
					"seconds":	1.000478982925415,
					"bytes":	655360,
					"bits_per_second":	5240369.9522700049,
					"retransmits":	4,
					"snd_cwnd":	17376,
					"snd_wnd":	1580032,
					"rtt":	43393,
					"rttvar":	7110,
					"pmtu":	1500,
					"omitted":	false,
					"sender":	true
				}],
			"sum":	{
				"start":	1.000867,
				"end":	2.001346,
				"seconds":	1.000478982925415,
				"bytes":	655360,
				"bits_per_second":	5240369.9522700049,
				"retransmits":	4,
				"omitted":	false,
				"sender":	true
			}
		}, {
			"streams":	[{
					"socket":	5,
					"start":	2.001346,
					"end":	3.001395,
					"seconds":	1.0000489950180054,
					"bytes":	655360,
					"bits_per_second":	5242623.13758498,
					"retransmits":	3,
					"snd_cwnd":	24616,
					"snd_wnd":	1580032,
					"rtt":	45141,
					"rttvar":	6410,
					"pmtu":	1500,
					"omitted":	false,
					"sender":	true
				}],
			"sum":	{
				"start":	2.001346,
				"end":	3.001395,
				"seconds":	1.0000489950180054,
				"bytes":	655360,
				"bits_per_second":	5242623.13758498,
				"retransmits":	3,
				"omitted":	false,
				"sender":	true
			}
		}, {
			"streams":	[{
					"socket":	5,
					"start":	3.001395,
					"end":	4.001081,
					"seconds":	0.99968600273132324,
					"bytes":	0,
					"bits_per_second":	0,
					"retransmits":	13,
					"snd_cwnd":	5792,
					"snd_wnd":	1580032,
					"rtt":	62141,
					"rttvar":	22886,
					"pmtu":	1500,
					"omitted":	false,
					"sender":	true
				}],
			"sum":	{
				"start":	3.001395,
				"end":	4.001081,
				"seconds":	0.99968600273132324,
				"bytes":	0,
				"bits_per_second":	0,
				"retransmits":	13,
				"omitted":	false,
				"sender":	true
			}
		}, {
			"streams":	[{
					"socket":	5,
					"start":	4.001081,
					"end":	5.001416,
					"seconds":	1.0003349781036377,
					"bytes":	262144,
					"bits_per_second":	2096449.7352433165,
					"retransmits":	5,
					"snd_cwnd":	5792,
					"snd_wnd":	1580032,
					"rtt":	52977,
					"rttvar":	17088,
					"pmtu":	1500,
					"omitted":	false,
					"sender":	true
				}],
			"sum":	{
				"start":	4.001081,
				"end":	5.001416,
				"seconds":	1.0003349781036377,
				"bytes":	262144,
				"bits_per_second":	2096449.7352433165,
				"retransmits":	5,
				"omitted":	false,
				"sender":	true
			}
		}, {
			"streams":	[{
					"socket":	5,
					"start":	5.001416,
					"end":	6.001371,
					"seconds":	0.99995499849319458,
					"bytes":	393216,
					"bits_per_second":	3145869.5688708127,
					"retransmits":	0,
					"snd_cwnd":	24616,
					"snd_wnd":	1578624,
					"rtt":	40101,
					"rttvar":	907,
					"pmtu":	1500,
					"omitted":	false,
					"sender":	true
				}],
			"sum":	{
				"start":	5.001416,
				"end":	6.001371,
				"seconds":	0.99995499849319458,
				"bytes":	393216,
				"bits_per_second":	3145869.5688708127,
				"retransmits":	0,
				"omitted":	false,
				"sender":	true
			}
		}, {
			"streams":	[{
					"socket":	5,
					"start":	6.001371,
					"end":	7.001107,
					"seconds":	0.99973601102828979,
					"bytes":	917504,
					"bits_per_second":	7341970.1991632041,
					"retransmits":	0,
					"snd_cwnd":	44888,
					"snd_wnd":	1580032,
					"rtt":	36259,
					"rttvar":	8657,
					"pmtu":	1500,
					"omitted":	false,
					"sender":	true
				}],
			"sum":	{
				"start":	6.001371,
				"end":	7.001107,
				"seconds":	0.99973601102828979,
				"bytes":	917504,
				"bits_per_second":	7341970.1991632041,
				"retransmits":	0,
				"omitted":	false,
				"sender":	true
			}
		}, {
			"streams":	[{
					"socket":	5,
					"start":	7.001107,
					"end":	8.001414,
					"seconds":	1.0003069639205933,
					"bytes":	262144,
					"bits_per_second":	2096508.4475473841,
					"retransmits":	4,
					"snd_cwnd":	26064,
					"snd_wnd":	1580032,
					"rtt":	44791,
					"rttvar":	7699,
					"pmtu":	1500,
					"omitted":	false,
					"sender":	true
				}],
			"sum":	{
				"start":	7.001107,
				"end":	8.001414,
				"seconds":	1.0003069639205933,
				"bytes":	262144,
				"bits_per_second":	2096508.4475473841,
				"retransmits":	4,
				"omitted":	false,
				"sender":	true
			}
		}, {
			"streams":	[{
					"socket":	5,
					"start":	8.001414,
					"end":	9.001155,
					"seconds":	0.999741017818451,
					"bytes":	655360,
					"bits_per_second":	5244238.1642403379,
					"retransmits":	4,
					"snd_cwnd":	17376,
					"snd_wnd":	1580032,
					"rtt":	61367,
					"rttvar":	27960,
					"pmtu":	1500,
					"omitted":	false,
					"sender":	true
				}],
			"sum":	{
				"start":	8.001414,
				"end":	9.001155,
				"seconds":	0.999741017818451,
				"bytes":	655360,
				"bits_per_second":	5244238.1642403379,
				"retransmits":	4,
				"omitted":	false,
				"sender":	true
			}
		}, {
			"streams":	[{
					"socket":	5,
					"start":	9.001155,
					"end":	10.002222,
					"seconds":	1.001067042350769,
					"bytes":	393216,
					"bits_per_second":	3142374.95284332,
					"retransmits":	0,
					"snd_cwnd":	27512,
					"snd_wnd":	1580032,
					"rtt":	51610,
					"rttvar":	4884,
					"pmtu":	1500,
					"omitted":	false,
					"sender":	true
				}],
			"sum":	{
				"start":	9.001155,
				"end":	10.002222,
				"seconds":	1.001067042350769,
				"bytes":	393216,
				"bits_per_second":	3142374.95284332,
				"retransmits":	0,
				"omitted":	false,
				"sender":	true
			}
		}],
	"end":	{
		"streams":	[{
				"sender":	{
					"socket":	5,
					"start":	0,
					"end":	10.002222,
					"seconds":	10.002222,
					"bytes":	5505024,
					"bits_per_second":	4403040.84432439,
					"retransmits":	53,
					"max_snd_cwnd":	44888,
					"max_snd_wnd":	1580032,
					"max_rtt":	62141,
					"min_rtt":	35948,
					"mean_rtt":	47372,
					"sender":	true
				},
				"receiver":	{
					"socket":	5,
					"start":	0,
					"end":	10.021732,
					"seconds":	10.002222,
					"bytes":	4892792,
					"bits_per_second":	3905745.6335890843,
					"sender":	true
				}
			}],
		"sum_sent":	{
			"start":	0,
			"end":	10.002222,
			"seconds":	10.002222,
			"bytes":	5505024,
			"bits_per_second":	4403040.84432439,
			"retransmits":	53,
			"sender":	true
		},
		"sum_received":	{
			"start":	0,
			"end":	10.021732,
			"seconds":	10.021732,
			"bytes":	4892792,
			"bits_per_second":	3905745.6335890843,
			"sender":	true
		},
		"cpu_utilization_percent":	{
			"host_total":	0.0908472301287675,
			"host_user":	0,
			"host_system":	0.090866911071169731,
			"remote_total":	0.073221410692959621,
			"remote_user":	0,