{
	"start":	{
		"connected":	[{
				"socket":	5,
				"local_host":	"192.168.225.24",
				"local_port":	42850,
				"remote_host":	"192.168.26.3",
				"remote_port":	55004
			}],
		"version":	"iperf 3.16",
		"system_info":	"Linux cse-ThinkPad-P14s-Gen-5 6.11.0-17-generic #17~24.04.2-Ubuntu SMP PREEMPT_DYNAMIC Mon Jan 20 22:48:29 UTC 2 x86_64",
		"timestamp":	{
			"time":	"Fri, 30 May 2025 19:50:45 GMT",
			"timesecs":	1748634645
		},
		"connecting_to":	{
			"host":	"192.168.26.3",
			"port":	55004
		},
		"cookie":	"2daou6i2f6hwoggugicfsyrhj3d63v2qhfec",
		"tcp_mss_default":	1448,
		"target_bitrate":	0,
		"fq_rate":	0,
		"sock_bufsize":	0,
		"sndbuf_actual":	16384,
		"rcvbuf_actual":	131072,
		"test_start":	{
			"protocol":	"TCP",
			"num_streams":	1,
			"blksize":	131072,
			"omit":	0,
			"duration":	10,
			"bytes":	0,
			"blocks":	0,
			"reverse":	0,
			"tos":	0,
			"target_bitrate":	0,
			"bidir":	0,
			"fqrate":	0
		}
	},
	"intervals":	[{
			"streams":	[{
					"socket":	5,
					"start":	0,
					"end":	1.001053,
					"seconds":	1.0010529756546021,
					"bytes":	786432,
					"bits_per_second":	6284838.2183629517,
					"retransmits":	5,
					"snd_cwnd":	26064,
					"snd_wnd":	544896,
					"rtt":	53097,
					"rttvar":	8776,
					"pmtu":	1500,
					"omitted":	false,
					"sender":	true
				}],
			"sum":	{
				"start":	0,
				"end":	1.001053,
				"seconds":	1.0010529756546021,
				"bytes":	786432,
				"bits_per_second":	6284838.2183629517,
				"retransmits":	5,
				"omitted":	false,
				"sender":	true
			}
		}, {
			"streams":	[{
					"socket":	5,
					"start":	1.001053,
					"end":	2.001116,
					"seconds":	1.0000629425048828,
					"bytes":	655360,
					"bits_per_second":	5242550.02076972,
					"retransmits":	2,
					"snd_cwnd":	28960,
					"snd_wnd":	544896,
					"rtt":	33120,
					"rttvar":	3410,
					"pmtu":	1500,
					"omitted":	false,
					"sender":	true
				}],
			"sum":	{
				"start":	1.001053,
				"end":	2.001116,
				"seconds":	1.0000629425048828,
				"bytes":	655360,
				"bits_per_second":	5242550.02076972,
				"retransmits":	2,
				"omitted":	false,
				"sender":	true
			}
		}, {
			"streams":	[{
					"socket":	5,
					"start":	2.001116,
					"end":	3.001273,
					"seconds":	1.0001569986343384,
					"bytes":	655360,
					"bits_per_second":	5242057.0042092148,
					"retransmits":	2,
					"snd_cwnd":	33304,
					"snd_wnd":	544896,
					"rtt":	40956,
					"rttvar":	9359,
					"pmtu":	1500,
					"omitted":	false,
					"sender":	true
				}],
			"sum":	{
				"start":	2.001116,
				"end":	3.001273,
				"seconds":	1.0001569986343384,
				"bytes":	655360,
				"bits_per_second":	5242057.0042092148,
				"retransmits":	2,
				"omitted":	false,
				"sender":	true
			}
		}, {
			"streams":	[{
					"socket":	5,
					"start":	3.001273,
					"end":	4.001071,
					"seconds":	0.9997979998588562,
					"bytes":	655360,
					"bits_per_second":	5243939.2764739972,
					"retransmits":	5,
					"snd_cwnd":	27512,
					"snd_wnd":	544896,
					"rtt":	36228,
					"rttvar":	2186,
					"pmtu":	1500,
					"omitted":	false,
					"sender":	true
				}],
			"sum":	{
				"start":	3.001273,
				"end":	4.001071,
				"seconds":	0.9997979998588562,
				"bytes":	655360,
				"bits_per_second":	5243939.2764739972,
				"retransmits":	5,
				"omitted":	false,
				"sender":	true
			}
		}, {
			"streams":	[{
					"socket":	5,
					"start":	4.001071,
					"end":	5.001302,
					"seconds":	1.0002310276031494,
					"bytes":	393216,
					"bits_per_second":	3145001.41786053,
					"retransmits":	11,
					"snd_cwnd":	13032,
					"snd_wnd":	539136,
					"rtt":	61696,
					"rttvar":	28835,
					"pmtu":	1500,
					"omitted":	false,
					"sender":	true
				}],
			"sum":	{
				"start":	4.001071,
				"end":	5.001302,
				"seconds":	1.0002310276031494,
				"bytes":	393216,
				"bits_per_second":	3145001.41786053,
				"retransmits":	11,
				"omitted":	false,
				"sender":	true
			}
		}, {
			"streams":	[{
					"socket":	5,
					"start":	5.001302,
					"end":	6.001333,
					"seconds":	1.0000309944152832,
					"bytes":	393216,
					"bits_per_second":	3145630.5030218619,
					"retransmits":	2,
					"snd_cwnd":	18824,
					"snd_wnd":	544896,
					"rtt":	40794,
					"rttvar":	1006,
					"pmtu":	1500,
					"omitted":	false,
					"sender":	true
				}],
			"sum":	{
				"start":	5.001302,
				"end":	6.001333,
				"seconds":	1.0000309944152832,
				"bytes":	393216,
				"bits_per_second":	3145630.5030218619,
				"retransmits":	2,
				"omitted":	false,
				"sender":	true
			}
		}, {
			"streams":	[{
					"socket":	5,
					"start":	6.001333,
					"end":	7.001354,
					"seconds":	1.0000209808349609,
					"bytes":	393216,
					"bits_per_second":	3145662.0013847062,
					"retransmits":	7,
					"snd_cwnd":	17376,
					"snd_wnd":	544896,
					"rtt":	43475,
					"rttvar":	5049,
					"pmtu":	1500,
					"omitted":	false,
					"sender":	true
				}],
			"sum":	{
				"start":	6.001333,
				"end":	7.001354,
				"seconds":	1.0000209808349609,
				"bytes":	393216,
				"bits_per_second":	3145662.0013847062,
				"retransmits":	7,
				"omitted":	false,
				"sender":	true
			}
		}, {
			"streams":	[{
					"socket":	5,
					"start":	7.001354,
					"end":	8.001376,
					"seconds":	1.0000220537185669,
					"bytes":	262144,
					"bits_per_second":	2097105.7510199619,
					"retransmits":	5,
					"snd_cwnd":	18824,
					"snd_wnd":	544896,
					"rtt":	40587,
					"rttvar":	1346,
					"pmtu":	1500,
					"omitted":	false,
					"sender":	true
				}],
			"sum":	{
				"start":	7.001354,
				"end":	8.001376,
				"seconds":	1.0000220537185669,
				"bytes":	262144,
				"bits_per_second":	2097105.7510199619,
				"retransmits":	5,
				"omitted":	false,
				"sender":	true
			}
		}, {
			"streams":	[{
					"socket":	5,
					"start":	8.001376,
					"end":	9.001306,
					"seconds":	0.99993002414703369,
					"bytes":	655360,
					"bits_per_second":	5243246.9006741876,
					"retransmits":	3,
					"snd_cwnd":	26064,
					"snd_wnd":	544896,
					"rtt":	41319,
					"rttvar":	1402,
					"pmtu":	1500,
					"omitted":	false,
					"sender":	true
				}],
			"sum":	{
				"start":	8.001376,
				"end":	9.001306,
				"seconds":	0.99993002414703369,
				"bytes":	655360,
				"bits_per_second":	5243246.9006741876,
				"retransmits":	3,
				"omitted":	false,
				"sender":	true
			}
		}, {
			"streams":	[{
					"socket":	5,
					"start":	9.001306,
					"end":	10.001838,
					"seconds":	1.0005320310592651,
					"bytes":	655360,
					"bits_per_second":	5240092.108245004,
					"retransmits":	6,
					"snd_cwnd":	21720,
					"snd_wnd":	543488,
					"rtt":	41142,
					"rttvar":	1590,
					"pmtu":	1500,
					"omitted":	false,
					"sender":	true
				}],
			"sum":	{
				"start":	9.001306,
				"end":	10.001838,
				"seconds":	1.0005320310592651,
				"bytes":	655360,
				"bits_per_second":	5240092.108245004,
				"retransmits":	6,
				"omitted":	false,
				"sender":	true
			}
		}],
	"end":	{
		"streams":	[{
				"sender":	{
					"socket":	5,
					"start":	0,
					"end":	10.001838,
					"seconds":	10.001838,
					"bytes":	5505024,
					"bits_per_second":	4403209.8900222145,
					"retransmits":	48,
					"max_snd_cwnd":	33304,
					"max_snd_wnd":	544896,
					"max_rtt":	61696,
					"min_rtt":	33120,
					"mean_rtt":	43241,
					"sender":	true
				},
				"receiver":	{
					"socket":	5,
					"start":	0,
					"end":	10.034747,
					"seconds":	10.001838,
					"bytes":	5318504,
					"bits_per_second":	4240070.2279788423,
					"sender":	true
				}
			}],
		"sum_sent":	{
			"start":	0,
			"end":	10.001838,
			"seconds":	10.001838,
			"bytes":	5505024,
			"bits_per_second":	4403209.8900222145,
			"retransmits":	48,
			"sender":	true
		},
		"sum_received":	{
			"start":	0,
			"end":	10.034747,
			"seconds":	10.034747,
			"bytes":	5318504,
			"bits_per_second":	4240070.2279788423,
			"sender":	true
		},
		"cpu_utilization_percent":	{
			"host_total":	0.10594952960416444,
			"host_user":	0.020007002943086227,
			"host_system":	0.085942526661078225,
			"remote_total":	0.14242796563210192,