{
	"start":	{
		"connected":	[{
				"socket":	5,
				"local_host":	"192.168.225.31",
				"local_port":	53314,
				"remote_host":	"192.168.26.3",
				"remote_port":	55004
			}],
		"version":	"iperf 3.16",
		"system_info":	"Linux cse-ThinkPad-P14s-Gen-5 6.11.0-17-generic #17~24.04.2-Ubuntu SMP PREEMPT_DYNAMIC Mon Jan 20 22:48:29 UTC 2 x86_64",
		"timestamp":	{
			"time":	"Fri, 30 May 2025 19:20:23 GMT",
			"timesecs":	1748632823
		},
		"connecting_to":	{
			"host":	"192.168.26.3",
			"port":	55004
		},
		"cookie":	"b4nomeisevzy42vhyvdkd5hxpkzq45aoa3qq",
		"tcp_mss_default":	1448,
		"target_bitrate":	0,
		"fq_rate":	0,
		"sock_bufsize":	0,
		"sndbuf_actual":	16384,
		"rcvbuf_actual":	131072,
		"test_start":	{
			"protocol":	"TCP",
			"num_streams":	1,
			"blksize":	131072,
			"omit":	0,
			"duration":	10,
			"bytes":	0,
			"blocks":	0,
			"reverse":	0,
			"tos":	0,
			"target_bitrate":	0,
			"bidir":	0,
			"fqrate":	0
		}
	},
	"intervals":	[{
			"streams":	[{
					"socket":	5,
					"start":	0,
					"end":	1.001205,
					"seconds":	1.0012049674987793,
					"bytes":	1048576,
					"bits_per_second":	8378512.1651528636,
					"retransmits":	4,
					"snd_cwnd":	55024,
					"snd_wnd":	635264,
					"rtt":	78713,
					"rttvar":	1994,
					"pmtu":	1500,
					"omitted":	false,
					"sender":	true
				}],
			"sum":	{
				"start":	0,
				"end":	1.001205,
				"seconds":	1.0012049674987793,
				"bytes":	1048576,
				"bits_per_second":	8378512.1651528636,
				"retransmits":	4,
				"omitted":	false,
				"sender":	true
			}
		}, {
			"streams":	[{
					"socket":	5,
					"start":	1.001205,
					"end":	2.001412,
					"seconds":	1.00020694732666,
					"bytes":	524288,
					"bits_per_second":	4193436.1795931133,
					"retransmits":	0,
					"snd_cwnd":	68056,
					"snd_wnd":	683136,
					"rtt":	100392,
					"rttvar":	1302,
					"pmtu":	1500,
					"omitted":	false,
					"sender":	true
				}],
			"sum":	{
				"start":	1.001205,
				"end":	2.001412,
				"seconds":	1.00020694732666,
				"bytes":	524288,
				"bits_per_second":	4193436.1795931133,
				"retransmits":	0,
				"omitted":	false,
				"sender":	true
			}
		}, {
			"streams":	[{
					"socket":	5,
					"start":	2.001412,
					"end":	3.001168,
					"seconds":	0.99975597858428955,
					"bytes":	524288,
					"bits_per_second":	4195327.74981688,
					"retransmits":	3,
					"snd_cwnd":	55024,
					"snd_wnd":	684544,
					"rtt":	78538,
					"rttvar":	1206,
					"pmtu":	1500,
					"omitted":	false,
					"sender":	true
				}],
			"sum":	{
				"start":	2.001412,
				"end":	3.001168,
				"seconds":	0.99975597858428955,
				"bytes":	524288,
				"bits_per_second":	4195327.74981688,
				"retransmits":	3,
				"omitted":	false,
				"sender":	true
			}
		}, {
			"streams":	[{
					"socket":	5,
					"start":	3.001168,
					"end":	4.0011,
					"seconds":	0.99993199110031128,
					"bytes":	786432,
					"bits_per_second":	6291883.904101287,
					"retransmits":	0,
					"snd_cwnd":	62264,
					"snd_wnd":	684544,
					"rtt":	91197,
					"rttvar":	1573,
					"pmtu":	1500,
					"omitted":	false,
					"sender":	true
				}],
			"sum":	{
				"start":	3.001168,
				"end":	4.0011,
				"seconds":	0.99993199110031128,
				"bytes":	786432,
				"bits_per_second":	6291883.904101287,
				"retransmits":	0,
				"omitted":	false,
				"sender":	true
			}
		}, {
			"streams":	[{
					"socket":	5,
					"start":	4.0011,
					"end":	5.001376,
					"seconds":	1.00027596950531,
					"bytes":	655360,
					"bits_per_second":	5241433.5241832156,
					"retransmits":	0,
					"snd_cwnd":	69504,
					"snd_wnd":	684544,
					"rtt":	103039,
					"rttvar":	1588,
					"pmtu":	1500,
					"omitted":	false,
					"sender":	true
				}],
			"sum":	{
				"start":	4.0011,
				"end":	5.001376,
				"seconds":	1.00027596950531,
				"bytes":	655360,
				"bits_per_second":	5241433.5241832156,
				"retransmits":	0,
				"omitted":	false,
				"sender":	true
			}
		}, {
			"streams":	[{
					"socket":	5,
					"start":	5.001376,
					"end":	6.001308,
					"seconds":	0.99993199110031128,
					"bytes":	524288,
					"bits_per_second":	4194589.2694008583,
					"retransmits":	2,
					"snd_cwnd":	60816,
					"snd_wnd":	684544,
					"rtt":	87130,
					"rttvar":	1181,
					"pmtu":	1500,
					"omitted":	false,
					"sender":	true
				}],
			"sum":	{
				"start":	5.001376,
				"end":	6.001308,
				"seconds":	0.99993199110031128,
				"bytes":	524288,
				"bits_per_second":	4194589.2694008583,
				"retransmits":	2,
				"omitted":	false,
				"sender":	true
			}
		}, {
			"streams":	[{
					"socket":	5,
					"start":	6.001308,
					"end":	7.001352,
					"seconds":	1.0000439882278442,
					"bytes":	786432,
					"bits_per_second":	6291179.2621732065,
					"retransmits":	0,
					"snd_cwnd":	69504,
					"snd_wnd":	684544,
					"rtt":	102290,
					"rttvar":	2343,
					"pmtu":	1500,
					"omitted":	false,
					"sender":	true
				}],
			"sum":	{
				"start":	6.001308,
				"end":	7.001352,
				"seconds":	1.0000439882278442,
				"bytes":	786432,
				"bits_per_second":	6291179.2621732065,
				"retransmits":	0,
				"omitted":	false,
				"sender":	true
			}
		}, {
			"streams":	[{
					"socket":	5,
					"start":	7.001352,
					"end":	8.001148,
					"seconds":	0.999795973300934,
					"bytes":	655360,
					"bits_per_second":	5243949.9057893464,
					"retransmits":	1,
					"snd_cwnd":	53576,
					"snd_wnd":	683136,
					"rtt":	78517,
					"rttvar":	980,
					"pmtu":	1500,
					"omitted":	false,
					"sender":	true
				}],
			"sum":	{
				"start":	7.001352,
				"end":	8.001148,
				"seconds":	0.999795973300934,
				"bytes":	655360,
				"bits_per_second":	5243949.9057893464,
				"retransmits":	1,
				"omitted":	false,
				"sender":	true
			}
		}, {
			"streams":	[{
					"socket":	5,
					"start":	8.001148,
					"end":	9.001331,
					"seconds":	1.0001829862594604,
					"bytes":	786432,
					"bits_per_second":	6290304.96062439,
					"retransmits":	0,
					"snd_cwnd":	62264,
					"snd_wnd":	684544,
					"rtt":	90573,
					"rttvar":	1424,
					"pmtu":	1500,
					"omitted":	false,
					"sender":	true
				}],
			"sum":	{
				"start":	8.001148,
				"end":	9.001331,
				"seconds":	1.0001829862594604,
				"bytes":	786432,
				"bits_per_second":	6290304.96062439,
				"retransmits":	0,
				"omitted":	false,
				"sender":	true
			}
		}, {
			"streams":	[{
					"socket":	5,
					"start":	9.001331,
					"end":	10.002174,
					"seconds":	1.0008430480957031,
					"bytes":	524288,
					"bits_per_second":	4190770.9785070419,
					"retransmits":	0,
					"snd_cwnd":	69504,
					"snd_wnd":	684544,
					"rtt":	101804,
					"rttvar":	1685,
					"pmtu":	1500,
					"omitted":	false,
					"sender":	true
				}],
			"sum":	{
				"start":	9.001331,
				"end":	10.002174,
				"seconds":	1.0008430480957031,
				"bytes":	524288,
				"bits_per_second":	4190770.9785070419,
				"retransmits":	0,
				"omitted":	false,
				"sender":	true
			}
		}],
	"end":	{
		"streams":	[{
				"sender":	{
					"socket":	5,
					"start":	0,
					"end":	10.002174,
					"seconds":	10.002174,
					"bytes":	6815744,
					"bits_per_second":	5451410.0634522056,
					"retransmits":	10,
					"max_snd_cwnd":	69504,
					"max_snd_wnd":	684544,
					"max_rtt":	103039,
					"min_rtt":	78517,
					"mean_rtt":	91219,
					"sender":	true
				},
				"receiver":	{
					"socket":	5,
					"start":	0,
					"end":	10.103574,
					"seconds":	10.002174,
					"bytes":	6592744,
					"bits_per_second":	5220128.2437284077,
					"sender":	true
				}
			}],
		"sum_sent":	{
			"start":	0,
			"end":	10.002174,
			"seconds":	10.002174,
			"bytes":	6815744,
			"bits_per_second":	5451410.0634522056,
			"retransmits":	10,
			"sender":	true
		},
		"sum_received":	{
			"start":	0,
			"end":	10.103574,
			"seconds":	10.103574,
			"bytes":	6592744,
			"bits_per_second":	5220128.2437284077,
			"sender":	true
		},
		"cpu_utilization_percent":	{
			"host_total":	0.0972551186865727,
			"host_user":	0,
			"host_system":	0.097264959334016465,
			"remote_total":	0.20701413171157068,
			"remote_user":	0.0093525063848841662,