{
	"start":	{
		"connected":	[{
				"socket":	5,
				"local_host":	"192.168.225.31",
				"local_port":	48240,
				"remote_host":	"192.168.26.3",
				"remote_port":	55004
			}],
		"version":	"iperf 3.16",
		"system_info":	"Linux cse-ThinkPad-P14s-Gen-5 6.11.0-17-generic #17~24.04.2-Ubuntu SMP PREEMPT_DYNAMIC Mon Jan 20 22:48:29 UTC 2 x86_64",
		"timestamp":	{
			"time":	"Fri, 30 May 2025 19:20:55 GMT",
			"timesecs":	1748632855
		},
		"connecting_to":	{
			"host":	"192.168.26.3",
			"port":	55004
		},
		"cookie":	"c3uq65wz77gm3ecnazpxhfj66x4o4lypkckm",
		"tcp_mss_default":	1448,
		"target_bitrate":	0,
		"fq_rate":	0,
		"sock_bufsize":	0,
		"sndbuf_actual":	16384,
		"rcvbuf_actual":	131072,
		"test_start":	{
			"protocol":	"TCP",
			"num_streams":	1,
			"blksize":	131072,
			"omit":	0,
			"duration":	10,
			"bytes":	0,
			"blocks":	0,
			"reverse":	0,
			"tos":	0,
			"target_bitrate":	0,
			"bidir":	0,
			"fqrate":	0
		}
	},
	"intervals":	[{
			"streams":	[{
					"socket":	5,
					"start":	0,
					"end":	1.001177,
					"seconds":	1.0011769533157349,
					"bytes":	786432,
					"bits_per_second":	6284059.95479992,
					"retransmits":	6,
					"snd_cwnd":	20272,
					"snd_wnd":	1014144,
					"rtt":	28873,
					"rttvar":	1959,
					"pmtu":	1500,
					"omitted":	false,
					"sender":	true
				}],
			"sum":	{
				"start":	0,
				"end":	1.001177,
				"seconds":	1.0011769533157349,
				"bytes":	786432,
				"bits_per_second":	6284059.95479992,
				"retransmits":	6,
				"omitted":	false,
				"sender":	true
			}
		}, {
			"streams":	[{
					"socket":	5,
					"start":	1.001177,
					"end":	2.001387,
					"seconds":	1.0002100467681885,
					"bytes":	524288,
					"bits_per_second":	4193423.1850123415,
					"retransmits":	3,
					"snd_cwnd":	21720,
					"snd_wnd":	1114368,
					"rtt":	35629,
					"rttvar":	11323,
					"pmtu":	1500,
					"omitted":	false,
					"sender":	true
				}],
			"sum":	{
				"start":	1.001177,
				"end":	2.001387,
				"seconds":	1.0002100467681885,
				"bytes":	524288,
				"bits_per_second":	4193423.1850123415,
				"retransmits":	3,
				"omitted":	false,
				"sender":	true
			}
		}, {
			"streams":	[{
					"socket":	5,
					"start":	2.001387,
					"end":	3.001343,
					"seconds":	0.99995601177215576,
					"bytes":	393216,
					"bits_per_second":	3145866.3810871388,
					"retransmits":	4,
					"snd_cwnd":	26064,
					"snd_wnd":	1114368,
					"rtt":	36811,
					"rttvar":	2788,
					"pmtu":	1500,
					"omitted":	false,
					"sender":	true
				}],
			"sum":	{
				"start":	2.001387,
				"end":	3.001343,
				"seconds":	0.99995601177215576,
				"bytes":	393216,
				"bits_per_second":	3145866.3810871388,
				"retransmits":	4,
				"omitted":	false,
				"sender":	true
			}
		}, {
			"streams":	[{
					"socket":	5,
					"start":	3.001343,
					"end":	4.001284,
					"seconds":	0.99994099140167236,
					"bytes":	524288,
					"bits_per_second":	4194551.51460549,
					"retransmits":	3,
					"snd_cwnd":	21720,
					"snd_wnd":	1114368,
					"rtt":	31200,
					"rttvar":	2584,
					"pmtu":	1500,
					"omitted":	false,
					"sender":	true
				}],
			"sum":	{
				"start":	3.001343,
				"end":	4.001284,
				"seconds":	0.99994099140167236,
				"bytes":	524288,
				"bits_per_second":	4194551.51460549,
				"retransmits":	3,
				"omitted":	false,
				"sender":	true
			}
		}, {
			"streams":	[{
					"socket":	5,
					"start":	4.001284,
					"end":	5.001285,
					"seconds":	1.0000009536743164,
					"bytes":	655360,
					"bits_per_second":	5242875.0000047684,
					"retransmits":	1,
					"snd_cwnd":	31856,
					"snd_wnd":	1114368,
					"rtt":	44283,
					"rttvar":	901,
					"pmtu":	1500,
					"omitted":	false,
					"sender":	true
				}],
			"sum":	{
				"start":	4.001284,
				"end":	5.001285,
				"seconds":	1.0000009536743164,
				"bytes":	655360,
				"bits_per_second":	5242875.0000047684,
				"retransmits":	1,
				"omitted":	false,
				"sender":	true
			}
		}, {
			"streams":	[{
					"socket":	5,
					"start":	5.001285,
					"end":	6.001402,
					"seconds":	1.0001169443130493,
					"bytes":	655360,
					"bits_per_second":	5242266.9466930982,
					"retransmits":	0,
					"snd_cwnd":	44888,
					"snd_wnd":	1114368,
					"rtt":	65492,
					"rttvar":	2076,
					"pmtu":	1500,
					"omitted":	false,
					"sender":	true
				}],
			"sum":	{
				"start":	5.001285,
				"end":	6.001402,
				"seconds":	1.0001169443130493,
				"bytes":	655360,
				"bits_per_second":	5242266.9466930982,
				"retransmits":	0,
				"omitted":	false,
				"sender":	true
			}
		}, {
			"streams":	[{
					"socket":	5,
					"start":	6.001402,
					"end":	7.001295,
					"seconds":	0.99989300966262817,
					"bytes":	655360,
					"bits_per_second":	5243440.9975213138,
					"retransmits":	6,
					"snd_cwnd":	26064,
					"snd_wnd":	1114368,
					"rtt":	35097,
					"rttvar":	1428,
					"pmtu":	1500,
					"omitted":	false,
					"sender":	true
				}],
			"sum":	{
				"start":	6.001402,
				"end":	7.001295,
				"seconds":	0.99989300966262817,
				"bytes":	655360,
				"bits_per_second":	5243440.9975213138,
				"retransmits":	6,
				"omitted":	false,
				"sender":	true
			}
		}, {
			"streams":	[{
					"socket":	5,
					"start":	7.001295,
					"end":	8.001369,
					"seconds":	1.000074028968811,
					"bytes":	524288,
					"bits_per_second":	4193993.5229842933,
					"retransmits":	6,
					"snd_cwnd":	13032,
					"snd_wnd":	1112960,
					"rtt":	45935,
					"rttvar":	8620,
					"pmtu":	1500,
					"omitted":	false,
					"sender":	true
				}],
			"sum":	{
				"start":	7.001295,
				"end":	8.001369,
				"seconds":	1.000074028968811,
				"bytes":	524288,
				"bits_per_second":	4193993.5229842933,
				"retransmits":	6,
				"omitted":	false,
				"sender":	true
			}
		}, {
			"streams":	[{
					"socket":	5,
					"start":	8.001369,
					"end":	9.001141,
					"seconds":	0.999772012233734,
					"bytes":	524288,
					"bits_per_second":	4195260.4680630174,
					"retransmits":	3,
					"snd_cwnd":	17376,
					"snd_wnd":	1114368,
					"rtt":	32599,
					"rttvar":	4390,
					"pmtu":	1500,
					"omitted":	false,
					"sender":	true
				}],
			"sum":	{
				"start":	8.001369,
				"end":	9.001141,
				"seconds":	0.999772012233734,
				"bytes":	524288,
				"bits_per_second":	4195260.4680630174,
				"retransmits":	3,
				"omitted":	false,
				"sender":	true
			}
		}, {
			"streams":	[{
					"socket":	5,
					"start":	9.001141,
					"end":	10.002278,
					"seconds":	1.0011370182037354,
					"bytes":	524288,
					"bits_per_second":	4189540.416281403,
					"retransmits":	6,
					"snd_cwnd":	14480,
					"snd_wnd":	1114368,
					"rtt":	29850,
					"rttvar":	3341,
					"pmtu":	1500,
					"omitted":	false,
					"sender":	true
				}],
			"sum":	{
				"start":	9.001141,
				"end":	10.002278,
				"seconds":	1.0011370182037354,
				"bytes":	524288,
				"bits_per_second":	4189540.416281403,
				"retransmits":	6,
				"omitted":	false,
				"sender":	true
			}
		}],
	"end":	{
		"streams":	[{
				"sender":	{
					"socket":	5,
					"start":	0,
					"end":	10.002278,
					"seconds":	10.002278,
					"bytes":	5767168,
					"bits_per_second":	4612683.6306689335,
					"retransmits":	38,
					"max_snd_cwnd":	44888,
					"max_snd_wnd":	1114368,
					"max_rtt":	65492,
					"min_rtt":	28873,
					"mean_rtt":	38576,
					"sender":	true
				},
				"receiver":	{
					"socket":	5,
					"start":	0,
					"end":	10.029533,
					"seconds":	10.002278,
					"bytes":	5451720,
					"bits_per_second":	4348533.476085078,
					"sender":	true
				}
			}],
		"sum_sent":	{
			"start":	0,
			"end":	10.002278,
			"seconds":	10.002278,
			"bytes":	5767168,
			"bits_per_second":	4612683.6306689335,
			"retransmits":	38,
			"sender":	true
		},
		"sum_received":	{
			"start":	0,
			"end":	10.029533,
			"seconds":	10.029533,
			"bytes":	5451720,
			"bits_per_second":	4348533.476085078,
			"sender":	true
		},
		"cpu_utilization_percent":	{
			"host_total":	0.12318945256610744,
			"host_user":	0.026086367821131946,
			"host_system":	0.097132605342283448,
			"remote_total":	0.17687169008102341,