{
	"start":	{
		"connected":	[{
				"socket":	5,
				"local_host":	"192.168.225.54",
				"local_port":	37428,
				"remote_host":	"192.168.26.3",
				"remote_port":	55003
			}],
		"version":	"iperf 3.16",
		"system_info":	"Linux cse-ThinkPad-T14-Gen-5 6.11.0-25-generic #25~24.04.1-Ubuntu SMP PREEMPT_DYNAMIC Tue Apr 15 17:20:50 UTC 2 x86_64",
		"timestamp":	{
			"time":	"Fri, 30 May 2025 19:25:22 GMT",
			"timesecs":	1748633122
		},
		"connecting_to":	{
			"host":	"192.168.26.3",
			"port":	55003
		},
		"cookie":	"3iqcekm6nbcykuh2daqv2av7dhzbxzpmi3dh",
		"tcp_mss_default":	1448,
		"target_bitrate":	0,
		"fq_rate":	0,
		"sock_bufsize":	0,
		"sndbuf_actual":	16384,
		"rcvbuf_actual":	131072,
		"test_start":	{
			"protocol":	"TCP",
			"num_streams":	1,
			"blksize":	131072,
			"omit":	0,
			"duration":	10,
			"bytes":	0,
			"blocks":	0,
			"reverse":	0,
			"tos":	0,
			"target_bitrate":	0,
			"bidir":	0,
			"fqrate":	0
		}
	},
	"intervals":	[{
			"streams":	[{
					"socket":	5,
					"start":	0,
					"end":	1.001056,
					"seconds":	1.0010559558868408,
					"bytes":	2490368,
					"bits_per_second":	19901928.441502709,
					"retransmits":	3,
					"snd_cwnd":	86880,
					"snd_wnd":	1791616,
					"rtt":	32079,
					"rttvar":	2621,
					"pmtu":	1500,
					"omitted":	false,
					"sender":	true
				}],
			"sum":	{
				"start":	0,
				"end":	1.001056,
				"seconds":	1.0010559558868408,
				"bytes":	2490368,
				"bits_per_second":	19901928.441502709,
				"retransmits":	3,
				"omitted":	false,
				"sender":	true
			}
		}, {
			"streams":	[{
					"socket":	5,
					"start":	1.001056,
					"end":	2.001039,
					"seconds":	0.999983012676239,
					"bytes":	2490368,
					"bits_per_second":	19923282.443249244,
					"retransmits":	0,
					"snd_cwnd":	108600,
					"snd_wnd":	1791616,
					"rtt":	38926,
					"rttvar":	1014,
					"pmtu":	1500,
					"omitted":	false,
					"sender":	true
				}],
			"sum":	{
				"start":	1.001056,
				"end":	2.001039,
				"seconds":	0.999983012676239,
				"bytes":	2490368,
				"bits_per_second":	19923282.443249244,
				"retransmits":	0,
				"omitted":	false,
				"sender":	true
			}
		}, {
			"streams":	[{
					"socket":	5,
					"start":	2.001039,
					"end":	3.001141,
					"seconds":	1.0001020431518555,
					"bytes":	2883584,
					"bits_per_second":	23066318.240185071,
					"retransmits":	0,
					"snd_cwnd":	125976,
					"snd_wnd":	1791616,
					"rtt":	43899,
					"rttvar":	1262,
					"pmtu":	1500,
					"omitted":	false,
					"sender":	true
				}],
			"sum":	{
				"start":	2.001039,
				"end":	3.001141,
				"seconds":	1.0001020431518555,
				"bytes":	2883584,
				"bits_per_second":	23066318.240185071,
				"retransmits":	0,
				"omitted":	false,
				"sender":	true
			}
		}, {
			"streams":	[{
					"socket":	5,
					"start":	3.001141,
					"end":	4.001228,
					"seconds":	1.0000870227813721,
					"bytes":	2752512,
					"bits_per_second":	22018179.9167429,
					"retransmits":	0,
					"snd_cwnd":	141904,
					"snd_wnd":	1791616,
					"rtt":	50372,
					"rttvar":	704,
					"pmtu":	1500,
					"omitted":	false,
					"sender":	true
				}],
			"sum":	{
				"start":	3.001141,
				"end":	4.001228,
				"seconds":	1.0000870227813721,
				"bytes":	2752512,
				"bits_per_second":	22018179.9167429,
				"retransmits":	0,
				"omitted":	false,
				"sender":	true
			}
		}, {
			"streams":	[{
					"socket":	5,
					"start":	4.001228,
					"end":	5.000025,
					"seconds":	0.99879699945449829,
					"bytes":	2621440,
					"bits_per_second":	20996779.1367553,
					"retransmits":	0,
					"snd_cwnd":	154936,
					"snd_wnd":	1791616,
					"rtt":	56898,
					"rttvar":	2165,
					"pmtu":	1500,
					"omitted":	false,
					"sender":	true
				}],
			"sum":	{
				"start":	4.001228,
				"end":	5.000025,
				"seconds":	0.99879699945449829,
				"bytes":	2621440,
				"bits_per_second":	20996779.1367553,
				"retransmits":	0,
				"omitted":	false,
				"sender":	true
			}
		}, {
			"streams":	[{
					"socket":	5,
					"start":	5.000025,
					"end":	6.001065,
					"seconds":	1.001039981842041,
					"bytes":	2752512,
					"bits_per_second":	21997219.291361589,
					"retransmits":	0,
					"snd_cwnd":	167968,
					"snd_wnd":	1791616,
					"rtt":	62001,
					"rttvar":	2346,
					"pmtu":	1500,
					"omitted":	false,
					"sender":	true
				}],
			"sum":	{
				"start":	5.000025,
				"end":	6.001065,
				"seconds":	1.001039981842041,
				"bytes":	2752512,
				"bits_per_second":	21997219.291361589,
				"retransmits":	0,
				"omitted":	false,
				"sender":	true
			}
		}, {
			"streams":	[{
					"socket":	5,
					"start":	6.001065,
					"end":	7.001069,
					"seconds":	1.0000040531158447,
					"bytes":	3145728,
					"bits_per_second":	25165722.000413418,
					"retransmits":	0,
					"snd_cwnd":	181000,
					"snd_wnd":	1791616,
					"rtt":	65428,
					"rttvar":	580,
					"pmtu":	1500,
					"omitted":	false,
					"sender":	true
				}],
			"sum":	{
				"start":	6.001065,
				"end":	7.001069,
				"seconds":	1.0000040531158447,
				"bytes":	3145728,
				"bits_per_second":	25165722.000413418,
				"retransmits":	0,
				"omitted":	false,
				"sender":	true
			}
		}, {
			"streams":	[{
					"socket":	5,
					"start":	7.001069,
					"end":	8.001223,
					"seconds":	1.0001540184020996,
					"bytes":	2752512,
					"bits_per_second":	22016705.022272971,
					"retransmits":	0,
					"snd_cwnd":	192584,
					"snd_wnd":	1791616,
					"rtt":	69748,
					"rttvar":	1276,
					"pmtu":	1500,
					"omitted":	false,
					"sender":	true
				}],
			"sum":	{
				"start":	7.001069,
				"end":	8.001223,
				"seconds":	1.0001540184020996,
				"bytes":	2752512,
				"bits_per_second":	22016705.022272971,
				"retransmits":	0,
				"omitted":	false,
				"sender":	true
			}
		}, {
			"streams":	[{
					"socket":	5,
					"start":	8.001223,
					"end":	9.001039,
					"seconds":	0.99981600046157837,
					"bytes":	2752512,
					"bits_per_second":	22024148.433145829,
					"retransmits":	0,
					"snd_cwnd":	202720,
					"snd_wnd":	1791616,
					"rtt":	74239,
					"rttvar":	2193,
					"pmtu":	1500,
					"omitted":	false,
					"sender":	true
				}],
			"sum":	{
				"start":	8.001223,
				"end":	9.001039,
				"seconds":	0.99981600046157837,
				"bytes":	2752512,
				"bits_per_second":	22024148.433145829,
				"retransmits":	0,
				"omitted":	false,
				"sender":	true
			}
		}, {
			"streams":	[{
					"socket":	5,
					"start":	9.001039,
					"end":	10.001601,
					"seconds":	1.0005619525909424,
					"bytes":	2621440,
					"bits_per_second":	20959741.618891779,
					"retransmits":	0,
					"snd_cwnd":	217200,
					"snd_wnd":	1791616,
					"rtt":	76789,
					"rttvar":	1807,
					"pmtu":	1500,
					"omitted":	false,
					"sender":	true
				}],
			"sum":	{
				"start":	9.001039,
				"end":	10.001601,
				"seconds":	1.0005619525909424,
				"bytes":	2621440,
				"bits_per_second":	20959741.618891779,
				"retransmits":	0,
				"omitted":	false,
				"sender":	true
			}
		}],
	"end":	{
		"streams":	[{
				"sender":	{
					"socket":	5,
					"start":	0,
					"end":	10.001601,
					"seconds":	10.001601,
					"bytes":	27262976,
					"bits_per_second":	21806889.51698833,
					"retransmits":	3,
					"max_snd_cwnd":	217200,
					"max_snd_wnd":	1791616,
					"max_rtt":	76789,
					"min_rtt":	32079,
					"mean_rtt":	57037,
					"sender":	true
				},
				"receiver":	{
					"socket":	5,
					"start":	0,
					"end":	10.083642,
					"seconds":	10.001601,
					"bytes":	26630168,
					"bits_per_second":	21127420.430039067,
					"sender":	true
				}
			}],
		"sum_sent":	{
			"start":	0,
			"end":	10.001601,
			"seconds":	10.001601,
			"bytes":	27262976,
			"bits_per_second":	21806889.51698833,
			"retransmits":	3,
			"sender":	true
		},
		"sum_received":	{
			"start":	0,
			"end":	10.083642,
			"seconds":	10.083642,
			"bytes":	26630168,
			"bits_per_second":	21127420.430039067,
			"sender":	true
		},
		"cpu_utilization_percent":	{
			"host_total":	0.13779304394104247,
			"host_user":	0,
			"host_system":	0.13780288489547332,