{
	"start":	{
		"connected":	[{
				"socket":	5,
				"local_host":	"192.168.225.54",
				"local_port":	46054,
				"remote_host":	"192.168.26.3",
				"remote_port":	55003
			}],
		"version":	"iperf 3.16",
		"system_info":	"Linux cse-ThinkPad-T14-Gen-5 6.11.0-25-generic #25~24.04.1-Ubuntu SMP PREEMPT_DYNAMIC Tue Apr 15 17:20:50 UTC 2 x86_64",
		"timestamp":	{
			"time":	"Fri, 30 May 2025 19:23:37 GMT",
			"timesecs":	1748633017
		},
		"connecting_to":	{
			"host":	"192.168.26.3",
			"port":	55003
		},
		"cookie":	"idveor6wgrhcwpw5grzkleasv2bpgpcpcnhk",
		"tcp_mss_default":	1448,
		"target_bitrate":	0,
		"fq_rate":	0,
		"sock_bufsize":	0,
		"sndbuf_actual":	16384,
		"rcvbuf_actual":	131072,
		"test_start":	{
			"protocol":	"TCP",
			"num_streams":	1,
			"blksize":	131072,
			"omit":	0,
			"duration":	10,
			"bytes":	0,
			"blocks":	0,
			"reverse":	0,
			"tos":	0,
			"target_bitrate":	0,
			"bidir":	0,
			"fqrate":	0
		}
	},
	"intervals":	[{
			"streams":	[{
					"socket":	5,
					"start":	0,
					"end":	1.001096,
					"seconds":	1.00109601020813,
					"bytes":	2228224,
					"bits_per_second":	17806276.139582239,
					"retransmits":	0,
					"snd_cwnd":	114392,
					"snd_wnd":	473344,
					"rtt":	38793,
					"rttvar":	2090,
					"pmtu":	1500,
					"omitted":	false,
					"sender":	true
				}],
			"sum":	{
				"start":	0,
				"end":	1.001096,
				"seconds":	1.00109601020813,
				"bytes":	2228224,
				"bits_per_second":	17806276.139582239,
				"retransmits":	0,
				"omitted":	false,
				"sender":	true
			}
		}, {
			"streams":	[{
					"socket":	5,
					"start":	1.001096,
					"end":	2.00104,
					"seconds":	0.999943971633911,
					"bytes":	3407872,
					"bits_per_second":	27264503.585588124,
					"retransmits":	0,
					"snd_cwnd":	250504,
					"snd_wnd":	529664,
					"rtt":	87531,
					"rttvar":	1580,
					"pmtu":	1500,
					"omitted":	false,
					"sender":	true
				}],
			"sum":	{
				"start":	1.001096,
				"end":	2.00104,
				"seconds":	0.999943971633911,
				"bytes":	3407872,
				"bits_per_second":	27264503.585588124,
				"retransmits":	0,
				"omitted":	false,
				"sender":	true
			}
		}, {
			"streams":	[{
					"socket":	5,
					"start":	2.00104,
					"end":	3.001058,
					"seconds":	1.0000180006027222,
					"bytes":	2752512,
					"bits_per_second":	22019699.632134862,
					"retransmits":	5,
					"snd_cwnd":	237472,
					"snd_wnd":	2574848,
					"rtt":	80017,
					"rttvar":	1272,
					"pmtu":	1500,
					"omitted":	false,
					"sender":	true
				}],
			"sum":	{
				"start":	2.00104,
				"end":	3.001058,
				"seconds":	1.0000180006027222,
				"bytes":	2752512,
				"bits_per_second":	22019699.632134862,
				"retransmits":	5,
				"omitted":	false,
				"sender":	true
			}
		}, {
			"streams":	[{
					"socket":	5,
					"start":	3.001058,
					"end":	4.001067,
					"seconds":	1.0000089406967163,
					"bytes":	2621440,
					"bits_per_second":	20971332.501676366,
					"retransmits":	0,
					"snd_cwnd":	273672,
					"snd_wnd":	2839296,
					"rtt":	97325,
					"rttvar":	1359,
					"pmtu":	1500,
					"omitted":	false,
					"sender":	true
				}],
			"sum":	{
				"start":	3.001058,
				"end":	4.001067,
				"seconds":	1.0000089406967163,
				"bytes":	2621440,
				"bits_per_second":	20971332.501676366,
				"retransmits":	0,
				"omitted":	false,
				"sender":	true
			}
		}, {
			"streams":	[{
					"socket":	5,
					"start":	4.001067,
					"end":	5.001027,
					"seconds":	0.99996000528335571,
					"bytes":	3145728,
					"bits_per_second":	25166830.540256292,
					"retransmits":	1,
					"snd_cwnd":	207064,
					"snd_wnd":	2840832,
					"rtt":	78346,
					"rttvar":	1557,
					"pmtu":	1500,
					"omitted":	false,
					"sender":	true
				}],
			"sum":	{
				"start":	4.001067,
				"end":	5.001027,
				"seconds":	0.99996000528335571,
				"bytes":	3145728,
				"bits_per_second":	25166830.540256292,
				"retransmits":	1,
				"omitted":	false,
				"sender":	true
			}
		}, {
			"streams":	[{
					"socket":	5,
					"start":	5.001027,
					"end":	6.001046,
					"seconds":	1.0000189542770386,
					"bytes":	2621440,
					"bits_per_second":	20971122.507534184,
					"retransmits":	0,
					"snd_cwnd":	230232,
					"snd_wnd":	2840832,
					"rtt":	83182,
					"rttvar":	2411,
					"pmtu":	1500,
					"omitted":	false,
					"sender":	true
				}],
			"sum":	{
				"start":	5.001027,
				"end":	6.001046,
				"seconds":	1.0000189542770386,
				"bytes":	2621440,
				"bits_per_second":	20971122.507534184,
				"retransmits":	0,
				"omitted":	false,
				"sender":	true
			}
		}, {
			"streams":	[{
					"socket":	5,
					"start":	6.001046,
					"end":	7.001056,
					"seconds":	1.0000100135803223,
					"bytes":	1966080,
					"bits_per_second":	15728482.501577124,
					"retransmits":	0,
					"snd_cwnd":	243264,
					"snd_wnd":	2840832,
					"rtt":	132113,
					"rttvar":	1823,
					"pmtu":	1500,
					"omitted":	false,
					"sender":	true
				}],
			"sum":	{
				"start":	6.001046,
				"end":	7.001056,
				"seconds":	1.0000100135803223,
				"bytes":	1966080,
				"bits_per_second":	15728482.501577124,
				"retransmits":	0,
				"omitted":	false,
				"sender":	true
			}
		}, {
			"streams":	[{
					"socket":	5,
					"start":	7.001056,
					"end":	8.00103,
					"seconds":	0.999974012374878,
					"bytes":	2621440,
					"bits_per_second":	20972065.014163624,
					"retransmits":	0,
					"snd_cwnd":	247608,
					"snd_wnd":	2839296,
					"rtt":	109671,
					"rttvar":	847,
					"pmtu":	1500,
					"omitted":	false,
					"sender":	true
				}],
			"sum":	{
				"start":	7.001056,
				"end":	8.00103,
				"seconds":	0.999974012374878,
				"bytes":	2621440,
				"bits_per_second":	20972065.014163624,
				"retransmits":	0,
				"omitted":	false,
				"sender":	true
			}
		}, {
			"streams":	[{
					"socket":	5,
					"start":	8.00103,
					"end":	9.000821,
					"seconds":	0.99979102611541748,
					"bytes":	1966080,
					"bits_per_second":	15731927.562014606,
					"retransmits":	0,
					"snd_cwnd":	247608,
					"snd_wnd":	2840832,
					"rtt":	57083,
					"rttvar":	2295,
					"pmtu":	1500,
					"omitted":	false,
					"sender":	true
				}],
			"sum":	{
				"start":	8.00103,
				"end":	9.000821,
				"seconds":	0.99979102611541748,
				"bytes":	1966080,
				"bits_per_second":	15731927.562014606,
				"retransmits":	0,
				"omitted":	false,
				"sender":	true
			}
		}, {
			"streams":	[{
					"socket":	5,
					"start":	9.000821,
					"end":	10.001297,
					"seconds":	1.0004760026931763,
					"bytes":	2621440,
					"bits_per_second":	20961542.24943614,
					"retransmits":	0,
					"snd_cwnd":	247608,
					"snd_wnd":	2839296,
					"rtt":	91443,
					"rttvar":	522,
					"pmtu":	1500,
					"omitted":	false,
					"sender":	true
				}],
			"sum":	{
				"start":	9.000821,
				"end":	10.001297,
				"seconds":	1.0004760026931763,
				"bytes":	2621440,
				"bits_per_second":	20961542.24943614,
				"retransmits":	0,
				"omitted":	false,
				"sender":	true
			}
		}],
	"end":	{
		"streams":	[{
				"sender":	{
					"socket":	5,
					"start":	0,
					"end":	10.001297,
					"seconds":	10.001297,
					"bytes":	25952256,
					"bits_per_second":	20759112.3431291,
					"retransmits":	6,
					"max_snd_cwnd":	273672,
					"max_snd_wnd":	2840832,
					"max_rtt":	132113,
					"min_rtt":	38793,
					"mean_rtt":	85550,
					"sender":	true
				},
				"receiver":	{
					"socket":	5,
					"start":	0,
					"end":	10.091644,
					"seconds":	10.001297,
					"bytes":	24925872,
					"bits_per_second":	19759612.606231451,
					"sender":	true
				}
			}],
		"sum_sent":	{
			"start":	0,
			"end":	10.001297,
			"seconds":	10.001297,
			"bytes":	25952256,
			"bits_per_second":	20759112.3431291,
			"retransmits":	6,
			"sender":	true
		},
		"sum_received":	{
			"start":	0,
			"end":	10.091644,
			"seconds":	10.091644,
			"bytes":	24925872,
			"bits_per_second":	19759612.606231451,
			"sender":	true
		},
		"cpu_utilization_percent":	{
			"host_total":	0.11194960739244091,
			"host_user":	0.0039640396522294761,
			"host_system":	0.10798556774021144,