{
	"start":	{
		"connected":	[{
				"socket":	5,
				"local_host":	"192.168.225.54",
				"local_port":	41612,
				"remote_host":	"192.168.26.3",
				"remote_port":	55003
			}],
		"version":	"iperf 3.16",
		"system_info":	"Linux cse-ThinkPad-T14-Gen-5 6.11.0-25-generic #25~24.04.1-Ubuntu SMP PREEMPT_DYNAMIC Tue Apr 15 17:20:50 UTC 2 x86_64",
		"timestamp":	{
			"time":	"Fri, 30 May 2025 19:24:56 GMT",
			"timesecs":	1748633096
		},
		"connecting_to":	{
			"host":	"192.168.26.3",
			"port":	55003
		},
		"cookie":	"ufwehl47at45lekcqxdaajo4nmljt4rrmg7d",
		"tcp_mss_default":	1448,
		"target_bitrate":	0,
		"fq_rate":	0,
		"sock_bufsize":	0,
		"sndbuf_actual":	16384,
		"rcvbuf_actual":	131072,
		"test_start":	{
			"protocol":	"TCP",
			"num_streams":	1,
			"blksize":	131072,
			"omit":	0,
			"duration":	10,
			"bytes":	0,
			"blocks":	0,
			"reverse":	0,
			"tos":	0,
			"target_bitrate":	0,
			"bidir":	0,
			"fqrate":	0
		}
	},
	"intervals":	[{
			"streams":	[{
					"socket":	5,
					"start":	0,
					"end":	1.001007,
					"seconds":	1.0010069608688354,
					"bytes":	3276800,
					"bits_per_second":	26188029.678881466,
					"retransmits":	0,
					"snd_cwnd":	198376,
					"snd_wnd":	749440,
					"rtt":	68902,
					"rttvar":	2007,
					"pmtu":	1500,
					"omitted":	false,
					"sender":	true
				}],
			"sum":	{
				"start":	0,
				"end":	1.001007,
				"seconds":	1.0010069608688354,
				"bytes":	3276800,
				"bits_per_second":	26188029.678881466,
				"retransmits":	0,
				"omitted":	false,
				"sender":	true
			}
		}, {
			"streams":	[{
					"socket":	5,
					"start":	1.001007,
					"end":	2.001071,
					"seconds":	1.0000640153884888,
					"bytes":	3407872,
					"bits_per_second":	27261230.8617157,
					"retransmits":	3,
					"snd_cwnd":	218648,
					"snd_wnd":	749440,
					"rtt":	91068,
					"rttvar":	2271,
					"pmtu":	1500,
					"omitted":	false,
					"sender":	true
				}],
			"sum":	{
				"start":	1.001007,
				"end":	2.001071,
				"seconds":	1.0000640153884888,
				"bytes":	3407872,
				"bits_per_second":	27261230.8617157,
				"retransmits":	3,
				"omitted":	false,
				"sender":	true
			}
		}, {
			"streams":	[{
					"socket":	5,
					"start":	2.001071,
					"end":	3.001076,
					"seconds":	1.0000050067901611,
					"bytes":	2621440,
					"bits_per_second":	20971415.000525709,
					"retransmits":	0,
					"snd_cwnd":	260640,
					"snd_wnd":	3017728,
					"rtt":	94268,
					"rttvar":	1281,
					"pmtu":	1500,
					"omitted":	false,
					"sender":	true
				}],
			"sum":	{
				"start":	2.001071,
				"end":	3.001076,
				"seconds":	1.0000050067901611,
				"bytes":	2621440,
				"bits_per_second":	20971415.000525709,
				"retransmits":	0,
				"omitted":	false,
				"sender":	true
			}
		}, {
			"streams":	[{
					"socket":	5,
					"start":	3.001076,
					"end":	4.001153,
					"seconds":	1.00007700920105,
					"bytes":	2621440,
					"bits_per_second":	20969905.124360282,
					"retransmits":	0,
					"snd_cwnd":	288152,
					"snd_wnd":	3017728,
					"rtt":	104241,
					"rttvar":	610,
					"pmtu":	1500,
					"omitted":	false,
					"sender":	true
				}],
			"sum":	{
				"start":	3.001076,
				"end":	4.001153,
				"seconds":	1.00007700920105,
				"bytes":	2621440,
				"bits_per_second":	20969905.124360282,
				"retransmits":	0,
				"omitted":	false,
				"sender":	true
			}
		}, {
			"streams":	[{
					"socket":	5,
					"start":	4.001153,
					"end":	5.001043,
					"seconds":	0.9998900294303894,
					"bytes":	2621440,
					"bits_per_second":	20973826.503647521,
					"retransmits":	1,
					"snd_cwnd":	220096,
					"snd_wnd":	3019264,
					"rtt":	79185,
					"rttvar":	534,
					"pmtu":	1500,
					"omitted":	false,
					"sender":	true
				}],
			"sum":	{
				"start":	4.001153,
				"end":	5.001043,
				"seconds":	0.9998900294303894,
				"bytes":	2621440,
				"bits_per_second":	20973826.503647521,
				"retransmits":	1,
				"omitted":	false,
				"sender":	true
			}
		}, {
			"streams":	[{
					"socket":	5,
					"start":	5.001043,
					"end":	6.001062,
					"seconds":	1.0000189542770386,
					"bytes":	2490368,
					"bits_per_second":	19922566.382157475,
					"retransmits":	0,
					"snd_cwnd":	238920,
					"snd_wnd":	3019264,
					"rtt":	86209,
					"rttvar":	1916,
					"pmtu":	1500,
					"omitted":	false,
					"sender":	true
				}],
			"sum":	{
				"start":	5.001043,
				"end":	6.001062,
				"seconds":	1.0000189542770386,
				"bytes":	2490368,
				"bits_per_second":	19922566.382157475,
				"retransmits":	0,
				"omitted":	false,
				"sender":	true
			}
		}, {
			"streams":	[{
					"socket":	5,
					"start":	6.001062,
					"end":	7.000186,
					"seconds":	0.999123990535736,
					"bytes":	2621440,
					"bits_per_second":	20989907.357499193,
					"retransmits":	0,
					"snd_cwnd":	246160,
					"snd_wnd":	3019264,
					"rtt":	88763,
					"rttvar":	965,
					"pmtu":	1500,
					"omitted":	false,
					"sender":	true
				}],
			"sum":	{
				"start":	6.001062,
				"end":	7.000186,
				"seconds":	0.999123990535736,
				"bytes":	2621440,
				"bits_per_second":	20989907.357499193,
				"retransmits":	0,
				"omitted":	false,
				"sender":	true
			}
		}, {
			"streams":	[{
					"socket":	5,
					"start":	7.000186,
					"end":	8.001055,
					"seconds":	1.0008690357208252,
					"bytes":	3276800,
					"bits_per_second":	26191638.530530028,
					"retransmits":	0,
					"snd_cwnd":	247608,
					"snd_wnd":	3019264,
					"rtt":	93756,
					"rttvar":	1222,
					"pmtu":	1500,
					"omitted":	false,
					"sender":	true
				}],
			"sum":	{
				"start":	7.000186,
				"end":	8.001055,
				"seconds":	1.0008690357208252,
				"bytes":	3276800,
				"bits_per_second":	26191638.530530028,
				"retransmits":	0,
				"omitted":	false,
				"sender":	true
			}
		}, {
			"streams":	[{
					"socket":	5,
					"start":	8.001055,
					"end":	9.001212,
					"seconds":	1.0001569986343384,
					"bytes":	2621440,
					"bits_per_second":	20968228.016836859,
					"retransmits":	0,
					"snd_cwnd":	247608,
					"snd_wnd":	3019264,
					"rtt":	89820,
					"rttvar":	1107,
					"pmtu":	1500,
					"omitted":	false,
					"sender":	true
				}],
			"sum":	{
				"start":	8.001055,
				"end":	9.001212,
				"seconds":	1.0001569986343384,
				"bytes":	2621440,
				"bits_per_second":	20968228.016836859,
				"retransmits":	0,
				"omitted":	false,
				"sender":	true
			}
		}, {
			"streams":	[{
					"socket":	5,
					"start":	9.001212,
					"end":	10.001457,
					"seconds":	1.0002449750900269,
					"bytes":	2621440,
					"bits_per_second":	20966383.758251283,
					"retransmits":	0,
					"snd_cwnd":	253400,
					"snd_wnd":	3019264,
					"rtt":	90674,
					"rttvar":	960,
					"pmtu":	1500,
					"omitted":	false,
					"sender":	true
				}],
			"sum":	{
				"start":	9.001212,
				"end":	10.001457,
				"seconds":	1.0002449750900269,
				"bytes":	2621440,
				"bits_per_second":	20966383.758251283,
				"retransmits":	0,
				"omitted":	false,
				"sender":	true
			}
		}],
	"end":	{
		"streams":	[{
				"sender":	{
					"socket":	5,
					"start":	0,
					"end":	10.001457,
					"seconds":	10.001457,
					"bytes":	28180480,
					"bits_per_second":	22541099.761764709,
					"retransmits":	4,
					"max_snd_cwnd":	288152,
					"max_snd_wnd":	3019264,
					"max_rtt":	104241,
					"min_rtt":	68902,
					"mean_rtt":	88688,
					"sender":	true
				},
				"receiver":	{
					"socket":	5,
					"start":	0,
					"end":	10.09367,
					"seconds":	10.001457,
					"bytes":	27066016,
					"bits_per_second":	21451873.104628943,
					"sender":	true
				}
			}],
		"sum_sent":	{
			"start":	0,
			"end":	10.001457,
			"seconds":	10.001457,
			"bytes":	28180480,
			"bits_per_second":	22541099.761764709,
			"retransmits":	4,
			"sender":	true
		},
		"sum_received":	{
			"start":	0,
			"end":	10.09367,
			"seconds":	10.09367,
			"bytes":	27066016,
			"bits_per_second":	21451873.104628943,
			"sender":	true
		},
		"cpu_utilization_percent":	{
			"host_total":	0.10973738066959622,
			"host_user":	0.022393170230986879,
			"host_system":	0.087334349949736156,