{
	"start":	{
		"connected":	[{
				"socket":	5,
				"local_host":	"192.168.225.54",
				"local_port":	60414,
				"remote_host":	"192.168.26.3",
				"remote_port":	55003
			}],
		"version":	"iperf 3.16",
		"system_info":	"Linux cse-ThinkPad-T14-Gen-5 6.11.0-25-generic #25~24.04.1-Ubuntu SMP PREEMPT_DYNAMIC Tue Apr 15 17:20:50 UTC 2 x86_64",
		"timestamp":	{
			"time":	"Fri, 30 May 2025 19:23:24 GMT",
			"timesecs":	1748633004
		},
		"connecting_to":	{
			"host":	"192.168.26.3",
			"port":	55003
		},
		"cookie":	"w65ajqxzgh6qghgjfqyycxhrfac5s27yswcf",
		"tcp_mss_default":	1448,
		"target_bitrate":	0,
		"fq_rate":	0,
		"sock_bufsize":	0,
		"sndbuf_actual":	16384,
		"rcvbuf_actual":	131072,
		"test_start":	{
			"protocol":	"TCP",
			"num_streams":	1,
			"blksize":	131072,
			"omit":	0,
			"duration":	10,
			"bytes":	0,
			"blocks":	0,
			"reverse":	0,
			"tos":	0,
			"target_bitrate":	0,
			"bidir":	0,
			"fqrate":	0
		}
	},
	"intervals":	[{
			"streams":	[{
					"socket":	5,
					"start":	0,
					"end":	1.00101,
					"seconds":	1.0010099411010742,
					"bytes":	3145728,
					"bits_per_second":	25140433.642765343,
					"retransmits":	0,
					"snd_cwnd":	209960,
					"snd_wnd":	960768,
					"rtt":	73326,
					"rttvar":	2243,
					"pmtu":	1500,
					"omitted":	false,
					"sender":	true
				}],
			"sum":	{
				"start":	0,
				"end":	1.00101,
				"seconds":	1.0010099411010742,
				"bytes":	3145728,
				"bits_per_second":	25140433.642765343,
				"retransmits":	0,
				"omitted":	false,
				"sender":	true
			}
		}, {
			"streams":	[{
					"socket":	5,
					"start":	1.00101,
					"end":	2.001049,
					"seconds":	1.0000389814376831,
					"bytes":	3276800,
					"bits_per_second":	26213378.1648326,
					"retransmits":	3,
					"snd_cwnd":	217200,
					"snd_wnd":	1164928,
					"rtt":	79300,
					"rttvar":	1200,
					"pmtu":	1500,
					"omitted":	false,
					"sender":	true
				}],
			"sum":	{
				"start":	1.00101,
				"end":	2.001049,
				"seconds":	1.0000389814376831,
				"bytes":	3276800,
				"bits_per_second":	26213378.1648326,
				"retransmits":	3,
				"omitted":	false,
				"sender":	true
			}
		}, {
			"streams":	[{
					"socket":	5,
					"start":	2.001049,
					"end":	3.001033,
					"seconds":	0.9999840259552002,
					"bytes":	2621440,
					"bits_per_second":	20971855.005351391,
					"retransmits":	0,
					"snd_cwnd":	257744,
					"snd_wnd":	3930752,
					"rtt":	92359,
					"rttvar":	968,
					"pmtu":	1500,
					"omitted":	false,
					"sender":	true
				}],
			"sum":	{
				"start":	2.001049,
				"end":	3.001033,
				"seconds":	0.9999840259552002,
				"bytes":	2621440,
				"bits_per_second":	20971855.005351391,
				"retransmits":	0,
				"omitted":	false,
				"sender":	true
			}
		}, {
			"streams":	[{
					"socket":	5,
					"start":	3.001033,
					"end":	4.001084,
					"seconds":	1.0000510215759277,
					"bytes":	2621440,
					"bits_per_second":	20970450.0545903,
					"retransmits":	0,
					"snd_cwnd":	283808,
					"snd_wnd":	3930752,
					"rtt":	102584,
					"rttvar":	1161,
					"pmtu":	1500,
					"omitted":	false,
					"sender":	true
				}],
			"sum":	{
				"start":	3.001033,
				"end":	4.001084,
				"seconds":	1.0000510215759277,
				"bytes":	2621440,
				"bits_per_second":	20970450.0545903,
				"retransmits":	0,
				"omitted":	false,
				"sender":	true
			}
		}, {
			"streams":	[{
					"socket":	5,
					"start":	4.001084,
					"end":	5.001023,
					"seconds":	0.99993902444839478,
					"bytes":	2621440,
					"bits_per_second":	20972798.82797724,
					"retransmits":	2,
					"snd_cwnd":	217200,
					"snd_wnd":	3930752,
					"rtt":	78318,
					"rttvar":	1129,
					"pmtu":	1500,
					"omitted":	false,
					"sender":	true
				}],
			"sum":	{
				"start":	4.001084,
				"end":	5.001023,
				"seconds":	0.99993902444839478,
				"bytes":	2621440,
				"bits_per_second":	20972798.82797724,
				"retransmits":	2,
				"omitted":	false,
				"sender":	true
			}
		}, {
			"streams":	[{
					"socket":	5,
					"start":	5.001023,
					"end":	6.001055,
					"seconds":	1.0000319480895996,
					"bytes":	3276800,
					"bits_per_second":	26213562.526755672,
					"retransmits":	0,
					"snd_cwnd":	236024,
					"snd_wnd":	3932160,
					"rtt":	86030,
					"rttvar":	1699,
					"pmtu":	1500,
					"omitted":	false,
					"sender":	true
				}],
			"sum":	{
				"start":	5.001023,
				"end":	6.001055,
				"seconds":	1.0000319480895996,
				"bytes":	3276800,
				"bits_per_second":	26213562.526755672,
				"retransmits":	0,
				"omitted":	false,
				"sender":	true
			}
		}, {
			"streams":	[{
					"socket":	5,
					"start":	6.001055,
					"end":	7.00106,
					"seconds":	1.0000050067901611,
					"bytes":	2621440,
					"bits_per_second":	20971415.000525709,
					"retransmits":	0,
					"snd_cwnd":	244712,
					"snd_wnd":	3932160,
					"rtt":	89730,
					"rttvar":	2820,
					"pmtu":	1500,
					"omitted":	false,
					"sender":	true
				}],
			"sum":	{
				"start":	6.001055,
				"end":	7.00106,
				"seconds":	1.0000050067901611,
				"bytes":	2621440,
				"bits_per_second":	20971415.000525709,
				"retransmits":	0,
				"omitted":	false,
				"sender":	true
			}
		}, {
			"streams":	[{
					"socket":	5,
					"start":	7.00106,
					"end":	8.000862,
					"seconds":	0.999801993370056,
					"bytes":	2621440,
					"bits_per_second":	20975673.322385367,
					"retransmits":	0,
					"snd_cwnd":	246160,
					"snd_wnd":	3930752,
					"rtt":	89773,
					"rttvar":	1544,
					"pmtu":	1500,
					"omitted":	false,
					"sender":	true
				}],
			"sum":	{
				"start":	7.00106,
				"end":	8.000862,
				"seconds":	0.999801993370056,
				"bytes":	2621440,
				"bits_per_second":	20975673.322385367,
				"retransmits":	0,
				"omitted":	false,
				"sender":	true
			}
		}, {
			"streams":	[{
					"socket":	5,
					"start":	8.000862,
					"end":	9.001048,
					"seconds":	1.0001859664916992,
					"bytes":	2621440,
					"bits_per_second":	20967620.725134466,
					"retransmits":	0,
					"snd_cwnd":	246160,
					"snd_wnd":	3930752,
					"rtt":	90099,
					"rttvar":	1913,
					"pmtu":	1500,
					"omitted":	false,
					"sender":	true
				}],
			"sum":	{
				"start":	8.000862,
				"end":	9.001048,
				"seconds":	1.0001859664916992,
				"bytes":	2621440,
				"bits_per_second":	20967620.725134466,
				"retransmits":	0,
				"omitted":	false,
				"sender":	true
			}
		}, {
			"streams":	[{
					"socket":	5,
					"start":	9.001048,
					"end":	10.001515,
					"seconds":	1.0004669427871704,
					"bytes":	2490368,
					"bits_per_second":	19913645.46688297,
					"retransmits":	0,
					"snd_cwnd":	250504,
					"snd_wnd":	3930752,
					"rtt":	91734,
					"rttvar":	1150,
					"pmtu":	1500,
					"omitted":	false,
					"sender":	true
				}],
			"sum":	{
				"start":	9.001048,
				"end":	10.001515,
				"seconds":	1.0004669427871704,
				"bytes":	2490368,
				"bits_per_second":	19913645.46688297,
				"retransmits":	0,
				"omitted":	false,
				"sender":	true
			}
		}],
	"end":	{
		"streams":	[{
				"sender":	{
					"socket":	5,
					"start":	0,
					"end":	10.001515,
					"seconds":	10.001515,
					"bytes":	27918336,
					"bits_per_second":	22331285.610230051,
					"retransmits":	5,
					"max_snd_cwnd":	283808,
					"max_snd_wnd":	3932160,
					"max_rtt":	102584,
					"min_rtt":	73326,
					"mean_rtt":	87325,
					"sender":	true
				},
				"receiver":	{
					"socket":	5,
					"start":	0,
					"end":	10.092576,
					"seconds":	10.001515,
					"bytes":	27022576,
					"bits_per_second":	21419765.181852482,
					"sender":	true
				}
			}],
		"sum_sent":	{
			"start":	0,
			"end":	10.001515,
			"seconds":	10.001515,
			"bytes":	27918336,
			"bits_per_second":	22331285.610230051,
			"retransmits":	5,
			"sender":	true
		},
		"sum_received":	{
			"start":	0,
			"end":	10.092576,
			"seconds":	10.092576,
			"bytes":	27022576,
			"bits_per_second":	21419765.181852482,
			"sender":	true
		},
		"cpu_utilization_percent":	{
			"host_total":	0.10408799794190536,
			"host_user":	0.0046443204841452659,
			"host_system":	0.0994338169047152,