{
	"start":	{
		"connected":	[{
				"socket":	5,
				"local_host":	"192.168.225.54",
				"local_port":	55652,
				"remote_host":	"192.168.26.3",
				"remote_port":	55003
			}],
		"version":	"iperf 3.16",
		"system_info":	"Linux cse-ThinkPad-T14-Gen-5 6.11.0-25-generic #25~24.04.1-Ubuntu SMP PREEMPT_DYNAMIC Tue Apr 15 17:20:50 UTC 2 x86_64",
		"timestamp":	{
			"time":	"Fri, 30 May 2025 19:24:03 GMT",
			"timesecs":	1748633043
		},
		"connecting_to":	{
			"host":	"192.168.26.3",
			"port":	55003
		},
		"cookie":	"zu7ziratsr3hn4o2mdnnno5l4c7xundxudtn",
		"tcp_mss_default":	1448,
		"target_bitrate":	0,
		"fq_rate":	0,
		"sock_bufsize":	0,
		"sndbuf_actual":	16384,
		"rcvbuf_actual":	131072,
		"test_start":	{
			"protocol":	"TCP",
			"num_streams":	1,
			"blksize":	131072,
			"omit":	0,
			"duration":	10,
			"bytes":	0,
			"blocks":	0,
			"reverse":	0,
			"tos":	0,
			"target_bitrate":	0,
			"bidir":	0,
			"fqrate":	0
		}
	},
	"intervals":	[{
			"streams":	[{
					"socket":	5,
					"start":	0,
					"end":	1.001033,
					"seconds":	1.0010329484939575,
					"bytes":	3276800,
					"bits_per_second":	26187349.816446364,
					"retransmits":	0,
					"snd_cwnd":	222992,
					"snd_wnd":	1175168,
					"rtt":	77572,
					"rttvar":	2192,
					"pmtu":	1500,
					"omitted":	false,
					"sender":	true
				}],
			"sum":	{
				"start":	0,
				"end":	1.001033,
				"seconds":	1.0010329484939575,
				"bytes":	3276800,
				"bits_per_second":	26187349.816446364,
				"retransmits":	0,
				"omitted":	false,
				"sender":	true
			}
		}, {
			"streams":	[{
					"socket":	5,
					"start":	1.001033,
					"end":	2.001064,
					"seconds":	1.0000309944152832,
					"bytes":	2883584,
					"bits_per_second":	23067957.022160321,
					"retransmits":	3,
					"snd_cwnd":	227336,
					"snd_wnd":	1923840,
					"rtt":	79630,
					"rttvar":	661,
					"pmtu":	1500,
					"omitted":	false,
					"sender":	true
				}],
			"sum":	{
				"start":	1.001033,
				"end":	2.001064,
				"seconds":	1.0000309944152832,
				"bytes":	2883584,
				"bits_per_second":	23067957.022160321,
				"retransmits":	3,
				"omitted":	false,
				"sender":	true
			}
		}, {
			"streams":	[{
					"socket":	5,
					"start":	2.001064,
					"end":	3.001034,
					"seconds":	0.999970018863678,
					"bytes":	2621440,
					"bits_per_second":	20972148.768851206,
					"retransmits":	0,
					"snd_cwnd":	267880,
					"snd_wnd":	2954240,
					"rtt":	93876,
					"rttvar":	810,
					"pmtu":	1500,
					"omitted":	false,
					"sender":	true
				}],
			"sum":	{
				"start":	2.001064,
				"end":	3.001034,
				"seconds":	0.999970018863678,
				"bytes":	2621440,
				"bits_per_second":	20972148.768851206,
				"retransmits":	0,
				"omitted":	false,
				"sender":	true
			}
		}, {
			"streams":	[{
					"socket":	5,
					"start":	3.001034,
					"end":	4.001187,
					"seconds":	1.0001529455184937,
					"bytes":	3407872,
					"bits_per_second":	27258806.887647051,
					"retransmits":	1,
					"snd_cwnd":	202720,
					"snd_wnd":	2955776,
					"rtt":	102284,
					"rttvar":	2002,
					"pmtu":	1500,
					"omitted":	false,
					"sender":	true
				}],
			"sum":	{
				"start":	3.001034,
				"end":	4.001187,
				"seconds":	1.0001529455184937,
				"bytes":	3407872,
				"bits_per_second":	27258806.887647051,
				"retransmits":	1,
				"omitted":	false,
				"sender":	true
			}
		}, {
			"streams":	[{
					"socket":	5,
					"start":	4.001187,
					"end":	5.001074,
					"seconds":	0.999886989593506,
					"bytes":	2621440,
					"bits_per_second":	20973890.267864935,
					"retransmits":	0,
					"snd_cwnd":	227336,
					"snd_wnd":	2955776,
					"rtt":	80505,
					"rttvar":	1031,
					"pmtu":	1500,
					"omitted":	false,
					"sender":	true
				}],
			"sum":	{
				"start":	4.001187,
				"end":	5.001074,
				"seconds":	0.999886989593506,
				"bytes":	2621440,
				"bits_per_second":	20973890.267864935,
				"retransmits":	0,
				"omitted":	false,
				"sender":	true
			}
		}, {
			"streams":	[{
					"socket":	5,
					"start":	5.001074,
					"end":	6.001028,
					"seconds":	0.9999539852142334,
					"bytes":	2490368,
					"bits_per_second":	19923860.792186,
					"retransmits":	0,
					"snd_cwnd":	240368,
					"snd_wnd":	2954240,
					"rtt":	87838,
					"rttvar":	1443,
					"pmtu":	1500,
					"omitted":	false,
					"sender":	true
				}],
			"sum":	{
				"start":	5.001074,
				"end":	6.001028,
				"seconds":	0.9999539852142334,
				"bytes":	2490368,
				"bits_per_second":	19923860.792186,
				"retransmits":	0,
				"omitted":	false,
				"sender":	true
			}
		}, {
			"streams":	[{
					"socket":	5,
					"start":	6.001028,
					"end":	7.001029,
					"seconds":	1.0000009536743164,
					"bytes":	2621440,
					"bits_per_second":	20971500.000019073,
					"retransmits":	0,
					"snd_cwnd":	246160,
					"snd_wnd":	2955776,
					"rtt":	91358,
					"rttvar":	2108,
					"pmtu":	1500,
					"omitted":	false,
					"sender":	true
				}],
			"sum":	{
				"start":	6.001028,
				"end":	7.001029,
				"seconds":	1.0000009536743164,
				"bytes":	2621440,
				"bits_per_second":	20971500.000019073,
				"retransmits":	0,
				"omitted":	false,
				"sender":	true
			}
		}, {
			"streams":	[{
					"socket":	5,
					"start":	7.001029,
					"end":	8.00107,
					"seconds":	1.0000410079956055,
					"bytes":	2621440,
					"bits_per_second":	20970660.035265431,
					"retransmits":	0,
					"snd_cwnd":	246160,
					"snd_wnd":	2955776,
					"rtt":	90699,
					"rttvar":	2412,
					"pmtu":	1500,
					"omitted":	false,
					"sender":	true
				}],
			"sum":	{
				"start":	7.001029,
				"end":	8.00107,
				"seconds":	1.0000410079956055,
				"bytes":	2621440,
				"bits_per_second":	20970660.035265431,
				"retransmits":	0,
				"omitted":	false,
				"sender":	true
			}
		}, {
			"streams":	[{
					"socket":	5,
					"start":	8.00107,
					"end":	9.001169,
					"seconds":	1.0000989437103271,
					"bytes":	2621440,
					"bits_per_second":	20969445.205287889,
					"retransmits":	0,
					"snd_cwnd":	246160,
					"snd_wnd":	2955776,
					"rtt":	90098,
					"rttvar":	928,
					"pmtu":	1500,
					"omitted":	false,
					"sender":	true
				}],
			"sum":	{
				"start":	8.00107,
				"end":	9.001169,
				"seconds":	1.0000989437103271,
				"bytes":	2621440,
				"bits_per_second":	20969445.205287889,
				"retransmits":	0,
				"omitted":	false,
				"sender":	true
			}
		}, {
			"streams":	[{
					"socket":	5,
					"start":	9.001169,
					"end":	10.001453,
					"seconds":	1.00028395652771,
					"bytes":	3276800,
					"bits_per_second":	26206958.363101374,
					"retransmits":	0,
					"snd_cwnd":	254848,
					"snd_wnd":	2955776,
					"rtt":	93395,
					"rttvar":	1033,
					"pmtu":	1500,
					"omitted":	false,
					"sender":	true
				}],
			"sum":	{
				"start":	9.001169,
				"end":	10.001453,
				"seconds":	1.00028395652771,
				"bytes":	3276800,
				"bits_per_second":	26206958.363101374,
				"retransmits":	0,
				"omitted":	false,
				"sender":	true
			}
		}],
	"end":	{
		"streams":	[{
				"sender":	{
					"socket":	5,
					"start":	0,
					"end":	10.001453,
					"seconds":	10.001453,
					"bytes":	28442624,
					"bits_per_second":	22750793.50970304,
					"retransmits":	4,
					"max_snd_cwnd":	267880,
					"max_snd_wnd":	2955776,
					"max_rtt":	102284,
					"min_rtt":	77572,
					"mean_rtt":	88725,
					"sender":	true
				},
				"receiver":	{
					"socket":	5,
					"start":	0,
					"end":	10.091568,
					"seconds":	10.001453,
					"bytes":	27055880,
					"bits_per_second":	21448306.15024345,
					"sender":	true
				}
			}],
		"sum_sent":	{
			"start":	0,
			"end":	10.001453,
			"seconds":	10.001453,
			"bytes":	28442624,
			"bits_per_second":	22750793.50970304,
			"retransmits":	4,
			"sender":	true
		},
		"sum_received":	{
			"start":	0,
			"end":	10.091568,
			"seconds":	10.091568,
			"bytes":	27055880,
			"bits_per_second":	21448306.15024345,
			"sender":	true
		},
		"cpu_utilization_percent":	{
			"host_total":	0.11129432176547494,
			"host_user":	0,
			"host_system":	0.11132384541613338,
			"remote_total":	0.743198797117261,