{
	"start":	{
		"connected":	[{
				"socket":	5,
				"local_host":	"192.168.225.54",
				"local_port":	52902,
				"remote_host":	"192.168.26.3",
				"remote_port":	55003
			}],
		"version":	"iperf 3.16",
		"system_info":	"Linux cse-ThinkPad-T14-Gen-5 6.11.0-25-generic #25~24.04.1-Ubuntu SMP PREEMPT_DYNAMIC Tue Apr 15 17:20:50 UTC 2 x86_64",
		"timestamp":	{
			"time":	"Fri, 30 May 2025 19:25:09 GMT",
			"timesecs":	1748633109
		},
		"connecting_to":	{
			"host":	"192.168.26.3",
			"port":	55003
		},
		"cookie":	"3wswluoenuyvrjimyowb4rqk7vzce37jsmqo",
		"tcp_mss_default":	1448,
		"target_bitrate":	0,
		"fq_rate":	0,
		"sock_bufsize":	0,
		"sndbuf_actual":	16384,
		"rcvbuf_actual":	131072,
		"test_start":	{
			"protocol":	"TCP",
			"num_streams":	1,
			"blksize":	131072,
			"omit":	0,
			"duration":	10,
			"bytes":	0,
			"blocks":	0,
			"reverse":	0,
			"tos":	0,
			"target_bitrate":	0,
			"bidir":	0,
			"fqrate":	0
		}
	},
	"intervals":	[{
			"streams":	[{
					"socket":	5,
					"start":	0,
					"end":	1.001044,
					"seconds":	1.0010440349578857,
					"bytes":	3407872,
					"bits_per_second":	27234542.185895912,
					"retransmits":	0,
					"snd_cwnd":	293944,
					"snd_wnd":	1133312,
					"rtt":	98923,
					"rttvar":	1154,
					"pmtu":	1500,
					"omitted":	false,
					"sender":	true
				}],
			"sum":	{
				"start":	0,
				"end":	1.001044,
				"seconds":	1.0010440349578857,
				"bytes":	3407872,
				"bits_per_second":	27234542.185895912,
				"retransmits":	0,
				"omitted":	false,
				"sender":	true
			}
		}, {
			"streams":	[{
					"socket":	5,
					"start":	1.001044,
					"end":	2.001203,
					"seconds":	1.0001590251922607,
					"bytes":	3276800,
					"bits_per_second":	26210231.912830863,
					"retransmits":	1,
					"snd_cwnd":	251952,
					"snd_wnd":	2964608,
					"rtt":	88287,
					"rttvar":	1402,
					"pmtu":	1500,
					"omitted":	false,
					"sender":	true
				}],
			"sum":	{
				"start":	1.001044,
				"end":	2.001203,
				"seconds":	1.0001590251922607,
				"bytes":	3276800,
				"bits_per_second":	26210231.912830863,
				"retransmits":	1,
				"omitted":	false,
				"sender":	true
			}
		}, {
			"streams":	[{
					"socket":	5,
					"start":	2.001203,
					"end":	3.001084,
					"seconds":	0.99988102912902832,
					"bytes":	2621440,
					"bits_per_second":	20974015.296867643,
					"retransmits":	0,
					"snd_cwnd":	283808,
					"snd_wnd":	2964608,
					"rtt":	102144,
					"rttvar":	435,
					"pmtu":	1500,
					"omitted":	false,
					"sender":	true
				}],
			"sum":	{
				"start":	2.001203,
				"end":	3.001084,
				"seconds":	0.99988102912902832,
				"bytes":	2621440,
				"bits_per_second":	20974015.296867643,
				"retransmits":	0,
				"omitted":	false,
				"sender":	true
			}
		}, {
			"streams":	[{
					"socket":	5,
					"start":	3.001084,
					"end":	4.001037,
					"seconds":	0.99995297193527222,
					"bytes":	2752512,
					"bits_per_second":	22021131.611202791,
					"retransmits":	1,
					"snd_cwnd":	218648,
					"snd_wnd":	2964608,
					"rtt":	78363,
					"rttvar":	1196,
					"pmtu":	1500,
					"omitted":	false,
					"sender":	true
				}],
			"sum":	{
				"start":	3.001084,
				"end":	4.001037,
				"seconds":	0.99995297193527222,
				"bytes":	2752512,
				"bits_per_second":	22021131.611202791,
				"retransmits":	1,
				"omitted":	false,
				"sender":	true
			}
		}, {
			"streams":	[{
					"socket":	5,
					"start":	4.001037,
					"end":	5.001069,
					"seconds":	1.0000319480895996,
					"bytes":	2621440,
					"bits_per_second":	20970850.021404535,
					"retransmits":	0,
					"snd_cwnd":	237472,
					"snd_wnd":	2964608,
					"rtt":	85856,
					"rttvar":	930,
					"pmtu":	1500,
					"omitted":	false,
					"sender":	true
				}],
			"sum":	{
				"start":	4.001037,
				"end":	5.001069,
				"seconds":	1.0000319480895996,
				"bytes":	2621440,
				"bits_per_second":	20970850.021404535,
				"retransmits":	0,
				"omitted":	false,
				"sender":	true
			}
		}, {
			"streams":	[{
					"socket":	5,
					"start":	5.001069,
					"end":	6.001232,
					"seconds":	1.0001629590988159,
					"bytes":	2490368,
					"bits_per_second":	19919697.903980881,
					"retransmits":	0,
					"snd_cwnd":	246160,
					"snd_wnd":	2964608,
					"rtt":	88151,
					"rttvar":	1691,
					"pmtu":	1500,
					"omitted":	false,
					"sender":	true
				}],
			"sum":	{
				"start":	5.001069,
				"end":	6.001232,
				"seconds":	1.0001629590988159,
				"bytes":	2490368,
				"bits_per_second":	19919697.903980881,
				"retransmits":	0,
				"omitted":	false,
				"sender":	true
			}
		}, {
			"streams":	[{
					"socket":	5,
					"start":	6.001232,
					"end":	7.0011,
					"seconds":	0.99986797571182251,
					"bytes":	2621440,
					"bits_per_second":	20974289.115590516,
					"retransmits":	0,
					"snd_cwnd":	247608,
					"snd_wnd":	2964608,
					"rtt":	91285,
					"rttvar":	2695,
					"pmtu":	1500,
					"omitted":	false,
					"sender":	true
				}],
			"sum":	{
				"start":	6.001232,
				"end":	7.0011,
				"seconds":	0.99986797571182251,
				"bytes":	2621440,
				"bits_per_second":	20974289.115590516,
				"retransmits":	0,
				"omitted":	false,
				"sender":	true
			}
		}, {
			"streams":	[{
					"socket":	5,
					"start":	7.0011,
					"end":	8.00106,
					"seconds":	0.99996000528335571,
					"bytes":	3276800,
					"bits_per_second":	26215448.479433637,
					"retransmits":	0,
					"snd_cwnd":	247608,
					"snd_wnd":	2964608,
					"rtt":	90418,
					"rttvar":	1928,
					"pmtu":	1500,
					"omitted":	false,
					"sender":	true
				}],
			"sum":	{
				"start":	7.0011,
				"end":	8.00106,
				"seconds":	0.99996000528335571,
				"bytes":	3276800,
				"bits_per_second":	26215448.479433637,
				"retransmits":	0,
				"omitted":	false,
				"sender":	true
			}
		}, {
			"streams":	[{
					"socket":	5,
					"start":	8.00106,
					"end":	9.001221,
					"seconds":	1.0001610517501831,
					"bytes":	2621440,
					"bits_per_second":	20968143.0438647,
					"retransmits":	0,
					"snd_cwnd":	251952,
					"snd_wnd":	2964608,
					"rtt":	90464,
					"rttvar":	1111,
					"pmtu":	1500,
					"omitted":	false,
					"sender":	true
				}],
			"sum":	{
				"start":	8.00106,
				"end":	9.001221,
				"seconds":	1.0001610517501831,
				"bytes":	2621440,
				"bits_per_second":	20968143.0438647,
				"retransmits":	0,
				"omitted":	false,
				"sender":	true
			}
		}, {
			"streams":	[{
					"socket":	5,
					"start":	9.001221,
					"end":	10.001766,
					"seconds":	1.0005450248718262,
					"bytes":	2621440,
					"bits_per_second":	20960096.226240829,
					"retransmits":	0,
					"snd_cwnd":	260640,
					"snd_wnd":	2964608,
					"rtt":	95414,
					"rttvar":	1973,
					"pmtu":	1500,
					"omitted":	false,
					"sender":	true
				}],
			"sum":	{
				"start":	9.001221,
				"end":	10.001766,
				"seconds":	1.0005450248718262,
				"bytes":	2621440,
				"bits_per_second":	20960096.226240829,
				"retransmits":	0,
				"omitted":	false,
				"sender":	true
			}
		}],
	"end":	{
		"streams":	[{
				"sender":	{
					"socket":	5,
					"start":	0,
					"end":	10.001766,
					"seconds":	10.001766,
					"bytes":	28311552,
					"bits_per_second":	22645242.4501833,
					"retransmits":	2,
					"max_snd_cwnd":	293944,
					"max_snd_wnd":	2964608,
					"max_rtt":	102144,
					"min_rtt":	78363,
					"mean_rtt":	90930,
					"sender":	true
				},
				"receiver":	{
					"socket":	5,
					"start":	0,
					"end":	10.097569,
					"seconds":	10.001766,
					"bytes":	27115248,
					"bits_per_second":	21482594.8701118,
					"sender":	true
				}
			}],
		"sum_sent":	{
			"start":	0,
			"end":	10.001766,
			"seconds":	10.001766,
			"bytes":	28311552,
			"bits_per_second":	22645242.4501833,
			"retransmits":	2,
			"sender":	true
		},
		"sum_received":	{
			"start":	0,
			"end":	10.097569,
			"seconds":	10.097569,
			"bytes":	27115248,
			"bits_per_second":	21482594.8701118,
			"sender":	true
		},
		"cpu_utilization_percent":	{
			"host_total":	0.11875160347140055,
			"host_user":	0.024700963347411568,
			"host_system":	0.094050640123989,