{
	"start":	{
		"connected":	[{
				"socket":	5,
				"local_host":	"192.168.225.39",
				"local_port":	46414,
				"remote_host":	"192.168.26.3",
				"remote_port":	55003
			}],
		"version":	"iperf 3.16",
		"system_info":	"Linux cse-ThinkPad-T14-Gen-5 6.11.0-25-generic #25~24.04.1-Ubuntu SMP PREEMPT_DYNAMIC Tue Apr 15 17:20:50 UTC 2 x86_64",
		"timestamp":	{
			"time":	"Fri, 30 May 2025 21:40:44 GMT",
			"timesecs":	1748641244
		},
		"connecting_to":	{
			"host":	"192.168.26.3",
			"port":	55003
		},
		"cookie":	"4n7gnrhkzomqnv5ocxqhfpnizysbnj6lzdok",
		"tcp_mss_default":	1448,
		"target_bitrate":	0,
		"fq_rate":	0,
		"sock_bufsize":	0,
		"sndbuf_actual":	16384,
		"rcvbuf_actual":	131072,
		"test_start":	{
			"protocol":	"TCP",
			"num_streams":	1,
			"blksize":	131072,
			"omit":	0,
			"duration":	10,
			"bytes":	0,
			"blocks":	0,
			"reverse":	0,
			"tos":	0,
			"target_bitrate":	0,
			"bidir":	0,
			"fqrate":	0
		}
	},
	"intervals":	[{
			"streams":	[{
					"socket":	5,
					"start":	0,
					"end":	1.001255,
					"seconds":	1.0012550354003906,
					"bytes":	1179648,
					"bits_per_second":	9425354.84600702,
					"retransmits":	5,
					"snd_cwnd":	43440,
					"snd_wnd":	564736,
					"rtt":	39978,
					"rttvar":	1437,
					"pmtu":	1500,
					"omitted":	false,
					"sender":	true
				}],
			"sum":	{
				"start":	0,
				"end":	1.001255,
				"seconds":	1.0012550354003906,
				"bytes":	1179648,
				"bits_per_second":	9425354.84600702,
				"retransmits":	5,
				"omitted":	false,
				"sender":	true
			}
		}, {
			"streams":	[{
					"socket":	5,
					"start":	1.001255,
					"end":	2.001265,
					"seconds":	1.0000100135803223,
					"bytes":	1179648,
					"bits_per_second":	9437089.500946274,
					"retransmits":	0,
					"snd_cwnd":	62264,
					"snd_wnd":	564736,
					"rtt":	39876,
					"rttvar":	930,
					"pmtu":	1500,
					"omitted":	false,
					"sender":	true
				}],
			"sum":	{
				"start":	1.001255,
				"end":	2.001265,
				"seconds":	1.0000100135803223,
				"bytes":	1179648,
				"bits_per_second":	9437089.500946274,
				"retransmits":	0,
				"omitted":	false,
				"sender":	true
			}
		}, {
			"streams":	[{
					"socket":	5,
					"start":	2.001265,
					"end":	3.001329,
					"seconds":	1.0000640153884888,
					"bytes":	1310720,
					"bits_per_second":	10485088.792967578,
					"retransmits":	5,
					"snd_cwnd":	56472,
					"snd_wnd":	563328,
					"rtt":	38692,
					"rttvar":	568,
					"pmtu":	1500,
					"omitted":	false,
					"sender":	true
				}],
			"sum":	{
				"start":	2.001265,
				"end":	3.001329,
				"seconds":	1.0000640153884888,
				"bytes":	1310720,
				"bits_per_second":	10485088.792967578,
				"retransmits":	5,
				"omitted":	false,
				"sender":	true
			}
		}, {
			"streams":	[{
					"socket":	5,
					"start":	3.001329,
					"end":	4.001214,
					"seconds":	0.99988502264022827,
					"bytes":	1441792,
					"bits_per_second":	11535662.33999907,
					"retransmits":	14,
					"snd_cwnd":	50680,
					"snd_wnd":	564736,
					"rtt":	51940,
					"rttvar":	27616,
					"pmtu":	1500,
					"omitted":	false,
					"sender":	true
				}],
			"sum":	{
				"start":	3.001329,
				"end":	4.001214,
				"seconds":	0.99988502264022827,
				"bytes":	1441792,
				"bits_per_second":	11535662.33999907,
				"retransmits":	14,
				"omitted":	false,
				"sender":	true
			}
		}, {
			"streams":	[{
					"socket":	5,
					"start":	4.001214,
					"end":	5.001069,
					"seconds":	0.99985498189926147,
					"bytes":	917504,
					"bits_per_second":	7341096.5918850936,
					"retransmits":	4,
					"snd_cwnd":	34752,
					"snd_wnd":	966528,
					"rtt":	41193,
					"rttvar":	1630,
					"pmtu":	1500,
					"omitted":	false,
					"sender":	true
				}],
			"sum":	{
				"start":	4.001214,
				"end":	5.001069,
				"seconds":	0.99985498189926147,
				"bytes":	917504,
				"bits_per_second":	7341096.5918850936,
				"retransmits":	4,
				"omitted":	false,
				"sender":	true
			}
		}, {
			"streams":	[{
					"socket":	5,
					"start":	5.001069,
					"end":	6.001272,
					"seconds":	1.000203013420105,
					"bytes":	1048576,
					"bits_per_second":	8386905.34566168,
					"retransmits":	0,
					"snd_cwnd":	53576,
					"snd_wnd":	966528,
					"rtt":	40319,
					"rttvar":	864,
					"pmtu":	1500,
					"omitted":	false,
					"sender":	true
				}],
			"sum":	{
				"start":	5.001069,
				"end":	6.001272,
				"seconds":	1.000203013420105,
				"bytes":	1048576,
				"bits_per_second":	8386905.34566168,
				"retransmits":	0,
				"omitted":	false,
				"sender":	true
			}
		}, {
			"streams":	[{
					"socket":	5,
					"start":	6.001272,
					"end":	7.001255,
					"seconds":	0.999983012676239,
					"bytes":	1179648,
					"bits_per_second":	9437344.3152233269,
					"retransmits":	5,
					"snd_cwnd":	52128,
					"snd_wnd":	966528,
					"rtt":	40231,
					"rttvar":	1721,
					"pmtu":	1500,
					"omitted":	false,
					"sender":	true
				}],
			"sum":	{
				"start":	6.001272,
				"end":	7.001255,
				"seconds":	0.999983012676239,
				"bytes":	1179648,
				"bits_per_second":	9437344.3152233269,
				"retransmits":	5,
				"omitted":	false,
				"sender":	true
			}
		}, {
			"streams":	[{
					"socket":	5,
					"start":	7.001255,
					"end":	8.001042,
					"seconds":	0.99978697299957275,
					"bytes":	1310720,
					"bits_per_second":	10487994.225950453,
					"retransmits":	6,
					"snd_cwnd":	47784,
					"snd_wnd":	966528,
					"rtt":	49639,
					"rttvar":	23986,
					"pmtu":	1500,
					"omitted":	false,
					"sender":	true
				}],
			"sum":	{
				"start":	7.001255,
				"end":	8.001042,
				"seconds":	0.99978697299957275,
				"bytes":	1310720,
				"bits_per_second":	10487994.225950453,
				"retransmits":	6,
				"omitted":	false,
				"sender":	true
			}
		}, {
			"streams":	[{
					"socket":	5,
					"start":	8.001042,
					"end":	9.001305,
					"seconds":	1.000262975692749,
					"bytes":	1048576,
					"bits_per_second":	8386402.57997186,
					"retransmits":	4,
					"snd_cwnd":	47784,
					"snd_wnd":	966528,
					"rtt":	40008,
					"rttvar":	490,
					"pmtu":	1500,
					"omitted":	false,
					"sender":	true
				}],
			"sum":	{
				"start":	8.001042,
				"end":	9.001305,
				"seconds":	1.000262975692749,
				"bytes":	1048576,
				"bits_per_second":	8386402.57997186,
				"retransmits":	4,
				"omitted":	false,
				"sender":	true
			}
		}, {
			"streams":	[{
					"socket":	5,
					"start":	9.001305,
					"end":	10.001466,
					"seconds":	1.0001610517501831,
					"bytes":	917504,
					"bits_per_second":	7338850.0653526438,
					"retransmits":	4,
					"snd_cwnd":	47784,
					"snd_wnd":	965120,
					"rtt":	41905,
					"rttvar":	3465,
					"pmtu":	1500,
					"omitted":	false,
					"sender":	true
				}],
			"sum":	{
				"start":	9.001305,
				"end":	10.001466,
				"seconds":	1.0001610517501831,
				"bytes":	917504,
				"bits_per_second":	7338850.0653526438,
				"retransmits":	4,
				"omitted":	false,
				"sender":	true
			}
		}],
	"end":	{
		"streams":	[{
				"sender":	{
					"socket":	5,
					"start":	0,
					"end":	10.001466,
					"seconds":	10.001466,
					"bytes":	11534336,
					"bits_per_second":	9226116.25135755,
					"retransmits":	47,
					"max_snd_cwnd":	62264,
					"max_snd_wnd":	966528,
					"max_rtt":	51940,
					"min_rtt":	38692,
					"mean_rtt":	42378,
					"sender":	true
				},
				"receiver":	{
					"socket":	5,
					"start":	0,
					"end":	10.035716,
					"seconds":	10.001466,
					"bytes":	11294400,
					"bits_per_second":	9003363.58661405,
					"sender":	true
				}
			}],
		"sum_sent":	{
			"start":	0,
			"end":	10.001466,
			"seconds":	10.001466,
			"bytes":	11534336,
			"bits_per_second":	9226116.25135755,
			"retransmits":	47,
			"sender":	true
		},
		"sum_received":	{
			"start":	0,
			"end":	10.035716,
			"seconds":	10.035716,
			"bytes":	11294400,
			"bits_per_second":	9003363.58661405,
			"sender":	true
		},
		"cpu_utilization_percent":	{
			"host_total":	0.095540584780559379,
			"host_user":	0,
			"host_system":	0.0955307240534688,
			"remote_total":	0.29810193131196067,