{
	"start":	{
		"connected":	[{
				"socket":	5,
				"local_host":	"192.168.225.43",
				"local_port":	37962,
				"remote_host":	"192.168.26.3",
				"remote_port":	55003
			}],
		"version":	"iperf 3.16",
		"system_info":	"Linux cse-ThinkPad-T14-Gen-5 6.11.0-25-generic #25~24.04.1-Ubuntu SMP PREEMPT_DYNAMIC Tue Apr 15 17:20:50 UTC 2 x86_64",
		"timestamp":	{
			"time":	"Fri, 30 May 2025 19:06:06 GMT",
			"timesecs":	1748631966
		},
		"connecting_to":	{
			"host":	"192.168.26.3",
			"port":	55003
		},
		"cookie":	"tjacj2jkm5ovr7ynfzbxcqxdqr6lwf2cdk3c",
		"tcp_mss_default":	1448,
		"target_bitrate":	0,
		"fq_rate":	0,
		"sock_bufsize":	0,
		"sndbuf_actual":	16384,
		"rcvbuf_actual":	131072,
		"test_start":	{
			"protocol":	"TCP",
			"num_streams":	1,
			"blksize":	131072,
			"omit":	0,
			"duration":	10,
			"bytes":	0,
			"blocks":	0,
			"reverse":	0,
			"tos":	0,
			"target_bitrate":	0,
			"bidir":	0,
			"fqrate":	0
		}
	},
	"intervals":	[{
			"streams":	[{
					"socket":	5,
					"start":	0,
					"end":	1.000987,
					"seconds":	1.0009870529174805,
					"bytes":	1441792,
					"bits_per_second":	11522962.2265163,
					"retransmits":	0,
					"snd_cwnd":	115840,
					"snd_wnd":	507904,
					"rtt":	90185,
					"rttvar":	1737,
					"pmtu":	1500,
					"omitted":	false,
					"sender":	true
				}],
			"sum":	{
				"start":	0,
				"end":	1.000987,
				"seconds":	1.0009870529174805,
				"bytes":	1441792,
				"bits_per_second":	11522962.2265163,
				"retransmits":	0,
				"omitted":	false,
				"sender":	true
			}
		}, {
			"streams":	[{
					"socket":	5,
					"start":	1.000987,
					"end":	2.001025,
					"seconds":	1.0000380277633667,
					"bytes":	1441792,
					"bits_per_second":	11533897.391679293,
					"retransmits":	9,
					"snd_cwnd":	107152,
					"snd_wnd":	1208576,
					"rtt":	85620,
					"rttvar":	1865,
					"pmtu":	1500,
					"omitted":	false,
					"sender":	true
				}],
			"sum":	{
				"start":	1.000987,
				"end":	2.001025,
				"seconds":	1.0000380277633667,
				"bytes":	1441792,
				"bits_per_second":	11533897.391679293,
				"retransmits":	9,
				"omitted":	false,
				"sender":	true
			}
		}, {
			"streams":	[{
					"socket":	5,
					"start":	2.001025,
					"end":	3.001188,
					"seconds":	1.0001629590988159,
					"bytes":	1310720,
					"bits_per_second":	10484051.52841099,
					"retransmits":	0,
					"snd_cwnd":	125976,
					"snd_wnd":	1208576,
					"rtt":	102108,
					"rttvar":	2451,
					"pmtu":	1500,
					"omitted":	false,
					"sender":	true
				}],
			"sum":	{
				"start":	2.001025,
				"end":	3.001188,
				"seconds":	1.0001629590988159,
				"bytes":	1310720,
				"bits_per_second":	10484051.52841099,
				"retransmits":	0,
				"omitted":	false,
				"sender":	true
			}
		}, {
			"streams":	[{
					"socket":	5,
					"start":	3.001188,
					"end":	4.001074,
					"seconds":	0.99988597631454468,
					"bytes":	1048576,
					"bits_per_second":	8389564.60907609,
					"retransmits":	2,
					"snd_cwnd":	98464,
					"snd_wnd":	1209984,
					"rtt":	80086,
					"rttvar":	1197,
					"pmtu":	1500,
					"omitted":	false,
					"sender":	true
				}],
			"sum":	{
				"start":	3.001188,
				"end":	4.001074,
				"seconds":	0.99988597631454468,
				"bytes":	1048576,
				"bits_per_second":	8389564.60907609,
				"retransmits":	2,
				"omitted":	false,
				"sender":	true
			}
		}, {
			"streams":	[{
					"socket":	5,
					"start":	4.001074,
					"end":	5.001206,
					"seconds":	1.0001319646835327,
					"bytes":	1310720,
					"bits_per_second":	10484376.432582036,
					"retransmits":	0,
					"snd_cwnd":	108600,
					"snd_wnd":	1209984,
					"rtt":	88177,
					"rttvar":	1231,
					"pmtu":	1500,
					"omitted":	false,
					"sender":	true
				}],
			"sum":	{
				"start":	4.001074,
				"end":	5.001206,
				"seconds":	1.0001319646835327,
				"bytes":	1310720,
				"bits_per_second":	10484376.432582036,
				"retransmits":	0,
				"omitted":	false,
				"sender":	true
			}
		}, {
			"streams":	[{
					"socket":	5,
					"start":	5.001206,
					"end":	6.001022,
					"seconds":	0.99981600046157837,
					"bytes":	1310720,
					"bits_per_second":	10487689.730069442,
					"retransmits":	0,
					"snd_cwnd":	111496,
					"snd_wnd":	1209984,
					"rtt":	91940,
					"rttvar":	1643,
					"pmtu":	1500,
					"omitted":	false,
					"sender":	true
				}],
			"sum":	{
				"start":	5.001206,
				"end":	6.001022,
				"seconds":	0.99981600046157837,
				"bytes":	1310720,
				"bits_per_second":	10487689.730069442,
				"retransmits":	0,
				"omitted":	false,
				"sender":	true
			}
		}, {
			"streams":	[{
					"socket":	5,
					"start":	6.001022,
					"end":	7.001179,
					"seconds":	1.0001569986343384,
					"bytes":	917504,
					"bits_per_second":	7338879.8058929015,
					"retransmits":	0,
					"snd_cwnd":	120184,
					"snd_wnd":	1209984,
					"rtt":	97449,
					"rttvar":	1845,
					"pmtu":	1500,
					"omitted":	false,
					"sender":	true
				}],
			"sum":	{
				"start":	6.001022,
				"end":	7.001179,
				"seconds":	1.0001569986343384,
				"bytes":	917504,
				"bits_per_second":	7338879.8058929015,
				"retransmits":	0,
				"omitted":	false,
				"sender":	true
			}
		}, {
			"streams":	[{
					"socket":	5,
					"start":	7.001179,
					"end":	8.001192,
					"seconds":	1.000012993812561,
					"bytes":	1310720,
					"bits_per_second":	10485623.751770385,
					"retransmits":	0,
					"snd_cwnd":	127424,
					"snd_wnd":	1209984,
					"rtt":	105116,
					"rttvar":	1923,
					"pmtu":	1500,
					"omitted":	false,
					"sender":	true
				}],
			"sum":	{
				"start":	7.001179,
				"end":	8.001192,
				"seconds":	1.000012993812561,
				"bytes":	1310720,
				"bits_per_second":	10485623.751770385,
				"retransmits":	0,
				"omitted":	false,
				"sender":	true
			}
		}, {
			"streams":	[{
					"socket":	5,
					"start":	8.001192,
					"end":	9.001075,
					"seconds":	0.999882996082306,
					"bytes":	1310720,
					"bits_per_second":	10486987.018565979,
					"retransmits":	1,
					"snd_cwnd":	105704,
					"snd_wnd":	1209984,
					"rtt":	86117,
					"rttvar":	1792,
					"pmtu":	1500,
					"omitted":	false,
					"sender":	true
				}],
			"sum":	{
				"start":	8.001192,
				"end":	9.001075,
				"seconds":	0.999882996082306,
				"bytes":	1310720,
				"bits_per_second":	10486987.018565979,
				"retransmits":	1,
				"omitted":	false,
				"sender":	true
			}
		}, {
			"streams":	[{
					"socket":	5,
					"start":	9.001075,
					"end":	10.001311,
					"seconds":	1.0002360343933105,
					"bytes":	1310720,
					"bits_per_second":	10483285.584047269,
					"retransmits":	0,
					"snd_cwnd":	123080,
					"snd_wnd":	1209984,
					"rtt":	99134,
					"rttvar":	1095,
					"pmtu":	1500,
					"omitted":	false,
					"sender":	true
				}],
			"sum":	{
				"start":	9.001075,
				"end":	10.001311,
				"seconds":	1.0002360343933105,
				"bytes":	1310720,
				"bits_per_second":	10483285.584047269,
				"retransmits":	0,
				"omitted":	false,
				"sender":	true
			}
		}],
	"end":	{
		"streams":	[{
				"sender":	{
					"socket":	5,
					"start":	0,
					"end":	10.001311,
					"seconds":	10.001311,
					"bytes":	12713984,
					"bits_per_second":	10169853.932149496,
					"retransmits":	12,
					"max_snd_cwnd":	127424,
					"max_snd_wnd":	1209984,
					"max_rtt":	105116,
					"min_rtt":	80086,
					"mean_rtt":	92593,
					"sender":	true
				},
				"receiver":	{
					"socket":	5,
					"start":	0,
					"end":	10.101467,
					"seconds":	10.001311,
					"bytes":	12076320,
					"bits_per_second":	9564012.8310076147,
					"sender":	true
				}
			}],
		"sum_sent":	{
			"start":	0,
			"end":	10.001311,
			"seconds":	10.001311,
			"bytes":	12713984,
			"bits_per_second":	10169853.932149496,
			"retransmits":	12,
			"sender":	true
		},
		"sum_received":	{
			"start":	0,
			"end":	10.101467,
			"seconds":	10.101467,
			"bytes":	12076320,
			"bits_per_second":	9564012.8310076147,
			"sender":	true
		},
		"cpu_utilization_percent":	{
			"host_total":	0.080054667447892636,
			"host_user":	0.00780373095097466,
			"host_system":	0.072241095726488,