{
	"start":	{
		"connected":	[{
				"socket":	5,
				"local_host":	"192.168.225.43",
				"local_port":	50162,
				"remote_host":	"192.168.26.3",
				"remote_port":	55003
			}],
		"version":	"iperf 3.16",
		"system_info":	"Linux cse-ThinkPad-T14-Gen-5 6.11.0-25-generic #25~24.04.1-Ubuntu SMP PREEMPT_DYNAMIC Tue Apr 15 17:20:50 UTC 2 x86_64",
		"timestamp":	{
			"time":	"Fri, 30 May 2025 19:09:33 GMT",
			"timesecs":	1748632173
		},
		"connecting_to":	{
			"host":	"192.168.26.3",
			"port":	55003
		},
		"cookie":	"nuegzgya77svswk7feerngntyki64jn3kvv2",
		"tcp_mss_default":	1448,
		"target_bitrate":	0,
		"fq_rate":	0,
		"sock_bufsize":	0,
		"sndbuf_actual":	16384,
		"rcvbuf_actual":	131072,
		"test_start":	{
			"protocol":	"TCP",
			"num_streams":	1,
			"blksize":	131072,
			"omit":	0,
			"duration":	10,
			"bytes":	0,
			"blocks":	0,
			"reverse":	0,
			"tos":	0,
			"target_bitrate":	0,
			"bidir":	0,
			"fqrate":	0
		}
	},
	"intervals":	[{
			"streams":	[{
					"socket":	5,
					"start":	0,
					"end":	1.00103,
					"seconds":	1.0010299682617188,
					"bytes":	1441792,
					"bits_per_second":	11522468.2234332,
					"retransmits":	0,
					"snd_cwnd":	110048,
					"snd_wnd":	318464,
					"rtt":	85826,
					"rttvar":	1543,
					"pmtu":	1500,
					"omitted":	false,
					"sender":	true
				}],
			"sum":	{
				"start":	0,
				"end":	1.00103,
				"seconds":	1.0010299682617188,
				"bytes":	1441792,
				"bits_per_second":	11522468.2234332,
				"retransmits":	0,
				"omitted":	false,
				"sender":	true
			}
		}, {
			"streams":	[{
					"socket":	5,
					"start":	1.00103,
					"end":	2.001044,
					"seconds":	1.0000139474868774,
					"bytes":	1441792,
					"bits_per_second":	11534175.12724377,
					"retransmits":	7,
					"snd_cwnd":	105704,
					"snd_wnd":	1093120,
					"rtt":	87746,
					"rttvar":	1591,
					"pmtu":	1500,
					"omitted":	false,
					"sender":	true
				}],
			"sum":	{
				"start":	1.00103,
				"end":	2.001044,
				"seconds":	1.0000139474868774,
				"bytes":	1441792,
				"bits_per_second":	11534175.12724377,
				"retransmits":	7,
				"omitted":	false,
				"sender":	true
			}
		}, {
			"streams":	[{
					"socket":	5,
					"start":	2.001044,
					"end":	3.0012,
					"seconds":	1.000156044960022,
					"bytes":	1048576,
					"bits_per_second":	8387299.2042309837,
					"retransmits":	0,
					"snd_cwnd":	125976,
					"snd_wnd":	1261440,
					"rtt":	102341,
					"rttvar":	1337,
					"pmtu":	1500,
					"omitted":	false,
					"sender":	true
				}],
			"sum":	{
				"start":	2.001044,
				"end":	3.0012,
				"seconds":	1.000156044960022,
				"bytes":	1048576,
				"bits_per_second":	8387299.2042309837,
				"retransmits":	0,
				"omitted":	false,
				"sender":	true
			}
		}, {
			"streams":	[{
					"socket":	5,
					"start":	3.0012,
					"end":	4.001205,
					"seconds":	1.0000050067901611,
					"bytes":	1310720,
					"bits_per_second":	10485707.500262855,
					"retransmits":	2,
					"snd_cwnd":	98464,
					"snd_wnd":	1262848,
					"rtt":	80233,
					"rttvar":	995,
					"pmtu":	1500,
					"omitted":	false,
					"sender":	true
				}],
			"sum":	{
				"start":	3.0012,
				"end":	4.001205,
				"seconds":	1.0000050067901611,
				"bytes":	1310720,
				"bits_per_second":	10485707.500262855,
				"retransmits":	2,
				"omitted":	false,
				"sender":	true
			}
		}, {
			"streams":	[{
					"socket":	5,
					"start":	4.001205,
					"end":	5.001207,
					"seconds":	1.0000020265579224,
					"bytes":	1310720,
					"bits_per_second":	10485738.750043064,
					"retransmits":	0,
					"snd_cwnd":	108600,
					"snd_wnd":	1262848,
					"rtt":	88780,
					"rttvar":	1593,
					"pmtu":	1500,
					"omitted":	false,
					"sender":	true
				}],
			"sum":	{
				"start":	4.001205,
				"end":	5.001207,
				"seconds":	1.0000020265579224,
				"bytes":	1310720,
				"bits_per_second":	10485738.750043064,
				"retransmits":	0,
				"omitted":	false,
				"sender":	true
			}
		}, {
			"streams":	[{
					"socket":	5,
					"start":	5.001207,
					"end":	6.001055,
					"seconds":	0.99984800815582275,
					"bytes":	1310720,
					"bits_per_second":	10487353.992273826,
					"retransmits":	0,
					"snd_cwnd":	111496,
					"snd_wnd":	1262848,
					"rtt":	91445,
					"rttvar":	1687,
					"pmtu":	1500,
					"omitted":	false,
					"sender":	true
				}],
			"sum":	{
				"start":	5.001207,
				"end":	6.001055,
				"seconds":	0.99984800815582275,
				"bytes":	1310720,
				"bits_per_second":	10487353.992273826,
				"retransmits":	0,
				"omitted":	false,
				"sender":	true
			}
		}, {
			"streams":	[{
					"socket":	5,
					"start":	6.001055,
					"end":	7.001081,
					"seconds":	1.0000259876251221,
					"bytes":	917504,
					"bits_per_second":	7339841.25495701,
					"retransmits":	0,
					"snd_cwnd":	120184,
					"snd_wnd":	1262848,
					"rtt":	97743,
					"rttvar":	2073,
					"pmtu":	1500,
					"omitted":	false,
					"sender":	true
				}],
			"sum":	{
				"start":	6.001055,
				"end":	7.001081,
				"seconds":	1.0000259876251221,
				"bytes":	917504,
				"bits_per_second":	7339841.25495701,
				"retransmits":	0,
				"omitted":	false,
				"sender":	true
			}
		}, {
			"streams":	[{
					"socket":	5,
					"start":	7.001081,
					"end":	8.001219,
					"seconds":	1.0001380443573,
					"bytes":	1310720,
					"bits_per_second":	10484312.699791627,
					"retransmits":	0,
					"snd_cwnd":	127424,
					"snd_wnd":	1262848,
					"rtt":	104341,
					"rttvar":	952,
					"pmtu":	1500,
					"omitted":	false,
					"sender":	true
				}],
			"sum":	{
				"start":	7.001081,
				"end":	8.001219,
				"seconds":	1.0001380443573,
				"bytes":	1310720,
				"bits_per_second":	10484312.699791627,
				"retransmits":	0,
				"omitted":	false,
				"sender":	true
			}
		}, {
			"streams":	[{
					"socket":	5,
					"start":	8.001219,
					"end":	9.001138,
					"seconds":	0.99991899728775024,
					"bytes":	1310720,
					"bits_per_second":	10486609.443807252,
					"retransmits":	1,
					"snd_cwnd":	107152,
					"snd_wnd":	1262848,
					"rtt":	86036,
					"rttvar":	1832,
					"pmtu":	1500,
					"omitted":	false,
					"sender":	true
				}],
			"sum":	{
				"start":	8.001219,
				"end":	9.001138,
				"seconds":	0.99991899728775024,
				"bytes":	1310720,
				"bits_per_second":	10486609.443807252,
				"retransmits":	1,
				"omitted":	false,
				"sender":	true
			}
		}, {
			"streams":	[{
					"socket":	5,
					"start":	9.001138,
					"end":	10.001414,
					"seconds":	1.00027596950531,
					"bytes":	1310720,
					"bits_per_second":	10482867.048366431,
					"retransmits":	0,
					"snd_cwnd":	121632,
					"snd_wnd":	1262848,
					"rtt":	99750,
					"rttvar":	1095,
					"pmtu":	1500,
					"omitted":	false,
					"sender":	true
				}],
			"sum":	{
				"start":	9.001138,
				"end":	10.001414,
				"seconds":	1.00027596950531,
				"bytes":	1310720,
				"bits_per_second":	10482867.048366431,
				"retransmits":	0,
				"omitted":	false,
				"sender":	true
			}
		}],
	"end":	{
		"streams":	[{
				"sender":	{
					"socket":	5,
					"start":	0,
					"end":	10.001414,
					"seconds":	10.001414,
					"bytes":	12713984,
					"bits_per_second":	10169749.197463479,
					"retransmits":	10,
					"max_snd_cwnd":	127424,
					"max_snd_wnd":	1262848,
					"max_rtt":	104341,
					"min_rtt":	80233,
					"mean_rtt":	92424,
					"sender":	true
				},
				"receiver":	{
					"socket":	5,
					"start":	0,
					"end":	10.102496,
					"seconds":	10.001414,
					"bytes":	12067632,
					"bits_per_second":	9556158.7948166467,
					"sender":	true
				}
			}],
		"sum_sent":	{
			"start":	0,
			"end":	10.001414,
			"seconds":	10.001414,
			"bytes":	12713984,
			"bits_per_second":	10169749.197463479,
			"retransmits":	10,
			"sender":	true
		},
		"sum_received":	{
			"start":	0,
			"end":	10.102496,
			"seconds":	10.102496,
			"bytes":	12067632,
			"bits_per_second":	9556158.7948166467,
			"sender":	true
		},
		"cpu_utilization_percent":	{
			"host_total":	0.0920422475195436,
			"host_user":	0.0048023753650740164,
			"host_system":	0.087269394953845031,