{
	"start":	{
		"connected":	[{
				"socket":	5,
				"local_host":	"129.93.240.11",
				"local_port":	60600,
				"remote_host":	"10.53.1.3",
				"remote_port":	55000
			}],
		"version":	"iperf 3.12",
		"system_info":	"Linux rpi1 6.6.51+rpt-rpi-v8 #1 SMP PREEMPT Debian 1:6.6.51-1+rpt3 (2024-10-08) aarch64",
		"timestamp":	{
			"time":	"Tue, 13 May 2025 23:51:04 GMT",
			"timesecs":	1747180264
		},
		"connecting_to":	{
			"host":	"10.53.1.3",
			"port":	55000
		},
		"cookie":	"2e3kpvo4unyn3odinhkrlbr2jtrsz6ohopex",
		"tcp_mss_default":	1448,
		"target_bitrate":	0,
		"sock_bufsize":	0,
		"sndbuf_actual":	16384,
		"rcvbuf_actual":	131072,
		"test_start":	{
			"protocol":	"TCP",
			"num_streams":	1,
			"blksize":	131072,
			"omit":	0,
			"duration":	10,
			"bytes":	0,
			"blocks":	0,
			"reverse":	0,
			"tos":	0,
			"target_bitrate":	0
		}
	},
	"intervals":	[{
			"streams":	[{
					"socket":	5,
					"start":	0,
					"end":	1.000062,
					"seconds":	1.0000619888305664,
					"bytes":	2548480,
					"bits_per_second":	20386576.259978391,
					"retransmits":	0,
					"snd_cwnd":	146248,
					"snd_wnd":	642432,
					"rtt":	64346,
					"rttvar":	1358,
					"pmtu":	1500,
					"omitted":	false,
					"sender":	true
				}],
			"sum":	{
				"start":	0,
				"end":	1.000062,
				"seconds":	1.0000619888305664,
				"bytes":	2548480,
				"bits_per_second":	20386576.259978391,
				"retransmits":	0,
				"omitted":	false,
				"sender":	true
			}
		}, {
			"streams":	[{
					"socket":	5,
					"start":	1.000062,
					"end":	2.000107,
					"seconds":	1.0000449419021606,
					"bytes":	2932200,
					"bits_per_second":	23456545.818212811,
					"retransmits":	0,
					"snd_cwnd":	257744,
					"snd_wnd":	642432,
					"rtt":	103351,
					"rttvar":	2808,
					"pmtu":	1500,
					"omitted":	false,
					"sender":	true
				}],
			"sum":	{
				"start":	1.000062,
				"end":	2.000107,
				"seconds":	1.0000449419021606,
				"bytes":	2932200,
				"bits_per_second":	23456545.818212811,
				"retransmits":	0,
				"omitted":	false,
				"sender":	true
			}
		}, {
			"streams":	[{
					"socket":	5,
					"start":	2.000107,
					"end":	3.00021,
					"seconds":	1.0001029968261719,
					"bytes":	2606400,
					"bits_per_second":	20849052.613752093,
					"retransmits":	0,
					"snd_cwnd":	370688,
					"snd_wnd":	813568,
					"rtt":	164164,
					"rttvar":	2597,
					"pmtu":	1500,
					"omitted":	false,
					"sender":	true
				}],
			"sum":	{
				"start":	2.000107,
				"end":	3.00021,
				"seconds":	1.0001029968261719,
				"bytes":	2606400,
				"bits_per_second":	20849052.613752093,
				"retransmits":	0,
				"omitted":	false,
				"sender":	true
			}
		}, {
			"streams":	[{
					"socket":	5,
					"start":	3.00021,
					"end":	4.000068,
					"seconds":	0.999858021736145,
					"bytes":	2541240,
					"bits_per_second":	20332806.816611122,
					"retransmits":	0,
					"snd_cwnd":	479288,
					"snd_wnd":	1040896,
					"rtt":	204264,
					"rttvar":	378,
					"pmtu":	1500,
					"omitted":	false,
					"sender":	true
				}],
			"sum":	{
				"start":	3.00021,
				"end":	4.000068,
				"seconds":	0.999858021736145,
				"bytes":	2541240,
				"bits_per_second":	20332806.816611122,
				"retransmits":	0,
				"omitted":	false,
				"sender":	true
			}
		}, {
			"streams":	[{
					"socket":	5,
					"start":	4.000068,
					"end":	5.000131,
					"seconds":	1.0000629425048828,
					"bytes":	3323160,
					"bits_per_second":	26583606.761201631,
					"retransmits":	0,
					"snd_cwnd":	587888,
					"snd_wnd":	1279616,
					"rtt":	172996,
					"rttvar":	6121,
					"pmtu":	1500,
					"omitted":	false,
					"sender":	true
				}],
			"sum":	{
				"start":	4.000068,
				"end":	5.000131,
				"seconds":	1.0000629425048828,
				"bytes":	3323160,
				"bits_per_second":	26583606.761201631,
				"retransmits":	0,
				"omitted":	false,
				"sender":	true
			}
		}, {
			"streams":	[{
					"socket":	5,
					"start":	5.000131,
					"end":	6.000163,
					"seconds":	1.0000319480895996,
					"bytes":	2432520,
					"bits_per_second":	19459538.304926667,
					"retransmits":	0,
					"snd_cwnd":	608160,
					"snd_wnd":	1279616,
					"rtt":	193265,
					"rttvar":	7169,
					"pmtu":	1500,
					"omitted":	false,
					"sender":	true
				}],
			"sum":	{
				"start":	5.000131,
				"end":	6.000163,
				"seconds":	1.0000319480895996,
				"bytes":	2432520,
				"bits_per_second":	19459538.304926667,
				"retransmits":	0,
				"omitted":	false,
				"sender":	true
			}
		}, {
			"streams":	[{
					"socket":	5,
					"start":	6.000163,
					"end":	7.000103,
					"seconds":	0.99993997812271118,
					"bytes":	2454480,
					"bits_per_second":	19637018.65072377,
					"retransmits":	0,
					"snd_cwnd":	608160,
					"snd_wnd":	1279616,
					"rtt":	160674,
					"rttvar":	1234,
					"pmtu":	1500,
					"omitted":	false,
					"sender":	true
				}],
			"sum":	{
				"start":	6.000163,
				"end":	7.000103,
				"seconds":	0.99993997812271118,
				"bytes":	2454480,
				"bits_per_second":	19637018.65072377,
				"retransmits":	0,
				"omitted":	false,
				"sender":	true
			}
		}, {
			"streams":	[{
					"socket":	5,
					"start":	7.000103,
					"end":	8.000513,
					"seconds":	1.0004099607467651,
					"bytes":	1215536,
					"bits_per_second":	9720303.0572998468,
					"retransmits":	0,
					"snd_cwnd":	608160,
					"snd_wnd":	1279616,
					"rtt":	171648,
					"rttvar":	23452,
					"pmtu":	1500,
					"omitted":	false,
					"sender":	true
				}],
			"sum":	{
				"start":	7.000103,
				"end":	8.000513,
				"seconds":	1.0004099607467651,
				"bytes":	1215536,
				"bits_per_second":	9720303.0572998468,
				"retransmits":	0,
				"omitted":	false,
				"sender":	true
			}
		}, {
			"streams":	[{
					"socket":	5,
					"start":	8.000513,
					"end":	9.000419,
					"seconds":	0.99990600347518921,
					"bytes":	2490368,
					"bits_per_second":	19924816.863542665,
					"retransmits":	0,
					"snd_cwnd":	608160,
					"snd_wnd":	1279616,
					"rtt":	150332,
					"rttvar":	5908,
					"pmtu":	1500,
					"omitted":	false,
					"sender":	true
				}],
			"sum":	{
				"start":	8.000513,
				"end":	9.000419,
				"seconds":	0.99990600347518921,
				"bytes":	2490368,
				"bits_per_second":	19924816.863542665,
				"retransmits":	0,
				"omitted":	false,
				"sender":	true
			}
		}, {
			"streams":	[{
					"socket":	5,
					"start":	9.000419,
					"end":	10.000393,
					"seconds":	0.999974012374878,
					"bytes":	2484296,
					"bits_per_second":	19874884.501047757,
					"retransmits":	0,
					"snd_cwnd":	608160,
					"snd_wnd":	1279616,
					"rtt":	201070,
					"rttvar":	22664,
					"pmtu":	1500,
					"omitted":	false,
					"sender":	true
				}],
			"sum":	{
				"start":	9.000419,
				"end":	10.000393,
				"seconds":	0.999974012374878,
				"bytes":	2484296,
				"bits_per_second":	19874884.501047757,
				"retransmits":	0,
				"omitted":	false,
				"sender":	true
			}
		}],
	"end":	{
		"streams":	[{
				"sender":	{
					"socket":	5,
					"start":	0,
					"end":	10.000393,
					"seconds":	10.000393,
					"bytes":	25028680,
					"bits_per_second":	20022157.129224818,
					"retransmits":	0,
					"max_snd_cwnd":	608160,
					"max_snd_wnd":	1279616,
					"max_rtt":	204264,
					"min_rtt":	64346,
					"mean_rtt":	158611,
					"sender":	true
				},
				"receiver":	{
					"socket":	5,
					"start":	0,
					"end":	10.235734,
					"seconds":	10.000393,
					"bytes":	22675456,
					"bits_per_second":	17722583.255875934,
					"sender":	true
				}
			}],
		"sum_sent":	{
			"start":	0,
			"end":	10.000393,
			"seconds":	10.000393,
			"bytes":	25028680,
			"bits_per_second":	20022157.129224818,
			"retransmits":	0,
			"sender":	true
		},
		"sum_received":	{
			"start":	0,
			"end":	10.235734,
			"seconds":	10.235734,
			"bytes":	22675456,
			"bits_per_second":	17722583.255875934,
			"sender":	true
		},
		"cpu_utilization_percent":	{
			"host_total":	0.45603344549487662,
			"host_user":	0.0784790208246676,
			"host_system":	0.37752466394938061,
			"remote_total":	0.52549174237031671,
			"remote_user":	0.044022194376452876,