{
	"start":	{
		"connected":	[{
				"socket":	5,
				"local_host":	"129.93.240.11",
				"local_port":	34118,
				"remote_host":	"10.53.1.3",
				"remote_port":	55000
			}],
		"version":	"iperf 3.12",
		"system_info":	"Linux rpi1 6.6.51+rpt-rpi-v8 #1 SMP PREEMPT Debian 1:6.6.51-1+rpt3 (2024-10-08) aarch64",
		"timestamp":	{
			"time":	"Tue, 13 May 2025 23:50:46 GMT",
			"timesecs":	1747180246
		},
		"connecting_to":	{
			"host":	"10.53.1.3",
			"port":	55000
		},
		"cookie":	"kelef2kngxs52msh6czreqbqks7k27vw2jps",
		"tcp_mss_default":	1448,
		"target_bitrate":	0,
		"sock_bufsize":	0,
		"sndbuf_actual":	16384,
		"rcvbuf_actual":	131072,
		"test_start":	{
			"protocol":	"TCP",
			"num_streams":	1,
			"blksize":	131072,
			"omit":	0,
			"duration":	10,
			"bytes":	0,
			"blocks":	0,
			"reverse":	0,
			"tos":	0,
			"target_bitrate":	0
		}
	},
	"intervals":	[{
			"streams":	[{
					"socket":	5,
					"start":	0,
					"end":	1.000094,
					"seconds":	1.0000940561294556,
					"bytes":	2678800,
					"bits_per_second":	21428384.52909071,
					"retransmits":	0,
					"snd_cwnd":	136112,
					"snd_wnd":	510592,
					"rtt":	55963,
					"rttvar":	2867,
					"pmtu":	1500,
					"omitted":	false,
					"sender":	true
				}],
			"sum":	{
				"start":	0,
				"end":	1.000094,
				"seconds":	1.0000940561294556,
				"bytes":	2678800,
				"bits_per_second":	21428384.52909071,
				"retransmits":	0,
				"omitted":	false,
				"sender":	true
			}
		}, {
			"streams":	[{
					"socket":	5,
					"start":	1.000094,
					"end":	2.000185,
					"seconds":	1.0000909566879272,
					"bytes":	2476080,
					"bits_per_second":	19806838.43557759,
					"retransmits":	0,
					"snd_cwnd":	246160,
					"snd_wnd":	672896,
					"rtt":	102999,
					"rttvar":	2066,
					"pmtu":	1500,
					"omitted":	false,
					"sender":	true
				}],
			"sum":	{
				"start":	1.000094,
				"end":	2.000185,
				"seconds":	1.0000909566879272,
				"bytes":	2476080,
				"bits_per_second":	19806838.43557759,
				"retransmits":	0,
				"omitted":	false,
				"sender":	true
			}
		}, {
			"streams":	[{
					"socket":	5,
					"start":	2.000185,
					"end":	3.000326,
					"seconds":	1.0001410245895386,
					"bytes":	2410920,
					"bits_per_second":	19284640.391504388,
					"retransmits":	0,
					"snd_cwnd":	353312,
					"snd_wnd":	802560,
					"rtt":	160914,
					"rttvar":	2923,
					"pmtu":	1500,
					"omitted":	false,
					"sender":	true
				}],
			"sum":	{
				"start":	2.000185,
				"end":	3.000326,
				"seconds":	1.0001410245895386,
				"bytes":	2410920,
				"bits_per_second":	19284640.391504388,
				"retransmits":	0,
				"omitted":	false,
				"sender":	true
			}
		}, {
			"streams":	[{
					"socket":	5,
					"start":	3.000326,
					"end":	4.0001,
					"seconds":	0.99977397918701172,
					"bytes":	3388320,
					"bits_per_second":	27112688.031791244,
					"retransmits":	0,
					"snd_cwnd":	461912,
					"snd_wnd":	974848,
					"rtt":	226985,
					"rttvar":	1711,
					"pmtu":	1500,
					"omitted":	false,
					"sender":	true
				}],
			"sum":	{
				"start":	3.000326,
				"end":	4.0001,
				"seconds":	0.99977397918701172,
				"bytes":	3388320,
				"bits_per_second":	27112688.031791244,
				"retransmits":	0,
				"omitted":	false,
				"sender":	true
			}
		}, {
			"streams":	[{
					"socket":	5,
					"start":	4.0001,
					"end":	5.000351,
					"seconds":	1.0002510547637939,
					"bytes":	2150280,
					"bits_per_second":	17197922.379659228,
					"retransmits":	0,
					"snd_cwnd":	569064,
					"snd_wnd":	1095808,
					"rtt":	244021,
					"rttvar":	9158,
					"pmtu":	1500,
					"omitted":	false,
					"sender":	true
				}],
			"sum":	{
				"start":	4.0001,
				"end":	5.000351,
				"seconds":	1.0002510547637939,
				"bytes":	2150280,
				"bits_per_second":	17197922.379659228,
				"retransmits":	0,
				"omitted":	false,
				"sender":	true
			}
		}, {
			"streams":	[{
					"socket":	5,
					"start":	5.000351,
					"end":	6.000401,
					"seconds":	1.0000499486923218,
					"bytes":	2362096,
					"bits_per_second":	18895824.17829195,
					"retransmits":	0,
					"snd_cwnd":	598024,
					"snd_wnd":	1095808,
					"rtt":	215000,
					"rttvar":	7276,
					"pmtu":	1500,
					"omitted":	false,
					"sender":	true
				}],
			"sum":	{
				"start":	5.000351,
				"end":	6.000401,
				"seconds":	1.0000499486923218,
				"bytes":	2362096,
				"bits_per_second":	18895824.17829195,
				"retransmits":	0,
				"omitted":	false,
				"sender":	true
			}
		}, {
			"streams":	[{
					"socket":	5,
					"start":	6.000401,
					"end":	7.000322,
					"seconds":	0.99992102384567261,
					"bytes":	2459744,
					"bits_per_second":	19679506.211719662,
					"retransmits":	0,
					"snd_cwnd":	598024,
					"snd_wnd":	1095808,
					"rtt":	190217,
					"rttvar":	10784,
					"pmtu":	1500,
					"omitted":	false,
					"sender":	true
				}],
			"sum":	{
				"start":	6.000401,
				"end":	7.000322,
				"seconds":	0.99992102384567261,
				"bytes":	2459744,
				"bits_per_second":	19679506.211719662,
				"retransmits":	0,
				"omitted":	false,
				"sender":	true
			}
		}, {
			"streams":	[{
					"socket":	5,
					"start":	7.000322,
					"end":	8.000187,
					"seconds":	0.99986499547958374,
					"bytes":	2410920,
					"bits_per_second":	19289964.232370038,
					"retransmits":	0,
					"snd_cwnd":	598024,
					"snd_wnd":	1095808,
					"rtt":	167981,
					"rttvar":	4031,
					"pmtu":	1500,
					"omitted":	false,
					"sender":	true
				}],
			"sum":	{
				"start":	7.000322,
				"end":	8.000187,
				"seconds":	0.99986499547958374,
				"bytes":	2410920,
				"bits_per_second":	19289964.232370038,
				"retransmits":	0,
				"omitted":	false,
				"sender":	true
			}
		}, {
			"streams":	[{
					"socket":	5,
					"start":	8.000187,
					"end":	9.000118,
					"seconds":	0.99993097782135,
					"bytes":	2469368,
					"bits_per_second":	19756307.623394243,
					"retransmits":	0,
					"snd_cwnd":	598024,
					"snd_wnd":	1095808,
					"rtt":	163141,
					"rttvar":	4274,
					"pmtu":	1500,
					"omitted":	false,
					"sender":	true
				}],
			"sum":	{
				"start":	8.000187,
				"end":	9.000118,
				"seconds":	0.99993097782135,
				"bytes":	2469368,
				"bits_per_second":	19756307.623394243,
				"retransmits":	0,
				"omitted":	false,
				"sender":	true
			}
		}, {
			"streams":	[{
					"socket":	5,
					"start":	9.000118,
					"end":	10.000585,
					"seconds":	1.0004669427871704,
					"bytes":	1244752,
					"bits_per_second":	9953368.34644258,
					"retransmits":	0,
					"snd_cwnd":	598024,
					"snd_wnd":	1095808,
					"rtt":	241288,
					"rttvar":	10789,
					"pmtu":	1500,
					"omitted":	false,
					"sender":	true
				}],
			"sum":	{
				"start":	9.000118,
				"end":	10.000585,
				"seconds":	1.0004669427871704,
				"bytes":	1244752,
				"bits_per_second":	9953368.34644258,
				"retransmits":	0,
				"omitted":	false,
				"sender":	true
			}
		}],
	"end":	{
		"streams":	[{
				"sender":	{
					"socket":	5,
					"start":	0,
					"end":	10.000585,
					"seconds":	10.000585,
					"bytes":	24051280,
					"bits_per_second":	19239898.465939745,
					"retransmits":	0,
					"max_snd_cwnd":	598024,
					"max_snd_wnd":	1095808,
					"max_rtt":	244021,
					"min_rtt":	55963,
					"mean_rtt":	176850,
					"sender":	true
				},
				"receiver":	{
					"socket":	5,
					"start":	0,
					"end":	10.140742,
					"seconds":	10.000585,
					"bytes":	21889024,
					"bits_per_second":	17268183.334118944,
					"sender":	true
				}
			}],
		"sum_sent":	{
			"start":	0,
			"end":	10.000585,
			"seconds":	10.000585,
			"bytes":	24051280,
			"bits_per_second":	19239898.465939745,
			"retransmits":	0,
			"sender":	true
		},
		"sum_received":	{
			"start":	0,
			"end":	10.140742,
			"seconds":	10.140742,
			"bytes":	21889024,
			"bits_per_second":	17268183.334118944,
			"sender":	true
		},
		"cpu_utilization_percent":	{
			"host_total":	0.53879018519784228,
			"host_user":	0.12582418361839362,
			"host_system":	0.41295608166588682,
			"remote_total":	0.509715449222918,
			"remote_user":	0,