{
	"start":	{
		"connected":	[{
				"socket":	5,
				"local_host":	"129.93.240.11",
				"local_port":	37074,
				"remote_host":	"10.53.1.3",
				"remote_port":	55000
			}],
		"version":	"iperf 3.12",
		"system_info":	"Linux rpi1 6.6.51+rpt-rpi-v8 #1 SMP PREEMPT Debian 1:6.6.51-1+rpt3 (2024-10-08) aarch64",
		"timestamp":	{
			"time":	"Wed, 14 May 2025 00:00:48 GMT",
			"timesecs":	1747180848
		},
		"connecting_to":	{
			"host":	"10.53.1.3",
			"port":	55000
		},
		"cookie":	"lfpz4mfzgnyzmioanltmuswazc6nrawyc2vf",
		"tcp_mss_default":	1448,
		"target_bitrate":	0,
		"sock_bufsize":	0,
		"sndbuf_actual":	16384,
		"rcvbuf_actual":	131072,
		"test_start":	{
			"protocol":	"TCP",
			"num_streams":	1,
			"blksize":	131072,
			"omit":	0,
			"duration":	10,
			"bytes":	0,
			"blocks":	0,
			"reverse":	0,
			"tos":	0,
			"target_bitrate":	0
		}
	},
	"intervals":	[{
			"streams":	[{
					"socket":	5,
					"start":	0,
					"end":	1.000094,
					"seconds":	1.0000940561294556,
					"bytes":	2874280,
					"bits_per_second":	22992077.454186518,
					"retransmits":	0,
					"snd_cwnd":	143352,
					"snd_wnd":	614912,
					"rtt":	56530,
					"rttvar":	3013,
					"pmtu":	1500,
					"omitted":	false,
					"sender":	true
				}],
			"sum":	{
				"start":	0,
				"end":	1.000094,
				"seconds":	1.0000940561294556,
				"bytes":	2874280,
				"bits_per_second":	22992077.454186518,
				"retransmits":	0,
				"omitted":	false,
				"sender":	true
			}
		}, {
			"streams":	[{
					"socket":	5,
					"start":	1.000094,
					"end":	2.000203,
					"seconds":	1.0001089572906494,
					"bytes":	2541240,
					"bits_per_second":	20327705.148321919,
					"retransmits":	0,
					"snd_cwnd":	259192,
					"snd_wnd":	623104,
					"rtt":	107099,
					"rttvar":	1802,
					"pmtu":	1500,
					"omitted":	false,
					"sender":	true
				}],
			"sum":	{
				"start":	1.000094,
				"end":	2.000203,
				"seconds":	1.0001089572906494,
				"bytes":	2541240,
				"bits_per_second":	20327705.148321919,
				"retransmits":	0,
				"omitted":	false,
				"sender":	true
			}
		}, {
			"streams":	[{
					"socket":	5,
					"start":	2.000203,
					"end":	3.000101,
					"seconds":	0.99989801645278931,
					"bytes":	3323160,
					"bits_per_second":	26587991.537690222,
					"retransmits":	0,
					"snd_cwnd":	373584,
					"snd_wnd":	850560,
					"rtt":	152402,
					"rttvar":	2859,
					"pmtu":	1500,
					"omitted":	false,
					"sender":	true
				}],
			"sum":	{
				"start":	2.000203,
				"end":	3.000101,
				"seconds":	0.99989801645278931,
				"bytes":	3323160,
				"bits_per_second":	26587991.537690222,
				"retransmits":	0,
				"omitted":	false,
				"sender":	true
			}
		}, {
			"streams":	[{
					"socket":	5,
					"start":	3.000101,
					"end":	4.000102,
					"seconds":	1.0000009536743164,
					"bytes":	2736720,
					"bits_per_second":	21893739.12050331,
					"retransmits":	0,
					"snd_cwnd":	480736,
					"snd_wnd":	1055872,
					"rtt":	215899,
					"rttvar":	3079,
					"pmtu":	1500,
					"omitted":	false,
					"sender":	true
				}],
			"sum":	{
				"start":	3.000101,
				"end":	4.000102,
				"seconds":	1.0000009536743164,
				"bytes":	2736720,
				"bits_per_second":	21893739.12050331,
				"retransmits":	0,
				"omitted":	false,
				"sender":	true
			}
		}, {
			"streams":	[{
					"socket":	5,
					"start":	4.000102,
					"end":	5.000302,
					"seconds":	1.0002000331878662,
					"bytes":	2215440,
					"bits_per_second":	17719975.416828461,
					"retransmits":	0,
					"snd_cwnd":	576304,
					"snd_wnd":	1135104,
					"rtt":	218506,
					"rttvar":	7421,
					"pmtu":	1500,
					"omitted":	false,
					"sender":	true
				}],
			"sum":	{
				"start":	4.000102,
				"end":	5.000302,
				"seconds":	1.0002000331878662,
				"bytes":	2215440,
				"bits_per_second":	17719975.416828461,
				"retransmits":	0,
				"omitted":	false,
				"sender":	true
			}
		}, {
			"streams":	[{
					"socket":	5,
					"start":	5.000302,
					"end":	6.000262,
					"seconds":	0.99996000528335571,
					"bytes":	2410920,
					"bits_per_second":	19288131.423350874,
					"retransmits":	0,
					"snd_cwnd":	605264,
					"snd_wnd":	1135104,
					"rtt":	155395,
					"rttvar":	14014,
					"pmtu":	1500,
					"omitted":	false,
					"sender":	true
				}],
			"sum":	{
				"start":	5.000302,
				"end":	6.000262,
				"seconds":	0.99996000528335571,
				"bytes":	2410920,
				"bits_per_second":	19288131.423350874,
				"retransmits":	0,
				"omitted":	false,
				"sender":	true
			}
		}, {
			"streams":	[{
					"socket":	5,
					"start":	6.000262,
					"end":	7.000092,
					"seconds":	0.99983000755310059,
					"bytes":	2410920,
					"bits_per_second":	19290639.262970567,
					"retransmits":	0,
					"snd_cwnd":	605264,
					"snd_wnd":	1135104,
					"rtt":	167143,
					"rttvar":	5338,
					"pmtu":	1500,
					"omitted":	false,
					"sender":	true
				}],
			"sum":	{
				"start":	6.000262,
				"end":	7.000092,
				"seconds":	0.99983000755310059,
				"bytes":	2410920,
				"bits_per_second":	19290639.262970567,
				"retransmits":	0,
				"omitted":	false,
				"sender":	true
			}
		}, {
			"streams":	[{
					"socket":	5,
					"start":	7.000092,
					"end":	8.000497,
					"seconds":	1.000404953956604,
					"bytes":	1238040,
					"bits_per_second":	9900310.8299578,
					"retransmits":	0,
					"snd_cwnd":	605264,
					"snd_wnd":	1135104,
					"rtt":	230263,
					"rttvar":	8588,
					"pmtu":	1500,
					"omitted":	false,
					"sender":	true
				}],
			"sum":	{
				"start":	7.000092,
				"end":	8.000497,
				"seconds":	1.000404953956604,
				"bytes":	1238040,
				"bits_per_second":	9900310.8299578,
				"retransmits":	0,
				"omitted":	false,
				"sender":	true
			}
		}, {
			"streams":	[{
					"socket":	5,
					"start":	8.000497,
					"end":	9.000337,
					"seconds":	0.999840021133423,
					"bytes":	2476080,
					"bits_per_second":	19811809.470823985,
					"retransmits":	0,
					"snd_cwnd":	605264,
					"snd_wnd":	1135104,
					"rtt":	234478,
					"rttvar":	11634,
					"pmtu":	1500,
					"omitted":	false,
					"sender":	true
				}],
			"sum":	{
				"start":	8.000497,
				"end":	9.000337,
				"seconds":	0.999840021133423,
				"bytes":	2476080,
				"bits_per_second":	19811809.470823985,
				"retransmits":	0,
				"omitted":	false,
				"sender":	true
			}
		}, {
			"streams":	[{
					"socket":	5,
					"start":	9.000337,
					"end":	10.000124,
					"seconds":	0.99978697299957275,
					"bytes":	2476080,
					"bits_per_second":	19812860.674279325,
					"retransmits":	0,
					"snd_cwnd":	605264,
					"snd_wnd":	1135104,
					"rtt":	274869,
					"rttvar":	11086,
					"pmtu":	1500,
					"omitted":	false,
					"sender":	true
				}],
			"sum":	{
				"start":	9.000337,
				"end":	10.000124,
				"seconds":	0.99978697299957275,
				"bytes":	2476080,
				"bits_per_second":	19812860.674279325,
				"retransmits":	0,
				"omitted":	false,
				"sender":	true
			}
		}],
	"end":	{
		"streams":	[{
				"sender":	{
					"socket":	5,
					"start":	0,
					"end":	10.000124,
					"seconds":	10.000124,
					"bytes":	24702880,
					"bits_per_second":	19762058.950469013,
					"retransmits":	0,
					"max_snd_cwnd":	605264,
					"max_snd_wnd":	1135104,
					"max_rtt":	274869,
					"min_rtt":	56530,
					"mean_rtt":	181258,
					"sender":	true
				},
				"receiver":	{
					"socket":	5,
					"start":	0,
					"end":	10.134629,
					"seconds":	10.000124,
					"bytes":	21364736,
					"bits_per_second":	16864740.485320181,
					"sender":	true
				}
			}],
		"sum_sent":	{
			"start":	0,
			"end":	10.000124,
			"seconds":	10.000124,
			"bytes":	24702880,
			"bits_per_second":	19762058.950469013,
			"retransmits":	0,
			"sender":	true
		},
		"sum_received":	{
			"start":	0,
			"end":	10.134629,
			"seconds":	10.134629,
			"bytes":	21364736,
			"bits_per_second":	16864740.485320181,
			"sender":	true
		},
		"cpu_utilization_percent":	{
			"host_total":	0.546066289044806,
			"host_user":	0,
			"host_system":	0.54604644832215943,
			"remote_total":	0.54403500390048321,
			"remote_user":	0.0631004035465683,