{
	"start":	{
		"connected":	[{
				"socket":	5,
				"local_host":	"129.93.240.11",
				"local_port":	33982,
				"remote_host":	"10.53.1.3",
				"remote_port":	55000
			}],
		"version":	"iperf 3.12",
		"system_info":	"Linux rpi1 6.6.51+rpt-rpi-v8 #1 SMP PREEMPT Debian 1:6.6.51-1+rpt3 (2024-10-08) aarch64",
		"timestamp":	{
			"time":	"Wed, 14 May 2025 00:00:12 GMT",
			"timesecs":	1747180812
		},
		"connecting_to":	{
			"host":	"10.53.1.3",
			"port":	55000
		},
		"cookie":	"vbks5tmvqwgegv6nr57msabohefv2sb5nlty",
		"tcp_mss_default":	1448,
		"target_bitrate":	0,
		"sock_bufsize":	0,
		"sndbuf_actual":	16384,
		"rcvbuf_actual":	131072,
		"test_start":	{
			"protocol":	"TCP",
			"num_streams":	1,
			"blksize":	131072,
			"omit":	0,
			"duration":	10,
			"bytes":	0,
			"blocks":	0,
			"reverse":	0,
			"tos":	0,
			"target_bitrate":	0
		}
	},
	"intervals":	[{
			"streams":	[{
					"socket":	5,
					"start":	0,
					"end":	1.000169,
					"seconds":	1.000169038772583,
					"bytes":	2743960,
					"bits_per_second":	21947969.9421003,
					"retransmits":	0,
					"snd_cwnd":	150592,
					"snd_wnd":	916096,
					"rtt":	58595,
					"rttvar":	1917,
					"pmtu":	1500,
					"omitted":	false,
					"sender":	true
				}],
			"sum":	{
				"start":	0,
				"end":	1.000169,
				"seconds":	1.000169038772583,
				"bytes":	2743960,
				"bits_per_second":	21947969.9421003,
				"retransmits":	0,
				"omitted":	false,
				"sender":	true
			}
		}, {
			"streams":	[{
					"socket":	5,
					"start":	1.000169,
					"end":	2.000128,
					"seconds":	0.99995899200439453,
					"bytes":	3192840,
					"bits_per_second":	25543767.498705335,
					"retransmits":	0,
					"snd_cwnd":	270776,
					"snd_wnd":	916096,
					"rtt":	107878,
					"rttvar":	1936,
					"pmtu":	1500,
					"omitted":	false,
					"sender":	true
				}],
			"sum":	{
				"start":	1.000169,
				"end":	2.000128,
				"seconds":	0.99995899200439453,
				"bytes":	3192840,
				"bits_per_second":	25543767.498705335,
				"retransmits":	0,
				"omitted":	false,
				"sender":	true
			}
		}, {
			"streams":	[{
					"socket":	5,
					"start":	2.000128,
					"end":	3.000196,
					"seconds":	1.0000679492950439,
					"bytes":	2736720,
					"bits_per_second":	21892272.4355211,
					"retransmits":	0,
					"snd_cwnd":	386616,
					"snd_wnd":	916096,
					"rtt":	147747,
					"rttvar":	491,
					"pmtu":	1500,
					"omitted":	false,
					"sender":	true
				}],
			"sum":	{
				"start":	2.000128,
				"end":	3.000196,
				"seconds":	1.0000679492950439,
				"bytes":	2736720,
				"bits_per_second":	21892272.4355211,
				"retransmits":	0,
				"omitted":	false,
				"sender":	true
			}
		}, {
			"streams":	[{
					"socket":	5,
					"start":	3.000196,
					"end":	4.000322,
					"seconds":	1.0001260042190552,
					"bytes":	2736720,
					"bits_per_second":	21891001.641433835,
					"retransmits":	0,
					"snd_cwnd":	506800,
					"snd_wnd":	1113728,
					"rtt":	187805,
					"rttvar":	1713,
					"pmtu":	1500,
					"omitted":	false,
					"sender":	true
				}],
			"sum":	{
				"start":	3.000196,
				"end":	4.000322,
				"seconds":	1.0001260042190552,
				"bytes":	2736720,
				"bits_per_second":	21891001.641433835,
				"retransmits":	0,
				"omitted":	false,
				"sender":	true
			}
		}, {
			"streams":	[{
					"socket":	5,
					"start":	4.000322,
					"end":	5.000188,
					"seconds":	0.999866008758545,
					"bytes":	3388320,
					"bits_per_second":	27110192.528352961,
					"retransmits":	0,
					"snd_cwnd":	602368,
					"snd_wnd":	1113728,
					"rtt":	163480,
					"rttvar":	5787,
					"pmtu":	1500,
					"omitted":	false,
					"sender":	true
				}],
			"sum":	{
				"start":	4.000322,
				"end":	5.000188,
				"seconds":	0.999866008758545,
				"bytes":	3388320,
				"bits_per_second":	27110192.528352961,
				"retransmits":	0,
				"omitted":	false,
				"sender":	true
			}
		}, {
			"streams":	[{
					"socket":	5,
					"start":	5.000188,
					"end":	6.000148,
					"seconds":	0.99996000528335571,
					"bytes":	2410920,
					"bits_per_second":	19288131.423350874,
					"retransmits":	0,
					"snd_cwnd":	602368,
					"snd_wnd":	1113728,
					"rtt":	156340,
					"rttvar":	2351,
					"pmtu":	1500,
					"omitted":	false,
					"sender":	true
				}],
			"sum":	{
				"start":	5.000188,
				"end":	6.000148,
				"seconds":	0.99996000528335571,
				"bytes":	2410920,
				"bits_per_second":	19288131.423350874,
				"retransmits":	0,
				"omitted":	false,
				"sender":	true
			}
		}, {
			"streams":	[{
					"socket":	5,
					"start":	6.000148,
					"end":	7.000099,
					"seconds":	0.99995100498199463,
					"bytes":	2451320,
					"bits_per_second":	19611520.866817981,
					"retransmits":	0,
					"snd_cwnd":	602368,
					"snd_wnd":	1113728,
					"rtt":	157983,
					"rttvar":	7582,
					"pmtu":	1500,
					"omitted":	false,
					"sender":	true
				}],
			"sum":	{
				"start":	6.000148,
				"end":	7.000099,
				"seconds":	0.99995100498199463,
				"bytes":	2451320,
				"bits_per_second":	19611520.866817981,
				"retransmits":	0,
				"omitted":	false,
				"sender":	true
			}
		}, {
			"streams":	[{
					"socket":	5,
					"start":	7.000099,
					"end":	8.000107,
					"seconds":	1.0000079870224,
					"bytes":	2435680,
					"bits_per_second":	19485284.370597262,
					"retransmits":	0,
					"snd_cwnd":	602368,
					"snd_wnd":	1113728,
					"rtt":	203605,
					"rttvar":	9356,
					"pmtu":	1500,
					"omitted":	false,
					"sender":	true
				}],
			"sum":	{
				"start":	7.000099,
				"end":	8.000107,
				"seconds":	1.0000079870224,
				"bytes":	2435680,
				"bits_per_second":	19485284.370597262,
				"retransmits":	0,
				"omitted":	false,
				"sender":	true
			}
		}, {
			"streams":	[{
					"socket":	5,
					"start":	8.000107,
					"end":	9.000585,
					"seconds":	1.0004780292510986,
					"bytes":	1234336,
					"bits_per_second":	9869969.8656967357,
					"retransmits":	0,
					"snd_cwnd":	602368,
					"snd_wnd":	1113728,
					"rtt":	154001,
					"rttvar":	11101,
					"pmtu":	1500,
					"omitted":	false,
					"sender":	true
				}],
			"sum":	{
				"start":	8.000107,
				"end":	9.000585,
				"seconds":	1.0004780292510986,
				"bytes":	1234336,
				"bits_per_second":	9869969.8656967357,
				"retransmits":	0,
				"omitted":	false,
				"sender":	true
			}
		}, {
			"streams":	[{
					"socket":	5,
					"start":	9.000585,
					"end":	10.000552,
					"seconds":	0.99996697902679443,
					"bytes":	2479784,
					"bits_per_second":	19838927.100680217,
					"retransmits":	0,
					"snd_cwnd":	602368,
					"snd_wnd":	1113728,
					"rtt":	153684,
					"rttvar":	4417,
					"pmtu":	1500,
					"omitted":	false,
					"sender":	true
				}],
			"sum":	{
				"start":	9.000585,
				"end":	10.000552,
				"seconds":	0.99996697902679443,
				"bytes":	2479784,
				"bits_per_second":	19838927.100680217,
				"retransmits":	0,
				"omitted":	false,
				"sender":	true
			}
		}],
	"end":	{
		"streams":	[{
				"sender":	{
					"socket":	5,
					"start":	0,
					"end":	10.000552,
					"seconds":	10.000552,
					"bytes":	25810600,
					"bits_per_second":	20647340.266817272,
					"retransmits":	0,
					"max_snd_cwnd":	602368,
					"max_snd_wnd":	1113728,
					"max_rtt":	203605,
					"min_rtt":	58595,
					"mean_rtt":	149111,
					"sender":	true
				},
				"receiver":	{
					"socket":	5,
					"start":	0,
					"end":	10.18995,
					"seconds":	10.000552,
					"bytes":	23855104,
					"bits_per_second":	18728338.411866594,
					"sender":	true
				}
			}],
		"sum_sent":	{
			"start":	0,
			"end":	10.000552,
			"seconds":	10.000552,
			"bytes":	25810600,
			"bits_per_second":	20647340.266817272,
			"retransmits":	0,
			"sender":	true
		},
		"sum_received":	{
			"start":	0,
			"end":	10.18995,
			"seconds":	10.18995,
			"bytes":	23855104,
			"bits_per_second":	18728338.411866594,
			"sender":	true
		},
		"cpu_utilization_percent":	{
			"host_total":	0.5574226029548397,
			"host_user":	0.059361063070931114,
			"host_system":	0.49805161992016012,
			"remote_total":	0.58975680284609466,
			"remote_user":	0.0614820681880788,