{
	"start":	{
		"connected":	[{
				"socket":	5,
				"local_host":	"192.168.225.54",
				"local_port":	51858,
				"remote_host":	"192.168.26.3",
				"remote_port":	55001
			}],
		"version":	"iperf 3.12",
		"system_info":	"Linux rpi1 6.6.51+rpt-rpi-v8 #1 SMP PREEMPT Debian 1:6.6.51-1+rpt3 (2024-10-08) aarch64",
		"timestamp":	{
			"time":	"Fri, 23 May 2025 00:30:12 GMT",
			"timesecs":	1747960212
		},
		"connecting_to":	{
			"host":	"192.168.26.3",
			"port":	55001
		},
		"cookie":	"3wmlvqnxri2ros3qa22k6mutgvbawe77un2t",
		"tcp_mss_default":	1448,
		"target_bitrate":	0,
		"sock_bufsize":	0,
		"sndbuf_actual":	16384,
		"rcvbuf_actual":	131072,
		"test_start":	{
			"protocol":	"TCP",
			"num_streams":	1,
			"blksize":	131072,
			"omit":	0,
			"duration":	10,
			"bytes":	0,
			"blocks":	0,
			"reverse":	0,
			"tos":	0,
			"target_bitrate":	0
		}
	},
	"intervals":	[{
			"streams":	[{
					"socket":	5,
					"start":	0,
					"end":	1.00044,
					"seconds":	1.0004400014877319,
					"bytes":	373584,
					"bits_per_second":	2987357.5582299917,
					"retransmits":	20,
					"snd_cwnd":	7240,
					"snd_wnd":	319104,
					"rtt":	40878,
					"rttvar":	6316,
					"pmtu":	1500,
					"omitted":	false,
					"sender":	true
				}],
			"sum":	{
				"start":	0,
				"end":	1.00044,
				"seconds":	1.0004400014877319,
				"bytes":	373584,
				"bits_per_second":	2987357.5582299917,
				"retransmits":	20,
				"omitted":	false,
				"sender":	true
			}
		}, {
			"streams":	[{
					"socket":	5,
					"start":	1.00044,
					"end":	2.000902,
					"seconds":	1.0004620552062988,
					"bytes":	130320,
					"bits_per_second":	1042078.5022026851,
					"retransmits":	11,
					"snd_cwnd":	5792,
					"snd_wnd":	429056,
					"rtt":	40451,
					"rttvar":	1491,
					"pmtu":	1500,
					"omitted":	false,
					"sender":	true
				}],
			"sum":	{
				"start":	1.00044,
				"end":	2.000902,
				"seconds":	1.0004620552062988,
				"bytes":	130320,
				"bits_per_second":	1042078.5022026851,
				"retransmits":	11,
				"omitted":	false,
				"sender":	true
			}
		}, {
			"streams":	[{
					"socket":	5,
					"start":	2.000902,
					"end":	3.001054,
					"seconds":	1.0001519918441772,
					"bytes":	0,
					"bits_per_second":	0,
					"retransmits":	9,
					"snd_cwnd":	4344,
					"snd_wnd":	611584,
					"rtt":	42707,
					"rttvar":	3998,
					"pmtu":	1500,
					"omitted":	false,
					"sender":	true
				}],
			"sum":	{
				"start":	2.000902,
				"end":	3.001054,
				"seconds":	1.0001519918441772,
				"bytes":	0,
				"bits_per_second":	0,
				"retransmits":	9,
				"omitted":	false,
				"sender":	true
			}
		}, {
			"streams":	[{
					"socket":	5,
					"start":	3.001054,
					"end":	4.000643,
					"seconds":	0.99958902597427368,
					"bytes":	130320,
					"bits_per_second":	1042988.6412406774,
					"retransmits":	8,
					"snd_cwnd":	4344,
					"snd_wnd":	730240,
					"rtt":	50312,
					"rttvar":	16116,
					"pmtu":	1500,
					"omitted":	false,
					"sender":	true
				}],
			"sum":	{
				"start":	3.001054,
				"end":	4.000643,
				"seconds":	0.99958902597427368,
				"bytes":	130320,
				"bits_per_second":	1042988.6412406774,
				"retransmits":	8,
				"omitted":	false,
				"sender":	true
			}
		}, {
			"streams":	[{
					"socket":	5,
					"start":	4.000643,
					"end":	5.001055,
					"seconds":	1.0004119873046875,
					"bytes":	0,
					"bits_per_second":	0,
					"retransmits":	9,
					"snd_cwnd":	4344,
					"snd_wnd":	799744,
					"rtt":	43490,
					"rttvar":	5407,
					"pmtu":	1500,
					"omitted":	false,
					"sender":	true
				}],
			"sum":	{
				"start":	4.000643,
				"end":	5.001055,
				"seconds":	1.0004119873046875,
				"bytes":	0,
				"bits_per_second":	0,
				"retransmits":	9,
				"omitted":	false,
				"sender":	true
			}
		}, {
			"streams":	[{
					"socket":	5,
					"start":	5.001055,
					"end":	6.001053,
					"seconds":	0.99999797344207764,
					"bytes":	0,
					"bits_per_second":	0,
					"retransmits":	9,
					"snd_cwnd":	4344,
					"snd_wnd":	828032,
					"rtt":	42850,
					"rttvar":	3396,
					"pmtu":	1500,
					"omitted":	false,
					"sender":	true
				}],
			"sum":	{
				"start":	5.001055,
				"end":	6.001053,
				"seconds":	0.99999797344207764,
				"bytes":	0,
				"bits_per_second":	0,
				"retransmits":	9,
				"omitted":	false,
				"sender":	true
			}
		}, {
			"streams":	[{
					"socket":	5,
					"start":	6.001053,
					"end":	7.000863,
					"seconds":	0.999809980392456,
					"bytes":	130320,
					"bits_per_second":	1042758.14449338,
					"retransmits":	9,
					"snd_cwnd":	5792,
					"snd_wnd":	829440,
					"rtt":	56028,
					"rttvar":	20048,
					"pmtu":	1500,
					"omitted":	false,
					"sender":	true
				}],
			"sum":	{
				"start":	6.001053,
				"end":	7.000863,
				"seconds":	0.999809980392456,
				"bytes":	130320,
				"bits_per_second":	1042758.14449338,
				"retransmits":	9,
				"omitted":	false,
				"sender":	true
			}
		}, {
			"streams":	[{
					"socket":	5,
					"start":	7.000863,
					"end":	8.000824,
					"seconds":	0.999961018562317,
					"bytes":	130320,
					"bits_per_second":	1042600.6420719574,
					"retransmits":	9,
					"snd_cwnd":	2896,
					"snd_wnd":	826624,
					"rtt":	44289,
					"rttvar":	11435,
					"pmtu":	1500,
					"omitted":	false,
					"sender":	true
				}],
			"sum":	{
				"start":	7.000863,
				"end":	8.000824,
				"seconds":	0.999961018562317,
				"bytes":	130320,
				"bits_per_second":	1042600.6420719574,
				"retransmits":	9,
				"omitted":	false,
				"sender":	true
			}
		}, {
			"streams":	[{
					"socket":	5,
					"start":	8.000824,
					"end":	9.000515,
					"seconds":	0.99969100952148438,
					"bytes":	130320,
					"bits_per_second":	1042882.240682584,
					"retransmits":	7,
					"snd_cwnd":	7240,
					"snd_wnd":	829440,
					"rtt":	48596,
					"rttvar":	14623,
					"pmtu":	1500,
					"omitted":	false,
					"sender":	true
				}],
			"sum":	{
				"start":	8.000824,
				"end":	9.000515,
				"seconds":	0.99969100952148438,
				"bytes":	130320,
				"bits_per_second":	1042882.240682584,
				"retransmits":	7,
				"omitted":	false,
				"sender":	true
			}
		}, {
			"streams":	[{
					"socket":	5,
					"start":	9.000515,
					"end":	10.000469,
					"seconds":	0.9999539852142334,
					"bytes":	130320,
					"bits_per_second":	1042607.9753826258,
					"retransmits":	6,
					"snd_cwnd":	14480,
					"snd_wnd":	829440,
					"rtt":	43066,
					"rttvar":	4088,
					"pmtu":	1500,
					"omitted":	false,
					"sender":	true
				}],
			"sum":	{
				"start":	9.000515,
				"end":	10.000469,
				"seconds":	0.9999539852142334,
				"bytes":	130320,
				"bits_per_second":	1042607.9753826258,
				"retransmits":	6,
				"omitted":	false,
				"sender":	true
			}
		}],
	"end":	{
		"streams":	[{
				"sender":	{
					"socket":	5,
					"start":	0,
					"end":	10.000469,
					"seconds":	10.000469,
					"bytes":	1155504,
					"bits_per_second":	924359.847523151,
					"retransmits":	97,
					"max_snd_cwnd":	14480,
					"max_snd_wnd":	829440,
					"max_rtt":	56028,
					"min_rtt":	40451,
					"mean_rtt":	45266,
					"sender":	true
				},
				"receiver":	{
					"socket":	5,
					"start":	0,
					"end":	10.039405,
					"seconds":	10.000469,
					"bytes":	994776,
					"bits_per_second":	792697.17677491845,
					"sender":	true
				}
			}],
		"sum_sent":	{
			"start":	0,
			"end":	10.000469,
			"seconds":	10.000469,
			"bytes":	1155504,
			"bits_per_second":	924359.847523151,
			"retransmits":	97,
			"sender":	true
		},
		"sum_received":	{
			"start":	0,
			"end":	10.039405,
			"seconds":	10.039405,
			"bytes":	994776,
			"bits_per_second":	792697.17677491845,
			"sender":	true
		},
		"cpu_utilization_percent":	{
			"host_total":	0.82572039047583523,
			"host_user":	0.086415460139195821,
			"host_system":	0.73930493033663947,
			"remote_total":	0.0212522279847618,
			"remote_user":	0.0029806239208939882,
			"remote_system":	0.018275819939286335
		},
		"sender_tcp_congestion":	"cubic",
		"receiver_tcp_congestion":	"cubic"
	}
}
