{
	"start":	{
		"connected":	[{
				"socket":	5,
				"local_host":	"129.93.240.12",
				"local_port":	46408,
				"remote_host":	"129.93.208.46",
				"remote_port":	56000
			}],
		"version":	"iperf 3.12",
		"system_info":	"Linux rpi2 6.6.74+rpt-rpi-v8 #1 SMP PREEMPT Debian 1:6.6.74-1+rpt1 (2025-01-27) aarch64",
		"timestamp":	{
			"time":	"Tue, 13 May 2025 21:46:24 GMT",
			"timesecs":	1747172784
		},
		"connecting_to":	{
			"host":	"129.93.208.46",
			"port":	56000
		},
		"cookie":	"7fgmxswsfivdfhlhvzrsbcftftwnocllqszc",
		"tcp_mss_default":	1448,
		"target_bitrate":	0,
		"sock_bufsize":	0,
		"sndbuf_actual":	16384,
		"rcvbuf_actual":	131072,
		"test_start":	{
			"protocol":	"TCP",
			"num_streams":	1,
			"blksize":	131072,
			"omit":	0,
			"duration":	10,
			"bytes":	0,
			"blocks":	0,
			"reverse":	0,
			"tos":	0,
			"target_bitrate":	0
		}
	},
	"intervals":	[{
			"streams":	[{
					"socket":	5,
					"start":	0,
					"end":	1.000096,
					"seconds":	1.0000959634780884,
					"bytes":	2242952,
					"bits_per_second":	17941894.233425867,
					"retransmits":	0,
					"snd_cwnd":	125976,
					"snd_wnd":	699904,
					"rtt":	72962,
					"rttvar":	4951,
					"pmtu":	1500,
					"omitted":	false,
					"sender":	true
				}],
			"sum":	{
				"start":	0,
				"end":	1.000096,
				"seconds":	1.0000959634780884,
				"bytes":	2242952,
				"bits_per_second":	17941894.233425867,
				"retransmits":	0,
				"omitted":	false,
				"sender":	true
			}
		}, {
			"streams":	[{
					"socket":	5,
					"start":	1.000096,
					"end":	2.000312,
					"seconds":	1.000216007232666,
					"bytes":	1889640,
					"bits_per_second":	15113855.297942176,
					"retransmits":	0,
					"snd_cwnd":	212856,
					"snd_wnd":	701312,
					"rtt":	137263,
					"rttvar":	5827,
					"pmtu":	1500,
					"omitted":	false,
					"sender":	true
				}],
			"sum":	{
				"start":	1.000096,
				"end":	2.000312,
				"seconds":	1.000216007232666,
				"bytes":	1889640,
				"bits_per_second":	15113855.297942176,
				"retransmits":	0,
				"omitted":	false,
				"sender":	true
			}
		}, {
			"streams":	[{
					"socket":	5,
					"start":	2.000312,
					"end":	3.000285,
					"seconds":	0.99997299909591675,
					"bytes":	2085120,
					"bits_per_second":	16681410.413162539,
					"retransmits":	0,
					"snd_cwnd":	295392,
					"snd_wnd":	938112,
					"rtt":	169128,
					"rttvar":	3044,
					"pmtu":	1500,
					"omitted":	false,
					"sender":	true
				}],
			"sum":	{
				"start":	2.000312,
				"end":	3.000285,
				"seconds":	0.99997299909591675,
				"bytes":	2085120,
				"bits_per_second":	16681410.413162539,
				"retransmits":	0,
				"omitted":	false,
				"sender":	true
			}
		}, {
			"streams":	[{
					"socket":	5,
					"start":	3.000285,
					"end":	4.000204,
					"seconds":	0.99991899728775024,
					"bytes":	2085120,
					"bits_per_second":	16682311.312462904,
					"retransmits":	0,
					"snd_cwnd":	372136,
					"snd_wnd":	938112,
					"rtt":	224538,
					"rttvar":	9379,
					"pmtu":	1500,
					"omitted":	false,
					"sender":	true
				}],
			"sum":	{
				"start":	3.000285,
				"end":	4.000204,
				"seconds":	0.99991899728775024,
				"bytes":	2085120,
				"bits_per_second":	16682311.312462904,
				"retransmits":	0,
				"omitted":	false,
				"sender":	true
			}
		}, {
			"streams":	[{
					"socket":	5,
					"start":	4.000204,
					"end":	5.000403,
					"seconds":	1.00019896030426,
					"bytes":	1759320,
					"bits_per_second":	14071760.278293554,
					"retransmits":	0,
					"snd_cwnd":	450328,
					"snd_wnd":	944768,
					"rtt":	301743,
					"rttvar":	4645,
					"pmtu":	1500,
					"omitted":	false,
					"sender":	true
				}],
			"sum":	{
				"start":	4.000204,
				"end":	5.000403,
				"seconds":	1.00019896030426,
				"bytes":	1759320,
				"bits_per_second":	14071760.278293554,
				"retransmits":	0,
				"omitted":	false,
				"sender":	true
			}
		}, {
			"streams":	[{
					"socket":	5,
					"start":	5.000403,
					"end":	6.000324,
					"seconds":	0.99992102384567261,
					"bytes":	2019960,
					"bits_per_second":	16160956.330181211,
					"retransmits":	0,
					"snd_cwnd":	524176,
					"snd_wnd":	1167488,
					"rtt":	357559,
					"rttvar":	7705,
					"pmtu":	1500,
					"omitted":	false,
					"sender":	true
				}],
			"sum":	{
				"start":	5.000403,
				"end":	6.000324,
				"seconds":	0.99992102384567261,
				"bytes":	2019960,
				"bits_per_second":	16160956.330181211,
				"retransmits":	0,
				"omitted":	false,
				"sender":	true
			}
		}, {
			"streams":	[{
					"socket":	5,
					"start":	6.000324,
					"end":	7.000732,
					"seconds":	1.0004080533981323,
					"bytes":	1107720,
					"bits_per_second":	8858145.4036668837,
					"retransmits":	0,
					"snd_cwnd":	584992,
					"snd_wnd":	1527040,
					"rtt":	317539,
					"rttvar":	14665,
					"pmtu":	1500,
					"omitted":	false,
					"sender":	true
				}],
			"sum":	{
				"start":	6.000324,
				"end":	7.000732,
				"seconds":	1.0004080533981323,
				"bytes":	1107720,
				"bits_per_second":	8858145.4036668837,
				"retransmits":	0,
				"omitted":	false,
				"sender":	true
			}
		}, {
			"streams":	[{
					"socket":	5,
					"start":	7.000732,
					"end":	8.000255,
					"seconds":	0.99952298402786255,
					"bytes":	2345760,
					"bits_per_second":	18775035.99204566,
					"retransmits":	0,
					"snd_cwnd":	584992,
					"snd_wnd":	1527040,
					"rtt":	255802,
					"rttvar":	49666,
					"pmtu":	1500,
					"omitted":	false,
					"sender":	true
				}],
			"sum":	{
				"start":	7.000732,
				"end":	8.000255,
				"seconds":	0.99952298402786255,
				"bytes":	2345760,
				"bits_per_second":	18775035.99204566,
				"retransmits":	0,
				"omitted":	false,
				"sender":	true
			}
		}, {
			"streams":	[{
					"socket":	5,
					"start":	8.000255,
					"end":	9.00051,
					"seconds":	1.0002549886703491,
					"bytes":	1172880,
					"bits_per_second":	9380648.0410290044,
					"retransmits":	0,
					"snd_cwnd":	611056,
					"snd_wnd":	1527040,
					"rtt":	304441,
					"rttvar":	44248,
					"pmtu":	1500,
					"omitted":	false,
					"sender":	true
				}],
			"sum":	{
				"start":	8.000255,
				"end":	9.00051,
				"seconds":	1.0002549886703491,
				"bytes":	1172880,
				"bits_per_second":	9380648.0410290044,
				"retransmits":	0,
				"omitted":	false,
				"sender":	true
			}
		}, {
			"streams":	[{
					"socket":	5,
					"start":	9.00051,
					"end":	10.000131,
					"seconds":	0.99962097406387329,
					"bytes":	2428040,
					"bits_per_second":	19431685.112640336,
					"retransmits":	0,
					"snd_cwnd":	613952,
					"snd_wnd":	1527040,
					"rtt":	280729,
					"rttvar":	17777,
					"pmtu":	1500,
					"omitted":	false,
					"sender":	true
				}],
			"sum":	{
				"start":	9.00051,
				"end":	10.000131,
				"seconds":	0.99962097406387329,
				"bytes":	2428040,
				"bits_per_second":	19431685.112640336,
				"retransmits":	0,
				"omitted":	false,
				"sender":	true
			}
		}],
	"end":	{
		"streams":	[{
				"sender":	{
					"socket":	5,
					"start":	0,
					"end":	10.000131,
					"seconds":	10.000131,
					"bytes":	19136512,
					"bits_per_second":	15309009.051981419,
					"retransmits":	0,
					"max_snd_cwnd":	613952,
					"max_snd_wnd":	1527040,
					"max_rtt":	357559,
					"min_rtt":	72962,
					"mean_rtt":	242170,
					"sender":	true
				},
				"receiver":	{
					"socket":	5,
					"start":	0,
					"end":	10.213505,
					"seconds":	10.000131,
					"bytes":	15990784,
					"bits_per_second":	12525207.751893204,
					"sender":	true
				}
			}],
		"sum_sent":	{
			"start":	0,
			"end":	10.000131,
			"seconds":	10.000131,
			"bytes":	19136512,
			"bits_per_second":	15309009.051981419,
			"retransmits":	0,
			"sender":	true
		},
		"sum_received":	{
			"start":	0,
			"end":	10.213505,
			"seconds":	10.213505,
			"bytes":	15990784,
			"bits_per_second":	12525207.751893204,
			"sender":	true
		},
		"cpu_utilization_percent":	{
			"host_total":	0.51254120116042223,
			"host_user":	0.059206221838158136,
			"host_system":	0.45332510338867971,
			"remote_total":	2.0826243083212153,