{
	"start":	{
		"connected":	[{
				"socket":	5,
				"local_host":	"129.93.240.12",
				"local_port":	33598,
				"remote_host":	"129.93.208.46",
				"remote_port":	56000
			}],
		"version":	"iperf 3.12",
		"system_info":	"Linux rpi2 6.6.74+rpt-rpi-v8 #1 SMP PREEMPT Debian 1:6.6.74-1+rpt1 (2025-01-27) aarch64",
		"timestamp":	{
			"time":	"Tue, 13 May 2025 21:57:33 GMT",
			"timesecs":	1747173453
		},
		"connecting_to":	{
			"host":	"129.93.208.46",
			"port":	56000
		},
		"cookie":	"gei3oysgp7b2a3hx3nee7fgglmfboqh2jap7",
		"tcp_mss_default":	1448,
		"target_bitrate":	0,
		"sock_bufsize":	0,
		"sndbuf_actual":	16384,
		"rcvbuf_actual":	131072,
		"test_start":	{
			"protocol":	"TCP",
			"num_streams":	1,
			"blksize":	131072,
			"omit":	0,
			"duration":	10,
			"bytes":	0,
			"blocks":	0,
			"reverse":	0,
			"tos":	0,
			"target_bitrate":	0
		}
	},
	"intervals":	[{
			"streams":	[{
					"socket":	5,
					"start":	0,
					"end":	1.00009,
					"seconds":	1.0000900030136108,
					"bytes":	1300304,
					"bits_per_second":	10401495.834028877,
					"retransmits":	1,
					"snd_cwnd":	56472,
					"snd_wnd":	386816,
					"rtt":	31548,
					"rttvar":	9562,
					"pmtu":	1500,
					"omitted":	false,
					"sender":	true
				}],
			"sum":	{
				"start":	0,
				"end":	1.00009,
				"seconds":	1.0000900030136108,
				"bytes":	1300304,
				"bits_per_second":	10401495.834028877,
				"retransmits":	1,
				"omitted":	false,
				"sender":	true
			}
		}, {
			"streams":	[{
					"socket":	5,
					"start":	1.00009,
					"end":	2.00009,
					"seconds":	1,
					"bytes":	2345760,
					"bits_per_second":	18766080,
					"retransmits":	0,
					"snd_cwnd":	81088,
					"snd_wnd":	386816,
					"rtt":	27132,
					"rttvar":	3375,
					"pmtu":	1500,
					"omitted":	false,
					"sender":	true
				}],
			"sum":	{
				"start":	1.00009,
				"end":	2.00009,
				"seconds":	1,
				"bytes":	2345760,
				"bits_per_second":	18766080,
				"retransmits":	0,
				"omitted":	false,
				"sender":	true
			}
		}, {
			"streams":	[{
					"socket":	5,
					"start":	2.00009,
					"end":	3.000093,
					"seconds":	1.0000029802322388,
					"bytes":	3258000,
					"bits_per_second":	26063922.323458422,
					"retransmits":	0,
					"snd_cwnd":	107152,
					"snd_wnd":	386816,
					"rtt":	30256,
					"rttvar":	1374,
					"pmtu":	1500,
					"omitted":	false,
					"sender":	true
				}],
			"sum":	{
				"start":	2.00009,
				"end":	3.000093,
				"seconds":	1.0000029802322388,
				"bytes":	3258000,
				"bits_per_second":	26063922.323458422,
				"retransmits":	0,
				"omitted":	false,
				"sender":	true
			}
		}, {
			"streams":	[{
					"socket":	5,
					"start":	3.000093,
					"end":	4.000101,
					"seconds":	1.0000079870224,
					"bytes":	3583800,
					"bits_per_second":	28670171.010701928,
					"retransmits":	0,
					"snd_cwnd":	130320,
					"snd_wnd":	386816,
					"rtt":	37465,
					"rttvar":	2576,
					"pmtu":	1500,
					"omitted":	false,
					"sender":	true
				}],
			"sum":	{
				"start":	3.000093,
				"end":	4.000101,
				"seconds":	1.0000079870224,
				"bytes":	3583800,
				"bits_per_second":	28670171.010701928,
				"retransmits":	0,
				"omitted":	false,
				"sender":	true
			}
		}, {
			"streams":	[{
					"socket":	5,
					"start":	4.000101,
					"end":	5.000117,
					"seconds":	1.0000159740448,
					"bytes":	3258000,
					"bits_per_second":	26063583.659146987,
					"retransmits":	0,
					"snd_cwnd":	147696,
					"snd_wnd":	386816,
					"rtt":	44546,
					"rttvar":	1516,
					"pmtu":	1500,
					"omitted":	false,
					"sender":	true
				}],
			"sum":	{
				"start":	4.000101,
				"end":	5.000117,
				"seconds":	1.0000159740448,
				"bytes":	3258000,
				"bits_per_second":	26063583.659146987,
				"retransmits":	0,
				"omitted":	false,
				"sender":	true
			}
		}, {
			"streams":	[{
					"socket":	5,
					"start":	5.000117,
					"end":	6.000133,
					"seconds":	1.0000159740448,
					"bytes":	3258000,
					"bits_per_second":	26063583.659146987,
					"retransmits":	0,
					"snd_cwnd":	163624,
					"snd_wnd":	453760,
					"rtt":	43620,
					"rttvar":	2012,
					"pmtu":	1500,
					"omitted":	false,
					"sender":	true
				}],
			"sum":	{
				"start":	5.000117,
				"end":	6.000133,
				"seconds":	1.0000159740448,
				"bytes":	3258000,
				"bits_per_second":	26063583.659146987,
				"retransmits":	0,
				"omitted":	false,
				"sender":	true
			}
		}, {
			"streams":	[{
					"socket":	5,
					"start":	6.000133,
					"end":	7.000168,
					"seconds":	1.0000350475311279,
					"bytes":	3583800,
					"bits_per_second":	28669395.208479013,
					"retransmits":	0,
					"snd_cwnd":	211408,
					"snd_wnd":	474752,
					"rtt":	62215,
					"rttvar":	3754,
					"pmtu":	1500,
					"omitted":	false,
					"sender":	true
				}],
			"sum":	{
				"start":	6.000133,
				"end":	7.000168,
				"seconds":	1.0000350475311279,
				"bytes":	3583800,
				"bits_per_second":	28669395.208479013,
				"retransmits":	0,
				"omitted":	false,
				"sender":	true
			}
		}, {
			"streams":	[{
					"socket":	5,
					"start":	7.000168,
					"end":	8.0001,
					"seconds":	0.99993199110031128,
					"bytes":	4300560,
					"bits_per_second":	34406819.969967946,
					"retransmits":	0,
					"snd_cwnd":	298288,
					"snd_wnd":	743680,
					"rtt":	87335,
					"rttvar":	2683,
					"pmtu":	1500,
					"omitted":	false,
					"sender":	true
				}],
			"sum":	{
				"start":	7.000168,
				"end":	8.0001,
				"seconds":	0.99993199110031128,
				"bytes":	4300560,
				"bits_per_second":	34406819.969967946,
				"retransmits":	0,
				"omitted":	false,
				"sender":	true
			}
		}, {
			"streams":	[{
					"socket":	5,
					"start":	8.0001,
					"end":	9.000126,
					"seconds":	1.0000259876251221,
					"bytes":	3714120,
					"bits_per_second":	29712187.850800578,
					"retransmits":	0,
					"snd_cwnd":	406888,
					"snd_wnd":	803584,
					"rtt":	134962,
					"rttvar":	4783,
					"pmtu":	1500,
					"omitted":	false,
					"sender":	true
				}],
			"sum":	{
				"start":	8.0001,
				"end":	9.000126,
				"seconds":	1.0000259876251221,
				"bytes":	3714120,
				"bits_per_second":	29712187.850800578,
				"retransmits":	0,
				"omitted":	false,
				"sender":	true
			}
		}, {
			"streams":	[{
					"socket":	5,
					"start":	9.000126,
					"end":	10.000327,
					"seconds":	1.0002009868621826,
					"bytes":	2997360,
					"bits_per_second":	23974061.528599594,
					"retransmits":	0,
					"snd_cwnd":	541552,
					"snd_wnd":	1674880,
					"rtt":	215215,
					"rttvar":	4964,
					"pmtu":	1500,
					"omitted":	false,
					"sender":	true
				}],
			"sum":	{
				"start":	9.000126,
				"end":	10.000327,
				"seconds":	1.0002009868621826,
				"bytes":	2997360,
				"bits_per_second":	23974061.528599594,
				"retransmits":	0,
				"omitted":	false,
				"sender":	true
			}
		}],
	"end":	{
		"streams":	[{
				"sender":	{
					"socket":	5,
					"start":	0,
					"end":	10.000327,
					"seconds":	10.000327,
					"bytes":	31599704,
					"bits_per_second":	25278936.578773875,
					"retransmits":	1,
					"max_snd_cwnd":	541552,
					"max_snd_wnd":	1674880,
					"max_rtt":	215215,
					"min_rtt":	27132,
					"mean_rtt":	71429,
					"sender":	true
				},
				"receiver":	{
					"socket":	5,
					"start":	0,
					"end":	10.103884,
					"seconds":	10.000327,
					"bytes":	29360128,
					"bits_per_second":	23246607.344264839,
					"sender":	true
				}
			}],
		"sum_sent":	{
			"start":	0,
			"end":	10.000327,
			"seconds":	10.000327,
			"bytes":	31599704,
			"bits_per_second":	25278936.578773875,
			"retransmits":	1,
			"sender":	true
		},
		"sum_received":	{
			"start":	0,
			"end":	10.103884,
			"seconds":	10.103884,
			"bytes":	29360128,
			"bits_per_second":	23246607.344264839,
			"sender":	true
		},
		"cpu_utilization_percent":	{
			"host_total":	0.79282250881035077,
			"host_user":	0.22845836509395723,
			"host_system":	0.56434431398242135,
			"remote_total":	4.1989953005354259,
			"remote_user":	0.38159458356595766,
			"remote_system":	3.8174304084247725
		},
		"sender_tcp_congestion":	"cubic",