{
	"start":	{
		"connected":	[{
				"socket":	5,
				"local_host":	"129.93.240.12",
				"local_port":	43252,
				"remote_host":	"129.93.208.46",
				"remote_port":	56000
			}],
		"version":	"iperf 3.12",
		"system_info":	"Linux rpi2 6.6.74+rpt-rpi-v8 #1 SMP PREEMPT Debian 1:6.6.74-1+rpt1 (2025-01-27) aarch64",
		"timestamp":	{
			"time":	"Tue, 13 May 2025 21:51:27 GMT",
			"timesecs":	1747173087
		},
		"connecting_to":	{
			"host":	"129.93.208.46",
			"port":	56000
		},
		"cookie":	"k5am7chkuenqa5333w5e7zlqoicvdxurw56q",
		"tcp_mss_default":	1448,
		"target_bitrate":	0,
		"sock_bufsize":	0,
		"sndbuf_actual":	16384,
		"rcvbuf_actual":	131072,
		"test_start":	{
			"protocol":	"TCP",
			"num_streams":	1,
			"blksize":	131072,
			"omit":	0,
			"duration":	10,
			"bytes":	0,
			"blocks":	0,
			"reverse":	0,
			"tos":	0,
			"target_bitrate":	0
		}
	},
	"intervals":	[{
			"streams":	[{
					"socket":	5,
					"start":	0,
					"end":	1.000135,
					"seconds":	1.0001349449157715,
					"bytes":	3494024,
					"bits_per_second":	27948420.502749309,
					"retransmits":	0,
					"snd_cwnd":	181000,
					"snd_wnd":	907648,
					"rtt":	57140,
					"rttvar":	3570,
					"pmtu":	1500,
					"omitted":	false,
					"sender":	true
				}],
			"sum":	{
				"start":	0,
				"end":	1.000135,
				"seconds":	1.0001349449157715,
				"bytes":	3494024,
				"bits_per_second":	27948420.502749309,
				"retransmits":	0,
				"omitted":	false,
				"sender":	true
			}
		}, {
			"streams":	[{
					"socket":	5,
					"start":	1.000135,
					"end":	2.000094,
					"seconds":	0.99995899200439453,
					"bytes":	4300560,
					"bits_per_second":	34405890.9166235,
					"retransmits":	0,
					"snd_cwnd":	338832,
					"snd_wnd":	907648,
					"rtt":	100148,
					"rttvar":	4602,
					"pmtu":	1500,
					"omitted":	false,
					"sender":	true
				}],
			"sum":	{
				"start":	1.000135,
				"end":	2.000094,
				"seconds":	0.99995899200439453,
				"bytes":	4300560,
				"bits_per_second":	34405890.9166235,
				"retransmits":	0,
				"omitted":	false,
				"sender":	true
			}
		}, {
			"streams":	[{
					"socket":	5,
					"start":	2.000094,
					"end":	3.000096,
					"seconds":	1.0000020265579224,
					"bytes":	4561200,
					"bits_per_second":	36489526.0518619,
					"retransmits":	0,
					"snd_cwnd":	518384,
					"snd_wnd":	1198208,
					"rtt":	119740,
					"rttvar":	2485,
					"pmtu":	1500,
					"omitted":	false,
					"sender":	true
				}],
			"sum":	{
				"start":	2.000094,
				"end":	3.000096,
				"seconds":	1.0000020265579224,
				"bytes":	4561200,
				"bits_per_second":	36489526.0518619,
				"retransmits":	0,
				"omitted":	false,
				"sender":	true
			}
		}, {
			"streams":	[{
					"socket":	5,
					"start":	3.000096,
					"end":	4.000128,
					"seconds":	1.0000319480895996,
					"bytes":	3635000,
					"bits_per_second":	29079070.979234882,
					"retransmits":	0,
					"snd_cwnd":	626984,
					"snd_wnd":	1252864,
					"rtt":	123884,
					"rttvar":	4056,
					"pmtu":	1500,
					"omitted":	false,
					"sender":	true
				}],
			"sum":	{
				"start":	3.000096,
				"end":	4.000128,
				"seconds":	1.0000319480895996,
				"bytes":	3635000,
				"bits_per_second":	29079070.979234882,
				"retransmits":	0,
				"omitted":	false,
				"sender":	true
			}
		}, {
			"streams":	[{
					"socket":	5,
					"start":	4.000128,
					"end":	5.000174,
					"seconds":	1.0000460147857666,
					"bytes":	3801088,
					"bits_per_second":	30407304.814383227,
					"retransmits":	0,
					"snd_cwnd":	626984,
					"snd_wnd":	1252864,
					"rtt":	95273,
					"rttvar":	5137,
					"pmtu":	1500,
					"omitted":	false,
					"sender":	true
				}],
			"sum":	{
				"start":	4.000128,
				"end":	5.000174,
				"seconds":	1.0000460147857666,
				"bytes":	3801088,
				"bits_per_second":	30407304.814383227,
				"retransmits":	0,
				"omitted":	false,
				"sender":	true
			}
		}, {
			"streams":	[{
					"socket":	5,
					"start":	5.000174,
					"end":	6.000322,
					"seconds":	1.0001480579376221,
					"bytes":	3771432,
					"bits_per_second":	30166989.537744775,
					"retransmits":	0,
					"snd_cwnd":	626984,
					"snd_wnd":	1252864,
					"rtt":	103560,
					"rttvar":	6948,
					"pmtu":	1500,
					"omitted":	false,
					"sender":	true
				}],
			"sum":	{
				"start":	5.000174,
				"end":	6.000322,
				"seconds":	1.0001480579376221,
				"bytes":	3771432,
				"bits_per_second":	30166989.537744775,
				"retransmits":	0,
				"omitted":	false,
				"sender":	true
			}
		}, {
			"streams":	[{
					"socket":	5,
					"start":	6.000322,
					"end":	7.0001,
					"seconds":	0.99977797269821167,
					"bytes":	4952160,
					"bits_per_second":	39626078.0711946,
					"retransmits":	0,
					"snd_cwnd":	626984,
					"snd_wnd":	1252864,
					"rtt":	136809,
					"rttvar":	12190,
					"pmtu":	1500,
					"omitted":	false,
					"sender":	true
				}],
			"sum":	{
				"start":	6.000322,
				"end":	7.0001,
				"seconds":	0.99977797269821167,
				"bytes":	4952160,
				"bits_per_second":	39626078.0711946,
				"retransmits":	0,
				"omitted":	false,
				"sender":	true
			}
		}, {
			"streams":	[{
					"socket":	5,
					"start":	7.0001,
					"end":	8.000441,
					"seconds":	1.0003410577774048,
					"bytes":	2541240,
					"bits_per_second":	20322988.686648309,
					"retransmits":	0,
					"snd_cwnd":	626984,
					"snd_wnd":	1252864,
					"rtt":	142726,
					"rttvar":	12623,
					"pmtu":	1500,
					"omitted":	false,
					"sender":	true
				}],
			"sum":	{
				"start":	7.0001,
				"end":	8.000441,
				"seconds":	1.0003410577774048,
				"bytes":	2541240,
				"bits_per_second":	20322988.686648309,
				"retransmits":	0,
				"omitted":	false,
				"sender":	true
			}
		}, {
			"streams":	[{
					"socket":	5,
					"start":	8.000441,
					"end":	9.000253,
					"seconds":	0.99981200695037842,
					"bytes":	3677376,
					"bits_per_second":	29424539.608934794,
					"retransmits":	0,
					"snd_cwnd":	626984,
					"snd_wnd":	1252864,
					"rtt":	113789,
					"rttvar":	18087,
					"pmtu":	1500,
					"omitted":	false,
					"sender":	true
				}],
			"sum":	{
				"start":	8.000441,
				"end":	9.000253,
				"seconds":	0.99981200695037842,
				"bytes":	3677376,
				"bits_per_second":	29424539.608934794,
				"retransmits":	0,
				"omitted":	false,
				"sender":	true
			}
		}, {
			"streams":	[{
					"socket":	5,
					"start":	9.000253,
					"end":	10.000193,
					"seconds":	0.99993997812271118,
					"bytes":	3750864,
					"bits_per_second":	30008713.179300044,
					"retransmits":	0,
					"snd_cwnd":	626984,
					"snd_wnd":	1252864,
					"rtt":	141609,
					"rttvar":	13671,
					"pmtu":	1500,
					"omitted":	false,
					"sender":	true
				}],
			"sum":	{
				"start":	9.000253,
				"end":	10.000193,
				"seconds":	0.99993997812271118,
				"bytes":	3750864,
				"bits_per_second":	30008713.179300044,
				"retransmits":	0,
				"omitted":	false,
				"sender":	true
			}
		}],
	"end":	{
		"streams":	[{
				"sender":	{
					"socket":	5,
					"start":	0,
					"end":	10.000193,
					"seconds":	10.000193,
					"bytes":	38484944,
					"bits_per_second":	30787361.003932625,
					"retransmits":	0,
					"max_snd_cwnd":	626984,
					"max_snd_wnd":	1252864,
					"max_rtt":	142726,
					"min_rtt":	57140,
					"mean_rtt":	113467,
					"sender":	true
				},
				"receiver":	{
					"socket":	5,
					"start":	0,
					"end":	10.08453,
					"seconds":	10.000193,
					"bytes":	35520512,
					"bits_per_second":	28178219.113830786,
					"sender":	true
				}
			}],
		"sum_sent":	{
			"start":	0,
			"end":	10.000193,
			"seconds":	10.000193,
			"bytes":	38484944,
			"bits_per_second":	30787361.003932625,
			"retransmits":	0,
			"sender":	true
		},
		"sum_received":	{
			"start":	0,
			"end":	10.08453,
			"seconds":	10.08453,
			"bytes":	35520512,
			"bits_per_second":	28178219.113830786,
			"sender":	true
		},
		"cpu_utilization_percent":	{
			"host_total":	0.66180885363446029,
			"host_user":	0.000743694585457201,
			"host_system":	0.66107507497680917,
			"remote_total":	4.89760653369863,
			"remote_user":	0.7303725817408937,