{
	"start":	{
		"connected":	[{
				"socket":	5,
				"local_host":	"129.93.240.12",
				"local_port":	58394,
				"remote_host":	"129.93.208.46",
				"remote_port":	56000
			}],
		"version":	"iperf 3.12",
		"system_info":	"Linux rpi2 6.6.74+rpt-rpi-v8 #1 SMP PREEMPT Debian 1:6.6.74-1+rpt1 (2025-01-27) aarch64",
		"timestamp":	{
			"time":	"Tue, 13 May 2025 22:11:56 GMT",
			"timesecs":	1747174316
		},
		"connecting_to":	{
			"host":	"129.93.208.46",
			"port":	56000
		},
		"cookie":	"npvwh5bj36vvg46o2dtgvzsvpa3hq6ycw7bg",
		"tcp_mss_default":	1448,
		"target_bitrate":	0,
		"sock_bufsize":	0,
		"sndbuf_actual":	16384,
		"rcvbuf_actual":	131072,
		"test_start":	{
			"protocol":	"TCP",
			"num_streams":	1,
			"blksize":	131072,
			"omit":	0,
			"duration":	10,
			"bytes":	0,
			"blocks":	0,
			"reverse":	0,
			"tos":	0,
			"target_bitrate":	0
		}
	},
	"intervals":	[{
			"streams":	[{
					"socket":	5,
					"start":	0,
					"end":	1.000094,
					"seconds":	1.0000940561294556,
					"bytes":	4367168,
					"bits_per_second":	34934058.237695985,
					"retransmits":	0,
					"snd_cwnd":	221544,
					"snd_wnd":	1111936,
					"rtt":	46896,
					"rttvar":	1091,
					"pmtu":	1500,
					"omitted":	false,
					"sender":	true
				}],
			"sum":	{
				"start":	0,
				"end":	1.000094,
				"seconds":	1.0000940561294556,
				"bytes":	4367168,
				"bits_per_second":	34934058.237695985,
				"retransmits":	0,
				"omitted":	false,
				"sender":	true
			}
		}, {
			"streams":	[{
					"socket":	5,
					"start":	1.000094,
					"end":	2.000191,
					"seconds":	1.0000970363616943,
					"bytes":	4691520,
					"bits_per_second":	37528518.369117685,
					"retransmits":	0,
					"snd_cwnd":	419920,
					"snd_wnd":	1114496,
					"rtt":	126235,
					"rttvar":	10644,
					"pmtu":	1500,
					"omitted":	false,
					"sender":	true
				}],
			"sum":	{
				"start":	1.000094,
				"end":	2.000191,
				"seconds":	1.0000970363616943,
				"bytes":	4691520,
				"bits_per_second":	37528518.369117685,
				"retransmits":	0,
				"omitted":	false,
				"sender":	true
			}
		}, {
			"streams":	[{
					"socket":	5,
					"start":	2.000191,
					"end":	3.000095,
					"seconds":	0.999903976917267,
					"bytes":	5343120,
					"bits_per_second":	42749064.896995366,
					"retransmits":	0,
					"snd_cwnd":	596576,
					"snd_wnd":	1351168,
					"rtt":	125003,
					"rttvar":	10588,
					"pmtu":	1500,
					"omitted":	false,
					"sender":	true
				}],
			"sum":	{
				"start":	2.000191,
				"end":	3.000095,
				"seconds":	0.999903976917267,
				"bytes":	5343120,
				"bits_per_second":	42749064.896995366,
				"retransmits":	0,
				"omitted":	false,
				"sender":	true
			}
		}, {
			"streams":	[{
					"socket":	5,
					"start":	3.000095,
					"end":	4.000403,
					"seconds":	1.0003080368041992,
					"bytes":	2476080,
					"bits_per_second":	19802540.088836007,
					"retransmits":	0,
					"snd_cwnd":	640016,
					"snd_wnd":	1351168,
					"rtt":	120750,
					"rttvar":	5860,
					"pmtu":	1500,
					"omitted":	false,
					"sender":	true
				}],
			"sum":	{
				"start":	3.000095,
				"end":	4.000403,
				"seconds":	1.0003080368041992,
				"bytes":	2476080,
				"bits_per_second":	19802540.088836007,
				"retransmits":	0,
				"omitted":	false,
				"sender":	true
			}
		}, {
			"streams":	[{
					"socket":	5,
					"start":	4.000403,
					"end":	5.000292,
					"seconds":	0.99988901615142822,
					"bytes":	3831488,
					"bits_per_second":	30655306.24386609,
					"retransmits":	0,
					"snd_cwnd":	640016,
					"snd_wnd":	1351168,
					"rtt":	116016,
					"rttvar":	6927,
					"pmtu":	1500,
					"omitted":	false,
					"sender":	true
				}],
			"sum":	{
				"start":	4.000403,
				"end":	5.000292,
				"seconds":	0.99988901615142822,
				"bytes":	3831488,
				"bits_per_second":	30655306.24386609,
				"retransmits":	0,
				"omitted":	false,
				"sender":	true
			}
		}, {
			"streams":	[{
					"socket":	5,
					"start":	5.000292,
					"end":	6.000188,
					"seconds":	0.999895989894867,
					"bytes":	3801088,
					"bits_per_second":	30411867.141498681,
					"retransmits":	0,
					"snd_cwnd":	640016,
					"snd_wnd":	1351168,
					"rtt":	142417,
					"rttvar":	7424,
					"pmtu":	1500,
					"omitted":	false,
					"sender":	true
				}],
			"sum":	{
				"start":	5.000292,
				"end":	6.000188,
				"seconds":	0.999895989894867,
				"bytes":	3801088,
				"bits_per_second":	30411867.141498681,
				"retransmits":	0,
				"omitted":	false,
				"sender":	true
			}
		}, {
			"streams":	[{
					"socket":	5,
					"start":	6.000188,
					"end":	7.000267,
					"seconds":	1.0000790357589722,
					"bytes":	3801088,
					"bits_per_second":	30406300.814937554,
					"retransmits":	0,
					"snd_cwnd":	640016,
					"snd_wnd":	1351168,
					"rtt":	113861,
					"rttvar":	9434,
					"pmtu":	1500,
					"omitted":	false,
					"sender":	true
				}],
			"sum":	{
				"start":	6.000188,
				"end":	7.000267,
				"seconds":	1.0000790357589722,
				"bytes":	3801088,
				"bits_per_second":	30406300.814937554,
				"retransmits":	0,
				"omitted":	false,
				"sender":	true
			}
		}, {
			"streams":	[{
					"socket":	5,
					"start":	7.000267,
					"end":	8.000118,
					"seconds":	0.99985098838806152,
					"bytes":	5111808,
					"bits_per_second":	40900558.658174835,
					"retransmits":	0,
					"snd_cwnd":	640016,
					"snd_wnd":	1351168,
					"rtt":	113990,
					"rttvar":	8814,
					"pmtu":	1500,
					"omitted":	false,
					"sender":	true
				}],
			"sum":	{
				"start":	7.000267,
				"end":	8.000118,
				"seconds":	0.99985098838806152,
				"bytes":	5111808,
				"bits_per_second":	40900558.658174835,
				"retransmits":	0,
				"omitted":	false,
				"sender":	true
			}
		}, {
			"streams":	[{
					"socket":	5,
					"start":	8.000118,
					"end":	9.000243,
					"seconds":	1.0001250505447388,
					"bytes":	3801088,
					"bits_per_second":	30404901.850460872,
					"retransmits":	0,
					"snd_cwnd":	640016,
					"snd_wnd":	1351168,
					"rtt":	89735,
					"rttvar":	3089,
					"pmtu":	1500,
					"omitted":	false,
					"sender":	true
				}],
			"sum":	{
				"start":	8.000118,
				"end":	9.000243,
				"seconds":	1.0001250505447388,
				"bytes":	3801088,
				"bits_per_second":	30404901.850460872,
				"retransmits":	0,
				"omitted":	false,
				"sender":	true
			}
		}, {
			"streams":	[{
					"socket":	5,
					"start":	9.000243,
					"end":	10.000123,
					"seconds":	0.999880015850067,
					"bytes":	5111808,
					"bits_per_second":	40899371.276295371,
					"retransmits":	0,
					"snd_cwnd":	640016,
					"snd_wnd":	1351168,
					"rtt":	138528,
					"rttvar":	8304,
					"pmtu":	1500,
					"omitted":	false,
					"sender":	true
				}],
			"sum":	{
				"start":	9.000243,
				"end":	10.000123,
				"seconds":	0.999880015850067,
				"bytes":	5111808,
				"bits_per_second":	40899371.276295371,
				"retransmits":	0,
				"omitted":	false,
				"sender":	true
			}
		}],
	"end":	{
		"streams":	[{
				"sender":	{
					"socket":	5,
					"start":	0,
					"end":	10.000123,
					"seconds":	10.000123,
					"bytes":	42336256,
					"bits_per_second":	33868588.216364935,
					"retransmits":	0,
					"max_snd_cwnd":	640016,
					"max_snd_wnd":	1351168,
					"max_rtt":	142417,
					"min_rtt":	46896,
					"mean_rtt":	113343,
					"sender":	true
				},
				"receiver":	{
					"socket":	5,
					"start":	0,
					"end":	10.114977,
					"seconds":	10.000123,
					"bytes":	39190528,
					"bits_per_second":	30996039.239634454,
					"sender":	true
				}
			}],
		"sum_sent":	{
			"start":	0,
			"end":	10.000123,
			"seconds":	10.000123,
			"bytes":	42336256,
			"bits_per_second":	33868588.216364935,
			"retransmits":	0,
			"sender":	true
		},
		"sum_received":	{
			"start":	0,
			"end":	10.114977,
			"seconds":	10.114977,
			"bytes":	39190528,
			"bits_per_second":	30996039.239634454,
			"sender":	true
		},
		"cpu_utilization_percent":	{
			"host_total":	0.72122279885012852,
			"host_user":	0.058052783712778423,
			"host_system":	0.6631303548239682,
			"remote_total":	4.68550065135853,
			"remote_user":	0.525871790772785,