{
	"start":	{
		"connected":	[{
				"socket":	5,
				"local_host":	"129.93.240.12",
				"local_port":	54102,
				"remote_host":	"129.93.208.46",
				"remote_port":	56000
			}],
		"version":	"iperf 3.12",
		"system_info":	"Linux rpi2 6.6.74+rpt-rpi-v8 #1 SMP PREEMPT Debian 1:6.6.74-1+rpt1 (2025-01-27) aarch64",
		"timestamp":	{
			"time":	"Tue, 13 May 2025 22:02:51 GMT",
			"timesecs":	1747173771
		},
		"connecting_to":	{
			"host":	"129.93.208.46",
			"port":	56000
		},
		"cookie":	"mp5emik5bbapugjnsyyxzvii2d5jft2yax7r",
		"tcp_mss_default":	1448,
		"target_bitrate":	0,
		"sock_bufsize":	0,
		"sndbuf_actual":	16384,
		"rcvbuf_actual":	131072,
		"test_start":	{
			"protocol":	"TCP",
			"num_streams":	1,
			"blksize":	131072,
			"omit":	0,
			"duration":	10,
			"bytes":	0,
			"blocks":	0,
			"reverse":	0,
			"tos":	0,
			"target_bitrate":	0
		}
	},
	"intervals":	[{
			"streams":	[{
					"socket":	5,
					"start":	0,
					"end":	1.00013,
					"seconds":	1.0001300573349,
					"bytes":	3488232,
					"bits_per_second":	27902227.11070421,
					"retransmits":	0,
					"snd_cwnd":	182448,
					"snd_wnd":	600576,
					"rtt":	41813,
					"rttvar":	5137,
					"pmtu":	1500,
					"omitted":	false,
					"sender":	true
				}],
			"sum":	{
				"start":	0,
				"end":	1.00013,
				"seconds":	1.0001300573349,
				"bytes":	3488232,
				"bits_per_second":	27902227.11070421,
				"retransmits":	0,
				"omitted":	false,
				"sender":	true
			}
		}, {
			"streams":	[{
					"socket":	5,
					"start":	1.00013,
					"end":	2.000112,
					"seconds":	0.99998199939727783,
					"bytes":	5212800,
					"bits_per_second":	41703150.681847684,
					"retransmits":	0,
					"snd_cwnd":	385168,
					"snd_wnd":	822400,
					"rtt":	72715,
					"rttvar":	1444,
					"pmtu":	1500,
					"omitted":	false,
					"sender":	true
				}],
			"sum":	{
				"start":	1.00013,
				"end":	2.000112,
				"seconds":	0.99998199939727783,
				"bytes":	5212800,
				"bits_per_second":	41703150.681847684,
				"retransmits":	0,
				"omitted":	false,
				"sender":	true
			}
		}, {
			"streams":	[{
					"socket":	5,
					"start":	2.000112,
					"end":	3.000095,
					"seconds":	0.999983012676239,
					"bytes":	6190200,
					"bits_per_second":	49522441.253743015,
					"retransmits":	0,
					"snd_cwnd":	603816,
					"snd_wnd":	1219968,
					"rtt":	138074,
					"rttvar":	12487,
					"pmtu":	1500,
					"omitted":	false,
					"sender":	true
				}],
			"sum":	{
				"start":	2.000112,
				"end":	3.000095,
				"seconds":	0.999983012676239,
				"bytes":	6190200,
				"bits_per_second":	49522441.253743015,
				"retransmits":	0,
				"omitted":	false,
				"sender":	true
			}
		}, {
			"streams":	[{
					"socket":	5,
					"start":	3.000095,
					"end":	4.000155,
					"seconds":	1.000059962272644,
					"bytes":	3720992,
					"bits_per_second":	29766151.153928943,
					"retransmits":	0,
					"snd_cwnd":	648704,
					"snd_wnd":	1219968,
					"rtt":	88344,
					"rttvar":	3736,
					"pmtu":	1500,
					"omitted":	false,
					"sender":	true
				}],
			"sum":	{
				"start":	3.000095,
				"end":	4.000155,
				"seconds":	1.000059962272644,
				"bytes":	3720992,
				"bits_per_second":	29766151.153928943,
				"retransmits":	0,
				"omitted":	false,
				"sender":	true
			}
		}, {
			"streams":	[{
					"socket":	5,
					"start":	4.000155,
					"end":	5.000152,
					"seconds":	0.99999701976776123,
					"bytes":	5111808,
					"bits_per_second":	40894585.875363216,
					"retransmits":	0,
					"snd_cwnd":	648704,
					"snd_wnd":	1219968,
					"rtt":	101695,
					"rttvar":	17042,
					"pmtu":	1500,
					"omitted":	false,
					"sender":	true
				}],
			"sum":	{
				"start":	4.000155,
				"end":	5.000152,
				"seconds":	0.99999701976776123,
				"bytes":	5111808,
				"bits_per_second":	40894585.875363216,
				"retransmits":	0,
				"omitted":	false,
				"sender":	true
			}
		}, {
			"streams":	[{
					"socket":	5,
					"start":	5.000152,
					"end":	6.000108,
					"seconds":	0.99995601177215576,
					"bytes":	3932160,
					"bits_per_second":	31458663.810871389,
					"retransmits":	0,
					"snd_cwnd":	648704,
					"snd_wnd":	1219968,
					"rtt":	100475,
					"rttvar":	15704,
					"pmtu":	1500,
					"omitted":	false,
					"sender":	true
				}],
			"sum":	{
				"start":	5.000152,
				"end":	6.000108,
				"seconds":	0.99995601177215576,
				"bytes":	3932160,
				"bits_per_second":	31458663.810871389,
				"retransmits":	0,
				"omitted":	false,
				"sender":	true
			}
		}, {
			"streams":	[{
					"socket":	5,
					"start":	6.000108,
					"end":	7.000183,
					"seconds":	1.0000749826431274,
					"bytes":	3801088,
					"bits_per_second":	30406424.04595698,
					"retransmits":	0,
					"snd_cwnd":	648704,
					"snd_wnd":	1219968,
					"rtt":	98179,
					"rttvar":	6243,
					"pmtu":	1500,
					"omitted":	false,
					"sender":	true
				}],
			"sum":	{
				"start":	6.000108,
				"end":	7.000183,
				"seconds":	1.0000749826431274,
				"bytes":	3801088,
				"bits_per_second":	30406424.04595698,
				"retransmits":	0,
				"omitted":	false,
				"sender":	true
			}
		}, {
			"streams":	[{
					"socket":	5,
					"start":	7.000183,
					"end":	8.000097,
					"seconds":	0.999913990497589,
					"bytes":	3932160,
					"bits_per_second":	31459985.857729476,
					"retransmits":	0,
					"snd_cwnd":	648704,
					"snd_wnd":	1219968,
					"rtt":	114619,
					"rttvar":	8542,
					"pmtu":	1500,
					"omitted":	false,
					"sender":	true
				}],
			"sum":	{
				"start":	7.000183,
				"end":	8.000097,
				"seconds":	0.999913990497589,
				"bytes":	3932160,
				"bits_per_second":	31459985.857729476,
				"retransmits":	0,
				"omitted":	false,
				"sender":	true
			}
		}, {
			"streams":	[{
					"socket":	5,
					"start":	8.000097,
					"end":	9.000094,
					"seconds":	0.99999701976776123,
					"bytes":	3932160,
					"bits_per_second":	31457373.7502794,
					"retransmits":	0,
					"snd_cwnd":	648704,
					"snd_wnd":	1219968,
					"rtt":	111647,
					"rttvar":	5704,
					"pmtu":	1500,
					"omitted":	false,
					"sender":	true
				}],
			"sum":	{
				"start":	8.000097,
				"end":	9.000094,
				"seconds":	0.99999701976776123,
				"bytes":	3932160,
				"bits_per_second":	31457373.7502794,
				"retransmits":	0,
				"omitted":	false,
				"sender":	true
			}
		}, {
			"streams":	[{
					"socket":	5,
					"start":	9.000094,
					"end":	10.00013,
					"seconds":	1.0000360012054443,
					"bytes":	3801088,
					"bits_per_second":	30407609.2894109,
					"retransmits":	0,
					"snd_cwnd":	648704,
					"snd_wnd":	1219968,
					"rtt":	92574,
					"rttvar":	10027,
					"pmtu":	1500,
					"omitted":	false,
					"sender":	true
				}],
			"sum":	{
				"start":	9.000094,
				"end":	10.00013,
				"seconds":	1.0000360012054443,
				"bytes":	3801088,
				"bits_per_second":	30407609.2894109,
				"retransmits":	0,
				"omitted":	false,
				"sender":	true
			}
		}],
	"end":	{
		"streams":	[{
				"sender":	{
					"socket":	5,
					"start":	0,
					"end":	10.00013,
					"seconds":	10.00013,
					"bytes":	43122688,
					"bits_per_second":	34497701.929874912,
					"retransmits":	0,
					"max_snd_cwnd":	648704,
					"max_snd_wnd":	1219968,
					"max_rtt":	138074,
					"min_rtt":	41813,
					"mean_rtt":	96013,
					"sender":	true
				},
				"receiver":	{
					"socket":	5,
					"start":	0,
					"end":	10.11832,
					"seconds":	10.00013,
					"bytes":	40108032,
					"bits_per_second":	31711218.463144079,
					"sender":	true
				}
			}],
		"sum_sent":	{
			"start":	0,
			"end":	10.00013,
			"seconds":	10.00013,
			"bytes":	43122688,
			"bits_per_second":	34497701.929874912,
			"retransmits":	0,
			"sender":	true
		},
		"sum_received":	{
			"start":	0,
			"end":	10.11832,
			"seconds":	10.11832,
			"bytes":	40108032,
			"bits_per_second":	31711218.463144079,
			"sender":	true
		},
		"cpu_utilization_percent":	{
			"host_total":	0.730963319467022,
			"host_user":	0.024698592398366186,
			"host_system":	0.706244896805791,
			"remote_total":	4.2867983140324144,
			"remote_user":	0.418783943301394,