{
	"start":	{
		"connected":	[{
				"socket":	5,
				"local_host":	"192.168.225.48",
				"local_port":	46294,
				"remote_host":	"192.168.26.3",
				"remote_port":	55002
			}],
		"version":	"iperf 3.12",
		"system_info":	"Linux rpi2 6.6.74+rpt-rpi-v8 #1 SMP PREEMPT Debian 1:6.6.74-1+rpt1 (2025-01-27) aarch64",
		"timestamp":	{
			"time":	"Fri, 23 May 2025 00:16:24 GMT",
			"timesecs":	1747959384
		},
		"connecting_to":	{
			"host":	"192.168.26.3",
			"port":	55002
		},
		"cookie":	"gizkyprzj3gavlkfeg7lvejp2i3bczn5dmxk",
		"tcp_mss_default":	1448,
		"target_bitrate":	0,
		"sock_bufsize":	0,
		"sndbuf_actual":	16384,
		"rcvbuf_actual":	131072,
		"test_start":	{
			"protocol":	"TCP",
			"num_streams":	1,
			"blksize":	131072,
			"omit":	0,
			"duration":	10,
			"bytes":	0,
			"blocks":	0,
			"reverse":	0,
			"tos":	0,
			"target_bitrate":	0
		}
	},
	"intervals":	[{
			"streams":	[{
					"socket":	5,
					"start":	0,
					"end":	1.000217,
					"seconds":	1.0002169609069824,
					"bytes":	632776,
					"bits_per_second":	5061109.93699773,
					"retransmits":	26,
					"snd_cwnd":	15928,
					"snd_wnd":	603264,
					"rtt":	36968,
					"rttvar":	1331,
					"pmtu":	1500,
					"omitted":	false,
					"sender":	true
				}],
			"sum":	{
				"start":	0,
				"end":	1.000217,
				"seconds":	1.0002169609069824,
				"bytes":	632776,
				"bits_per_second":	5061109.93699773,
				"retransmits":	26,
				"omitted":	false,
				"sender":	true
			}
		}, {
			"streams":	[{
					"socket":	5,
					"start":	1.000217,
					"end":	2.000384,
					"seconds":	1.0001670122146606,
					"bytes":	390960,
					"bits_per_second":	3127157.72646251,
					"retransmits":	8,
					"snd_cwnd":	21720,
					"snd_wnd":	736384,
					"rtt":	44160,
					"rttvar":	8036,
					"pmtu":	1500,
					"omitted":	false,
					"sender":	true
				}],
			"sum":	{
				"start":	1.000217,
				"end":	2.000384,
				"seconds":	1.0001670122146606,
				"bytes":	390960,
				"bits_per_second":	3127157.72646251,
				"retransmits":	8,
				"omitted":	false,
				"sender":	true
			}
		}, {
			"streams":	[{
					"socket":	5,
					"start":	2.000384,
					"end":	3.000086,
					"seconds":	0.999701976776123,
					"bytes":	521280,
					"bits_per_second":	4171483.1988712763,
					"retransmits":	6,
					"snd_cwnd":	13032,
					"snd_wnd":	736384,
					"rtt":	41881,
					"rttvar":	4508,
					"pmtu":	1500,
					"omitted":	false,
					"sender":	true
				}],
			"sum":	{
				"start":	2.000384,
				"end":	3.000086,
				"seconds":	0.999701976776123,
				"bytes":	521280,
				"bits_per_second":	4171483.1988712763,
				"retransmits":	6,
				"omitted":	false,
				"sender":	true
			}
		}, {
			"streams":	[{
					"socket":	5,
					"start":	3.000086,
					"end":	4.000469,
					"seconds":	1.0003830194473267,
					"bytes":	260640,
					"bits_per_second":	2084321.6642681011,
					"retransmits":	6,
					"snd_cwnd":	7240,
					"snd_wnd":	734848,
					"rtt":	47142,
					"rttvar":	14082,
					"pmtu":	1500,
					"omitted":	false,
					"sender":	true
				}],
			"sum":	{
				"start":	3.000086,
				"end":	4.000469,
				"seconds":	1.0003830194473267,
				"bytes":	260640,
				"bits_per_second":	2084321.6642681011,
				"retransmits":	6,
				"omitted":	false,
				"sender":	true
			}
		}, {
			"streams":	[{
					"socket":	5,
					"start":	4.000469,
					"end":	5.000284,
					"seconds":	0.99981498718261719,
					"bytes":	260640,
					"bits_per_second":	2085505.8453121094,
					"retransmits":	5,
					"snd_cwnd":	11584,
					"snd_wnd":	736384,
					"rtt":	47520,
					"rttvar":	11401,
					"pmtu":	1500,
					"omitted":	false,
					"sender":	true
				}],
			"sum":	{
				"start":	4.000469,
				"end":	5.000284,
				"seconds":	0.99981498718261719,
				"bytes":	260640,
				"bits_per_second":	2085505.8453121094,
				"retransmits":	5,
				"omitted":	false,
				"sender":	true
			}
		}, {
			"streams":	[{
					"socket":	5,
					"start":	5.000284,
					"end":	6.000238,
					"seconds":	0.9999539852142334,
					"bytes":	260640,
					"bits_per_second":	2085215.9507652516,
					"retransmits":	4,
					"snd_cwnd":	15928,
					"snd_wnd":	736384,
					"rtt":	40624,
					"rttvar":	1068,
					"pmtu":	1500,
					"omitted":	false,
					"sender":	true
				}],
			"sum":	{
				"start":	5.000284,
				"end":	6.000238,
				"seconds":	0.9999539852142334,
				"bytes":	260640,
				"bits_per_second":	2085215.9507652516,
				"retransmits":	4,
				"omitted":	false,
				"sender":	true
			}
		}, {
			"streams":	[{
					"socket":	5,
					"start":	6.000238,
					"end":	7.000244,
					"seconds":	1.0000059604644775,
					"bytes":	260640,
					"bits_per_second":	2085107.5717903865,
					"retransmits":	7,
					"snd_cwnd":	11584,
					"snd_wnd":	736384,
					"rtt":	40738,
					"rttvar":	1620,
					"pmtu":	1500,
					"omitted":	false,
					"sender":	true
				}],
			"sum":	{
				"start":	6.000238,
				"end":	7.000244,
				"seconds":	1.0000059604644775,
				"bytes":	260640,
				"bits_per_second":	2085107.5717903865,
				"retransmits":	7,
				"omitted":	false,
				"sender":	true
			}
		}, {
			"streams":	[{
					"socket":	5,
					"start":	7.000244,
					"end":	8.000322,
					"seconds":	1.0000779628753662,
					"bytes":	390960,
					"bits_per_second":	3127436.176083188,
					"retransmits":	4,
					"snd_cwnd":	18824,
					"snd_wnd":	736384,
					"rtt":	41952,
					"rttvar":	2996,
					"pmtu":	1500,
					"omitted":	false,
					"sender":	true
				}],
			"sum":	{
				"start":	7.000244,
				"end":	8.000322,
				"seconds":	1.0000779628753662,
				"bytes":	390960,
				"bits_per_second":	3127436.176083188,
				"retransmits":	4,
				"omitted":	false,
				"sender":	true
			}
		}, {
			"streams":	[{
					"socket":	5,
					"start":	8.000322,
					"end":	9.000286,
					"seconds":	0.99996399879455566,
					"bytes":	456120,
					"bits_per_second":	3649091.3716881573,
					"retransmits":	2,
					"snd_cwnd":	17376,
					"snd_wnd":	736384,
					"rtt":	41311,
					"rttvar":	1483,
					"pmtu":	1500,
					"omitted":	false,
					"sender":	true
				}],
			"sum":	{
				"start":	8.000322,
				"end":	9.000286,
				"seconds":	0.99996399879455566,
				"bytes":	456120,
				"bits_per_second":	3649091.3716881573,
				"retransmits":	2,
				"omitted":	false,
				"sender":	true
			}
		}, {
			"streams":	[{
					"socket":	5,
					"start":	9.000286,
					"end":	10.000304,
					"seconds":	1.0000180006027222,
					"bytes":	390960,
					"bits_per_second":	3127623.7008882957,
					"retransmits":	8,
					"snd_cwnd":	17376,
					"snd_wnd":	736384,
					"rtt":	47269,
					"rttvar":	16321,
					"pmtu":	1500,
					"omitted":	false,
					"sender":	true
				}],
			"sum":	{
				"start":	9.000286,
				"end":	10.000304,
				"seconds":	1.0000180006027222,
				"bytes":	390960,
				"bits_per_second":	3127623.7008882957,
				"retransmits":	8,
				"omitted":	false,
				"sender":	true
			}
		}],
	"end":	{
		"streams":	[{
				"sender":	{
					"socket":	5,
					"start":	0,
					"end":	10.000304,
					"seconds":	10.000304,
					"bytes":	3825616,
					"bits_per_second":	3060399.7638471792,
					"retransmits":	76,
					"max_snd_cwnd":	21720,
					"max_snd_wnd":	736384,
					"max_rtt":	47520,
					"min_rtt":	36968,
					"mean_rtt":	42956,
					"sender":	true
				},
				"receiver":	{
					"socket":	5,
					"start":	0,
					"end":	10.034516,
					"seconds":	10.000304,
					"bytes":	3564976,
					"bits_per_second":	2842170.7633930724,
					"sender":	true
				}
			}],
		"sum_sent":	{
			"start":	0,
			"end":	10.000304,
			"seconds":	10.000304,
			"bytes":	3825616,
			"bits_per_second":	3060399.7638471792,
			"retransmits":	76,
			"sender":	true
		},
		"sum_received":	{
			"start":	0,
			"end":	10.034516,
			"seconds":	10.034516,
			"bytes":	3564976,
			"bits_per_second":	2842170.7633930724,
			"sender":	true
		},
		"cpu_utilization_percent":	{
			"host_total":	0.8263498113154808,
			"host_user":	0.13375528746757245,
			"host_system":	0.69259452384790832,
			"remote_total":	0.064007878049496,
			"remote_user":	0,
			"remote_system":	0.064004692785597062
		},