{
	"start":	{
		"connected":	[{
				"socket":	5,
				"local_host":	"192.168.225.48",
				"local_port":	56012,
				"remote_host":	"192.168.26.3",
				"remote_port":	55002
			}],
		"version":	"iperf 3.12",
		"system_info":	"Linux rpi2 6.6.74+rpt-rpi-v8 #1 SMP PREEMPT Debian 1:6.6.74-1+rpt1 (2025-01-27) aarch64",
		"timestamp":	{
			"time":	"Fri, 23 May 2025 00:10:43 GMT",
			"timesecs":	1747959043
		},
		"connecting_to":	{
			"host":	"192.168.26.3",
			"port":	55002
		},
		"cookie":	"dmlr2e7kfaaw64uclzjmkywhgg5oquzk57lb",
		"tcp_mss_default":	1448,
		"target_bitrate":	0,
		"sock_bufsize":	0,
		"sndbuf_actual":	16384,
		"rcvbuf_actual":	131072,
		"test_start":	{
			"protocol":	"TCP",
			"num_streams":	1,
			"blksize":	131072,
			"omit":	0,
			"duration":	10,
			"bytes":	0,
			"blocks":	0,
			"reverse":	0,
			"tos":	0,
			"target_bitrate":	0
		}
	},
	"intervals":	[{
			"streams":	[{
					"socket":	5,
					"start":	0,
					"end":	1.000104,
					"seconds":	1.0001039505004883,
					"bytes":	1049800,
					"bits_per_second":	8397527.07285791,
					"retransmits":	4,
					"snd_cwnd":	57920,
					"snd_wnd":	348544,
					"rtt":	84611,
					"rttvar":	4724,
					"pmtu":	1500,
					"omitted":	false,
					"sender":	true
				}],
			"sum":	{
				"start":	0,
				"end":	1.000104,
				"seconds":	1.0001039505004883,
				"bytes":	1049800,
				"bits_per_second":	8397527.07285791,
				"retransmits":	4,
				"omitted":	false,
				"sender":	true
			}
		}, {
			"streams":	[{
					"socket":	5,
					"start":	1.000104,
					"end":	2.000103,
					"seconds":	0.99999898672103882,
					"bytes":	781920,
					"bits_per_second":	6255366.338431105,
					"retransmits":	0,
					"snd_cwnd":	75296,
					"snd_wnd":	848768,
					"rtt":	99434,
					"rttvar":	1384,
					"pmtu":	1500,
					"omitted":	false,
					"sender":	true
				}],
			"sum":	{
				"start":	1.000104,
				"end":	2.000103,
				"seconds":	0.99999898672103882,
				"bytes":	781920,
				"bits_per_second":	6255366.338431105,
				"retransmits":	0,
				"omitted":	false,
				"sender":	true
			}
		}, {
			"streams":	[{
					"socket":	5,
					"start":	2.000103,
					"end":	3.000176,
					"seconds":	1.0000729560852051,
					"bytes":	651600,
					"bits_per_second":	5212419.7222626181,
					"retransmits":	4,
					"snd_cwnd":	60816,
					"snd_wnd":	850176,
					"rtt":	78982,
					"rttvar":	1121,
					"pmtu":	1500,
					"omitted":	false,
					"sender":	true
				}],
			"sum":	{
				"start":	2.000103,
				"end":	3.000176,
				"seconds":	1.0000729560852051,
				"bytes":	651600,
				"bits_per_second":	5212419.7222626181,
				"retransmits":	4,
				"omitted":	false,
				"sender":	true
			}
		}, {
			"streams":	[{
					"socket":	5,
					"start":	3.000176,
					"end":	4.000114,
					"seconds":	0.99993801116943359,
					"bytes":	781920,
					"bits_per_second":	6255747.7864896031,
					"retransmits":	0,
					"snd_cwnd":	68056,
					"snd_wnd":	850176,
					"rtt":	91607,
					"rttvar":	2223,
					"pmtu":	1500,
					"omitted":	false,
					"sender":	true
				}],
			"sum":	{
				"start":	3.000176,
				"end":	4.000114,
				"seconds":	0.99993801116943359,
				"bytes":	781920,
				"bits_per_second":	6255747.7864896031,
				"retransmits":	0,
				"omitted":	false,
				"sender":	true
			}
		}, {
			"streams":	[{
					"socket":	5,
					"start":	4.000114,
					"end":	5.000299,
					"seconds":	1.0001850128173828,
					"bytes":	586440,
					"bits_per_second":	4690652.1692268085,
					"retransmits":	1,
					"snd_cwnd":	75296,
					"snd_wnd":	848768,
					"rtt":	104012,
					"rttvar":	2357,
					"pmtu":	1500,
					"omitted":	false,
					"sender":	true
				}],
			"sum":	{
				"start":	4.000114,
				"end":	5.000299,
				"seconds":	1.0001850128173828,
				"bytes":	586440,
				"bits_per_second":	4690652.1692268085,
				"retransmits":	1,
				"omitted":	false,
				"sender":	true
			}
		}, {
			"streams":	[{
					"socket":	5,
					"start":	5.000299,
					"end":	6.000144,
					"seconds":	0.999845027923584,
					"bytes":	847080,
					"bits_per_second":	6777690.35274727,
					"retransmits":	0,
					"snd_cwnd":	68056,
					"snd_wnd":	850176,
					"rtt":	93862,
					"rttvar":	2081,
					"pmtu":	1500,
					"omitted":	false,
					"sender":	true
				}],
			"sum":	{
				"start":	5.000299,
				"end":	6.000144,
				"seconds":	0.999845027923584,
				"bytes":	847080,
				"bits_per_second":	6777690.35274727,
				"retransmits":	0,
				"omitted":	false,
				"sender":	true
			}
		}, {
			"streams":	[{
					"socket":	5,
					"start":	6.000144,
					"end":	7.000308,
					"seconds":	1.0001640319824219,
					"bytes":	586440,
					"bits_per_second":	4690750.5668854676,
					"retransmits":	1,
					"snd_cwnd":	68056,
					"snd_wnd":	848768,
					"rtt":	106802,
					"rttvar":	1700,
					"pmtu":	1500,
					"omitted":	false,
					"sender":	true
				}],
			"sum":	{
				"start":	6.000144,
				"end":	7.000308,
				"seconds":	1.0001640319824219,
				"bytes":	586440,
				"bits_per_second":	4690750.5668854676,
				"retransmits":	1,
				"omitted":	false,
				"sender":	true
			}
		}, {
			"streams":	[{
					"socket":	5,
					"start":	7.000308,
					"end":	8.000193,
					"seconds":	0.99988502264022827,
					"bytes":	781920,
					"bits_per_second":	6256079.3074812964,
					"retransmits":	0,
					"snd_cwnd":	60816,
					"snd_wnd":	850176,
					"rtt":	81962,
					"rttvar":	1543,
					"pmtu":	1500,
					"omitted":	false,
					"sender":	true
				}],
			"sum":	{
				"start":	7.000308,
				"end":	8.000193,
				"seconds":	0.99988502264022827,
				"bytes":	781920,
				"bits_per_second":	6256079.3074812964,
				"retransmits":	0,
				"omitted":	false,
				"sender":	true
			}
		}, {
			"streams":	[{
					"socket":	5,
					"start":	8.000193,
					"end":	9.000103,
					"seconds":	0.999909996986389,
					"bytes":	781920,
					"bits_per_second":	6255923.05192759,
					"retransmits":	0,
					"snd_cwnd":	68056,
					"snd_wnd":	850176,
					"rtt":	102167,
					"rttvar":	3306,
					"pmtu":	1500,
					"omitted":	false,
					"sender":	true
				}],
			"sum":	{
				"start":	8.000193,
				"end":	9.000103,
				"seconds":	0.999909996986389,
				"bytes":	781920,
				"bits_per_second":	6255923.05192759,
				"retransmits":	0,
				"omitted":	false,
				"sender":	true
			}
		}, {
			"streams":	[{
					"socket":	5,
					"start":	9.000103,
					"end":	10.000276,
					"seconds":	1.0001729726791382,
					"bytes":	586440,
					"bits_per_second":	4690708.63556025,
					"retransmits":	1,
					"snd_cwnd":	56472,
					"snd_wnd":	850176,
					"rtt":	75747,
					"rttvar":	2589,
					"pmtu":	1500,
					"omitted":	false,
					"sender":	true
				}],
			"sum":	{
				"start":	9.000103,
				"end":	10.000276,
				"seconds":	1.0001729726791382,
				"bytes":	586440,
				"bits_per_second":	4690708.63556025,
				"retransmits":	1,
				"omitted":	false,
				"sender":	true
			}
		}],
	"end":	{
		"streams":	[{
				"sender":	{
					"socket":	5,
					"start":	0,
					"end":	10.000276,
					"seconds":	10.000276,
					"bytes":	7435480,
					"bits_per_second":	5948219.8291327162,
					"retransmits":	11,
					"max_snd_cwnd":	75296,
					"max_snd_wnd":	850176,
					"max_rtt":	106802,
					"min_rtt":	75747,
					"mean_rtt":	91918,
					"sender":	true
				},
				"receiver":	{
					"socket":	5,
					"start":	0,
					"end":	10.082008,
					"seconds":	10.000276,
					"bytes":	7114024,
					"bits_per_second":	5644926.2884933241,
					"sender":	true
				}
			}],
		"sum_sent":	{
			"start":	0,
			"end":	10.000276,
			"seconds":	10.000276,
			"bytes":	7435480,
			"bits_per_second":	5948219.8291327162,
			"retransmits":	11,
			"sender":	true
		},
		"sum_received":	{
			"start":	0,
			"end":	10.082008,
			"seconds":	10.082008,
			"bytes":	7114024,
			"bits_per_second":	5644926.2884933241,
			"sender":	true
		},
		"cpu_utilization_percent":	{
			"host_total":	0.88731588252139271,
			"host_user":	0.12551268104080068,
			"host_system":	0.76181306262775117,
			"remote_total":	0.27555499919184279,
			"remote_user":	0,
			"remote_system":	0.27545393743023788
		},