{
	"start":	{
		"connected":	[{
				"socket":	5,
				"local_host":	"129.93.240.12",
				"local_port":	39243,
				"remote_host":	"10.53.1.3",
				"remote_port":	55001
			}],
		"version":	"iperf 3.12",
		"system_info":	"Linux rpi2 6.6.74+rpt-rpi-v8 #1 SMP PREEMPT Debian 1:6.6.74-1+rpt1 (2025-01-27) aarch64",
		"timestamp":	{
			"time":	"Thu, 22 May 2025 00:59:48 GMT",
			"timesecs":	1747875588
		},
		"connecting_to":	{
			"host":	"10.53.1.3",
			"port":	55001
		},
		"cookie":	"vgcv4v3idommsp6eay6vg6sepjjbvzeni6nq",
		"target_bitrate":	200000000,
		"sock_bufsize":	0,
		"sndbuf_actual":	212992,
		"rcvbuf_actual":	212992,
		"test_start":	{
			"protocol":	"UDP",
			"num_streams":	1,
			"blksize":	1448,
			"omit":	0,
			"duration":	10,
			"bytes":	0,
			"blocks":	0,
			"reverse":	0,
			"tos":	0,
			"target_bitrate":	200000000
		}
	},
	"intervals":	[{
			"streams":	[{
					"socket":	5,
					"start":	0,
					"end":	1.000104,
					"seconds":	1.0001039505004883,
					"bytes":	2284944,
					"bits_per_second":	18277652.028923843,
					"packets":	1578,
					"omitted":	false,
					"sender":	true
				}],
			"sum":	{
				"start":	0,
				"end":	1.000104,
				"seconds":	1.0001039505004883,
				"bytes":	2284944,
				"bits_per_second":	18277652.028923843,
				"packets":	1578,
				"omitted":	false,
				"sender":	true
			}
		}, {
			"streams":	[{
					"socket":	5,
					"start":	1.000104,
					"end":	2.000105,
					"seconds":	1.0000009536743164,
					"bytes":	1950456,
					"bits_per_second":	15603633.119215852,
					"packets":	1347,
					"omitted":	false,
					"sender":	true
				}],
			"sum":	{
				"start":	1.000104,
				"end":	2.000105,
				"seconds":	1.0000009536743164,
				"bytes":	1950456,
				"bits_per_second":	15603633.119215852,
				"packets":	1347,
				"omitted":	false,
				"sender":	true
			}
		}, {
			"streams":	[{
					"socket":	5,
					"start":	2.000105,
					"end":	3.000109,
					"seconds":	1.0000040531158447,
					"bytes":	1954800,
					"bits_per_second":	15638336.616010077,
					"packets":	1350,
					"omitted":	false,
					"sender":	true
				}],
			"sum":	{
				"start":	2.000105,
				"end":	3.000109,
				"seconds":	1.0000040531158447,
				"bytes":	1954800,
				"bits_per_second":	15638336.616010077,
				"packets":	1350,
				"omitted":	false,
				"sender":	true
			}
		}, {
			"streams":	[{
					"socket":	5,
					"start":	3.000109,
					"end":	4.000104,
					"seconds":	0.999994993209839,
					"bytes":	1924392,
					"bits_per_second":	15395213.080601381,
					"packets":	1329,
					"omitted":	false,
					"sender":	true
				}],
			"sum":	{
				"start":	3.000109,
				"end":	4.000104,
				"seconds":	0.999994993209839,
				"bytes":	1924392,
				"bits_per_second":	15395213.080601381,
				"packets":	1329,
				"omitted":	false,
				"sender":	true
			}
		}, {
			"streams":	[{
					"socket":	5,
					"start":	4.000104,
					"end":	5.000107,
					"seconds":	1.0000029802322388,
					"bytes":	1970728,
					"bits_per_second":	15765777.014323073,
					"packets":	1361,
					"omitted":	false,
					"sender":	true
				}],
			"sum":	{
				"start":	4.000104,
				"end":	5.000107,
				"seconds":	1.0000029802322388,
				"bytes":	1970728,
				"bits_per_second":	15765777.014323073,
				"packets":	1361,
				"omitted":	false,
				"sender":	true
			}
		}, {
			"streams":	[{
					"socket":	5,
					"start":	5.000107,
					"end":	6.000104,
					"seconds":	0.99999701976776123,
					"bytes":	1630448,
					"bits_per_second":	13043622.873025397,
					"packets":	1126,
					"omitted":	false,
					"sender":	true
				}],
			"sum":	{
				"start":	5.000107,
				"end":	6.000104,
				"seconds":	0.99999701976776123,
				"bytes":	1630448,
				"bits_per_second":	13043622.873025397,
				"packets":	1126,
				"omitted":	false,
				"sender":	true
			}
		}, {
			"streams":	[{
					"socket":	5,
					"start":	6.000104,
					"end":	7.000108,
					"seconds":	1.0000040531158447,
					"bytes":	1918600,
					"bits_per_second":	15348737.789787667,
					"packets":	1325,
					"omitted":	false,
					"sender":	true
				}],
			"sum":	{
				"start":	6.000104,
				"end":	7.000108,
				"seconds":	1.0000040531158447,
				"bytes":	1918600,
				"bits_per_second":	15348737.789787667,
				"packets":	1325,
				"omitted":	false,
				"sender":	true
			}
		}, {
			"streams":	[{
					"socket":	5,
					"start":	7.000108,
					"end":	8.000107,
					"seconds":	0.99999898672103882,
					"bytes":	1374152,
					"bits_per_second":	10993227.139205776,
					"packets":	949,
					"omitted":	false,
					"sender":	true
				}],
			"sum":	{
				"start":	7.000108,
				"end":	8.000107,
				"seconds":	0.99999898672103882,
				"bytes":	1374152,
				"bits_per_second":	10993227.139205776,
				"packets":	949,
				"omitted":	false,
				"sender":	true
			}
		}, {
			"streams":	[{
					"socket":	5,
					"start":	8.000107,
					"end":	9.000104,
					"seconds":	0.99999701976776123,
					"bytes":	1666648,
					"bits_per_second":	13333223.736103225,
					"packets":	1151,
					"omitted":	false,
					"sender":	true
				}],
			"sum":	{
				"start":	8.000107,
				"end":	9.000104,
				"seconds":	0.99999701976776123,
				"bytes":	1666648,
				"bits_per_second":	13333223.736103225,
				"packets":	1151,
				"omitted":	false,
				"sender":	true
			}
		}, {
			"streams":	[{
					"socket":	5,
					"start":	9.000104,
					"end":	10.000122,
					"seconds":	1.0000180006027222,
					"bytes":	1714432,
					"bits_per_second":	13715209.117969416,
					"packets":	1184,
					"omitted":	false,
					"sender":	true
				}],
			"sum":	{
				"start":	9.000104,
				"end":	10.000122,
				"seconds":	1.0000180006027222,
				"bytes":	1714432,
				"bits_per_second":	13715209.117969416,
				"packets":	1184,
				"omitted":	false,
				"sender":	true
			}
		}],
	"end":	{
		"streams":	[{
				"udp":	{
					"socket":	5,
					"start":	0,
					"end":	10.000122,
					"seconds":	10.000122,
					"bytes":	18389600,
					"bits_per_second":	14711500.519693661,
					"jitter_ms":	0.25296911411526452,
					"lost_packets":	0,
					"packets":	12700,
					"lost_percent":	0,
					"out_of_order":	0,
					"sender":	true
				}
			}],
		"sum":	{
			"start":	0,
			"end":	10.292186,
			"seconds":	10.292186,
			"bytes":	18389600,
			"bits_per_second":	14711500.519693661,
			"jitter_ms":	0.25296911411526452,
			"lost_packets":	0,
			"packets":	12700,
			"lost_percent":	0,
			"sender":	true
		},
		"sum_sent":	{
			"start":	0,
			"end":	10.000122,
			"seconds":	10.000122,
			"bytes":	18389600,
			"bits_per_second":	14711500.519693661,
			"jitter_ms":	0,
			"lost_packets":	0,
			"packets":	12700,
			"lost_percent":	0,
			"sender":	true
		},
		"sum_received":	{
			"start":	0,
			"end":	10.292186,
			"seconds":	10.292186,
			"bytes":	18389600,
			"bits_per_second":	14294028.498901984,
			"jitter_ms":	0.25296911411526452,
			"lost_packets":	0,
			"packets":	12700,
			"lost_percent":	0,
			"sender":	false
		},
		"cpu_utilization_percent":	{
			"host_total":	7.13822880965674,
			"host_user":	0.658810820675255,
			"host_system":	6.4793881699917,
			"remote_total":	0.74419470513541375,
			"remote_user":	0.22752183474105,
			"remote_system":	0.51666315429773568
		}
	}
}
