{
	"start":	{
		"connected":	[{
				"socket":	5,
				"local_host":	"129.93.240.12",
				"local_port":	42461,
				"remote_host":	"10.53.1.3",
				"remote_port":	55002
			}],
		"version":	"iperf 3.12",
		"system_info":	"Linux rpi2 6.6.74+rpt-rpi-v8 #1 SMP PREEMPT Debian 1:6.6.74-1+rpt1 (2025-01-27) aarch64",
		"timestamp":	{
			"time":	"Thu, 22 May 2025 00:35:01 GMT",
			"timesecs":	1747874101
		},
		"connecting_to":	{
			"host":	"10.53.1.3",
			"port":	55002
		},
		"cookie":	"4gsb7zmjr7kkslri6iq74iyvdwgehlmfw6wx",
		"target_bitrate":	200000000,
		"sock_bufsize":	0,
		"sndbuf_actual":	212992,
		"rcvbuf_actual":	212992,
		"test_start":	{
			"protocol":	"UDP",
			"num_streams":	1,
			"blksize":	1448,
			"omit":	0,
			"duration":	10,
			"bytes":	0,
			"blocks":	0,
			"reverse":	0,
			"tos":	0,
			"target_bitrate":	200000000
		}
	},
	"intervals":	[{
			"streams":	[{
					"socket":	5,
					"start":	0,
					"end":	1.000007,
					"seconds":	1.0000070333480835,
					"bytes":	8659040,
					"bits_per_second":	69271832.7870876,
					"packets":	5980,
					"omitted":	false,
					"sender":	true
				}],
			"sum":	{
				"start":	0,
				"end":	1.000007,
				"seconds":	1.0000070333480835,
				"bytes":	8659040,
				"bits_per_second":	69271832.7870876,
				"packets":	5980,
				"omitted":	false,
				"sender":	true
			}
		}, {
			"streams":	[{
					"socket":	5,
					"start":	1.000007,
					"end":	2.000071,
					"seconds":	1.0000640153884888,
					"bytes":	8305728,
					"bits_per_second":	66441570.717038743,
					"packets":	5736,
					"omitted":	false,
					"sender":	true
				}],
			"sum":	{
				"start":	1.000007,
				"end":	2.000071,
				"seconds":	1.0000640153884888,
				"bytes":	8305728,
				"bits_per_second":	66441570.717038743,
				"packets":	5736,
				"omitted":	false,
				"sender":	true
			}
		}, {
			"streams":	[{
					"socket":	5,
					"start":	2.000071,
					"end":	3.00007,
					"seconds":	0.99999898672103882,
					"bytes":	9226656,
					"bits_per_second":	73813322.793487042,
					"packets":	6372,
					"omitted":	false,
					"sender":	true
				}],
			"sum":	{
				"start":	2.000071,
				"end":	3.00007,
				"seconds":	0.99999898672103882,
				"bytes":	9226656,
				"bits_per_second":	73813322.793487042,
				"packets":	6372,
				"omitted":	false,
				"sender":	true
			}
		}, {
			"streams":	[{
					"socket":	5,
					"start":	3.00007,
					"end":	4.000023,
					"seconds":	0.99995297193527222,
					"bytes":	9097784,
					"bits_per_second":	72785694.970374331,
					"packets":	6283,
					"omitted":	false,
					"sender":	true
				}],
			"sum":	{
				"start":	3.00007,
				"end":	4.000023,
				"seconds":	0.99995297193527222,
				"bytes":	9097784,
				"bits_per_second":	72785694.970374331,
				"packets":	6283,
				"omitted":	false,
				"sender":	true
			}
		}, {
			"streams":	[{
					"socket":	5,
					"start":	4.000023,
					"end":	5.00007,
					"seconds":	1.000046968460083,
					"bytes":	9545216,
					"bits_per_second":	76358141.5756754,
					"packets":	6592,
					"omitted":	false,
					"sender":	true
				}],
			"sum":	{
				"start":	4.000023,
				"end":	5.00007,
				"seconds":	1.000046968460083,
				"bytes":	9545216,
				"bits_per_second":	76358141.5756754,
				"packets":	6592,
				"omitted":	false,
				"sender":	true
			}
		}, {
			"streams":	[{
					"socket":	5,
					"start":	5.00007,
					"end":	6.000073,
					"seconds":	1.0000029802322388,
					"bytes":	9294712,
					"bits_per_second":	74357474.3974576,
					"packets":	6419,
					"omitted":	false,
					"sender":	true
				}],
			"sum":	{
				"start":	5.00007,
				"end":	6.000073,
				"seconds":	1.0000029802322388,
				"bytes":	9294712,
				"bits_per_second":	74357474.3974576,
				"packets":	6419,
				"omitted":	false,
				"sender":	true
			}
		}, {
			"streams":	[{
					"socket":	5,
					"start":	6.000073,
					"end":	7.000011,
					"seconds":	0.99993801116943359,
					"bytes":	9023936,
					"bits_per_second":	72195963.343339264,
					"packets":	6232,
					"omitted":	false,
					"sender":	true
				}],
			"sum":	{
				"start":	6.000073,
				"end":	7.000011,
				"seconds":	0.99993801116943359,
				"bytes":	9023936,
				"bits_per_second":	72195963.343339264,
				"packets":	6232,
				"omitted":	false,
				"sender":	true
			}
		}, {
			"streams":	[{
					"socket":	5,
					"start":	7.000011,
					"end":	8.000072,
					"seconds":	1.00006103515625,
					"bytes":	9342496,
					"bits_per_second":	74735406.5127861,
					"packets":	6452,
					"omitted":	false,
					"sender":	true
				}],
			"sum":	{
				"start":	7.000011,
				"end":	8.000072,
				"seconds":	1.00006103515625,
				"bytes":	9342496,
				"bits_per_second":	74735406.5127861,
				"packets":	6452,
				"omitted":	false,
				"sender":	true
			}
		}, {
			"streams":	[{
					"socket":	5,
					"start":	8.000072,
					"end":	9.000073,
					"seconds":	1.0000009536743164,
					"bytes":	10111384,
					"bits_per_second":	80890994.856335774,
					"packets":	6983,
					"omitted":	false,
					"sender":	true
				}],
			"sum":	{
				"start":	8.000072,
				"end":	9.000073,
				"seconds":	1.0000009536743164,
				"bytes":	10111384,
				"bits_per_second":	80890994.856335774,
				"packets":	6983,
				"omitted":	false,
				"sender":	true
			}
		}, {
			"streams":	[{
					"socket":	5,
					"start":	9.000073,
					"end":	10.00009,
					"seconds":	1.0000170469284058,
					"bytes":	10571848,
					"bits_per_second":	84573342.284289047,
					"packets":	7301,
					"omitted":	false,
					"sender":	true
				}],
			"sum":	{
				"start":	9.000073,
				"end":	10.00009,
				"seconds":	1.0000170469284058,
				"bytes":	10571848,
				"bits_per_second":	84573342.284289047,
				"packets":	7301,
				"omitted":	false,
				"sender":	true
			}
		}],
	"end":	{
		"streams":	[{
				"udp":	{
					"socket":	5,
					"start":	0,
					"end":	10.00009,
					"seconds":	10.00009,
					"bytes":	93178800,
					"bits_per_second":	74542369.118677929,
					"jitter_ms":	0.22216233278632649,
					"lost_packets":	29,
					"packets":	64350,
					"lost_percent":	0.045066045066045064,
					"out_of_order":	0,
					"sender":	true
				}
			}],
		"sum":	{
			"start":	0,
			"end":	10.090444,
			"seconds":	10.090444,
			"bytes":	93178800,
			"bits_per_second":	74542369.118677929,
			"jitter_ms":	0.22216233278632649,
			"lost_packets":	29,
			"packets":	64350,
			"lost_percent":	0.045066045066045064,
			"sender":	true
		},
		"sum_sent":	{
			"start":	0,
			"end":	10.00009,
			"seconds":	10.00009,
			"bytes":	93178800,
			"bits_per_second":	74542369.118677929,
			"jitter_ms":	0,
			"lost_packets":	0,
			"packets":	64350,
			"lost_percent":	0,
			"sender":	true
		},
		"sum_received":	{
			"start":	0,
			"end":	10.090444,
			"seconds":	10.090444,
			"bytes":	93136808,
			"bits_per_second":	73841593.491822556,
			"jitter_ms":	0.22216233278632649,
			"lost_packets":	29,
			"packets":	64350,
			"lost_percent":	0.045066045066045064,
			"sender":	false
		},
		"cpu_utilization_percent":	{
			"host_total":	21.62287457789256,
			"host_user":	2.1340523676135978,
			"host_system":	19.488832150112156,
			"remote_total":	3.6402425500378874,
			"remote_user":	0.559964893551866,
			"remote_system":	3.0802677461291634
		}
	}
}
