{
	"start":	{
		"connected":	[{
				"socket":	5,
				"local_host":	"129.93.240.11",
				"local_port":	52322,
				"remote_host":	"10.53.1.2",
				"remote_port":	55001
			}],
		"version":	"iperf 3.12",
		"system_info":	"Linux rpi1 6.6.51+rpt-rpi-v8 #1 SMP PREEMPT Debian 1:6.6.51-1+rpt3 (2024-10-08) aarch64",
		"timestamp":	{
			"time":	"Fri, 16 May 2025 20:50:20 GMT",
			"timesecs":	1747428620
		},
		"connecting_to":	{
			"host":	"10.53.1.2",
			"port":	55001
		},
		"cookie":	"2tfhuojquhfsrxcq7ksuxkug334jxgpje3l5",
		"tcp_mss_default":	1448,
		"target_bitrate":	0,
		"sock_bufsize":	0,
		"sndbuf_actual":	16384,
		"rcvbuf_actual":	131072,
		"test_start":	{
			"protocol":	"TCP",
			"num_streams":	1,
			"blksize":	131072,
			"omit":	0,
			"duration":	20,
			"bytes":	0,
			"blocks":	0,
			"reverse":	0,
			"tos":	0,
			"target_bitrate":	0
		}
	},
	"intervals":	[{
			"streams":	[{
					"socket":	5,
					"start":	0,
					"end":	1.000098,
					"seconds":	1.0000979900360107,
					"bytes":	2809120,
					"bits_per_second":	22470758.089605611,
					"retransmits":	0,
					"snd_cwnd":	144800,
					"snd_wnd":	543488,
					"rtt":	47809,
					"rttvar":	1057,
					"pmtu":	1500,
					"omitted":	false,
					"sender":	true
				}],
			"sum":	{
				"start":	0,
				"end":	1.000098,
				"seconds":	1.0000979900360107,
				"bytes":	2809120,
				"bits_per_second":	22470758.089605611,
				"retransmits":	0,
				"omitted":	false,
				"sender":	true
			}
		}, {
			"streams":	[{
					"socket":	5,
					"start":	1.000098,
					"end":	2.00017,
					"seconds":	1.0000720024108887,
					"bytes":	3779280,
					"bits_per_second":	30232063.218562126,
					"retransmits":	0,
					"snd_cwnd":	306976,
					"snd_wnd":	694400,
					"rtt":	83131,
					"rttvar":	2749,
					"pmtu":	1500,
					"omitted":	false,
					"sender":	true
				}],
			"sum":	{
				"start":	1.000098,
				"end":	2.00017,
				"seconds":	1.0000720024108887,
				"bytes":	3779280,
				"bits_per_second":	30232063.218562126,
				"retransmits":	0,
				"omitted":	false,
				"sender":	true
			}
		}, {
			"streams":	[{
					"socket":	5,
					"start":	2.00017,
					"end":	3.00026,
					"seconds":	1.0000900030136108,
					"bytes":	3909600,
					"bits_per_second":	31273985.247080144,
					"retransmits":	0,
					"snd_cwnd":	470600,
					"snd_wnd":	971264,
					"rtt":	138867,
					"rttvar":	1756,
					"pmtu":	1500,
					"omitted":	false,
					"sender":	true
				}],
			"sum":	{
				"start":	2.00017,
				"end":	3.00026,
				"seconds":	1.0000900030136108,
				"bytes":	3909600,
				"bits_per_second":	31273985.247080144,
				"retransmits":	0,
				"omitted":	false,
				"sender":	true
			}
		}, {
			"streams":	[{
					"socket":	5,
					"start":	3.00026,
					"end":	4.000219,
					"seconds":	0.99995899200439453,
					"bytes":	4430880,
					"bits_per_second":	35448493.6716727,
					"retransmits":	0,
					"snd_cwnd":	621192,
					"snd_wnd":	1162368,
					"rtt":	114730,
					"rttvar":	16201,
					"pmtu":	1500,
					"omitted":	false,
					"sender":	true
				}],
			"sum":	{
				"start":	3.00026,
				"end":	4.000219,
				"seconds":	0.99995899200439453,
				"bytes":	4430880,
				"bits_per_second":	35448493.6716727,
				"retransmits":	0,
				"omitted":	false,
				"sender":	true
			}
		}, {
			"streams":	[{
					"socket":	5,
					"start":	4.000219,
					"end":	5.000108,
					"seconds":	0.99988901615142822,
					"bytes":	3683344,
					"bits_per_second":	29470022.696536358,
					"retransmits":	0,
					"snd_cwnd":	621192,
					"snd_wnd":	1162368,
					"rtt":	120524,
					"rttvar":	3433,
					"pmtu":	1500,
					"omitted":	false,
					"sender":	true
				}],
			"sum":	{
				"start":	4.000219,
				"end":	5.000108,
				"seconds":	0.99988901615142822,
				"bytes":	3683344,
				"bits_per_second":	29470022.696536358,
				"retransmits":	0,
				"omitted":	false,
				"sender":	true
			}
		}, {
			"streams":	[{
					"socket":	5,
					"start":	5.000108,
					"end":	6.000333,
					"seconds":	1.0002249479293823,
					"bytes":	2490368,
					"bits_per_second":	19918463.382905539,
					"retransmits":	0,
					"snd_cwnd":	621192,
					"snd_wnd":	1162368,
					"rtt":	134703,
					"rttvar":	5246,
					"pmtu":	1500,
					"omitted":	false,
					"sender":	true
				}],
			"sum":	{
				"start":	5.000108,
				"end":	6.000333,
				"seconds":	1.0002249479293823,
				"bytes":	2490368,
				"bits_per_second":	19918463.382905539,
				"retransmits":	0,
				"omitted":	false,
				"sender":	true
			}
		}, {
			"streams":	[{
					"socket":	5,
					"start":	6.000333,
					"end":	7.000224,
					"seconds":	0.99989098310470581,
					"bytes":	3795768,
					"bits_per_second":	30369454.783672292,
					"retransmits":	0,
					"snd_cwnd":	621192,
					"snd_wnd":	1162368,
					"rtt":	121908,
					"rttvar":	1112,
					"pmtu":	1500,
					"omitted":	false,
					"sender":	true
				}],
			"sum":	{
				"start":	6.000333,
				"end":	7.000224,
				"seconds":	0.99989098310470581,
				"bytes":	3795768,
				"bits_per_second":	30369454.783672292,
				"retransmits":	0,
				"omitted":	false,
				"sender":	true
			}
		}, {
			"streams":	[{
					"socket":	5,
					"start":	7.000224,
					"end":	8.000102,
					"seconds":	0.99987798929214478,
					"bytes":	3675336,
					"bits_per_second":	29406275.880535569,
					"retransmits":	0,
					"snd_cwnd":	621192,
					"snd_wnd":	1162368,
					"rtt":	112875,
					"rttvar":	4576,
					"pmtu":	1500,
					"omitted":	false,
					"sender":	true
				}],
			"sum":	{
				"start":	7.000224,
				"end":	8.000102,
				"seconds":	0.99987798929214478,
				"bytes":	3675336,
				"bits_per_second":	29406275.880535569,
				"retransmits":	0,
				"omitted":	false,
				"sender":	true
			}
		}, {
			"streams":	[{
					"socket":	5,
					"start":	8.000102,
					"end":	9.000334,
					"seconds":	1.0002319812774658,
					"bytes":	2490368,
					"bits_per_second":	19918323.321910806,
					"retransmits":	0,
					"snd_cwnd":	621192,
					"snd_wnd":	1162368,
					"rtt":	147625,
					"rttvar":	3355,
					"pmtu":	1500,
					"omitted":	false,
					"sender":	true
				}],
			"sum":	{
				"start":	8.000102,
				"end":	9.000334,
				"seconds":	1.0002319812774658,
				"bytes":	2490368,
				"bits_per_second":	19918323.321910806,
				"retransmits":	0,
				"omitted":	false,
				"sender":	true
			}
		}, {
			"streams":	[{
					"socket":	5,
					"start":	9.000334,
					"end":	10.00021,
					"seconds":	0.99987602233886719,
					"bytes":	3738616,
					"bits_per_second":	29912636.498711426,
					"retransmits":	0,
					"snd_cwnd":	621192,
					"snd_wnd":	1162368,
					"rtt":	144823,
					"rttvar":	13100,
					"pmtu":	1500,
					"omitted":	false,
					"sender":	true
				}],
			"sum":	{
				"start":	9.000334,
				"end":	10.00021,
				"seconds":	0.99987602233886719,
				"bytes":	3738616,
				"bits_per_second":	29912636.498711426,
				"retransmits":	0,
				"omitted":	false,
				"sender":	true
			}
		}, {
			"streams":	[{
					"socket":	5,
					"start":	10.00021,
					"end":	11.00044,
					"seconds":	1.0002299547195435,
					"bytes":	2541240,
					"bits_per_second":	20325246.113730267,
					"retransmits":	0,
					"snd_cwnd":	621192,
					"snd_wnd":	1162368,
					"rtt":	124659,
					"rttvar":	4875,
					"pmtu":	1500,
					"omitted":	false,
					"sender":	true
				}],
			"sum":	{
				"start":	10.00021,
				"end":	11.00044,
				"seconds":	1.0002299547195435,
				"bytes":	2541240,
				"bits_per_second":	20325246.113730267,
				"retransmits":	0,
				"omitted":	false,
				"sender":	true
			}
		}, {
			"streams":	[{
					"socket":	5,
					"start":	11.00044,
					"end":	12.000236,
					"seconds":	0.999795973300934,
					"bytes":	3681616,
					"bits_per_second":	29458938.409961779,
					"retransmits":	0,
					"snd_cwnd":	621192,
					"snd_wnd":	1162368,
					"rtt":	118411,
					"rttvar":	1661,
					"pmtu":	1500,
					"omitted":	false,
					"sender":	true
				}],
			"sum":	{
				"start":	11.00044,
				"end":	12.000236,
				"seconds":	0.999795973300934,
				"bytes":	3681616,
				"bits_per_second":	29458938.409961779,
				"retransmits":	0,