{
	"start":	{
		"connected":	[{
				"socket":	5,
				"local_host":	"129.93.240.12",
				"local_port":	45440,
				"remote_host":	"10.53.1.3",
				"remote_port":	55002
			}],
		"version":	"iperf 3.12",
		"system_info":	"Linux rpi2 6.6.74+rpt-rpi-v8 #1 SMP PREEMPT Debian 1:6.6.74-1+rpt1 (2025-01-27) aarch64",
		"timestamp":	{
			"time":	"Thu, 22 May 2025 23:00:24 GMT",
			"timesecs":	1747954824
		},
		"connecting_to":	{
			"host":	"10.53.1.3",
			"port":	55002
		},
		"cookie":	"dep7rhvgu2xn4kkzlynrq4valmtlgbtarclr",
		"tcp_mss_default":	1448,
		"target_bitrate":	0,
		"sock_bufsize":	0,
		"sndbuf_actual":	16384,
		"rcvbuf_actual":	131072,
		"test_start":	{
			"protocol":	"TCP",
			"num_streams":	1,
			"blksize":	131072,
			"omit":	0,
			"duration":	10,
			"bytes":	0,
			"blocks":	0,
			"reverse":	0,
			"tos":	0,
			"target_bitrate":	0
		}
	},
	"intervals":	[{
			"streams":	[{
					"socket":	5,
					"start":	0,
					"end":	1.000099,
					"seconds":	1.0000989437103271,
					"bytes":	1649272,
					"bits_per_second":	13192870.648428177,
					"retransmits":	0,
					"snd_cwnd":	104256,
					"snd_wnd":	1086976,
					"rtt":	59467,
					"rttvar":	2160,
					"pmtu":	1500,
					"omitted":	false,
					"sender":	true
				}],
			"sum":	{
				"start":	0,
				"end":	1.000099,
				"seconds":	1.0000989437103271,
				"bytes":	1649272,
				"bits_per_second":	13192870.648428177,
				"retransmits":	0,
				"omitted":	false,
				"sender":	true
			}
		}, {
			"streams":	[{
					"socket":	5,
					"start":	1.000099,
					"end":	2.000268,
					"seconds":	1.000169038772583,
					"bytes":	1238040,
					"bits_per_second":	9902646.0688631963,
					"retransmits":	0,
					"snd_cwnd":	163624,
					"snd_wnd":	1086976,
					"rtt":	131375,
					"rttvar":	5098,
					"pmtu":	1500,
					"omitted":	false,
					"sender":	true
				}],
			"sum":	{
				"start":	1.000099,
				"end":	2.000268,
				"seconds":	1.000169038772583,
				"bytes":	1238040,
				"bits_per_second":	9902646.0688631963,
				"retransmits":	0,
				"omitted":	false,
				"sender":	true
			}
		}, {
			"streams":	[{
					"socket":	5,
					"start":	2.000268,
					"end":	3.000192,
					"seconds":	0.99992400407791138,
					"bytes":	1694160,
					"bits_per_second":	13554310.07229222,
					"retransmits":	0,
					"snd_cwnd":	225888,
					"snd_wnd":	1086976,
					"rtt":	174746,
					"rttvar":	3896,
					"pmtu":	1500,
					"omitted":	false,
					"sender":	true
				}],
			"sum":	{
				"start":	2.000268,
				"end":	3.000192,
				"seconds":	0.99992400407791138,
				"bytes":	1694160,
				"bits_per_second":	13554310.07229222,
				"retransmits":	0,
				"omitted":	false,
				"sender":	true
			}
		}, {
			"streams":	[{
					"socket":	5,
					"start":	3.000192,
					"end":	4.00014,
					"seconds":	0.999948024749756,
					"bytes":	1694160,
					"bits_per_second":	13553984.471734723,
					"retransmits":	0,
					"snd_cwnd":	291048,
					"snd_wnd":	1086976,
					"rtt":	243557,
					"rttvar":	2956,
					"pmtu":	1500,
					"omitted":	false,
					"sender":	true
				}],
			"sum":	{
				"start":	3.000192,
				"end":	4.00014,
				"seconds":	0.999948024749756,
				"bytes":	1694160,
				"bits_per_second":	13553984.471734723,
				"retransmits":	0,
				"omitted":	false,
				"sender":	true
			}
		}, {
			"streams":	[{
					"socket":	5,
					"start":	4.00014,
					"end":	5.00035,
					"seconds":	1.0002100467681885,
					"bytes":	1368360,
					"bits_per_second":	10944581.126105284,
					"retransmits":	0,
					"snd_cwnd":	354760,
					"snd_wnd":	1086976,
					"rtt":	294169,
					"rttvar":	4071,
					"pmtu":	1500,
					"omitted":	false,
					"sender":	true
				}],
			"sum":	{
				"start":	4.00014,
				"end":	5.00035,
				"seconds":	1.0002100467681885,
				"bytes":	1368360,
				"bits_per_second":	10944581.126105284,
				"retransmits":	0,
				"omitted":	false,
				"sender":	true
			}
		}, {
			"streams":	[{
					"socket":	5,
					"start":	5.00035,
					"end":	6.000397,
					"seconds":	1.000046968460083,
					"bytes":	1629000,
					"bits_per_second":	13031387.935775911,
					"retransmits":	0,
					"snd_cwnd":	422816,
					"snd_wnd":	1111424,
					"rtt":	318441,
					"rttvar":	4099,
					"pmtu":	1500,
					"omitted":	false,
					"sender":	true
				}],
			"sum":	{
				"start":	5.00035,
				"end":	6.000397,
				"seconds":	1.000046968460083,
				"bytes":	1629000,
				"bits_per_second":	13031387.935775911,
				"retransmits":	0,
				"omitted":	false,
				"sender":	true
			}
		}, {
			"streams":	[{
					"socket":	5,
					"start":	6.000397,
					"end":	7.000248,
					"seconds":	0.99985098838806152,
					"bytes":	1889640,
					"bits_per_second":	15119372.962136587,
					"retransmits":	0,
					"snd_cwnd":	487976,
					"snd_wnd":	1111424,
					"rtt":	356916,
					"rttvar":	3096,
					"pmtu":	1500,
					"omitted":	false,
					"sender":	true
				}],
			"sum":	{
				"start":	6.000397,
				"end":	7.000248,
				"seconds":	0.99985098838806152,
				"bytes":	1889640,
				"bits_per_second":	15119372.962136587,
				"retransmits":	0,
				"omitted":	false,
				"sender":	true
			}
		}, {
			"streams":	[{
					"socket":	5,
					"start":	7.000248,
					"end":	8.000617,
					"seconds":	1.00036895275116,
					"bytes":	1107720,
					"bits_per_second":	8858491.63514009,
					"retransmits":	0,
					"snd_cwnd":	554584,
					"snd_wnd":	1194496,
					"rtt":	279840,
					"rttvar":	8783,
					"pmtu":	1500,
					"omitted":	false,
					"sender":	true
				}],
			"sum":	{
				"start":	7.000248,
				"end":	8.000617,
				"seconds":	1.00036895275116,
				"bytes":	1107720,
				"bits_per_second":	8858491.63514009,
				"retransmits":	0,
				"omitted":	false,
				"sender":	true
			}
		}, {
			"streams":	[{
					"socket":	5,
					"start":	8.000617,
					"end":	9.000937,
					"seconds":	1.0003199577331543,
					"bytes":	1172880,
					"bits_per_second":	9380038.7840537541,
					"retransmits":	0,
					"snd_cwnd":	590784,
					"snd_wnd":	1194496,
					"rtt":	467864,
					"rttvar":	18717,
					"pmtu":	1500,
					"omitted":	false,
					"sender":	true
				}],
			"sum":	{
				"start":	8.000617,
				"end":	9.000937,
				"seconds":	1.0003199577331543,
				"bytes":	1172880,
				"bits_per_second":	9380038.7840537541,
				"retransmits":	0,
				"omitted":	false,
				"sender":	true
			}
		}, {
			"streams":	[{
					"socket":	5,
					"start":	9.000937,
					"end":	10.000242,
					"seconds":	0.999305009841919,
					"bytes":	2541240,
					"bits_per_second":	20344058.920725327,
					"retransmits":	0,
					"snd_cwnd":	625536,
					"snd_wnd":	1194496,
					"rtt":	291274,
					"rttvar":	15759,
					"pmtu":	1500,
					"omitted":	false,
					"sender":	true
				}],
			"sum":	{
				"start":	9.000937,
				"end":	10.000242,
				"seconds":	0.999305009841919,
				"bytes":	2541240,
				"bits_per_second":	20344058.920725327,
				"retransmits":	0,
				"omitted":	false,
				"sender":	true
			}
		}],
	"end":	{
		"streams":	[{
				"sender":	{
					"socket":	5,
					"start":	0,
					"end":	10.000242,
					"seconds":	10.000242,
					"bytes":	15984472,
					"bits_per_second":	12787268.148110816,
					"retransmits":	0,
					"max_snd_cwnd":	625536,
					"max_snd_wnd":	1194496,
					"max_rtt":	467864,
					"min_rtt":	59467,
					"mean_rtt":	261764,
					"sender":	true
				},
				"receiver":	{
					"socket":	5,
					"start":	0,
					"end":	10.324817,
					"seconds":	10.000242,
					"bytes":	12976128,
					"bits_per_second":	10054320.962783167,
					"sender":	true
				}
			}],
		"sum_sent":	{
			"start":	0,
			"end":	10.000242,
			"seconds":	10.000242,
			"bytes":	15984472,
			"bits_per_second":	12787268.148110816,
			"retransmits":	0,
			"sender":	true
		},
		"sum_received":	{
			"start":	0,
			"end":	10.324817,
			"seconds":	10.324817,
			"bytes":	12976128,
			"bits_per_second":	10054320.962783167,
			"sender":	true
		},
		"cpu_utilization_percent":	{
			"host_total":	0.43914706188711816,
			"host_user":	0,
			"host_system":	0.43913714169506318,
			"remote_total":	0.31703185427750386,
			"remote_user":	0.038402569340124731,