{
	"start":	{
		"connected":	[{
				"socket":	5,
				"local_host":	"129.93.240.12",
				"local_port":	33504,
				"remote_host":	"10.53.1.3",
				"remote_port":	55002
			}],
		"version":	"iperf 3.12",
		"system_info":	"Linux rpi2 6.6.74+rpt-rpi-v8 #1 SMP PREEMPT Debian 1:6.6.74-1+rpt1 (2025-01-27) aarch64",
		"timestamp":	{
			"time":	"Thu, 22 May 2025 23:23:58 GMT",
			"timesecs":	1747956238
		},
		"connecting_to":	{
			"host":	"10.53.1.3",
			"port":	55002
		},
		"cookie":	"u3fuh6mmz5w7zimuxmhpyucx42yusuy7e242",
		"tcp_mss_default":	1448,
		"target_bitrate":	0,
		"sock_bufsize":	0,
		"sndbuf_actual":	16384,
		"rcvbuf_actual":	131072,
		"test_start":	{
			"protocol":	"TCP",
			"num_streams":	1,
			"blksize":	131072,
			"omit":	0,
			"duration":	10,
			"bytes":	0,
			"blocks":	0,
			"reverse":	0,
			"tos":	0,
			"target_bitrate":	0
		}
	},
	"intervals":	[{
			"streams":	[{
					"socket":	5,
					"start":	0,
					"end":	1.000208,
					"seconds":	1.0002080202102661,
					"bytes":	2135800,
					"bits_per_second":	17082846.422695208,
					"retransmits":	0,
					"snd_cwnd":	149144,
					"snd_wnd":	1030400,
					"rtt":	78490,
					"rttvar":	3622,
					"pmtu":	1500,
					"omitted":	false,
					"sender":	true
				}],
			"sum":	{
				"start":	0,
				"end":	1.000208,
				"seconds":	1.0002080202102661,
				"bytes":	2135800,
				"bits_per_second":	17082846.422695208,
				"retransmits":	0,
				"omitted":	false,
				"sender":	true
			}
		}, {
			"streams":	[{
					"socket":	5,
					"start":	1.000208,
					"end":	2.000198,
					"seconds":	0.99998998641967773,
					"bytes":	2541240,
					"bits_per_second":	20330123.5773254,
					"retransmits":	0,
					"snd_cwnd":	250504,
					"snd_wnd":	1030400,
					"rtt":	114580,
					"rttvar":	1330,
					"pmtu":	1500,
					"omitted":	false,
					"sender":	true
				}],
			"sum":	{
				"start":	1.000208,
				"end":	2.000198,
				"seconds":	0.99998998641967773,
				"bytes":	2541240,
				"bits_per_second":	20330123.5773254,
				"retransmits":	0,
				"omitted":	false,
				"sender":	true
			}
		}, {
			"streams":	[{
					"socket":	5,
					"start":	2.000198,
					"end":	3.000355,
					"seconds":	1.0001569986343384,
					"bytes":	2476080,
					"bits_per_second":	19805530.558749929,
					"retransmits":	0,
					"snd_cwnd":	362000,
					"snd_wnd":	1030400,
					"rtt":	150840,
					"rttvar":	14052,
					"pmtu":	1500,
					"omitted":	false,
					"sender":	true
				}],
			"sum":	{
				"start":	2.000198,
				"end":	3.000355,
				"seconds":	1.0001569986343384,
				"bytes":	2476080,
				"bits_per_second":	19805530.558749929,
				"retransmits":	0,
				"omitted":	false,
				"sender":	true
			}
		}, {
			"streams":	[{
					"socket":	5,
					"start":	3.000355,
					"end":	4.000392,
					"seconds":	1.0000369548797607,
					"bytes":	2671560,
					"bits_per_second":	21371690.211757939,
					"retransmits":	0,
					"snd_cwnd":	469152,
					"snd_wnd":	1030400,
					"rtt":	236337,
					"rttvar":	2237,
					"pmtu":	1500,
					"omitted":	false,
					"sender":	true
				}],
			"sum":	{
				"start":	3.000355,
				"end":	4.000392,
				"seconds":	1.0000369548797607,
				"bytes":	2671560,
				"bits_per_second":	21371690.211757939,
				"retransmits":	0,
				"omitted":	false,
				"sender":	true
			}
		}, {
			"streams":	[{
					"socket":	5,
					"start":	4.000392,
					"end":	5.000277,
					"seconds":	0.99988502264022827,
					"bytes":	3192840,
					"bits_per_second":	25545657.172215294,
					"retransmits":	0,
					"snd_cwnd":	584992,
					"snd_wnd":	1383680,
					"rtt":	203887,
					"rttvar":	8117,
					"pmtu":	1500,
					"omitted":	false,
					"sender":	true
				}],
			"sum":	{
				"start":	4.000392,
				"end":	5.000277,
				"seconds":	0.99988502264022827,
				"bytes":	3192840,
				"bits_per_second":	25545657.172215294,
				"retransmits":	0,
				"omitted":	false,
				"sender":	true
			}
		}, {
			"streams":	[{
					"socket":	5,
					"start":	5.000277,
					"end":	6.000334,
					"seconds":	1.0000569820404053,
					"bytes":	2410920,
					"bits_per_second":	19286261.029494751,
					"retransmits":	0,
					"snd_cwnd":	619744,
					"snd_wnd":	1383680,
					"rtt":	159010,
					"rttvar":	7312,
					"pmtu":	1500,
					"omitted":	false,
					"sender":	true
				}],
			"sum":	{
				"start":	5.000277,
				"end":	6.000334,
				"seconds":	1.0000569820404053,
				"bytes":	2410920,
				"bits_per_second":	19286261.029494751,
				"retransmits":	0,
				"omitted":	false,
				"sender":	true
			}
		}, {
			"streams":	[{
					"socket":	5,
					"start":	6.000334,
					"end":	7.000421,
					"seconds":	1.0000870227813721,
					"bytes":	2528424,
					"bits_per_second":	20225631.90925625,
					"retransmits":	0,
					"snd_cwnd":	676216,
					"snd_wnd":	1383680,
					"rtt":	156014,
					"rttvar":	631,
					"pmtu":	1500,
					"omitted":	false,
					"sender":	true
				}],
			"sum":	{
				"start":	6.000334,
				"end":	7.000421,
				"seconds":	1.0000870227813721,
				"bytes":	2528424,
				"bits_per_second":	20225631.90925625,
				"retransmits":	0,
				"omitted":	false,
				"sender":	true
			}
		}, {
			"streams":	[{
					"socket":	5,
					"start":	7.000421,
					"end":	8.000323,
					"seconds":	0.99990200996398926,
					"bytes":	2621440,
					"bits_per_second":	20973575.201389257,
					"retransmits":	0,
					"snd_cwnd":	676216,
					"snd_wnd":	1383680,
					"rtt":	223151,
					"rttvar":	2546,
					"pmtu":	1500,
					"omitted":	false,
					"sender":	true
				}],
			"sum":	{
				"start":	7.000421,
				"end":	8.000323,
				"seconds":	0.99990200996398926,
				"bytes":	2621440,
				"bits_per_second":	20973575.201389257,
				"retransmits":	0,
				"omitted":	false,
				"sender":	true
			}
		}, {
			"streams":	[{
					"socket":	5,
					"start":	8.000323,
					"end":	9.000173,
					"seconds":	0.99984997510910034,
					"bytes":	2621440,
					"bits_per_second":	20974666.722086638,
					"retransmits":	0,
					"snd_cwnd":	676216,
					"snd_wnd":	1383680,
					"rtt":	213504,
					"rttvar":	9071,
					"pmtu":	1500,
					"omitted":	false,
					"sender":	true
				}],
			"sum":	{
				"start":	8.000323,
				"end":	9.000173,
				"seconds":	0.99984997510910034,
				"bytes":	2621440,
				"bits_per_second":	20974666.722086638,
				"retransmits":	0,
				"omitted":	false,
				"sender":	true
			}
		}, {
			"streams":	[{
					"socket":	5,
					"start":	9.000173,
					"end":	10.000581,
					"seconds":	1.0004080533981323,
					"bytes":	1310720,
					"bits_per_second":	10481482.995246323,
					"retransmits":	0,
					"snd_cwnd":	676216,
					"snd_wnd":	1383680,
					"rtt":	302677,
					"rttvar":	17845,
					"pmtu":	1500,
					"omitted":	false,
					"sender":	true
				}],
			"sum":	{
				"start":	9.000173,
				"end":	10.000581,
				"seconds":	1.0004080533981323,
				"bytes":	1310720,
				"bits_per_second":	10481482.995246323,
				"retransmits":	0,
				"omitted":	false,
				"sender":	true
			}
		}],
	"end":	{
		"streams":	[{
				"sender":	{
					"socket":	5,
					"start":	0,
					"end":	10.000581,
					"seconds":	10.000581,
					"bytes":	24510464,
					"bits_per_second":	19607232.019819647,
					"retransmits":	0,
					"max_snd_cwnd":	676216,
					"max_snd_wnd":	1383680,
					"max_rtt":	302677,
					"min_rtt":	78490,
					"mean_rtt":	183849,
					"sender":	true
				},
				"receiver":	{
					"socket":	5,
					"start":	0,
					"end":	10.150836,
					"seconds":	10.000581,
					"bytes":	21889024,
					"bits_per_second":	17251011.837842714,
					"sender":	true
				}
			}],
		"sum_sent":	{
			"start":	0,
			"end":	10.000581,
			"seconds":	10.000581,
			"bytes":	24510464,
			"bits_per_second":	19607232.019819647,
			"retransmits":	0,
			"sender":	true
		},
		"sum_received":	{
			"start":	0,
			"end":	10.150836,
			"seconds":	10.150836,
			"bytes":	21889024,
			"bits_per_second":	17251011.837842714,
			"sender":	true
		},
		"cpu_utilization_percent":	{
			"host_total":	0.60111238924814725,
			"host_user":	0.011705601348485277,
			"host_system":	0.58939686789851919,
			"remote_total":	0.607220264476452,