{
	"start":	{
		"connected":	[{
				"socket":	5,
				"local_host":	"129.93.240.13",
				"local_port":	54550,
				"remote_host":	"10.53.1.3",
				"remote_port":	55001
			}],
		"version":	"iperf 3.12",
		"system_info":	"Linux rpi1 6.6.51+rpt-rpi-v8 #1 SMP PREEMPT Debian 1:6.6.51-1+rpt3 (2024-10-08) aarch64",
		"timestamp":	{
			"time":	"Thu, 22 May 2025 23:07:58 GMT",
			"timesecs":	1747955278
		},
		"connecting_to":	{
			"host":	"10.53.1.3",
			"port":	55001
		},
		"cookie":	"f3iizowqzda7y6ucknp7elih26d74ztmltum",
		"tcp_mss_default":	1448,
		"target_bitrate":	0,
		"sock_bufsize":	0,
		"sndbuf_actual":	16384,
		"rcvbuf_actual":	131072,
		"test_start":	{
			"protocol":	"TCP",
			"num_streams":	1,
			"blksize":	131072,
			"omit":	0,
			"duration":	10,
			"bytes":	0,
			"blocks":	0,
			"reverse":	0,
			"tos":	0,
			"target_bitrate":	0
		}
	},
	"intervals":	[{
			"streams":	[{
					"socket":	5,
					"start":	0,
					"end":	1.000096,
					"seconds":	1.0000959634780884,
					"bytes":	2157520,
					"bits_per_second":	17258503.813947413,
					"retransmits":	0,
					"snd_cwnd":	118736,
					"snd_wnd":	446208,
					"rtt":	53172,
					"rttvar":	1872,
					"pmtu":	1500,
					"omitted":	false,
					"sender":	true
				}],
			"sum":	{
				"start":	0,
				"end":	1.000096,
				"seconds":	1.0000959634780884,
				"bytes":	2157520,
				"bits_per_second":	17258503.813947413,
				"retransmits":	0,
				"omitted":	false,
				"sender":	true
			}
		}, {
			"streams":	[{
					"socket":	5,
					"start":	1.000096,
					"end":	2.000125,
					"seconds":	1.0000289678573608,
					"bytes":	7037280,
					"bits_per_second":	56296609.207854569,
					"retransmits":	0,
					"snd_cwnd":	411232,
					"snd_wnd":	1336320,
					"rtt":	52256,
					"rttvar":	1439,
					"pmtu":	1500,
					"omitted":	false,
					"sender":	true
				}],
			"sum":	{
				"start":	1.000096,
				"end":	2.000125,
				"seconds":	1.0000289678573608,
				"bytes":	7037280,
				"bits_per_second":	56296609.207854569,
				"retransmits":	0,
				"omitted":	false,
				"sender":	true
			}
		}, {
			"streams":	[{
					"socket":	5,
					"start":	2.000125,
					"end":	3.000149,
					"seconds":	1.0000239610672,
					"bytes":	9024208,
					"bits_per_second":	72191934.204213262,
					"retransmits":	0,
					"snd_cwnd":	697936,
					"snd_wnd":	1730048,
					"rtt":	64490,
					"rttvar":	117,
					"pmtu":	1500,
					"omitted":	false,
					"sender":	true
				}],
			"sum":	{
				"start":	2.000125,
				"end":	3.000149,
				"seconds":	1.0000239610672,
				"bytes":	9024208,
				"bits_per_second":	72191934.204213262,
				"retransmits":	0,
				"omitted":	false,
				"sender":	true
			}
		}, {
			"streams":	[{
					"socket":	5,
					"start":	3.000149,
					"end":	4.000103,
					"seconds":	0.9999539852142334,
					"bytes":	7864320,
					"bits_per_second":	62917455.133218937,
					"retransmits":	0,
					"snd_cwnd":	737032,
					"snd_wnd":	1730048,
					"rtt":	66325,
					"rttvar":	3254,
					"pmtu":	1500,
					"omitted":	false,
					"sender":	true
				}],
			"sum":	{
				"start":	3.000149,
				"end":	4.000103,
				"seconds":	0.9999539852142334,
				"bytes":	7864320,
				"bits_per_second":	62917455.133218937,
				"retransmits":	0,
				"omitted":	false,
				"sender":	true
			}
		}, {
			"streams":	[{
					"socket":	5,
					"start":	4.000103,
					"end":	5.000217,
					"seconds":	1.0001139640808105,
					"bytes":	6553600,
					"bits_per_second":	52422825.6808578,
					"retransmits":	0,
					"snd_cwnd":	787712,
					"snd_wnd":	1730048,
					"rtt":	83556,
					"rttvar":	1173,
					"pmtu":	1500,
					"omitted":	false,
					"sender":	true
				}],
			"sum":	{
				"start":	4.000103,
				"end":	5.000217,
				"seconds":	1.0001139640808105,
				"bytes":	6553600,
				"bits_per_second":	52422825.6808578,
				"retransmits":	0,
				"omitted":	false,
				"sender":	true
			}
		}, {
			"streams":	[{
					"socket":	5,
					"start":	5.000217,
					"end":	6.000173,
					"seconds":	0.99995601177215576,
					"bytes":	7864320,
					"bits_per_second":	62917327.621742778,
					"retransmits":	0,
					"snd_cwnd":	787712,
					"snd_wnd":	1730048,
					"rtt":	54909,
					"rttvar":	7291,
					"pmtu":	1500,
					"omitted":	false,
					"sender":	true
				}],
			"sum":	{
				"start":	5.000217,
				"end":	6.000173,
				"seconds":	0.99995601177215576,
				"bytes":	7864320,
				"bits_per_second":	62917327.621742778,
				"retransmits":	0,
				"omitted":	false,
				"sender":	true
			}
		}, {
			"streams":	[{
					"socket":	5,
					"start":	6.000173,
					"end":	7.000122,
					"seconds":	0.99994897842407227,
					"bytes":	7864320,
					"bits_per_second":	62917770.163787618,
					"retransmits":	0,
					"snd_cwnd":	787712,
					"snd_wnd":	1730048,
					"rtt":	67801,
					"rttvar":	1515,
					"pmtu":	1500,
					"omitted":	false,
					"sender":	true
				}],
			"sum":	{
				"start":	6.000173,
				"end":	7.000122,
				"seconds":	0.99994897842407227,
				"bytes":	7864320,
				"bits_per_second":	62917770.163787618,
				"retransmits":	0,
				"omitted":	false,
				"sender":	true
			}
		}, {
			"streams":	[{
					"socket":	5,
					"start":	7.000122,
					"end":	8.000095,
					"seconds":	0.99997299909591675,
					"bytes":	7864320,
					"bits_per_second":	62916258.795869023,
					"retransmits":	5,
					"snd_cwnd":	608160,
					"snd_wnd":	3353216,
					"rtt":	60994,
					"rttvar":	4635,
					"pmtu":	1500,
					"omitted":	false,
					"sender":	true
				}],
			"sum":	{
				"start":	7.000122,
				"end":	8.000095,
				"seconds":	0.99997299909591675,
				"bytes":	7864320,
				"bits_per_second":	62916258.795869023,
				"retransmits":	5,
				"omitted":	false,
				"sender":	true
			}
		}, {
			"streams":	[{
					"socket":	5,
					"start":	8.000095,
					"end":	9.000177,
					"seconds":	1.0000820159912109,
					"bytes":	6553600,
					"bits_per_second":	52424500.352639839,
					"retransmits":	21,
					"snd_cwnd":	469152,
					"snd_wnd":	3353216,
					"rtt":	60226,
					"rttvar":	1200,
					"pmtu":	1500,
					"omitted":	false,
					"sender":	true
				}],
			"sum":	{
				"start":	8.000095,
				"end":	9.000177,
				"seconds":	1.0000820159912109,
				"bytes":	6553600,
				"bits_per_second":	52424500.352639839,
				"retransmits":	21,
				"omitted":	false,
				"sender":	true
			}
		}, {
			"streams":	[{
					"socket":	5,
					"start":	9.000177,
					"end":	10.000138,
					"seconds":	0.999961018562317,
					"bytes":	7864320,
					"bits_per_second":	62917012.5956057,
					"retransmits":	19,
					"snd_cwnd":	359104,
					"snd_wnd":	3354624,
					"rtt":	35647,
					"rttvar":	2676,
					"pmtu":	1500,
					"omitted":	false,
					"sender":	true
				}],
			"sum":	{
				"start":	9.000177,
				"end":	10.000138,
				"seconds":	0.999961018562317,
				"bytes":	7864320,
				"bits_per_second":	62917012.5956057,
				"retransmits":	19,
				"omitted":	false,
				"sender":	true
			}
		}],
	"end":	{
		"streams":	[{
				"sender":	{
					"socket":	5,
					"start":	0,
					"end":	10.000138,
					"seconds":	10.000138,
					"bytes":	70647808,
					"bits_per_second":	56517466.458962865,
					"retransmits":	45,
					"max_snd_cwnd":	787712,
					"max_snd_wnd":	3354624,
					"max_rtt":	83556,
					"min_rtt":	35647,
					"mean_rtt":	59937,
					"sender":	true
				},
				"receiver":	{
					"socket":	5,
					"start":	0,
					"end":	10.045853,
					"seconds":	10.000138,
					"bytes":	67108864,
					"bits_per_second":	53442043.3984053,
					"sender":	true
				}
			}],
		"sum_sent":	{
			"start":	0,
			"end":	10.000138,
			"seconds":	10.000138,
			"bytes":	70647808,
			"bits_per_second":	56517466.458962865,
			"retransmits":	45,
			"sender":	true
		},
		"sum_received":	{
			"start":	0,
			"end":	10.045853,
			"seconds":	10.045853,
			"bytes":	67108864,
			"bits_per_second":	53442043.3984053,
			"sender":	true
		},
		"cpu_utilization_percent":	{
			"host_total":	1.0454196350644036,
			"host_user":	0.011408329509062875,
			"host_system":	1.034001385268811,
			"remote_total":	1.7687273781347095,
			"remote_user":	0.20490018432455853,