{
	"start":	{
		"connected":	[{
				"socket":	5,
				"local_host":	"129.93.240.13",
				"local_port":	42602,
				"remote_host":	"10.53.1.3",
				"remote_port":	55001
			}],
		"version":	"iperf 3.12",
		"system_info":	"Linux rpi1 6.6.51+rpt-rpi-v8 #1 SMP PREEMPT Debian 1:6.6.51-1+rpt3 (2024-10-08) aarch64",
		"timestamp":	{
			"time":	"Thu, 22 May 2025 23:20:33 GMT",
			"timesecs":	1747956033
		},
		"connecting_to":	{
			"host":	"10.53.1.3",
			"port":	55001
		},
		"cookie":	"qstsdzisr4wwizvoh5ut46jaspsga2gpgelq",
		"tcp_mss_default":	1448,
		"target_bitrate":	0,
		"sock_bufsize":	0,
		"sndbuf_actual":	16384,
		"rcvbuf_actual":	131072,
		"test_start":	{
			"protocol":	"TCP",
			"num_streams":	1,
			"blksize":	131072,
			"omit":	0,
			"duration":	10,
			"bytes":	0,
			"blocks":	0,
			"reverse":	0,
			"tos":	0,
			"target_bitrate":	0
		}
	},
	"intervals":	[{
			"streams":	[{
					"socket":	5,
					"start":	0,
					"end":	1.000216,
					"seconds":	1.000216007232666,
					"bytes":	1870816,
					"bits_per_second":	14963295.819878384,
					"retransmits":	0,
					"snd_cwnd":	115840,
					"snd_wnd":	596736,
					"rtt":	90097,
					"rttvar":	14258,
					"pmtu":	1500,
					"omitted":	false,
					"sender":	true
				}],
			"sum":	{
				"start":	0,
				"end":	1.000216,
				"seconds":	1.000216007232666,
				"bytes":	1870816,
				"bits_per_second":	14963295.819878384,
				"retransmits":	0,
				"omitted":	false,
				"sender":	true
			}
		}, {
			"streams":	[{
					"socket":	5,
					"start":	1.000216,
					"end":	2.000092,
					"seconds":	0.99987602233886719,
					"bytes":	6059880,
					"bits_per_second":	48485051.063230723,
					"retransmits":	0,
					"snd_cwnd":	343176,
					"snd_wnd":	1442304,
					"rtt":	27668,
					"rttvar":	2062,
					"pmtu":	1500,
					"omitted":	false,
					"sender":	true
				}],
			"sum":	{
				"start":	1.000216,
				"end":	2.000092,
				"seconds":	0.99987602233886719,
				"bytes":	6059880,
				"bits_per_second":	48485051.063230723,
				"retransmits":	0,
				"omitted":	false,
				"sender":	true
			}
		}, {
			"streams":	[{
					"socket":	5,
					"start":	2.000092,
					"end":	3.000145,
					"seconds":	1.00005304813385,
					"bytes":	12254392,
					"bits_per_second":	98029935.694849938,
					"retransmits":	0,
					"snd_cwnd":	805088,
					"snd_wnd":	1672448,
					"rtt":	53221,
					"rttvar":	132,
					"pmtu":	1500,
					"omitted":	false,
					"sender":	true
				}],
			"sum":	{
				"start":	2.000092,
				"end":	3.000145,
				"seconds":	1.00005304813385,
				"bytes":	12254392,
				"bits_per_second":	98029935.694849938,
				"retransmits":	0,
				"omitted":	false,
				"sender":	true
			}
		}, {
			"streams":	[{
					"socket":	5,
					"start":	3.000145,
					"end":	4.000142,
					"seconds":	0.99999701976776123,
					"bytes":	11796480,
					"bits_per_second":	94372121.2508382,
					"retransmits":	0,
					"snd_cwnd":	849976,
					"snd_wnd":	1672448,
					"rtt":	51645,
					"rttvar":	6650,
					"pmtu":	1500,
					"omitted":	false,
					"sender":	true
				}],
			"sum":	{
				"start":	3.000145,
				"end":	4.000142,
				"seconds":	0.99999701976776123,
				"bytes":	11796480,
				"bits_per_second":	94372121.2508382,
				"retransmits":	0,
				"omitted":	false,
				"sender":	true
			}
		}, {
			"streams":	[{
					"socket":	5,
					"start":	4.000142,
					"end":	5.000101,
					"seconds":	0.99995899200439453,
					"bytes":	11796480,
					"bits_per_second":	94375710.158707455,
					"retransmits":	0,
					"snd_cwnd":	855768,
					"snd_wnd":	1672448,
					"rtt":	53807,
					"rttvar":	1274,
					"pmtu":	1500,
					"omitted":	false,
					"sender":	true
				}],
			"sum":	{
				"start":	4.000142,
				"end":	5.000101,
				"seconds":	0.99995899200439453,
				"bytes":	11796480,
				"bits_per_second":	94375710.158707455,
				"retransmits":	0,
				"omitted":	false,
				"sender":	true
			}
		}, {
			"streams":	[{
					"socket":	5,
					"start":	5.000101,
					"end":	6.00015,
					"seconds":	1.0000489950180054,
					"bytes":	11796480,
					"bits_per_second":	94367216.4765296,
					"retransmits":	36,
					"snd_cwnd":	600920,
					"snd_wnd":	2169088,
					"rtt":	50032,
					"rttvar":	25,
					"pmtu":	1500,
					"omitted":	false,
					"sender":	true
				}],
			"sum":	{
				"start":	5.000101,
				"end":	6.00015,
				"seconds":	1.0000489950180054,
				"bytes":	11796480,
				"bits_per_second":	94367216.4765296,
				"retransmits":	36,
				"omitted":	false,
				"sender":	true
			}
		}, {
			"streams":	[{
					"socket":	5,
					"start":	6.00015,
					"end":	7.000183,
					"seconds":	1.0000330209732056,
					"bytes":	10485760,
					"bits_per_second":	83883310.091465071,
					"retransmits":	0,
					"snd_cwnd":	687800,
					"snd_wnd":	3930752,
					"rtt":	60475,
					"rttvar":	2262,
					"pmtu":	1500,
					"omitted":	false,
					"sender":	true
				}],
			"sum":	{
				"start":	6.00015,
				"end":	7.000183,
				"seconds":	1.0000330209732056,
				"bytes":	10485760,
				"bits_per_second":	83883310.091465071,
				"retransmits":	0,
				"omitted":	false,
				"sender":	true
			}
		}, {
			"streams":	[{
					"socket":	5,
					"start":	7.000183,
					"end":	8.0001,
					"seconds":	0.999916970729828,
					"bytes":	11796480,
					"bits_per_second":	94379676.275640249,
					"retransmits":	0,
					"snd_cwnd":	751512,
					"snd_wnd":	3930752,
					"rtt":	42440,
					"rttvar":	4737,
					"pmtu":	1500,
					"omitted":	false,
					"sender":	true
				}],
			"sum":	{
				"start":	7.000183,
				"end":	8.0001,
				"seconds":	0.999916970729828,
				"bytes":	11796480,
				"bits_per_second":	94379676.275640249,
				"retransmits":	0,
				"omitted":	false,
				"sender":	true
			}
		}, {
			"streams":	[{
					"socket":	5,
					"start":	8.0001,
					"end":	9.000099,
					"seconds":	0.99999898672103882,
					"bytes":	10485760,
					"bits_per_second":	83886165.000086129,
					"retransmits":	0,
					"snd_cwnd":	774680,
					"snd_wnd":	3930752,
					"rtt":	46184,
					"rttvar":	304,
					"pmtu":	1500,
					"omitted":	false,
					"sender":	true
				}],
			"sum":	{
				"start":	8.0001,
				"end":	9.000099,
				"seconds":	0.99999898672103882,
				"bytes":	10485760,
				"bits_per_second":	83886165.000086129,
				"retransmits":	0,
				"omitted":	false,
				"sender":	true
			}
		}, {
			"streams":	[{
					"socket":	5,
					"start":	9.000099,
					"end":	10.000159,
					"seconds":	1.000059962272644,
					"bytes":	10485760,
					"bits_per_second":	83881050.301592141,
					"retransmits":	0,
					"snd_cwnd":	822464,
					"snd_wnd":	3930752,
					"rtt":	62784,
					"rttvar":	1084,
					"pmtu":	1500,
					"omitted":	false,
					"sender":	true
				}],
			"sum":	{
				"start":	9.000099,
				"end":	10.000159,
				"seconds":	1.000059962272644,
				"bytes":	10485760,
				"bits_per_second":	83881050.301592141,
				"retransmits":	0,
				"omitted":	false,
				"sender":	true
			}
		}],
	"end":	{
		"streams":	[{
				"sender":	{
					"socket":	5,
					"start":	0,
					"end":	10.000159,
					"seconds":	10.000159,
					"bytes":	98828288,
					"bits_per_second":	79061373.324164152,
					"retransmits":	36,
					"max_snd_cwnd":	855768,
					"max_snd_wnd":	3930752,
					"max_rtt":	90097,
					"min_rtt":	27668,
					"mean_rtt":	53835,
					"sender":	true
				},
				"receiver":	{
					"socket":	5,
					"start":	0,
					"end":	10.051762,
					"seconds":	10.000159,
					"bytes":	96075776,
					"bits_per_second":	76464823.580184251,
					"sender":	true
				}
			}],
		"sum_sent":	{
			"start":	0,
			"end":	10.000159,
			"seconds":	10.000159,
			"bytes":	98828288,
			"bits_per_second":	79061373.324164152,
			"retransmits":	36,
			"sender":	true
		},
		"sum_received":	{
			"start":	0,
			"end":	10.051762,
			"seconds":	10.051762,
			"bytes":	96075776,
			"bits_per_second":	76464823.580184251,
			"sender":	true
		},
		"cpu_utilization_percent":	{
			"host_total":	1.2443735737698347,
			"host_user":	0.32828280573667556,
			"host_system":	0.916080847725963,
			"remote_total":	2.2952040562741782,
			"remote_user":	0.26099839371829048,