{
	"start":	{
		"connected":	[{
				"socket":	5,
				"local_host":	"129.93.240.12",
				"local_port":	36900,
				"remote_host":	"10.53.1.2",
				"remote_port":	55002
			}],
		"version":	"iperf 3.12",
		"system_info":	"Linux rpi2 6.6.74+rpt-rpi-v8 #1 SMP PREEMPT Debian 1:6.6.74-1+rpt1 (2025-01-27) aarch64",
		"timestamp":	{
			"time":	"Thu, 15 May 2025 19:17:56 GMT",
			"timesecs":	1747336676
		},
		"connecting_to":	{
			"host":	"10.53.1.2",
			"port":	55002
		},
		"cookie":	"2o6kfoajlwik4lxo4meunmowl3fvu3qjfyac",
		"tcp_mss_default":	1448,
		"target_bitrate":	0,
		"sock_bufsize":	0,
		"sndbuf_actual":	16384,
		"rcvbuf_actual":	131072,
		"test_start":	{
			"protocol":	"TCP",
			"num_streams":	1,
			"blksize":	131072,
			"omit":	0,
			"duration":	20,
			"bytes":	0,
			"blocks":	0,
			"reverse":	0,
			"tos":	0,
			"target_bitrate":	0
		}
	},
	"intervals":	[{
			"streams":	[{
					"socket":	5,
					"start":	0,
					"end":	1.000095,
					"seconds":	1.000095009803772,
					"bytes":	2507936,
					"bits_per_second":	20061581.953035288,
					"retransmits":	0,
					"snd_cwnd":	140456,
					"snd_wnd":	440064,
					"rtt":	63560,
					"rttvar":	1787,
					"pmtu":	1500,
					"omitted":	false,
					"sender":	true
				}],
			"sum":	{
				"start":	0,
				"end":	1.000095,
				"seconds":	1.000095009803772,
				"bytes":	2507936,
				"bits_per_second":	20061581.953035288,
				"retransmits":	0,
				"omitted":	false,
				"sender":	true
			}
		}, {
			"streams":	[{
					"socket":	5,
					"start":	1.000095,
					"end":	2.000162,
					"seconds":	1.0000669956207275,
					"bytes":	2541240,
					"bits_per_second":	20328558.075633228,
					"retransmits":	0,
					"snd_cwnd":	246160,
					"snd_wnd":	473472,
					"rtt":	106256,
					"rttvar":	1694,
					"pmtu":	1500,
					"omitted":	false,
					"sender":	true
				}],
			"sum":	{
				"start":	1.000095,
				"end":	2.000162,
				"seconds":	1.0000669956207275,
				"bytes":	2541240,
				"bits_per_second":	20328558.075633228,
				"retransmits":	0,
				"omitted":	false,
				"sender":	true
			}
		}, {
			"streams":	[{
					"socket":	5,
					"start":	2.000162,
					"end":	3.000201,
					"seconds":	1.0000389814376831,
					"bytes":	2541240,
					"bits_per_second":	20329127.541381594,
					"retransmits":	0,
					"snd_cwnd":	351864,
					"snd_wnd":	864384,
					"rtt":	155796,
					"rttvar":	2532,
					"pmtu":	1500,
					"omitted":	false,
					"sender":	true
				}],
			"sum":	{
				"start":	2.000162,
				"end":	3.000201,
				"seconds":	1.0000389814376831,
				"bytes":	2541240,
				"bits_per_second":	20329127.541381594,
				"retransmits":	0,
				"omitted":	false,
				"sender":	true
			}
		}, {
			"streams":	[{
					"socket":	5,
					"start":	3.000201,
					"end":	4.000282,
					"seconds":	1.000080943107605,
					"bytes":	2541240,
					"bits_per_second":	20328274.566284359,
					"retransmits":	0,
					"snd_cwnd":	457568,
					"snd_wnd":	885120,
					"rtt":	200724,
					"rttvar":	2352,
					"pmtu":	1500,
					"omitted":	false,
					"sender":	true
				}],
			"sum":	{
				"start":	3.000201,
				"end":	4.000282,
				"seconds":	1.000080943107605,
				"bytes":	2541240,
				"bits_per_second":	20328274.566284359,
				"retransmits":	0,
				"omitted":	false,
				"sender":	true
			}
		}, {
			"streams":	[{
					"socket":	5,
					"start":	4.000282,
					"end":	5.000116,
					"seconds":	0.99983400106430054,
					"bytes":	3127680,
					"bits_per_second":	25025594.2220061,
					"retransmits":	0,
					"snd_cwnd":	563272,
					"snd_wnd":	1123200,
					"rtt":	178721,
					"rttvar":	8227,
					"pmtu":	1500,
					"omitted":	false,
					"sender":	true
				}],
			"sum":	{
				"start":	4.000282,
				"end":	5.000116,
				"seconds":	0.99983400106430054,
				"bytes":	3127680,
				"bits_per_second":	25025594.2220061,
				"retransmits":	0,
				"omitted":	false,
				"sender":	true
			}
		}, {
			"streams":	[{
					"socket":	5,
					"start":	5.000116,
					"end":	6.000098,
					"seconds":	0.99998199939727783,
					"bytes":	2469304,
					"bits_per_second":	19754787.598083414,
					"retransmits":	0,
					"snd_cwnd":	600920,
					"snd_wnd":	1123200,
					"rtt":	214796,
					"rttvar":	10010,
					"pmtu":	1500,
					"omitted":	false,
					"sender":	true
				}],
			"sum":	{
				"start":	5.000116,
				"end":	6.000098,
				"seconds":	0.99998199939727783,
				"bytes":	2469304,
				"bits_per_second":	19754787.598083414,
				"retransmits":	0,
				"omitted":	false,
				"sender":	true
			}
		}, {
			"streams":	[{
					"socket":	5,
					"start":	6.000098,
					"end":	7.000515,
					"seconds":	1.0004169940948486,
					"bytes":	1244816,
					"bits_per_second":	9954377.08353827,
					"retransmits":	0,
					"snd_cwnd":	600920,
					"snd_wnd":	1123200,
					"rtt":	162604,
					"rttvar":	2469,
					"pmtu":	1500,
					"omitted":	false,
					"sender":	true
				}],
			"sum":	{
				"start":	6.000098,
				"end":	7.000515,
				"seconds":	1.0004169940948486,
				"bytes":	1244816,
				"bits_per_second":	9954377.08353827,
				"retransmits":	0,
				"omitted":	false,
				"sender":	true
			}
		}, {
			"streams":	[{
					"socket":	5,
					"start":	7.000515,
					"end":	8.000341,
					"seconds":	0.99982601404190063,
					"bytes":	2425200,
					"bits_per_second":	19404976.1933749,
					"retransmits":	0,
					"snd_cwnd":	600920,
					"snd_wnd":	1123200,
					"rtt":	208782,
					"rttvar":	9455,
					"pmtu":	1500,
					"omitted":	false,
					"sender":	true
				}],
			"sum":	{
				"start":	7.000515,
				"end":	8.000341,
				"seconds":	0.99982601404190063,
				"bytes":	2425200,
				"bits_per_second":	19404976.1933749,
				"retransmits":	0,
				"omitted":	false,
				"sender":	true
			}
		}, {
			"streams":	[{
					"socket":	5,
					"start":	8.000341,
					"end":	9.000183,
					"seconds":	0.99984198808670044,
					"bytes":	2461800,
					"bits_per_second":	19697512.441628143,
					"retransmits":	0,
					"snd_cwnd":	600920,
					"snd_wnd":	1123200,
					"rtt":	173609,
					"rttvar":	3997,
					"pmtu":	1500,
					"omitted":	false,
					"sender":	true
				}],
			"sum":	{
				"start":	8.000341,
				"end":	9.000183,
				"seconds":	0.99984198808670044,
				"bytes":	2461800,
				"bits_per_second":	19697512.441628143,
				"retransmits":	0,
				"omitted":	false,
				"sender":	true
			}
		}, {
			"streams":	[{
					"socket":	5,
					"start":	9.000183,
					"end":	10.000096,
					"seconds":	0.999912977218628,
					"bytes":	2410920,
					"bits_per_second":	19289038.585787728,
					"retransmits":	0,
					"snd_cwnd":	600920,
					"snd_wnd":	1123200,
					"rtt":	247062,
					"rttvar":	10513,
					"pmtu":	1500,
					"omitted":	false,
					"sender":	true
				}],
			"sum":	{
				"start":	9.000183,
				"end":	10.000096,
				"seconds":	0.999912977218628,
				"bytes":	2410920,
				"bits_per_second":	19289038.585787728,
				"retransmits":	0,
				"omitted":	false,
				"sender":	true
			}
		}, {
			"streams":	[{
					"socket":	5,
					"start":	10.000096,
					"end":	11.000514,
					"seconds":	1.000417947769165,
					"bytes":	1238040,
					"bits_per_second":	9900182.24091808,
					"retransmits":	0,
					"snd_cwnd":	600920,
					"snd_wnd":	1123200,
					"rtt":	168351,
					"rttvar":	6428,
					"pmtu":	1500,
					"omitted":	false,
					"sender":	true
				}],
			"sum":	{
				"start":	10.000096,
				"end":	11.000514,
				"seconds":	1.000417947769165,
				"bytes":	1238040,
				"bits_per_second":	9900182.24091808,
				"retransmits":	0,
				"omitted":	false,
				"sender":	true
			}
		}, {
			"streams":	[{
					"socket":	5,
					"start":	11.000514,
					"end":	12.000353,
					"seconds":	0.99983900785446167,
					"bytes":	2476080,
					"bits_per_second":	19811829.548946124,
					"retransmits":	0,
					"snd_cwnd":	600920,
					"snd_wnd":	1123200,
					"rtt":	233390,
					"rttvar":	8924,
					"pmtu":	1500,
					"omitted":	false,
					"sender":	true
				}],
			"sum":	{
				"start":	11.000514,
				"end":	12.000353,
				"seconds":	0.99983900785446167,
				"bytes":	2476080,
				"bits_per_second":	19811829.548946124,
				"retransmits":	0,