{
	"start":	{
		"connected":	[{
				"socket":	5,
				"local_host":	"129.93.240.12",
				"local_port":	60312,
				"remote_host":	"10.53.1.2",
				"remote_port":	55002
			}],
		"version":	"iperf 3.12",
		"system_info":	"Linux rpi2 6.6.74+rpt-rpi-v8 #1 SMP PREEMPT Debian 1:6.6.74-1+rpt1 (2025-01-27) aarch64",
		"timestamp":	{
			"time":	"Thu, 15 May 2025 19:17:27 GMT",
			"timesecs":	1747336647
		},
		"connecting_to":	{
			"host":	"10.53.1.2",
			"port":	55002
		},
		"cookie":	"k2wlsphikrthsk7bal47zfu33g7l4qj3so7b",
		"tcp_mss_default":	1448,
		"target_bitrate":	0,
		"sock_bufsize":	0,
		"sndbuf_actual":	16384,
		"rcvbuf_actual":	131072,
		"test_start":	{
			"protocol":	"TCP",
			"num_streams":	1,
			"blksize":	131072,
			"omit":	0,
			"duration":	20,
			"bytes":	0,
			"blocks":	0,
			"reverse":	0,
			"tos":	0,
			"target_bitrate":	0
		}
	},
	"intervals":	[{
			"streams":	[{
					"socket":	5,
					"start":	0,
					"end":	1.000084,
					"seconds":	1.0000840425491333,
					"bytes":	2812016,
					"bits_per_second":	22494237.526937425,
					"retransmits":	0,
					"snd_cwnd":	165072,
					"snd_wnd":	657152,
					"rtt":	66550,
					"rttvar":	2500,
					"pmtu":	1500,
					"omitted":	false,
					"sender":	true
				}],
			"sum":	{
				"start":	0,
				"end":	1.000084,
				"seconds":	1.0000840425491333,
				"bytes":	2812016,
				"bits_per_second":	22494237.526937425,
				"retransmits":	0,
				"omitted":	false,
				"sender":	true
			}
		}, {
			"streams":	[{
					"socket":	5,
					"start":	1.000084,
					"end":	2.000084,
					"seconds":	1,
					"bytes":	2932200,
					"bits_per_second":	23457600,
					"retransmits":	0,
					"snd_cwnd":	278016,
					"snd_wnd":	657152,
					"rtt":	115608,
					"rttvar":	2820,
					"pmtu":	1500,
					"omitted":	false,
					"sender":	true
				}],
			"sum":	{
				"start":	1.000084,
				"end":	2.000084,
				"seconds":	1,
				"bytes":	2932200,
				"bits_per_second":	23457600,
				"retransmits":	0,
				"omitted":	false,
				"sender":	true
			}
		}, {
			"streams":	[{
					"socket":	5,
					"start":	2.000084,
					"end":	3.000097,
					"seconds":	1.000012993812561,
					"bytes":	2801880,
					"bits_per_second":	22414748.746956181,
					"retransmits":	0,
					"snd_cwnd":	389512,
					"snd_wnd":	973312,
					"rtt":	162850,
					"rttvar":	1144,
					"pmtu":	1500,
					"omitted":	false,
					"sender":	true
				}],
			"sum":	{
				"start":	2.000084,
				"end":	3.000097,
				"seconds":	1.000012993812561,
				"bytes":	2801880,
				"bits_per_second":	22414748.746956181,
				"retransmits":	0,
				"omitted":	false,
				"sender":	true
			}
		}, {
			"streams":	[{
					"socket":	5,
					"start":	3.000097,
					"end":	4.00014,
					"seconds":	1.0000430345535278,
					"bytes":	2801880,
					"bits_per_second":	22414075.420271549,
					"retransmits":	0,
					"snd_cwnd":	501008,
					"snd_wnd":	1044864,
					"rtt":	217409,
					"rttvar":	1941,
					"pmtu":	1500,
					"omitted":	false,
					"sender":	true
				}],
			"sum":	{
				"start":	3.000097,
				"end":	4.00014,
				"seconds":	1.0000430345535278,
				"bytes":	2801880,
				"bits_per_second":	22414075.420271549,
				"retransmits":	0,
				"omitted":	false,
				"sender":	true
			}
		}, {
			"streams":	[{
					"socket":	5,
					"start":	4.00014,
					"end":	5.000325,
					"seconds":	1.0001850128173828,
					"bytes":	2280600,
					"bits_per_second":	18241425.1025487,
					"retransmits":	0,
					"snd_cwnd":	599472,
					"snd_wnd":	1116288,
					"rtt":	207791,
					"rttvar":	8921,
					"pmtu":	1500,
					"omitted":	false,
					"sender":	true
				}],
			"sum":	{
				"start":	4.00014,
				"end":	5.000325,
				"seconds":	1.0001850128173828,
				"bytes":	2280600,
				"bits_per_second":	18241425.1025487,
				"retransmits":	0,
				"omitted":	false,
				"sender":	true
			}
		}, {
			"streams":	[{
					"socket":	5,
					"start":	5.000325,
					"end":	6.00027,
					"seconds":	0.99994498491287231,
					"bytes":	2410920,
					"bits_per_second":	19288421.154170353,
					"retransmits":	0,
					"snd_cwnd":	599472,
					"snd_wnd":	1116288,
					"rtt":	177527,
					"rttvar":	24738,
					"pmtu":	1500,
					"omitted":	false,
					"sender":	true
				}],
			"sum":	{
				"start":	5.000325,
				"end":	6.00027,
				"seconds":	0.99994498491287231,
				"bytes":	2410920,
				"bits_per_second":	19288421.154170353,
				"retransmits":	0,
				"omitted":	false,
				"sender":	true
			}
		}, {
			"streams":	[{
					"socket":	5,
					"start":	6.00027,
					"end":	7.000097,
					"seconds":	0.99982702732086182,
					"bytes":	2441656,
					"bits_per_second":	19536627.302765884,
					"retransmits":	0,
					"snd_cwnd":	599472,
					"snd_wnd":	1116288,
					"rtt":	184934,
					"rttvar":	8918,
					"pmtu":	1500,
					"omitted":	false,
					"sender":	true
				}],
			"sum":	{
				"start":	6.00027,
				"end":	7.000097,
				"seconds":	0.99982702732086182,
				"bytes":	2441656,
				"bits_per_second":	19536627.302765884,
				"retransmits":	0,
				"omitted":	false,
				"sender":	true
			}
		}, {
			"streams":	[{
					"socket":	5,
					"start":	7.000097,
					"end":	8.000514,
					"seconds":	1.0004169940948486,
					"bytes":	1207304,
					"bits_per_second":	9654406.16963799,
					"retransmits":	0,
					"snd_cwnd":	599472,
					"snd_wnd":	1116288,
					"rtt":	253337,
					"rttvar":	11226,
					"pmtu":	1500,
					"omitted":	false,
					"sender":	true
				}],
			"sum":	{
				"start":	7.000097,
				"end":	8.000514,
				"seconds":	1.0004169940948486,
				"bytes":	1207304,
				"bits_per_second":	9654406.16963799,
				"retransmits":	0,
				"omitted":	false,
				"sender":	true
			}
		}, {
			"streams":	[{
					"socket":	5,
					"start":	8.000514,
					"end":	9.000342,
					"seconds":	0.99982798099517822,
					"bytes":	2462712,
					"bits_per_second":	19705085.649223309,
					"retransmits":	0,
					"snd_cwnd":	599472,
					"snd_wnd":	1116288,
					"rtt":	188116,
					"rttvar":	9639,
					"pmtu":	1500,
					"omitted":	false,
					"sender":	true
				}],
			"sum":	{
				"start":	8.000514,
				"end":	9.000342,
				"seconds":	0.99982798099517822,
				"bytes":	2462712,
				"bits_per_second":	19705085.649223309,
				"retransmits":	0,
				"omitted":	false,
				"sender":	true
			}
		}, {
			"streams":	[{
					"socket":	5,
					"start":	9.000342,
					"end":	10.000193,
					"seconds":	0.99985098838806152,
					"bytes":	2489448,
					"bits_per_second":	19918552.095555238,
					"retransmits":	0,
					"snd_cwnd":	599472,
					"snd_wnd":	1116288,
					"rtt":	254084,
					"rttvar":	10554,
					"pmtu":	1500,
					"omitted":	false,
					"sender":	true
				}],
			"sum":	{
				"start":	9.000342,
				"end":	10.000193,
				"seconds":	0.99985098838806152,
				"bytes":	2489448,
				"bits_per_second":	19918552.095555238,
				"retransmits":	0,
				"omitted":	false,
				"sender":	true
			}
		}, {
			"streams":	[{
					"socket":	5,
					"start":	10.000193,
					"end":	11.000599,
					"seconds":	1.00040602684021,
					"bytes":	1180568,
					"bits_per_second":	9440710.8180172238,
					"retransmits":	0,
					"snd_cwnd":	599472,
					"snd_wnd":	1116288,
					"rtt":	181715,
					"rttvar":	6508,
					"pmtu":	1500,
					"omitted":	false,
					"sender":	true
				}],
			"sum":	{
				"start":	10.000193,
				"end":	11.000599,
				"seconds":	1.00040602684021,
				"bytes":	1180568,
				"bits_per_second":	9440710.8180172238,
				"retransmits":	0,
				"omitted":	false,
				"sender":	true
			}
		}, {
			"streams":	[{
					"socket":	5,
					"start":	11.000599,
					"end":	12.000465,
					"seconds":	0.999866008758545,
					"bytes":	2468392,
					"bits_per_second":	19749782.297848556,
					"retransmits":	0,
					"snd_cwnd":	599472,
					"snd_wnd":	1116288,
					"rtt":	216748,
					"rttvar":	9133,
					"pmtu":	1500,
					"omitted":	false,
					"sender":	true
				}],
			"sum":	{
				"start":	11.000599,
				"end":	12.000465,
				"seconds":	0.999866008758545,
				"bytes":	2468392,
				"bits_per_second":	19749782.297848556,
				"retransmits":	0,
				"omitted":	false,