{
	"start":	{
		"connected":	[{
				"socket":	5,
				"local_host":	"129.93.240.12",
				"local_port":	37732,
				"remote_host":	"10.53.1.2",
				"remote_port":	55002
			}],
		"version":	"iperf 3.12",
		"system_info":	"Linux rpi2 6.6.74+rpt-rpi-v8 #1 SMP PREEMPT Debian 1:6.6.74-1+rpt1 (2025-01-27) aarch64",
		"timestamp":	{
			"time":	"Thu, 15 May 2025 19:10:58 GMT",
			"timesecs":	1747336258
		},
		"connecting_to":	{
			"host":	"10.53.1.2",
			"port":	55002
		},
		"cookie":	"fd5iazm3d35zcmvthnte3a5wfontd43zwgve",
		"tcp_mss_default":	1448,
		"target_bitrate":	0,
		"sock_bufsize":	0,
		"sndbuf_actual":	16384,
		"rcvbuf_actual":	131072,
		"test_start":	{
			"protocol":	"TCP",
			"num_streams":	1,
			"blksize":	131072,
			"omit":	0,
			"duration":	20,
			"bytes":	0,
			"blocks":	0,
			"reverse":	0,
			"tos":	0,
			"target_bitrate":	0
		}
	},
	"intervals":	[{
			"streams":	[{
					"socket":	5,
					"start":	0,
					"end":	1.000096,
					"seconds":	1.0000959634780884,
					"bytes":	3408592,
					"bits_per_second":	27266119.448343765,
					"retransmits":	0,
					"snd_cwnd":	185344,
					"snd_wnd":	543488,
					"rtt":	70849,
					"rttvar":	1708,
					"pmtu":	1500,
					"omitted":	false,
					"sender":	true
				}],
			"sum":	{
				"start":	0,
				"end":	1.000096,
				"seconds":	1.0000959634780884,
				"bytes":	3408592,
				"bits_per_second":	27266119.448343765,
				"retransmits":	0,
				"omitted":	false,
				"sender":	true
			}
		}, {
			"streams":	[{
					"socket":	5,
					"start":	1.000096,
					"end":	2.000243,
					"seconds":	1.0001469850540161,
					"bytes":	2671560,
					"bits_per_second":	21369339.026548892,
					"retransmits":	0,
					"snd_cwnd":	311320,
					"snd_wnd":	657920,
					"rtt":	117826,
					"rttvar":	2408,
					"pmtu":	1500,
					"omitted":	false,
					"sender":	true
				}],
			"sum":	{
				"start":	1.000096,
				"end":	2.000243,
				"seconds":	1.0001469850540161,
				"bytes":	2671560,
				"bits_per_second":	21369339.026548892,
				"retransmits":	0,
				"omitted":	false,
				"sender":	true
			}
		}, {
			"streams":	[{
					"socket":	5,
					"start":	2.000243,
					"end":	3.000327,
					"seconds":	1.0000840425491333,
					"bytes":	2997360,
					"bits_per_second":	23976864.923151635,
					"retransmits":	0,
					"snd_cwnd":	438744,
					"snd_wnd":	925184,
					"rtt":	164854,
					"rttvar":	325,
					"pmtu":	1500,
					"omitted":	false,
					"sender":	true
				}],
			"sum":	{
				"start":	2.000243,
				"end":	3.000327,
				"seconds":	1.0000840425491333,
				"bytes":	2997360,
				"bits_per_second":	23976864.923151635,
				"retransmits":	0,
				"omitted":	false,
				"sender":	true
			}
		}, {
			"streams":	[{
					"socket":	5,
					"start":	3.000327,
					"end":	4.000793,
					"seconds":	1.000465989112854,
					"bytes":	4105080,
					"bits_per_second":	32825343.747188121,
					"retransmits":	0,
					"snd_cwnd":	564720,
					"snd_wnd":	1101056,
					"rtt":	137526,
					"rttvar":	2300,
					"pmtu":	1500,
					"omitted":	false,
					"sender":	true
				}],
			"sum":	{
				"start":	3.000327,
				"end":	4.000793,
				"seconds":	1.000465989112854,
				"bytes":	4105080,
				"bits_per_second":	32825343.747188121,
				"retransmits":	0,
				"omitted":	false,
				"sender":	true
			}
		}, {
			"streams":	[{
					"socket":	5,
					"start":	4.000793,
					"end":	5.000182,
					"seconds":	0.99938899278640747,
					"bytes":	2345760,
					"bits_per_second":	18777553.220471326,
					"retransmits":	0,
					"snd_cwnd":	590784,
					"snd_wnd":	1101056,
					"rtt":	191788,
					"rttvar":	8189,
					"pmtu":	1500,
					"omitted":	false,
					"sender":	true
				}],
			"sum":	{
				"start":	4.000793,
				"end":	5.000182,
				"seconds":	0.99938899278640747,
				"bytes":	2345760,
				"bits_per_second":	18777553.220471326,
				"retransmits":	0,
				"omitted":	false,
				"sender":	true
			}
		}, {
			"streams":	[{
					"socket":	5,
					"start":	5.000182,
					"end":	6.00023,
					"seconds":	1.000048041343689,
					"bytes":	2345760,
					"bits_per_second":	18765178.495610509,
					"retransmits":	0,
					"snd_cwnd":	590784,
					"snd_wnd":	1101056,
					"rtt":	154082,
					"rttvar":	7388,
					"pmtu":	1500,
					"omitted":	false,
					"sender":	true
				}],
			"sum":	{
				"start":	5.000182,
				"end":	6.00023,
				"seconds":	1.000048041343689,
				"bytes":	2345760,
				"bits_per_second":	18765178.495610509,
				"retransmits":	0,
				"omitted":	false,
				"sender":	true
			}
		}, {
			"streams":	[{
					"socket":	5,
					"start":	6.00023,
					"end":	7.000253,
					"seconds":	1.0000230073928833,
					"bytes":	2345760,
					"bits_per_second":	18765648.251357973,
					"retransmits":	0,
					"snd_cwnd":	590784,
					"snd_wnd":	1101056,
					"rtt":	219029,
					"rttvar":	16347,
					"pmtu":	1500,
					"omitted":	false,
					"sender":	true
				}],
			"sum":	{
				"start":	6.00023,
				"end":	7.000253,
				"seconds":	1.0000230073928833,
				"bytes":	2345760,
				"bits_per_second":	18765648.251357973,
				"retransmits":	0,
				"omitted":	false,
				"sender":	true
			}
		}, {
			"streams":	[{
					"socket":	5,
					"start":	7.000253,
					"end":	8.000332,
					"seconds":	1.0000790357589722,
					"bytes":	2455584,
					"bits_per_second":	19643119.491142437,
					"retransmits":	0,
					"snd_cwnd":	619744,
					"snd_wnd":	1101056,
					"rtt":	204045,
					"rttvar":	8496,
					"pmtu":	1500,
					"omitted":	false,
					"sender":	true
				}],
			"sum":	{
				"start":	7.000253,
				"end":	8.000332,
				"seconds":	1.0000790357589722,
				"bytes":	2455584,
				"bits_per_second":	19643119.491142437,
				"retransmits":	0,
				"omitted":	false,
				"sender":	true
			}
		}, {
			"streams":	[{
					"socket":	5,
					"start":	8.000332,
					"end":	9.000352,
					"seconds":	1.0000200271606445,
					"bytes":	2490368,
					"bits_per_second":	19922545.007990677,
					"retransmits":	0,
					"snd_cwnd":	619744,
					"snd_wnd":	1101056,
					"rtt":	170129,
					"rttvar":	8709,
					"pmtu":	1500,
					"omitted":	false,
					"sender":	true
				}],
			"sum":	{
				"start":	8.000332,
				"end":	9.000352,
				"seconds":	1.0000200271606445,
				"bytes":	2490368,
				"bits_per_second":	19922545.007990677,
				"retransmits":	0,
				"omitted":	false,
				"sender":	true
			}
		}, {
			"streams":	[{
					"socket":	5,
					"start":	9.000352,
					"end":	10.000348,
					"seconds":	0.9999960064888,
					"bytes":	2490368,
					"bits_per_second":	19923023.562817734,
					"retransmits":	0,
					"snd_cwnd":	619744,
					"snd_wnd":	1101056,
					"rtt":	152257,
					"rttvar":	15567,
					"pmtu":	1500,
					"omitted":	false,
					"sender":	true
				}],
			"sum":	{
				"start":	9.000352,
				"end":	10.000348,
				"seconds":	0.9999960064888,
				"bytes":	2490368,
				"bits_per_second":	19923023.562817734,
				"retransmits":	0,
				"omitted":	false,
				"sender":	true
			}
		}, {
			"streams":	[{
					"socket":	5,
					"start":	10.000348,
					"end":	11.000318,
					"seconds":	0.999970018863678,
					"bytes":	2490368,
					"bits_per_second":	19923541.330408644,
					"retransmits":	0,
					"snd_cwnd":	619744,
					"snd_wnd":	1101056,
					"rtt":	201911,
					"rttvar":	5090,
					"pmtu":	1500,
					"omitted":	false,
					"sender":	true
				}],
			"sum":	{
				"start":	10.000348,
				"end":	11.000318,
				"seconds":	0.999970018863678,
				"bytes":	2490368,
				"bits_per_second":	19923541.330408644,
				"retransmits":	0,
				"omitted":	false,
				"sender":	true
			}
		}, {
			"streams":	[{
					"socket":	5,
					"start":	11.000318,
					"end":	12.000305,
					"seconds":	0.999987006187439,
					"bytes":	2490368,
					"bits_per_second":	19923202.878363818,
					"retransmits":	0,
					"snd_cwnd":	619744,
					"snd_wnd":	1101056,
					"rtt":	170163,
					"rttvar":	8401,
					"pmtu":	1500,
					"omitted":	false,
					"sender":	true
				}],
			"sum":	{
				"start":	11.000318,
				"end":	12.000305,
				"seconds":	0.999987006187439,
				"bytes":	2490368,
				"bits_per_second":	19923202.878363818,
				"retransmits":	0,