{
	"start":	{
		"connected":	[{
				"socket":	5,
				"local_host":	"129.93.240.12",
				"local_port":	55262,
				"remote_host":	"10.53.1.2",
				"remote_port":	55002
			}],
		"version":	"iperf 3.12",
		"system_info":	"Linux rpi2 6.6.74+rpt-rpi-v8 #1 SMP PREEMPT Debian 1:6.6.74-1+rpt1 (2025-01-27) aarch64",
		"timestamp":	{
			"time":	"Thu, 15 May 2025 19:11:21 GMT",
			"timesecs":	1747336281
		},
		"connecting_to":	{
			"host":	"10.53.1.2",
			"port":	55002
		},
		"cookie":	"lkrzgult72zd2er2do7etubk2u45and5esjv",
		"tcp_mss_default":	1448,
		"target_bitrate":	0,
		"sock_bufsize":	0,
		"sndbuf_actual":	16384,
		"rcvbuf_actual":	131072,
		"test_start":	{
			"protocol":	"TCP",
			"num_streams":	1,
			"blksize":	131072,
			"omit":	0,
			"duration":	20,
			"bytes":	0,
			"blocks":	0,
			"reverse":	0,
			"tos":	0,
			"target_bitrate":	0
		}
	},
	"intervals":	[{
			"streams":	[{
					"socket":	5,
					"start":	0,
					"end":	1.000136,
					"seconds":	1.0001360177993774,
					"bytes":	3217456,
					"bits_per_second":	25736147.425862681,
					"retransmits":	0,
					"snd_cwnd":	183896,
					"snd_wnd":	543488,
					"rtt":	70401,
					"rttvar":	2204,
					"pmtu":	1500,
					"omitted":	false,
					"sender":	true
				}],
			"sum":	{
				"start":	0,
				"end":	1.000136,
				"seconds":	1.0001360177993774,
				"bytes":	3217456,
				"bits_per_second":	25736147.425862681,
				"retransmits":	0,
				"omitted":	false,
				"sender":	true
			}
		}, {
			"streams":	[{
					"socket":	5,
					"start":	1.000136,
					"end":	2.000163,
					"seconds":	1.0000269412994385,
					"bytes":	3127680,
					"bits_per_second":	25020765.908053491,
					"retransmits":	0,
					"snd_cwnd":	308424,
					"snd_wnd":	638592,
					"rtt":	118133,
					"rttvar":	2776,
					"pmtu":	1500,
					"omitted":	false,
					"sender":	true
				}],
			"sum":	{
				"start":	1.000136,
				"end":	2.000163,
				"seconds":	1.0000269412994385,
				"bytes":	3127680,
				"bits_per_second":	25020765.908053491,
				"retransmits":	0,
				"omitted":	false,
				"sender":	true
			}
		}, {
			"streams":	[{
					"socket":	5,
					"start":	2.000163,
					"end":	3.000218,
					"seconds":	1.0000549554824829,
					"bytes":	2997360,
					"bits_per_second":	23977562.301494956,
					"retransmits":	0,
					"snd_cwnd":	434400,
					"snd_wnd":	904320,
					"rtt":	164160,
					"rttvar":	1894,
					"pmtu":	1500,
					"omitted":	false,
					"sender":	true
				}],
			"sum":	{
				"start":	2.000163,
				"end":	3.000218,
				"seconds":	1.0000549554824829,
				"bytes":	2997360,
				"bits_per_second":	23977562.301494956,
				"retransmits":	0,
				"omitted":	false,
				"sender":	true
			}
		}, {
			"streams":	[{
					"socket":	5,
					"start":	3.000218,
					"end":	4.000294,
					"seconds":	1.0000760555267334,
					"bytes":	2997360,
					"bits_per_second":	23977056.412345044,
					"retransmits":	0,
					"snd_cwnd":	560376,
					"snd_wnd":	1096576,
					"rtt":	165101,
					"rttvar":	6427,
					"pmtu":	1500,
					"omitted":	false,
					"sender":	true
				}],
			"sum":	{
				"start":	3.000218,
				"end":	4.000294,
				"seconds":	1.0000760555267334,
				"bytes":	2997360,
				"bits_per_second":	23977056.412345044,
				"retransmits":	0,
				"omitted":	false,
				"sender":	true
			}
		}, {
			"streams":	[{
					"socket":	5,
					"start":	4.000294,
					"end":	5.000526,
					"seconds":	1.0002319812774658,
					"bytes":	2410920,
					"bits_per_second":	19282886.731302842,
					"retransmits":	0,
					"snd_cwnd":	611056,
					"snd_wnd":	1096576,
					"rtt":	225251,
					"rttvar":	5139,
					"pmtu":	1500,
					"omitted":	false,
					"sender":	true
				}],
			"sum":	{
				"start":	4.000294,
				"end":	5.000526,
				"seconds":	1.0002319812774658,
				"bytes":	2410920,
				"bits_per_second":	19282886.731302842,
				"retransmits":	0,
				"omitted":	false,
				"sender":	true
			}
		}, {
			"streams":	[{
					"socket":	5,
					"start":	5.000526,
					"end":	6.0001,
					"seconds":	0.99957400560379028,
					"bytes":	3714120,
					"bits_per_second":	29725622.948800031,
					"retransmits":	0,
					"snd_cwnd":	641464,
					"snd_wnd":	1096576,
					"rtt":	182536,
					"rttvar":	8776,
					"pmtu":	1500,
					"omitted":	false,
					"sender":	true
				}],
			"sum":	{
				"start":	5.000526,
				"end":	6.0001,
				"seconds":	0.99957400560379028,
				"bytes":	3714120,
				"bits_per_second":	29725622.948800031,
				"retransmits":	0,
				"omitted":	false,
				"sender":	true
			}
		}, {
			"streams":	[{
					"socket":	5,
					"start":	6.0001,
					"end":	7.000101,
					"seconds":	1.0000009536743164,
					"bytes":	2476080,
					"bits_per_second":	19808621.1090268,
					"retransmits":	0,
					"snd_cwnd":	641464,
					"snd_wnd":	1096576,
					"rtt":	176499,
					"rttvar":	9259,
					"pmtu":	1500,
					"omitted":	false,
					"sender":	true
				}],
			"sum":	{
				"start":	6.0001,
				"end":	7.000101,
				"seconds":	1.0000009536743164,
				"bytes":	2476080,
				"bits_per_second":	19808621.1090268,
				"retransmits":	0,
				"omitted":	false,
				"sender":	true
			}
		}, {
			"streams":	[{
					"socket":	5,
					"start":	7.000101,
					"end":	8.000099,
					"seconds":	0.99999797344207764,
					"bytes":	2520912,
					"bits_per_second":	20167336.870276306,
					"retransmits":	0,
					"snd_cwnd":	641464,
					"snd_wnd":	1096576,
					"rtt":	165532,
					"rttvar":	7029,
					"pmtu":	1500,
					"omitted":	false,
					"sender":	true
				}],
			"sum":	{
				"start":	7.000101,
				"end":	8.000099,
				"seconds":	0.99999797344207764,
				"bytes":	2520912,
				"bits_per_second":	20167336.870276306,
				"retransmits":	0,
				"omitted":	false,
				"sender":	true
			}
		}, {
			"streams":	[{
					"socket":	5,
					"start":	8.000099,
					"end":	9.000125,
					"seconds":	1.0000259876251221,
					"bytes":	2621440,
					"bits_per_second":	20970975.014162887,
					"retransmits":	0,
					"snd_cwnd":	641464,
					"snd_wnd":	1096576,
					"rtt":	208827,
					"rttvar":	12323,
					"pmtu":	1500,
					"omitted":	false,
					"sender":	true
				}],
			"sum":	{
				"start":	8.000099,
				"end":	9.000125,
				"seconds":	1.0000259876251221,
				"bytes":	2621440,
				"bits_per_second":	20970975.014162887,
				"retransmits":	0,
				"omitted":	false,
				"sender":	true
			}
		}, {
			"streams":	[{
					"socket":	5,
					"start":	9.000125,
					"end":	10.000532,
					"seconds":	1.0004069805145264,
					"bytes":	1308488,
					"bits_per_second":	10463645.50017052,
					"retransmits":	0,
					"snd_cwnd":	641464,
					"snd_wnd":	1096576,
					"rtt":	193648,
					"rttvar":	8954,
					"pmtu":	1500,
					"omitted":	false,
					"sender":	true
				}],
			"sum":	{
				"start":	9.000125,
				"end":	10.000532,
				"seconds":	1.0004069805145264,
				"bytes":	1308488,
				"bits_per_second":	10463645.50017052,
				"retransmits":	0,
				"omitted":	false,
				"sender":	true
			}
		}, {
			"streams":	[{
					"socket":	5,
					"start":	10.000532,
					"end":	11.00053,
					"seconds":	0.99999797344207764,
					"bytes":	2476080,
					"bits_per_second":	19808680.143437676,
					"retransmits":	0,
					"snd_cwnd":	641464,
					"snd_wnd":	1096576,
					"rtt":	157711,
					"rttvar":	7507,
					"pmtu":	1500,
					"omitted":	false,
					"sender":	true
				}],
			"sum":	{
				"start":	10.000532,
				"end":	11.00053,
				"seconds":	0.99999797344207764,
				"bytes":	2476080,
				"bits_per_second":	19808680.143437676,
				"retransmits":	0,
				"omitted":	false,
				"sender":	true
			}
		}, {
			"streams":	[{
					"socket":	5,
					"start":	11.00053,
					"end":	12.000729,
					"seconds":	1.00019896030426,
					"bytes":	2476080,
					"bits_per_second":	19804699.650931668,
					"retransmits":	0,
					"snd_cwnd":	641464,
					"snd_wnd":	1096576,
					"rtt":	141513,
					"rttvar":	14436,
					"pmtu":	1500,
					"omitted":	false,
					"sender":	true
				}],
			"sum":	{
				"start":	11.00053,
				"end":	12.000729,
				"seconds":	1.00019896030426,
				"bytes":	2476080,
				"bits_per_second":	19804699.650931668,
				"retransmits":	0,