{
	"start":	{
		"connected":	[{
				"socket":	5,
				"local_host":	"129.93.240.12",
				"local_port":	36902,
				"remote_host":	"10.53.1.2",
				"remote_port":	55002
			}],
		"version":	"iperf 3.12",
		"system_info":	"Linux rpi2 6.6.74+rpt-rpi-v8 #1 SMP PREEMPT Debian 1:6.6.74-1+rpt1 (2025-01-27) aarch64",
		"timestamp":	{
			"time":	"Thu, 15 May 2025 19:04:18 GMT",
			"timesecs":	1747335858
		},
		"connecting_to":	{
			"host":	"10.53.1.2",
			"port":	55002
		},
		"cookie":	"o23xqxnff3z3crwlvsws7jsco2ku5enly6a3",
		"tcp_mss_default":	1448,
		"target_bitrate":	0,
		"sock_bufsize":	0,
		"sndbuf_actual":	16384,
		"rcvbuf_actual":	131072,
		"test_start":	{
			"protocol":	"TCP",
			"num_streams":	1,
			"blksize":	131072,
			"omit":	0,
			"duration":	20,
			"bytes":	0,
			"blocks":	0,
			"reverse":	0,
			"tos":	0,
			"target_bitrate":	0
		}
	},
	"intervals":	[{
			"streams":	[{
					"socket":	5,
					"start":	0,
					"end":	1.000095,
					"seconds":	1.000095009803772,
					"bytes":	3460720,
					"bits_per_second":	27683129.831266936,
					"retransmits":	0,
					"snd_cwnd":	165072,
					"snd_wnd":	605568,
					"rtt":	42517,
					"rttvar":	3087,
					"pmtu":	1500,
					"omitted":	false,
					"sender":	true
				}],
			"sum":	{
				"start":	0,
				"end":	1.000095,
				"seconds":	1.000095009803772,
				"bytes":	3460720,
				"bits_per_second":	27683129.831266936,
				"retransmits":	0,
				"omitted":	false,
				"sender":	true
			}
		}, {
			"streams":	[{
					"socket":	5,
					"start":	1.000095,
					"end":	2.000104,
					"seconds":	1.0000089406967163,
					"bytes":	5212800,
					"bits_per_second":	41702027.154822752,
					"retransmits":	0,
					"snd_cwnd":	369240,
					"snd_wnd":	822528,
					"rtt":	81106,
					"rttvar":	2633,
					"pmtu":	1500,
					"omitted":	false,
					"sender":	true
				}],
			"sum":	{
				"start":	1.000095,
				"end":	2.000104,
				"seconds":	1.0000089406967163,
				"bytes":	5212800,
				"bits_per_second":	41702027.154822752,
				"retransmits":	0,
				"omitted":	false,
				"sender":	true
			}
		}, {
			"streams":	[{
					"socket":	5,
					"start":	2.000104,
					"end":	3.000139,
					"seconds":	1.0000350475311279,
					"bytes":	4952160,
					"bits_per_second":	39615891.560807362,
					"retransmits":	0,
					"snd_cwnd":	573408,
					"snd_wnd":	1157376,
					"rtt":	90813,
					"rttvar":	9702,
					"pmtu":	1500,
					"omitted":	false,
					"sender":	true
				}],
			"sum":	{
				"start":	2.000104,
				"end":	3.000139,
				"seconds":	1.0000350475311279,
				"bytes":	4952160,
				"bits_per_second":	39615891.560807362,
				"retransmits":	0,
				"omitted":	false,
				"sender":	true
			}
		}, {
			"streams":	[{
					"socket":	5,
					"start":	3.000139,
					"end":	4.000323,
					"seconds":	1.0001840591430664,
					"bytes":	3675824,
					"bits_per_second":	29401180.443922352,
					"retransmits":	0,
					"snd_cwnd":	631328,
					"snd_wnd":	1157376,
					"rtt":	129008,
					"rttvar":	3891,
					"pmtu":	1500,
					"omitted":	false,
					"sender":	true
				}],
			"sum":	{
				"start":	3.000139,
				"end":	4.000323,
				"seconds":	1.0001840591430664,
				"bytes":	3675824,
				"bits_per_second":	29401180.443922352,
				"retransmits":	0,
				"omitted":	false,
				"sender":	true
			}
		}, {
			"streams":	[{
					"socket":	5,
					"start":	4.000323,
					"end":	5.0001,
					"seconds":	0.99977701902389526,
					"bytes":	4980736,
					"bits_per_second":	39854774.856599957,
					"retransmits":	0,
					"snd_cwnd":	631328,
					"snd_wnd":	1157376,
					"rtt":	103431,
					"rttvar":	3296,
					"pmtu":	1500,
					"omitted":	false,
					"sender":	true
				}],
			"sum":	{
				"start":	4.000323,
				"end":	5.0001,
				"seconds":	0.99977701902389526,
				"bytes":	4980736,
				"bits_per_second":	39854774.856599957,
				"retransmits":	0,
				"omitted":	false,
				"sender":	true
			}
		}, {
			"streams":	[{
					"socket":	5,
					"start":	5.0001,
					"end":	6.000144,
					"seconds":	1.0000439882278442,
					"bytes":	3801088,
					"bits_per_second":	30407366.433837164,
					"retransmits":	0,
					"snd_cwnd":	631328,
					"snd_wnd":	1157376,
					"rtt":	90823,
					"rttvar":	1394,
					"pmtu":	1500,
					"omitted":	false,
					"sender":	true
				}],
			"sum":	{
				"start":	5.0001,
				"end":	6.000144,
				"seconds":	1.0000439882278442,
				"bytes":	3801088,
				"bits_per_second":	30407366.433837164,
				"retransmits":	0,
				"omitted":	false,
				"sender":	true
			}
		}, {
			"streams":	[{
					"socket":	5,
					"start":	6.000144,
					"end":	7.000229,
					"seconds":	1.00008499622345,
					"bytes":	3767192,
					"bits_per_second":	30134974.640961766,
					"retransmits":	0,
					"snd_cwnd":	631328,
					"snd_wnd":	1653888,
					"rtt":	114143,
					"rttvar":	3274,
					"pmtu":	1500,
					"omitted":	false,
					"sender":	true
				}],
			"sum":	{
				"start":	6.000144,
				"end":	7.000229,
				"seconds":	1.00008499622345,
				"bytes":	3767192,
				"bits_per_second":	30134974.640961766,
				"retransmits":	0,
				"omitted":	false,
				"sender":	true
			}
		}, {
			"streams":	[{
					"socket":	5,
					"start":	7.000229,
					"end":	8.000296,
					"seconds":	1.0000669956207275,
					"bytes":	3834984,
					"bits_per_second":	30677816.720626235,
					"retransmits":	0,
					"snd_cwnd":	631328,
					"snd_wnd":	1653888,
					"rtt":	92482,
					"rttvar":	2435,
					"pmtu":	1500,
					"omitted":	false,
					"sender":	true
				}],
			"sum":	{
				"start":	7.000229,
				"end":	8.000296,
				"seconds":	1.0000669956207275,
				"bytes":	3834984,
				"bits_per_second":	30677816.720626235,
				"retransmits":	0,
				"omitted":	false,
				"sender":	true
			}
		}, {
			"streams":	[{
					"socket":	5,
					"start":	8.000296,
					"end":	9.000335,
					"seconds":	1.0000389814376831,
					"bytes":	3801088,
					"bits_per_second":	30407518.671205822,
					"retransmits":	0,
					"snd_cwnd":	631328,
					"snd_wnd":	1653888,
					"rtt":	89635,
					"rttvar":	3881,
					"pmtu":	1500,
					"omitted":	false,
					"sender":	true
				}],
			"sum":	{
				"start":	8.000296,
				"end":	9.000335,
				"seconds":	1.0000389814376831,
				"bytes":	3801088,
				"bits_per_second":	30407518.671205822,
				"retransmits":	0,
				"omitted":	false,
				"sender":	true
			}
		}, {
			"streams":	[{
					"socket":	5,
					"start":	9.000335,
					"end":	10.000105,
					"seconds":	0.99976998567581177,
					"bytes":	4980736,
					"bits_per_second":	39855055.233595043,
					"retransmits":	0,
					"snd_cwnd":	631328,
					"snd_wnd":	1653888,
					"rtt":	135866,
					"rttvar":	3225,
					"pmtu":	1500,
					"omitted":	false,
					"sender":	true
				}],
			"sum":	{
				"start":	9.000335,
				"end":	10.000105,
				"seconds":	0.99976998567581177,
				"bytes":	4980736,
				"bits_per_second":	39855055.233595043,
				"retransmits":	0,
				"omitted":	false,
				"sender":	true
			}
		}, {
			"streams":	[{
					"socket":	5,
					"start":	10.000105,
					"end":	11.000172,
					"seconds":	1.0000669956207275,
					"bytes":	3932160,
					"bits_per_second":	31455172.641183812,
					"retransmits":	0,
					"snd_cwnd":	631328,
					"snd_wnd":	1653888,
					"rtt":	118038,
					"rttvar":	2667,
					"pmtu":	1500,
					"omitted":	false,
					"sender":	true
				}],
			"sum":	{
				"start":	10.000105,
				"end":	11.000172,
				"seconds":	1.0000669956207275,
				"bytes":	3932160,
				"bits_per_second":	31455172.641183812,
				"retransmits":	0,
				"omitted":	false,
				"sender":	true
			}
		}, {
			"streams":	[{
					"socket":	5,
					"start":	11.000172,
					"end":	12.000228,
					"seconds":	1.0000560283660889,
					"bytes":	3780952,
					"bits_per_second":	30245921.370444763,
					"retransmits":	0,
					"snd_cwnd":	631328,
					"snd_wnd":	1653888,
					"rtt":	111822,
					"rttvar":	3744,
					"pmtu":	1500,
					"omitted":	false,
					"sender":	true
				}],
			"sum":	{
				"start":	11.000172,
				"end":	12.000228,
				"seconds":	1.0000560283660889,
				"bytes":	3780952,
				"bits_per_second":	30245921.370444763,
				"retransmits":	0,