{
	"start":	{
		"connected":	[{
				"socket":	5,
				"local_host":	"129.93.240.12",
				"local_port":	45500,
				"remote_host":	"10.53.1.2",
				"remote_port":	55002
			}],
		"version":	"iperf 3.12",
		"system_info":	"Linux rpi2 6.6.74+rpt-rpi-v8 #1 SMP PREEMPT Debian 1:6.6.74-1+rpt1 (2025-01-27) aarch64",
		"timestamp":	{
			"time":	"Thu, 15 May 2025 18:56:03 GMT",
			"timesecs":	1747335363
		},
		"connecting_to":	{
			"host":	"10.53.1.2",
			"port":	55002
		},
		"cookie":	"grc3sdeacyzw73nq747f72dq2tovb23rp7f5",
		"tcp_mss_default":	1448,
		"target_bitrate":	0,
		"sock_bufsize":	0,
		"sndbuf_actual":	16384,
		"rcvbuf_actual":	131072,
		"test_start":	{
			"protocol":	"TCP",
			"num_streams":	1,
			"blksize":	131072,
			"omit":	0,
			"duration":	20,
			"bytes":	0,
			"blocks":	0,
			"reverse":	0,
			"tos":	0,
			"target_bitrate":	0
		}
	},
	"intervals":	[{
			"streams":	[{
					"socket":	5,
					"start":	0,
					"end":	1.000114,
					"seconds":	1.0001139640808105,
					"bytes":	4177480,
					"bits_per_second":	33416031.772654694,
					"retransmits":	0,
					"snd_cwnd":	204168,
					"snd_wnd":	1016064,
					"rtt":	55050,
					"rttvar":	539,
					"pmtu":	1500,
					"omitted":	false,
					"sender":	true
				}],
			"sum":	{
				"start":	0,
				"end":	1.000114,
				"seconds":	1.0001139640808105,
				"bytes":	4177480,
				"bits_per_second":	33416031.772654694,
				"retransmits":	0,
				"omitted":	false,
				"sender":	true
			}
		}, {
			"streams":	[{
					"socket":	5,
					"start":	1.000114,
					"end":	2.000103,
					"seconds":	0.99998897314071655,
					"bytes":	5994720,
					"bits_per_second":	47958288.8293024,
					"retransmits":	0,
					"snd_cwnd":	437296,
					"snd_wnd":	1016064,
					"rtt":	87692,
					"rttvar":	809,
					"pmtu":	1500,
					"omitted":	false,
					"sender":	true
				}],
			"sum":	{
				"start":	1.000114,
				"end":	2.000103,
				"seconds":	0.99998897314071655,
				"bytes":	5994720,
				"bits_per_second":	47958288.8293024,
				"retransmits":	0,
				"omitted":	false,
				"sender":	true
			}
		}, {
			"streams":	[{
					"socket":	5,
					"start":	2.000103,
					"end":	3.000198,
					"seconds":	1.000095009803772,
					"bytes":	5556440,
					"bits_per_second":	44447297.071027085,
					"retransmits":	0,
					"snd_cwnd":	651600,
					"snd_wnd":	1639168,
					"rtt":	66997,
					"rttvar":	4988,
					"pmtu":	1500,
					"omitted":	false,
					"sender":	true
				}],
			"sum":	{
				"start":	2.000103,
				"end":	3.000198,
				"seconds":	1.000095009803772,
				"bytes":	5556440,
				"bits_per_second":	44447297.071027085,
				"retransmits":	0,
				"omitted":	false,
				"sender":	true
			}
		}, {
			"streams":	[{
					"socket":	5,
					"start":	3.000198,
					"end":	4.000227,
					"seconds":	1.0000289678573608,
					"bytes":	5242880,
					"bits_per_second":	41941825.035194926,
					"retransmits":	0,
					"snd_cwnd":	651600,
					"snd_wnd":	1639168,
					"rtt":	103152,
					"rttvar":	1780,
					"pmtu":	1500,
					"omitted":	false,
					"sender":	true
				}],
			"sum":	{
				"start":	3.000198,
				"end":	4.000227,
				"seconds":	1.0000289678573608,
				"bytes":	5242880,
				"bits_per_second":	41941825.035194926,
				"retransmits":	0,
				"omitted":	false,
				"sender":	true
			}
		}, {
			"streams":	[{
					"socket":	5,
					"start":	4.000227,
					"end":	5.000315,
					"seconds":	1.0000879764556885,
					"bytes":	5242880,
					"bits_per_second":	41939350.324604563,
					"retransmits":	0,
					"snd_cwnd":	684904,
					"snd_wnd":	1639168,
					"rtt":	70517,
					"rttvar":	598,
					"pmtu":	1500,
					"omitted":	false,
					"sender":	true
				}],
			"sum":	{
				"start":	4.000227,
				"end":	5.000315,
				"seconds":	1.0000879764556885,
				"bytes":	5242880,
				"bits_per_second":	41939350.324604563,
				"retransmits":	0,
				"omitted":	false,
				"sender":	true
			}
		}, {
			"streams":	[{
					"socket":	5,
					"start":	5.000315,
					"end":	6.000125,
					"seconds":	0.999809980392456,
					"bytes":	6553600,
					"bits_per_second":	52438764.393430129,
					"retransmits":	0,
					"snd_cwnd":	684904,
					"snd_wnd":	1639168,
					"rtt":	72649,
					"rttvar":	9240,
					"pmtu":	1500,
					"omitted":	false,
					"sender":	true
				}],
			"sum":	{
				"start":	5.000315,
				"end":	6.000125,
				"seconds":	0.999809980392456,
				"bytes":	6553600,
				"bits_per_second":	52438764.393430129,
				"retransmits":	0,
				"omitted":	false,
				"sender":	true
			}
		}, {
			"streams":	[{
					"socket":	5,
					"start":	6.000125,
					"end":	7.000244,
					"seconds":	1.0001189708709717,
					"bytes":	6553600,
					"bits_per_second":	52422563.241992533,
					"retransmits":	0,
					"snd_cwnd":	774680,
					"snd_wnd":	1639168,
					"rtt":	65283,
					"rttvar":	2944,
					"pmtu":	1500,
					"omitted":	false,
					"sender":	true
				}],
			"sum":	{
				"start":	6.000125,
				"end":	7.000244,
				"seconds":	1.0001189708709717,
				"bytes":	6553600,
				"bits_per_second":	52422563.241992533,
				"retransmits":	0,
				"omitted":	false,
				"sender":	true
			}
		}, {
			"streams":	[{
					"socket":	5,
					"start":	7.000244,
					"end":	8.000193,
					"seconds":	0.99994897842407227,
					"bytes":	5242880,
					"bits_per_second":	41945180.109191746,
					"retransmits":	0,
					"snd_cwnd":	774680,
					"snd_wnd":	1639168,
					"rtt":	81042,
					"rttvar":	2898,
					"pmtu":	1500,
					"omitted":	false,
					"sender":	true
				}],
			"sum":	{
				"start":	7.000244,
				"end":	8.000193,
				"seconds":	0.99994897842407227,
				"bytes":	5242880,
				"bits_per_second":	41945180.109191746,
				"retransmits":	0,
				"omitted":	false,
				"sender":	true
			}
		}, {
			"streams":	[{
					"socket":	5,
					"start":	8.000193,
					"end":	9.000238,
					"seconds":	1.0000449419021606,
					"bytes":	6553600,
					"bits_per_second":	52426443.8558896,
					"retransmits":	0,
					"snd_cwnd":	774680,
					"snd_wnd":	1639168,
					"rtt":	77006,
					"rttvar":	6437,
					"pmtu":	1500,
					"omitted":	false,
					"sender":	true
				}],
			"sum":	{
				"start":	8.000193,
				"end":	9.000238,
				"seconds":	1.0000449419021606,
				"bytes":	6553600,
				"bits_per_second":	52426443.8558896,
				"retransmits":	0,
				"omitted":	false,
				"sender":	true
			}
		}, {
			"streams":	[{
					"socket":	5,
					"start":	9.000238,
					"end":	10.000103,
					"seconds":	0.99986499547958374,
					"bytes":	7864320,
					"bits_per_second":	62923054.896849476,
					"retransmits":	0,
					"snd_cwnd":	806536,
					"snd_wnd":	1639168,
					"rtt":	60206,
					"rttvar":	736,
					"pmtu":	1500,
					"omitted":	false,
					"sender":	true
				}],
			"sum":	{
				"start":	9.000238,
				"end":	10.000103,
				"seconds":	0.99986499547958374,
				"bytes":	7864320,
				"bits_per_second":	62923054.896849476,
				"retransmits":	0,
				"omitted":	false,
				"sender":	true
			}
		}, {
			"streams":	[{
					"socket":	5,
					"start":	10.000103,
					"end":	11.000109,
					"seconds":	1.0000059604644775,
					"bytes":	5242880,
					"bits_per_second":	41942790.0014901,
					"retransmits":	0,
					"snd_cwnd":	828256,
					"snd_wnd":	1639168,
					"rtt":	105577,
					"rttvar":	3381,
					"pmtu":	1500,
					"omitted":	false,
					"sender":	true
				}],
			"sum":	{
				"start":	10.000103,
				"end":	11.000109,
				"seconds":	1.0000059604644775,
				"bytes":	5242880,
				"bits_per_second":	41942790.0014901,
				"retransmits":	0,
				"omitted":	false,
				"sender":	true
			}
		}, {
			"streams":	[{
					"socket":	5,
					"start":	11.000109,
					"end":	12.00025,
					"seconds":	1.0001410245895386,
					"bytes":	5242880,
					"bits_per_second":	41937125.834042825,
					"retransmits":	0,
					"snd_cwnd":	828256,
					"snd_wnd":	1639168,
					"rtt":	76827,
					"rttvar":	5416,
					"pmtu":	1500,
					"omitted":	false,
					"sender":	true
				}],
			"sum":	{
				"start":	11.000109,
				"end":	12.00025,
				"seconds":	1.0001410245895386,
				"bytes":	5242880,
				"bits_per_second":	41937125.834042825,
				"retransmits":	0,
				"omitted":	false,