{
	"start":	{
		"connected":	[{
				"socket":	5,
				"local_host":	"129.93.240.12",
				"local_port":	44720,
				"remote_host":	"10.53.1.2",
				"remote_port":	55002
			}],
		"version":	"iperf 3.12",
		"system_info":	"Linux rpi2 6.6.74+rpt-rpi-v8 #1 SMP PREEMPT Debian 1:6.6.74-1+rpt1 (2025-01-27) aarch64",
		"timestamp":	{
			"time":	"Thu, 15 May 2025 18:51:00 GMT",
			"timesecs":	1747335060
		},
		"connecting_to":	{
			"host":	"10.53.1.2",
			"port":	55002
		},
		"cookie":	"3qqisefcldqohvdrrlptzf3tqipwmixv2tam",
		"tcp_mss_default":	1448,
		"target_bitrate":	0,
		"sock_bufsize":	0,
		"sndbuf_actual":	16384,
		"rcvbuf_actual":	131072,
		"test_start":	{
			"protocol":	"TCP",
			"num_streams":	1,
			"blksize":	131072,
			"omit":	0,
			"duration":	20,
			"bytes":	0,
			"blocks":	0,
			"reverse":	0,
			"tos":	0,
			"target_bitrate":	0
		}
	},
	"intervals":	[{
			"streams":	[{
					"socket":	5,
					"start":	0,
					"end":	1.000121,
					"seconds":	1.000120997428894,
					"bytes":	1805656,
					"bits_per_second":	14443500.373590566,
					"retransmits":	0,
					"snd_cwnd":	110048,
					"snd_wnd":	760960,
					"rtt":	52717,
					"rttvar":	1790,
					"pmtu":	1500,
					"omitted":	false,
					"sender":	true
				}],
			"sum":	{
				"start":	0,
				"end":	1.000121,
				"seconds":	1.000120997428894,
				"bytes":	1805656,
				"bits_per_second":	14443500.373590566,
				"retransmits":	0,
				"omitted":	false,
				"sender":	true
			}
		}, {
			"streams":	[{
					"socket":	5,
					"start":	1.000121,
					"end":	2.000186,
					"seconds":	1.0000649690628052,
					"bytes":	6190200,
					"bits_per_second":	49518382.83707545,
					"retransmits":	0,
					"snd_cwnd":	375032,
					"snd_wnd":	844928,
					"rtt":	72182,
					"rttvar":	439,
					"pmtu":	1500,
					"omitted":	false,
					"sender":	true
				}],
			"sum":	{
				"start":	1.000121,
				"end":	2.000186,
				"seconds":	1.0000649690628052,
				"bytes":	6190200,
				"bits_per_second":	49518382.83707545,
				"retransmits":	0,
				"omitted":	false,
				"sender":	true
			}
		}, {
			"streams":	[{
					"socket":	5,
					"start":	2.000186,
					"end":	3.000107,
					"seconds":	0.99992102384567261,
					"bytes":	6946352,
					"bits_per_second":	55575205.115976013,
					"retransmits":	0,
					"snd_cwnd":	626984,
					"snd_wnd":	1167616,
					"rtt":	94291,
					"rttvar":	3569,
					"pmtu":	1500,
					"omitted":	false,
					"sender":	true
				}],
			"sum":	{
				"start":	2.000186,
				"end":	3.000107,
				"seconds":	0.99992102384567261,
				"bytes":	6946352,
				"bits_per_second":	55575205.115976013,
				"retransmits":	0,
				"omitted":	false,
				"sender":	true
			}
		}, {
			"streams":	[{
					"socket":	5,
					"start":	3.000107,
					"end":	4.000125,
					"seconds":	1.0000180006027222,
					"bytes":	6553600,
					"bits_per_second":	52427856.266987763,
					"retransmits":	0,
					"snd_cwnd":	780472,
					"snd_wnd":	1646336,
					"rtt":	111425,
					"rttvar":	7303,
					"pmtu":	1500,
					"omitted":	false,
					"sender":	true
				}],
			"sum":	{
				"start":	3.000107,
				"end":	4.000125,
				"seconds":	1.0000180006027222,
				"bytes":	6553600,
				"bits_per_second":	52427856.266987763,
				"retransmits":	0,
				"omitted":	false,
				"sender":	true
			}
		}, {
			"streams":	[{
					"socket":	5,
					"start":	4.000125,
					"end":	5.000094,
					"seconds":	0.9999690055847168,
					"bytes":	5242880,
					"bits_per_second":	41944340.040294,
					"retransmits":	0,
					"snd_cwnd":	780472,
					"snd_wnd":	1684480,
					"rtt":	80542,
					"rttvar":	2722,
					"pmtu":	1500,
					"omitted":	false,
					"sender":	true
				}],
			"sum":	{
				"start":	4.000125,
				"end":	5.000094,
				"seconds":	0.9999690055847168,
				"bytes":	5242880,
				"bits_per_second":	41944340.040294,
				"retransmits":	0,
				"omitted":	false,
				"sender":	true
			}
		}, {
			"streams":	[{
					"socket":	5,
					"start":	5.000094,
					"end":	6.00022,
					"seconds":	1.0001260042190552,
					"bytes":	5242880,
					"bits_per_second":	41937755.6658484,
					"retransmits":	0,
					"snd_cwnd":	780472,
					"snd_wnd":	1684480,
					"rtt":	118757,
					"rttvar":	392,
					"pmtu":	1500,
					"omitted":	false,
					"sender":	true
				}],
			"sum":	{
				"start":	5.000094,
				"end":	6.00022,
				"seconds":	1.0001260042190552,
				"bytes":	5242880,
				"bits_per_second":	41937755.6658484,
				"retransmits":	0,
				"omitted":	false,
				"sender":	true
			}
		}, {
			"streams":	[{
					"socket":	5,
					"start":	6.00022,
					"end":	7.00024,
					"seconds":	1.0000200271606445,
					"bytes":	5242880,
					"bits_per_second":	41942200.01682248,
					"retransmits":	0,
					"snd_cwnd":	780472,
					"snd_wnd":	1684480,
					"rtt":	96267,
					"rttvar":	3059,
					"pmtu":	1500,
					"omitted":	false,
					"sender":	true
				}],
			"sum":	{
				"start":	6.00022,
				"end":	7.00024,
				"seconds":	1.0000200271606445,
				"bytes":	5242880,
				"bits_per_second":	41942200.01682248,
				"retransmits":	0,
				"omitted":	false,
				"sender":	true
			}
		}, {
			"streams":	[{
					"socket":	5,
					"start":	7.00024,
					"end":	8.000144,
					"seconds":	0.999903976917267,
					"bytes":	7864320,
					"bits_per_second":	62920601.830155157,
					"retransmits":	0,
					"snd_cwnd":	780472,
					"snd_wnd":	1684480,
					"rtt":	62142,
					"rttvar":	1604,
					"pmtu":	1500,
					"omitted":	false,
					"sender":	true
				}],
			"sum":	{
				"start":	7.00024,
				"end":	8.000144,
				"seconds":	0.999903976917267,
				"bytes":	7864320,
				"bits_per_second":	62920601.830155157,
				"retransmits":	0,
				"omitted":	false,
				"sender":	true
			}
		}, {
			"streams":	[{
					"socket":	5,
					"start":	8.000144,
					"end":	9.00012,
					"seconds":	0.99997597932815552,
					"bytes":	7864320,
					"bits_per_second":	62916071.286302112,
					"retransmits":	0,
					"snd_cwnd":	780472,
					"snd_wnd":	1684480,
					"rtt":	76619,
					"rttvar":	108,
					"pmtu":	1500,
					"omitted":	false,
					"sender":	true
				}],
			"sum":	{
				"start":	8.000144,
				"end":	9.00012,
				"seconds":	0.99997597932815552,
				"bytes":	7864320,
				"bits_per_second":	62916071.286302112,
				"retransmits":	0,
				"omitted":	false,
				"sender":	true
			}
		}, {
			"streams":	[{
					"socket":	5,
					"start":	9.00012,
					"end":	10.000186,
					"seconds":	1.0000660419464111,
					"bytes":	6553600,
					"bits_per_second":	52425337.728655137,
					"retransmits":	0,
					"snd_cwnd":	832600,
					"snd_wnd":	1684480,
					"rtt":	67634,
					"rttvar":	1235,
					"pmtu":	1500,
					"omitted":	false,
					"sender":	true
				}],
			"sum":	{
				"start":	9.00012,
				"end":	10.000186,
				"seconds":	1.0000660419464111,
				"bytes":	6553600,
				"bits_per_second":	52425337.728655137,
				"retransmits":	0,
				"omitted":	false,
				"sender":	true
			}
		}, {
			"streams":	[{
					"socket":	5,
					"start":	10.000186,
					"end":	11.000099,
					"seconds":	0.999912977218628,
					"bytes":	7864320,
					"bits_per_second":	62920035.4764912,
					"retransmits":	0,
					"snd_cwnd":	832600,
					"snd_wnd":	1684480,
					"rtt":	65640,
					"rttvar":	9186,
					"pmtu":	1500,
					"omitted":	false,
					"sender":	true
				}],
			"sum":	{
				"start":	10.000186,
				"end":	11.000099,
				"seconds":	0.999912977218628,
				"bytes":	7864320,
				"bits_per_second":	62920035.4764912,
				"retransmits":	0,
				"omitted":	false,
				"sender":	true
			}
		}, {
			"streams":	[{
					"socket":	5,
					"start":	11.000099,
					"end":	12.000106,
					"seconds":	1.0000070333480835,
					"bytes":	7864320,
					"bits_per_second":	62914117.503112234,
					"retransmits":	0,
					"snd_cwnd":	832600,
					"snd_wnd":	1684480,
					"rtt":	68927,
					"rttvar":	1352,
					"pmtu":	1500,
					"omitted":	false,
					"sender":	true
				}],
			"sum":	{
				"start":	11.000099,
				"end":	12.000106,
				"seconds":	1.0000070333480835,
				"bytes":	7864320,
				"bits_per_second":	62914117.503112234,
				"retransmits":	0,
				"omitted":	false,