{
	"start":	{
		"connected":	[{
				"socket":	5,
				"local_host":	"129.93.240.11",
				"local_port":	48468,
				"remote_host":	"10.53.1.2",
				"remote_port":	55001
			}],
		"version":	"iperf 3.12",
		"system_info":	"Linux rpi1 6.6.51+rpt-rpi-v8 #1 SMP PREEMPT Debian 1:6.6.51-1+rpt3 (2024-10-08) aarch64",
		"timestamp":	{
			"time":	"Fri, 16 May 2025 20:47:43 GMT",
			"timesecs":	1747428463
		},
		"connecting_to":	{
			"host":	"10.53.1.2",
			"port":	55001
		},
		"cookie":	"rx7tuozf35jikqa4hf2rj3xtffpp25lcusvn",
		"tcp_mss_default":	1448,
		"target_bitrate":	0,
		"sock_bufsize":	0,
		"sndbuf_actual":	16384,
		"rcvbuf_actual":	131072,
		"test_start":	{
			"protocol":	"TCP",
			"num_streams":	1,
			"blksize":	131072,
			"omit":	0,
			"duration":	20,
			"bytes":	0,
			"blocks":	0,
			"reverse":	0,
			"tos":	0,
			"target_bitrate":	0
		}
	},
	"intervals":	[{
			"streams":	[{
					"socket":	5,
					"start":	0,
					"end":	1.000113,
					"seconds":	1.0001130104064941,
					"bytes":	2613640,
					"bits_per_second":	20906757.318856921,
					"retransmits":	0,
					"snd_cwnd":	140456,
					"snd_wnd":	697344,
					"rtt":	21861,
					"rttvar":	2394,
					"pmtu":	1500,
					"omitted":	false,
					"sender":	true
				}],
			"sum":	{
				"start":	0,
				"end":	1.000113,
				"seconds":	1.0001130104064941,
				"bytes":	2613640,
				"bits_per_second":	20906757.318856921,
				"retransmits":	0,
				"omitted":	false,
				"sender":	true
			}
		}, {
			"streams":	[{
					"socket":	5,
					"start":	1.000113,
					"end":	2.000144,
					"seconds":	1.0000309944152832,
					"bytes":	6711480,
					"bits_per_second":	53690175.9043914,
					"retransmits":	0,
					"snd_cwnd":	414128,
					"snd_wnd":	1125760,
					"rtt":	74146,
					"rttvar":	2757,
					"pmtu":	1500,
					"omitted":	false,
					"sender":	true
				}],
			"sum":	{
				"start":	1.000113,
				"end":	2.000144,
				"seconds":	1.0000309944152832,
				"bytes":	6711480,
				"bits_per_second":	53690175.9043914,
				"retransmits":	0,
				"omitted":	false,
				"sender":	true
			}
		}, {
			"streams":	[{
					"socket":	5,
					"start":	2.000144,
					"end":	3.000103,
					"seconds":	0.99995899200439453,
					"bytes":	6534592,
					"bits_per_second":	52278879.852075234,
					"retransmits":	0,
					"snd_cwnd":	645808,
					"snd_wnd":	1304832,
					"rtt":	105103,
					"rttvar":	371,
					"pmtu":	1500,
					"omitted":	false,
					"sender":	true
				}],
			"sum":	{
				"start":	2.000144,
				"end":	3.000103,
				"seconds":	0.99995899200439453,
				"bytes":	6534592,
				"bits_per_second":	52278879.852075234,
				"retransmits":	0,
				"omitted":	false,
				"sender":	true
			}
		}, {
			"streams":	[{
					"socket":	5,
					"start":	3.000103,
					"end":	4.000155,
					"seconds":	1.0000519752502441,
					"bytes":	5242880,
					"bits_per_second":	41940860.11330016,
					"retransmits":	0,
					"snd_cwnd":	679112,
					"snd_wnd":	1304832,
					"rtt":	84381,
					"rttvar":	8108,
					"pmtu":	1500,
					"omitted":	false,
					"sender":	true
				}],
			"sum":	{
				"start":	3.000103,
				"end":	4.000155,
				"seconds":	1.0000519752502441,
				"bytes":	5242880,
				"bits_per_second":	41940860.11330016,
				"retransmits":	0,
				"omitted":	false,
				"sender":	true
			}
		}, {
			"streams":	[{
					"socket":	5,
					"start":	4.000155,
					"end":	5.000192,
					"seconds":	1.0000369548797607,
					"bytes":	5242880,
					"bits_per_second":	41941490.057277948,
					"retransmits":	0,
					"snd_cwnd":	679112,
					"snd_wnd":	1304832,
					"rtt":	78929,
					"rttvar":	1792,
					"pmtu":	1500,
					"omitted":	false,
					"sender":	true
				}],
			"sum":	{
				"start":	4.000155,
				"end":	5.000192,
				"seconds":	1.0000369548797607,
				"bytes":	5242880,
				"bits_per_second":	41941490.057277948,
				"retransmits":	0,
				"omitted":	false,
				"sender":	true
			}
		}, {
			"streams":	[{
					"socket":	5,
					"start":	5.000192,
					"end":	6.000233,
					"seconds":	1.0000410079956055,
					"bytes":	5242880,
					"bits_per_second":	41941320.070530862,
					"retransmits":	0,
					"snd_cwnd":	679112,
					"snd_wnd":	1304832,
					"rtt":	74403,
					"rttvar":	2833,
					"pmtu":	1500,
					"omitted":	false,
					"sender":	true
				}],
			"sum":	{
				"start":	5.000192,
				"end":	6.000233,
				"seconds":	1.0000410079956055,
				"bytes":	5242880,
				"bits_per_second":	41941320.070530862,
				"retransmits":	0,
				"omitted":	false,
				"sender":	true
			}
		}, {
			"streams":	[{
					"socket":	5,
					"start":	6.000233,
					"end":	7.000271,
					"seconds":	1.0000380277633667,
					"bytes":	5242880,
					"bits_per_second":	41941445.060651973,
					"retransmits":	0,
					"snd_cwnd":	679112,
					"snd_wnd":	1304832,
					"rtt":	97805,
					"rttvar":	1739,
					"pmtu":	1500,
					"omitted":	false,
					"sender":	true
				}],
			"sum":	{
				"start":	6.000233,
				"end":	7.000271,
				"seconds":	1.0000380277633667,
				"bytes":	5242880,
				"bits_per_second":	41941445.060651973,
				"retransmits":	0,
				"omitted":	false,
				"sender":	true
			}
		}, {
			"streams":	[{
					"socket":	5,
					"start":	7.000271,
					"end":	8.000119,
					"seconds":	0.99984800815582275,
					"bytes":	6553600,
					"bits_per_second":	52436769.961369127,
					"retransmits":	0,
					"snd_cwnd":	679112,
					"snd_wnd":	1304832,
					"rtt":	70256,
					"rttvar":	2313,
					"pmtu":	1500,
					"omitted":	false,
					"sender":	true
				}],
			"sum":	{
				"start":	7.000271,
				"end":	8.000119,
				"seconds":	0.99984800815582275,
				"bytes":	6553600,
				"bits_per_second":	52436769.961369127,
				"retransmits":	0,
				"omitted":	false,
				"sender":	true
			}
		}, {
			"streams":	[{
					"socket":	5,
					"start":	8.000119,
					"end":	9.000175,
					"seconds":	1.0000560283660889,
					"bytes":	5242880,
					"bits_per_second":	41940690.131659284,
					"retransmits":	0,
					"snd_cwnd":	679112,
					"snd_wnd":	1304832,
					"rtt":	74995,
					"rttvar":	1632,
					"pmtu":	1500,
					"omitted":	false,
					"sender":	true
				}],
			"sum":	{
				"start":	8.000119,
				"end":	9.000175,
				"seconds":	1.0000560283660889,
				"bytes":	5242880,
				"bits_per_second":	41940690.131659284,
				"retransmits":	0,
				"omitted":	false,
				"sender":	true
			}
		}, {
			"streams":	[{
					"socket":	5,
					"start":	9.000175,
					"end":	10.000252,
					"seconds":	1.00007700920105,
					"bytes":	5242880,
					"bits_per_second":	41939810.248720564,
					"retransmits":	0,
					"snd_cwnd":	679112,
					"snd_wnd":	1304832,
					"rtt":	83221,
					"rttvar":	2272,
					"pmtu":	1500,
					"omitted":	false,
					"sender":	true
				}],
			"sum":	{
				"start":	9.000175,
				"end":	10.000252,
				"seconds":	1.00007700920105,
				"bytes":	5242880,
				"bits_per_second":	41939810.248720564,
				"retransmits":	0,
				"omitted":	false,
				"sender":	true
			}
		}, {
			"streams":	[{
					"socket":	5,
					"start":	10.000252,
					"end":	11.000151,
					"seconds":	0.99989902973175049,
					"bytes":	6553600,
					"bits_per_second":	52434094.28456533,
					"retransmits":	0,
					"snd_cwnd":	686352,
					"snd_wnd":	1304832,
					"rtt":	116925,
					"rttvar":	11930,
					"pmtu":	1500,
					"omitted":	false,
					"sender":	true
				}],
			"sum":	{
				"start":	10.000252,
				"end":	11.000151,
				"seconds":	0.99989902973175049,
				"bytes":	6553600,
				"bits_per_second":	52434094.28456533,
				"retransmits":	0,
				"omitted":	false,
				"sender":	true
			}
		}, {
			"streams":	[{
					"socket":	5,
					"start":	11.000151,
					"end":	12.000259,
					"seconds":	1.000108003616333,
					"bytes":	5242880,
					"bits_per_second":	41938510.48920355,
					"retransmits":	0,
					"snd_cwnd":	789160,
					"snd_wnd":	1304832,
					"rtt":	77861,
					"rttvar":	1175,
					"pmtu":	1500,
					"omitted":	false,
					"sender":	true
				}],
			"sum":	{
				"start":	11.000151,
				"end":	12.000259,
				"seconds":	1.000108003616333,
				"bytes":	5242880,
				"bits_per_second":	41938510.48920355,
				"retransmits":	0,
				"omitted":	false,