{
	"start":	{
		"connected":	[{
				"socket":	5,
				"local_host":	"129.93.240.13",
				"local_port":	50400,
				"remote_host":	"10.53.1.3",
				"remote_port":	55001
			}],
		"version":	"iperf 3.12",
		"system_info":	"Linux rpi1 6.6.51+rpt-rpi-v8 #1 SMP PREEMPT Debian 1:6.6.51-1+rpt3 (2024-10-08) aarch64",
		"timestamp":	{
			"time":	"Thu, 22 May 2025 23:29:07 GMT",
			"timesecs":	1747956547
		},
		"connecting_to":	{
			"host":	"10.53.1.3",
			"port":	55001
		},
		"cookie":	"43r2vn6ymiwj34fzmzl7sfowfrzj5a2wlosk",
		"tcp_mss_default":	1448,
		"target_bitrate":	0,
		"sock_bufsize":	0,
		"sndbuf_actual":	16384,
		"rcvbuf_actual":	131072,
		"test_start":	{
			"protocol":	"TCP",
			"num_streams":	1,
			"blksize":	131072,
			"omit":	0,
			"duration":	10,
			"bytes":	0,
			"blocks":	0,
			"reverse":	0,
			"tos":	0,
			"target_bitrate":	0
		}
	},
	"intervals":	[{
			"streams":	[{
					"socket":	5,
					"start":	0,
					"end":	1.000147,
					"seconds":	1.0001469850540161,
					"bytes":	632776,
					"bits_per_second":	5061464.0404346157,
					"retransmits":	0,
					"snd_cwnd":	53576,
					"snd_wnd":	239232,
					"rtt":	53936,
					"rttvar":	5176,
					"pmtu":	1500,
					"omitted":	false,
					"sender":	true
				}],
			"sum":	{
				"start":	0,
				"end":	1.000147,
				"seconds":	1.0001469850540161,
				"bytes":	632776,
				"bits_per_second":	5061464.0404346157,
				"retransmits":	0,
				"omitted":	false,
				"sender":	true
			}
		}, {
			"streams":	[{
					"socket":	5,
					"start":	1.000147,
					"end":	2.000291,
					"seconds":	1.0001440048217773,
					"bytes":	781920,
					"bits_per_second":	6254459.3276992,
					"retransmits":	0,
					"snd_cwnd":	86880,
					"snd_wnd":	239232,
					"rtt":	131629,
					"rttvar":	3112,
					"pmtu":	1500,
					"omitted":	false,
					"sender":	true
				}],
			"sum":	{
				"start":	1.000147,
				"end":	2.000291,
				"seconds":	1.0001440048217773,
				"bytes":	781920,
				"bits_per_second":	6254459.3276992,
				"retransmits":	0,
				"omitted":	false,
				"sender":	true
			}
		}, {
			"streams":	[{
					"socket":	5,
					"start":	2.000291,
					"end":	3.000175,
					"seconds":	0.999884009361267,
					"bytes":	912240,
					"bits_per_second":	7298766.5885985736,
					"retransmits":	0,
					"snd_cwnd":	118736,
					"snd_wnd":	259072,
					"rtt":	174420,
					"rttvar":	3126,
					"pmtu":	1500,
					"omitted":	false,
					"sender":	true
				}],
			"sum":	{
				"start":	2.000291,
				"end":	3.000175,
				"seconds":	0.999884009361267,
				"bytes":	912240,
				"bits_per_second":	7298766.5885985736,
				"retransmits":	0,
				"omitted":	false,
				"sender":	true
			}
		}, {
			"streams":	[{
					"socket":	5,
					"start":	3.000175,
					"end":	4.000104,
					"seconds":	0.99992901086807251,
					"bytes":	912240,
					"bits_per_second":	7298438.10978584,
					"retransmits":	0,
					"snd_cwnd":	152040,
					"snd_wnd":	335744,
					"rtt":	222125,
					"rttvar":	574,
					"pmtu":	1500,
					"omitted":	false,
					"sender":	true
				}],
			"sum":	{
				"start":	3.000175,
				"end":	4.000104,
				"seconds":	0.99992901086807251,
				"bytes":	912240,
				"bits_per_second":	7298438.10978584,
				"retransmits":	0,
				"omitted":	false,
				"sender":	true
			}
		}, {
			"streams":	[{
					"socket":	5,
					"start":	4.000104,
					"end":	5.000104,
					"seconds":	1,
					"bytes":	781920,
					"bits_per_second":	6255360,
					"retransmits":	0,
					"snd_cwnd":	182448,
					"snd_wnd":	436736,
					"rtt":	273043,
					"rttvar":	3179,
					"pmtu":	1500,
					"omitted":	false,
					"sender":	true
				}],
			"sum":	{
				"start":	4.000104,
				"end":	5.000104,
				"seconds":	1,
				"bytes":	781920,
				"bits_per_second":	6255360,
				"retransmits":	0,
				"omitted":	false,
				"sender":	true
			}
		}, {
			"streams":	[{
					"socket":	5,
					"start":	5.000104,
					"end":	6.00059,
					"seconds":	1.0004860162734985,
					"bytes":	456120,
					"bits_per_second":	3647187.4075674233,
					"retransmits":	0,
					"snd_cwnd":	214304,
					"snd_wnd":	447488,
					"rtt":	322278,
					"rttvar":	2784,
					"pmtu":	1500,
					"omitted":	false,
					"sender":	true
				}],
			"sum":	{
				"start":	5.000104,
				"end":	6.00059,
				"seconds":	1.0004860162734985,
				"bytes":	456120,
				"bits_per_second":	3647187.4075674233,
				"retransmits":	0,
				"omitted":	false,
				"sender":	true
			}
		}, {
			"streams":	[{
					"socket":	5,
					"start":	6.00059,
					"end":	7.000343,
					"seconds":	0.99975299835205078,
					"bytes":	977400,
					"bits_per_second":	7821131.8324514432,
					"retransmits":	0,
					"snd_cwnd":	246160,
					"snd_wnd":	521088,
					"rtt":	374833,
					"rttvar":	3345,
					"pmtu":	1500,
					"omitted":	false,
					"sender":	true
				}],
			"sum":	{
				"start":	6.00059,
				"end":	7.000343,
				"seconds":	0.99975299835205078,
				"bytes":	977400,
				"bits_per_second":	7821131.8324514432,
				"retransmits":	0,
				"omitted":	false,
				"sender":	true
			}
		}, {
			"streams":	[{
					"socket":	5,
					"start":	7.000343,
					"end":	8.000654,
					"seconds":	1.000311017036438,
					"bytes":	521280,
					"bits_per_second":	4168943.3875825163,
					"retransmits":	0,
					"snd_cwnd":	283808,
					"snd_wnd":	576512,
					"rtt":	420160,
					"rttvar":	3110,
					"pmtu":	1500,
					"omitted":	false,
					"sender":	true
				}],
			"sum":	{
				"start":	7.000343,
				"end":	8.000654,
				"seconds":	1.000311017036438,
				"bytes":	521280,
				"bits_per_second":	4168943.3875825163,
				"retransmits":	0,
				"omitted":	false,
				"sender":	true
			}
		}, {
			"streams":	[{
					"socket":	5,
					"start":	8.000654,
					"end":	9.000416,
					"seconds":	0.999761998653412,
					"bytes":	1303200,
					"bits_per_second":	10428081.897533944,
					"retransmits":	0,
					"snd_cwnd":	373584,
					"snd_wnd":	656768,
					"rtt":	508370,
					"rttvar":	7503,
					"pmtu":	1500,
					"omitted":	false,
					"sender":	true
				}],
			"sum":	{
				"start":	8.000654,
				"end":	9.000416,
				"seconds":	0.999761998653412,
				"bytes":	1303200,
				"bits_per_second":	10428081.897533944,
				"retransmits":	0,
				"omitted":	false,
				"sender":	true
			}
		}, {
			"streams":	[{
					"socket":	5,
					"start":	9.000416,
					"end":	10.000741,
					"seconds":	1.0003249645233154,
					"bytes":	847080,
					"bits_per_second":	6774438.5478065824,
					"retransmits":	0,
					"snd_cwnd":	448880,
					"snd_wnd":	849152,
					"rtt":	906566,
					"rttvar":	102889,
					"pmtu":	1500,
					"omitted":	false,
					"sender":	true
				}],
			"sum":	{
				"start":	9.000416,
				"end":	10.000741,
				"seconds":	1.0003249645233154,
				"bytes":	847080,
				"bits_per_second":	6774438.5478065824,
				"retransmits":	0,
				"omitted":	false,
				"sender":	true
			}
		}],
	"end":	{
		"streams":	[{
				"sender":	{
					"socket":	5,
					"start":	0,
					"end":	10.000741,
					"seconds":	10.000741,
					"bytes":	8126176,
					"bits_per_second":	6500459.1159795057,
					"retransmits":	0,
					"max_snd_cwnd":	448880,
					"max_snd_wnd":	849152,
					"max_rtt":	906566,
					"min_rtt":	53936,
					"mean_rtt":	338736,
					"sender":	true
				},
				"receiver":	{
					"socket":	5,
					"start":	0,
					"end":	12.69584,
					"seconds":	10.000741,
					"bytes":	6291456,
					"bits_per_second":	3964420.4715875434,
					"sender":	true
				}
			}],
		"sum_sent":	{
			"start":	0,
			"end":	10.000741,
			"seconds":	10.000741,
			"bytes":	8126176,
			"bits_per_second":	6500459.1159795057,
			"retransmits":	0,
			"sender":	true
		},
		"sum_received":	{
			"start":	0,
			"end":	12.69584,
			"seconds":	12.69584,
			"bytes":	6291456,
			"bits_per_second":	3964420.4715875434,
			"sender":	true
		},
		"cpu_utilization_percent":	{
			"host_total":	0.5826345630962686,
			"host_user":	0.10245214308255525,
			"host_system":	0.48019224190452753,
			"remote_total":	0.16730661321508788,
			"remote_user":	0,
			"remote_system":	0.16731448980344132
		},
		"sender_tcp_congestion":	"cubic",
		"receiver_tcp_congestion":	"cubic"
	}
}
