{
	"start":	{
		"connected":	[{
				"socket":	5,
				"local_host":	"129.93.240.13",
				"local_port":	39260,
				"remote_host":	"10.53.1.3",
				"remote_port":	55001
			}],
		"version":	"iperf 3.12",
		"system_info":	"Linux rpi1 6.6.51+rpt-rpi-v8 #1 SMP PREEMPT Debian 1:6.6.51-1+rpt3 (2024-10-08) aarch64",
		"timestamp":	{
			"time":	"Thu, 22 May 2025 23:36:25 GMT",
			"timesecs":	1747956985
		},
		"connecting_to":	{
			"host":	"10.53.1.3",
			"port":	55001
		},
		"cookie":	"wdkckc6nefpdz3jtx2kpde3anypsdqfwejil",
		"tcp_mss_default":	1448,
		"target_bitrate":	0,
		"sock_bufsize":	0,
		"sndbuf_actual":	16384,
		"rcvbuf_actual":	131072,
		"test_start":	{
			"protocol":	"TCP",
			"num_streams":	1,
			"blksize":	131072,
			"omit":	0,
			"duration":	10,
			"bytes":	0,
			"blocks":	0,
			"reverse":	0,
			"tos":	0,
			"target_bitrate":	0
		}
	},
	"intervals":	[{
			"streams":	[{
					"socket":	5,
					"start":	0,
					"end":	1.000454,
					"seconds":	1.0004539489746094,
					"bytes":	984640,
					"bits_per_second":	7873545.8119521243,
					"retransmits":	0,
					"snd_cwnd":	81088,
					"snd_wnd":	353408,
					"rtt":	176077,
					"rttvar":	37243,
					"pmtu":	1500,
					"omitted":	false,
					"sender":	true
				}],
			"sum":	{
				"start":	0,
				"end":	1.000454,
				"seconds":	1.0004539489746094,
				"bytes":	984640,
				"bits_per_second":	7873545.8119521243,
				"retransmits":	0,
				"omitted":	false,
				"sender":	true
			}
		}, {
			"streams":	[{
					"socket":	5,
					"start":	1.000454,
					"end":	2.000321,
					"seconds":	0.999867022037506,
					"bytes":	390960,
					"bits_per_second":	3128095.9678282873,
					"retransmits":	0,
					"snd_cwnd":	92672,
					"snd_wnd":	353408,
					"rtt":	372975,
					"rttvar":	1705,
					"pmtu":	1500,
					"omitted":	false,
					"sender":	true
				}],
			"sum":	{
				"start":	1.000454,
				"end":	2.000321,
				"seconds":	0.999867022037506,
				"bytes":	390960,
				"bits_per_second":	3128095.9678282873,
				"retransmits":	0,
				"omitted":	false,
				"sender":	true
			}
		}, {
			"streams":	[{
					"socket":	5,
					"start":	2.000321,
					"end":	3.000604,
					"seconds":	1.0002830028533936,
					"bytes":	260640,
					"bits_per_second":	2084530.0720416275,
					"retransmits":	0,
					"snd_cwnd":	104256,
					"snd_wnd":	353408,
					"rtt":	422047,
					"rttvar":	4024,
					"pmtu":	1500,
					"omitted":	false,
					"sender":	true
				}],
			"sum":	{
				"start":	2.000321,
				"end":	3.000604,
				"seconds":	1.0002830028533936,
				"bytes":	260640,
				"bits_per_second":	2084530.0720416275,
				"retransmits":	0,
				"omitted":	false,
				"sender":	true
			}
		}, {
			"streams":	[{
					"socket":	5,
					"start":	3.000604,
					"end":	4.000649,
					"seconds":	1.0000449419021606,
					"bytes":	260640,
					"bits_per_second":	2085026.29495225,
					"retransmits":	0,
					"snd_cwnd":	115840,
					"snd_wnd":	353408,
					"rtt":	462613,
					"rttvar":	3462,
					"pmtu":	1500,
					"omitted":	false,
					"sender":	true
				}],
			"sum":	{
				"start":	3.000604,
				"end":	4.000649,
				"seconds":	1.0000449419021606,
				"bytes":	260640,
				"bits_per_second":	2085026.29495225,
				"retransmits":	0,
				"omitted":	false,
				"sender":	true
			}
		}, {
			"streams":	[{
					"socket":	5,
					"start":	4.000649,
					"end":	5.000736,
					"seconds":	1.0000870227813721,
					"bytes":	260640,
					"bits_per_second":	2084938.5628472711,
					"retransmits":	0,
					"snd_cwnd":	127424,
					"snd_wnd":	353408,
					"rtt":	496660,
					"rttvar":	4062,
					"pmtu":	1500,
					"omitted":	false,
					"sender":	true
				}],
			"sum":	{
				"start":	4.000649,
				"end":	5.000736,
				"seconds":	1.0000870227813721,
				"bytes":	260640,
				"bits_per_second":	2084938.5628472711,
				"retransmits":	0,
				"omitted":	false,
				"sender":	true
			}
		}, {
			"streams":	[{
					"socket":	5,
					"start":	5.000736,
					"end":	6.000116,
					"seconds":	0.99937999248504639,
					"bytes":	586440,
					"bits_per_second":	4694430.5822394164,
					"retransmits":	0,
					"snd_cwnd":	149144,
					"snd_wnd":	353408,
					"rtt":	451305,
					"rttvar":	2450,
					"pmtu":	1500,
					"omitted":	false,
					"sender":	true
				}],
			"sum":	{
				"start":	5.000736,
				"end":	6.000116,
				"seconds":	0.99937999248504639,
				"bytes":	586440,
				"bits_per_second":	4694430.5822394164,
				"retransmits":	0,
				"omitted":	false,
				"sender":	true
			}
		}, {
			"streams":	[{
					"socket":	5,
					"start":	6.000116,
					"end":	7.000339,
					"seconds":	1.0002230405807495,
					"bytes":	390960,
					"bits_per_second":	3126982.5559947174,
					"retransmits":	0,
					"snd_cwnd":	196928,
					"snd_wnd":	353408,
					"rtt":	657232,
					"rttvar":	22718,
					"pmtu":	1500,
					"omitted":	false,
					"sender":	true
				}],
			"sum":	{
				"start":	6.000116,
				"end":	7.000339,
				"seconds":	1.0002230405807495,
				"bytes":	390960,
				"bits_per_second":	3126982.5559947174,
				"retransmits":	0,
				"omitted":	false,
				"sender":	true
			}
		}, {
			"streams":	[{
					"socket":	5,
					"start":	7.000339,
					"end":	8.000468,
					"seconds":	1.0001289844512939,
					"bytes":	521280,
					"bits_per_second":	4169702.1732531236,
					"retransmits":	0,
					"snd_cwnd":	264984,
					"snd_wnd":	467328,
					"rtt":	824725,
					"rttvar":	15015,
					"pmtu":	1500,
					"omitted":	false,
					"sender":	true
				}],
			"sum":	{
				"start":	7.000339,
				"end":	8.000468,
				"seconds":	1.0001289844512939,
				"bytes":	521280,
				"bits_per_second":	4169702.1732531236,
				"retransmits":	0,
				"omitted":	false,
				"sender":	true
			}
		}, {
			"streams":	[{
					"socket":	5,
					"start":	8.000468,
					"end":	9.000519,
					"seconds":	1.0000510215759277,
					"bytes":	651600,
					"bits_per_second":	5212534.04829828,
					"retransmits":	0,
					"snd_cwnd":	353312,
					"snd_wnd":	622720,
					"rtt":	998751,
					"rttvar":	7871,
					"pmtu":	1500,
					"omitted":	false,
					"sender":	true
				}],
			"sum":	{
				"start":	8.000468,
				"end":	9.000519,
				"seconds":	1.0000510215759277,
				"bytes":	651600,
				"bits_per_second":	5212534.04829828,
				"retransmits":	0,
				"omitted":	false,
				"sender":	true
			}
		}, {
			"streams":	[{
					"socket":	5,
					"start":	9.000519,
					"end":	10.00055,
					"seconds":	1.0000309944152832,
					"bytes":	847080,
					"bits_per_second":	6776429.9685154185,
					"retransmits":	0,
					"snd_cwnd":	457568,
					"snd_wnd":	891520,
					"rtt":	1095388,
					"rttvar":	11066,
					"pmtu":	1500,
					"omitted":	false,
					"sender":	true
				}],
			"sum":	{
				"start":	9.000519,
				"end":	10.00055,
				"seconds":	1.0000309944152832,
				"bytes":	847080,
				"bits_per_second":	6776429.9685154185,
				"retransmits":	0,
				"omitted":	false,
				"sender":	true
			}
		}],
	"end":	{
		"streams":	[{
				"sender":	{
					"socket":	5,
					"start":	0,
					"end":	10.00055,
					"seconds":	10.00055,
					"bytes":	5154880,
					"bits_per_second":	4123677.1977541232,
					"retransmits":	0,
					"max_snd_cwnd":	457568,
					"max_snd_wnd":	891520,
					"max_rtt":	1095388,
					"min_rtt":	176077,
					"mean_rtt":	595777,
					"sender":	true
				},
				"receiver":	{
					"socket":	5,
					"start":	0,
					"end":	11.200888,
					"seconds":	10.00055,
					"bytes":	3407872,
					"bits_per_second":	2434001.3041823111,
					"sender":	true
				}
			}],
		"sum_sent":	{
			"start":	0,
			"end":	10.00055,
			"seconds":	10.00055,
			"bytes":	5154880,
			"bits_per_second":	4123677.1977541232,
			"retransmits":	0,
			"sender":	true
		},
		"sum_received":	{
			"start":	0,
			"end":	11.200888,
			"seconds":	11.200888,
			"bytes":	3407872,
			"bits_per_second":	2434001.3041823111,
			"sender":	true
		},
		"cpu_utilization_percent":	{
			"host_total":	0.33548917733574984,
			"host_user":	0.033402398616938736,
			"host_system":	0.30208677871881112,
			"remote_total":	0.12919496386942445,
			"remote_user":	0,
			"remote_system":	0.12920389172263907
		},