{
	"start":	{
		"connected":	[{
				"socket":	5,
				"local_host":	"129.93.240.13",
				"local_port":	36680,
				"remote_host":	"10.53.1.3",
				"remote_port":	55001
			}],
		"version":	"iperf 3.12",
		"system_info":	"Linux rpi1 6.6.51+rpt-rpi-v8 #1 SMP PREEMPT Debian 1:6.6.51-1+rpt3 (2024-10-08) aarch64",
		"timestamp":	{
			"time":	"Thu, 22 May 2025 23:36:56 GMT",
			"timesecs":	1747957016
		},
		"connecting_to":	{
			"host":	"10.53.1.3",
			"port":	55001
		},
		"cookie":	"3zbmk2qsvlvttm3y32efmyovf4eflgih42qo",
		"tcp_mss_default":	1448,
		"target_bitrate":	0,
		"sock_bufsize":	0,
		"sndbuf_actual":	16384,
		"rcvbuf_actual":	131072,
		"test_start":	{
			"protocol":	"TCP",
			"num_streams":	1,
			"blksize":	131072,
			"omit":	0,
			"duration":	10,
			"bytes":	0,
			"blocks":	0,
			"reverse":	0,
			"tos":	0,
			"target_bitrate":	0
		}
	},
	"intervals":	[{
			"streams":	[{
					"socket":	5,
					"start":	0,
					"end":	1.000326,
					"seconds":	1.0003260374069214,
					"bytes":	409784,
					"bits_per_second":	3277203.50906595,
					"retransmits":	0,
					"snd_cwnd":	43440,
					"snd_wnd":	347136,
					"rtt":	177214,
					"rttvar":	4709,
					"pmtu":	1500,
					"omitted":	false,
					"sender":	true
				}],
			"sum":	{
				"start":	0,
				"end":	1.000326,
				"seconds":	1.0003260374069214,
				"bytes":	409784,
				"bits_per_second":	3277203.50906595,
				"retransmits":	0,
				"omitted":	false,
				"sender":	true
			}
		}, {
			"streams":	[{
					"socket":	5,
					"start":	1.000326,
					"end":	2.000428,
					"seconds":	1.0001020431518555,
					"bytes":	260640,
					"bits_per_second":	2084907.2494929354,
					"retransmits":	0,
					"snd_cwnd":	55024,
					"snd_wnd":	347136,
					"rtt":	216861,
					"rttvar":	2167,
					"pmtu":	1500,
					"omitted":	false,
					"sender":	true
				}],
			"sum":	{
				"start":	1.000326,
				"end":	2.000428,
				"seconds":	1.0001020431518555,
				"bytes":	260640,
				"bits_per_second":	2084907.2494929354,
				"retransmits":	0,
				"omitted":	false,
				"sender":	true
			}
		}, {
			"streams":	[{
					"socket":	5,
					"start":	2.000428,
					"end":	3.00049,
					"seconds":	1.0000619888305664,
					"bytes":	260640,
					"bits_per_second":	2084990.7538614264,
					"retransmits":	0,
					"snd_cwnd":	66608,
					"snd_wnd":	347136,
					"rtt":	266624,
					"rttvar":	1894,
					"pmtu":	1500,
					"omitted":	false,
					"sender":	true
				}],
			"sum":	{
				"start":	2.000428,
				"end":	3.00049,
				"seconds":	1.0000619888305664,
				"bytes":	260640,
				"bits_per_second":	2084990.7538614264,
				"retransmits":	0,
				"omitted":	false,
				"sender":	true
			}
		}, {
			"streams":	[{
					"socket":	5,
					"start":	3.00049,
					"end":	4.000294,
					"seconds":	0.99980401992797852,
					"bytes":	390960,
					"bits_per_second":	3128293.0831037308,
					"retransmits":	0,
					"snd_cwnd":	78192,
					"snd_wnd":	347136,
					"rtt":	307956,
					"rttvar":	2180,
					"pmtu":	1500,
					"omitted":	false,
					"sender":	true
				}],
			"sum":	{
				"start":	3.00049,
				"end":	4.000294,
				"seconds":	0.99980401992797852,
				"bytes":	390960,
				"bits_per_second":	3128293.0831037308,
				"retransmits":	0,
				"omitted":	false,
				"sender":	true
			}
		}, {
			"streams":	[{
					"socket":	5,
					"start":	4.000294,
					"end":	5.000087,
					"seconds":	0.999792993068695,
					"bytes":	390960,
					"bits_per_second":	3128327.58549359,
					"retransmits":	0,
					"snd_cwnd":	92672,
					"snd_wnd":	347136,
					"rtt":	301506,
					"rttvar":	1118,
					"pmtu":	1500,
					"omitted":	false,
					"sender":	true
				}],
			"sum":	{
				"start":	4.000294,
				"end":	5.000087,
				"seconds":	0.999792993068695,
				"bytes":	390960,
				"bits_per_second":	3128327.58549359,
				"retransmits":	0,
				"omitted":	false,
				"sender":	true
			}
		}, {
			"streams":	[{
					"socket":	5,
					"start":	5.000087,
					"end":	6.000523,
					"seconds":	1.0004359483718872,
					"bytes":	260640,
					"bits_per_second":	2084211.3914372341,
					"retransmits":	0,
					"snd_cwnd":	125976,
					"snd_wnd":	347136,
					"rtt":	415018,
					"rttvar":	15360,
					"pmtu":	1500,
					"omitted":	false,
					"sender":	true
				}],
			"sum":	{
				"start":	5.000087,
				"end":	6.000523,
				"seconds":	1.0004359483718872,
				"bytes":	260640,
				"bits_per_second":	2084211.3914372341,
				"retransmits":	0,
				"omitted":	false,
				"sender":	true
			}
		}, {
			"streams":	[{
					"socket":	5,
					"start":	6.000523,
					"end":	7.000153,
					"seconds":	0.99962997436523438,
					"bytes":	716760,
					"bits_per_second":	5736202.541986743,
					"retransmits":	0,
					"snd_cwnd":	178104,
					"snd_wnd":	375680,
					"rtt":	531384,
					"rttvar":	11483,
					"pmtu":	1500,
					"omitted":	false,
					"sender":	true
				}],
			"sum":	{
				"start":	6.000523,
				"end":	7.000153,
				"seconds":	0.99962997436523438,
				"bytes":	716760,
				"bits_per_second":	5736202.541986743,
				"retransmits":	0,
				"omitted":	false,
				"sender":	true
			}
		}, {
			"streams":	[{
					"socket":	5,
					"start":	7.000153,
					"end":	8.000383,
					"seconds":	1.0002299547195435,
					"bytes":	456120,
					"bits_per_second":	3648121.0973362015,
					"retransmits":	0,
					"snd_cwnd":	243264,
					"snd_wnd":	467072,
					"rtt":	753402,
					"rttvar":	19142,
					"pmtu":	1500,
					"omitted":	false,
					"sender":	true
				}],
			"sum":	{
				"start":	7.000153,
				"end":	8.000383,
				"seconds":	1.0002299547195435,
				"bytes":	456120,
				"bits_per_second":	3648121.0973362015,
				"retransmits":	0,
				"omitted":	false,
				"sender":	true
			}
		}, {
			"streams":	[{
					"socket":	5,
					"start":	8.000383,
					"end":	9.000455,
					"seconds":	1.0000720024108887,
					"bytes":	586440,
					"bits_per_second":	4691182.2235699845,
					"retransmits":	0,
					"snd_cwnd":	321456,
					"snd_wnd":	574208,
					"rtt":	1016587,
					"rttvar":	13791,
					"pmtu":	1500,
					"omitted":	false,
					"sender":	true
				}],
			"sum":	{
				"start":	8.000383,
				"end":	9.000455,
				"seconds":	1.0000720024108887,
				"bytes":	586440,
				"bits_per_second":	4691182.2235699845,
				"retransmits":	0,
				"omitted":	false,
				"sender":	true
			}
		}, {
			"streams":	[{
					"socket":	5,
					"start":	9.000455,
					"end":	10.000446,
					"seconds":	0.999990999698639,
					"bytes":	781920,
					"bits_per_second":	6255416.3006318444,
					"retransmits":	0,
					"snd_cwnd":	428608,
					"snd_wnd":	743040,
					"rtt":	1257112,
					"rttvar":	27596,
					"pmtu":	1500,
					"omitted":	false,
					"sender":	true
				}],
			"sum":	{
				"start":	9.000455,
				"end":	10.000446,
				"seconds":	0.999990999698639,
				"bytes":	781920,
				"bits_per_second":	6255416.3006318444,
				"retransmits":	0,
				"omitted":	false,
				"sender":	true
			}
		}],
	"end":	{
		"streams":	[{
				"sender":	{
					"socket":	5,
					"start":	0,
					"end":	10.000446,
					"seconds":	10.000446,
					"bytes":	4514864,
					"bits_per_second":	3611730.1168367891,
					"retransmits":	0,
					"max_snd_cwnd":	428608,
					"max_snd_wnd":	743040,
					"max_rtt":	1257112,
					"min_rtt":	177214,
					"mean_rtt":	524366,
					"sender":	true
				},
				"receiver":	{
					"socket":	5,
					"start":	0,
					"end":	11.83166,
					"seconds":	10.000446,
					"bytes":	2752512,
					"bits_per_second":	1861116.3606797357,
					"sender":	true
				}
			}],
		"sum_sent":	{
			"start":	0,
			"end":	10.000446,
			"seconds":	10.000446,
			"bytes":	4514864,
			"bits_per_second":	3611730.1168367891,
			"retransmits":	0,
			"sender":	true
		},
		"sum_received":	{
			"start":	0,
			"end":	11.83166,
			"seconds":	11.83166,
			"bytes":	2752512,
			"bits_per_second":	1861116.3606797357,
			"sender":	true
		},
		"cpu_utilization_percent":	{
			"host_total":	0.43371426619869485,
			"host_user":	0.074523047560312833,
			"host_system":	0.35922083044535957,
			"remote_total":	0.0984898837628359,
			"remote_user":	0,
			"remote_system":	0.0984898837628359
		},