{
	"start":	{
		"connected":	[{
				"socket":	5,
				"local_host":	"129.93.240.13",
				"local_port":	58436,
				"remote_host":	"10.53.1.3",
				"remote_port":	55001
			}],
		"version":	"iperf 3.12",
		"system_info":	"Linux rpi1 6.6.51+rpt-rpi-v8 #1 SMP PREEMPT Debian 1:6.6.51-1+rpt3 (2024-10-08) aarch64",
		"timestamp":	{
			"time":	"Thu, 22 May 2025 23:29:25 GMT",
			"timesecs":	1747956565
		},
		"connecting_to":	{
			"host":	"10.53.1.3",
			"port":	55001
		},
		"cookie":	"mgmd4umg57vpxqxf32k6zfzgnb4vsjyktf3b",
		"tcp_mss_default":	1448,
		"target_bitrate":	0,
		"sock_bufsize":	0,
		"sndbuf_actual":	16384,
		"rcvbuf_actual":	131072,
		"test_start":	{
			"protocol":	"TCP",
			"num_streams":	1,
			"blksize":	131072,
			"omit":	0,
			"duration":	10,
			"bytes":	0,
			"blocks":	0,
			"reverse":	0,
			"tos":	0,
			"target_bitrate":	0
		}
	},
	"intervals":	[{
			"streams":	[{
					"socket":	5,
					"start":	0,
					"end":	1.000101,
					"seconds":	1.0001009702682495,
					"bytes":	372136,
					"bits_per_second":	2976787.43297437,
					"retransmits":	0,
					"snd_cwnd":	41992,
					"snd_wnd":	271616,
					"rtt":	136683,
					"rttvar":	29021,
					"pmtu":	1500,
					"omitted":	false,
					"sender":	true
				}],
			"sum":	{
				"start":	0,
				"end":	1.000101,
				"seconds":	1.0001009702682495,
				"bytes":	372136,
				"bits_per_second":	2976787.43297437,
				"retransmits":	0,
				"omitted":	false,
				"sender":	true
			}
		}, {
			"streams":	[{
					"socket":	5,
					"start":	1.000101,
					"end":	2.000405,
					"seconds":	1.0003039836883545,
					"bytes":	390960,
					"bits_per_second":	3126729.5252264347,
					"retransmits":	0,
					"snd_cwnd":	57920,
					"snd_wnd":	376960,
					"rtt":	274064,
					"rttvar":	41809,
					"pmtu":	1500,
					"omitted":	false,
					"sender":	true
				}],
			"sum":	{
				"start":	1.000101,
				"end":	2.000405,
				"seconds":	1.0003039836883545,
				"bytes":	390960,
				"bits_per_second":	3126729.5252264347,
				"retransmits":	0,
				"omitted":	false,
				"sender":	true
			}
		}, {
			"streams":	[{
					"socket":	5,
					"start":	2.000405,
					"end":	3.00016,
					"seconds":	0.999755024909973,
					"bytes":	651600,
					"bits_per_second":	5214077.3190606441,
					"retransmits":	0,
					"snd_cwnd":	82536,
					"snd_wnd":	376960,
					"rtt":	119722,
					"rttvar":	12376,
					"pmtu":	1500,
					"omitted":	false,
					"sender":	true
				}],
			"sum":	{
				"start":	2.000405,
				"end":	3.00016,
				"seconds":	0.999755024909973,
				"bytes":	651600,
				"bits_per_second":	5214077.3190606441,
				"retransmits":	0,
				"omitted":	false,
				"sender":	true
			}
		}, {
			"streams":	[{
					"socket":	5,
					"start":	3.00016,
					"end":	4.000225,
					"seconds":	1.0000649690628052,
					"bytes":	390960,
					"bits_per_second":	3127476.81076266,
					"retransmits":	0,
					"snd_cwnd":	98464,
					"snd_wnd":	376960,
					"rtt":	432827,
					"rttvar":	44461,
					"pmtu":	1500,
					"omitted":	false,
					"sender":	true
				}],
			"sum":	{
				"start":	3.00016,
				"end":	4.000225,
				"seconds":	1.0000649690628052,
				"bytes":	390960,
				"bits_per_second":	3127476.81076266,
				"retransmits":	0,
				"omitted":	false,
				"sender":	true
			}
		}, {
			"streams":	[{
					"socket":	5,
					"start":	4.000225,
					"end":	5.000376,
					"seconds":	1.0001510381698608,
					"bytes":	260640,
					"bits_per_second":	2084805.1148509365,
					"retransmits":	0,
					"snd_cwnd":	107152,
					"snd_wnd":	376960,
					"rtt":	509242,
					"rttvar":	4065,
					"pmtu":	1500,
					"omitted":	false,
					"sender":	true
				}],
			"sum":	{
				"start":	4.000225,
				"end":	5.000376,
				"seconds":	1.0001510381698608,
				"bytes":	260640,
				"bits_per_second":	2084805.1148509365,
				"retransmits":	0,
				"omitted":	false,
				"sender":	true
			}
		}, {
			"streams":	[{
					"socket":	5,
					"start":	5.000376,
					"end":	6.000323,
					"seconds":	0.99994701147079468,
					"bytes":	260640,
					"bits_per_second":	2085230.4932968938,
					"retransmits":	0,
					"snd_cwnd":	128872,
					"snd_wnd":	376960,
					"rtt":	577005,
					"rttvar":	9139,
					"pmtu":	1500,
					"omitted":	false,
					"sender":	true
				}],
			"sum":	{
				"start":	5.000376,
				"end":	6.000323,
				"seconds":	0.99994701147079468,
				"bytes":	260640,
				"bits_per_second":	2085230.4932968938,
				"retransmits":	0,
				"omitted":	false,
				"sender":	true
			}
		}, {
			"streams":	[{
					"socket":	5,
					"start":	6.000323,
					"end":	7.000589,
					"seconds":	1.0002659559249878,
					"bytes":	325800,
					"bits_per_second":	2605706.9967854228,
					"retransmits":	0,
					"snd_cwnd":	176656,
					"snd_wnd":	376960,
					"rtt":	704809,
					"rttvar":	25200,
					"pmtu":	1500,
					"omitted":	false,
					"sender":	true
				}],
			"sum":	{
				"start":	6.000323,
				"end":	7.000589,
				"seconds":	1.0002659559249878,
				"bytes":	325800,
				"bits_per_second":	2605706.9967854228,
				"retransmits":	0,
				"omitted":	false,
				"sender":	true
			}
		}, {
			"streams":	[{
					"socket":	5,
					"start":	7.000589,
					"end":	8.00075,
					"seconds":	1.0001610517501831,
					"bytes":	390960,
					"bits_per_second":	3127176.3627736443,
					"retransmits":	0,
					"snd_cwnd":	237472,
					"snd_wnd":	405248,
					"rtt":	921773,
					"rttvar":	37909,
					"pmtu":	1500,
					"omitted":	false,
					"sender":	true
				}],
			"sum":	{
				"start":	7.000589,
				"end":	8.00075,
				"seconds":	1.0001610517501831,
				"bytes":	390960,
				"bits_per_second":	3127176.3627736443,
				"retransmits":	0,
				"omitted":	false,
				"sender":	true
			}
		}, {
			"streams":	[{
					"socket":	5,
					"start":	8.00075,
					"end":	9.000789,
					"seconds":	1.0000389814376831,
					"bytes":	586440,
					"bits_per_second":	4691337.1249342142,
					"retransmits":	0,
					"snd_cwnd":	328696,
					"snd_wnd":	569216,
					"rtt":	1140492,
					"rttvar":	18894,
					"pmtu":	1500,
					"omitted":	false,
					"sender":	true
				}],
			"sum":	{
				"start":	8.00075,
				"end":	9.000789,
				"seconds":	1.0000389814376831,
				"bytes":	586440,
				"bits_per_second":	4691337.1249342142,
				"retransmits":	0,
				"omitted":	false,
				"sender":	true
			}
		}, {
			"streams":	[{
					"socket":	5,
					"start":	9.000789,
					"end":	10.000798,
					"seconds":	1.0000089406967163,
					"bytes":	716760,
					"bits_per_second":	5734028.73378813,
					"retransmits":	0,
					"snd_cwnd":	435848,
					"snd_wnd":	861696,
					"rtt":	1332202,
					"rttvar":	9756,
					"pmtu":	1500,
					"omitted":	false,
					"sender":	true
				}],
			"sum":	{
				"start":	9.000789,
				"end":	10.000798,
				"seconds":	1.0000089406967163,
				"bytes":	716760,
				"bits_per_second":	5734028.73378813,
				"retransmits":	0,
				"omitted":	false,
				"sender":	true
			}
		}],
	"end":	{
		"streams":	[{
				"sender":	{
					"socket":	5,
					"start":	0,
					"end":	10.000798,
					"seconds":	10.000798,
					"bytes":	4346896,
					"bits_per_second":	3477239.31630256,
					"retransmits":	0,
					"max_snd_cwnd":	435848,
					"max_snd_wnd":	861696,
					"max_rtt":	1332202,
					"min_rtt":	119722,
					"mean_rtt":	614881,
					"sender":	true
				},
				"receiver":	{
					"socket":	5,
					"start":	0,
					"end":	12.08669,
					"seconds":	10.000798,
					"bytes":	2883584,
					"bits_per_second":	1908601.2795893664,
					"sender":	true
				}
			}],
		"sum_sent":	{
			"start":	0,
			"end":	10.000798,
			"seconds":	10.000798,
			"bytes":	4346896,
			"bits_per_second":	3477239.31630256,
			"retransmits":	0,
			"sender":	true
		},
		"sum_received":	{
			"start":	0,
			"end":	12.08669,
			"seconds":	12.08669,
			"bytes":	2883584,
			"bits_per_second":	1908601.2795893664,
			"sender":	true
		},
		"cpu_utilization_percent":	{
			"host_total":	0.518769957721665,
			"host_user":	0.0636949088892307,
			"host_system":	0.45507504883243438,
			"remote_total":	0.0922915117788128,
			"remote_user":	0,
			"remote_system":	0.0922997853343286
		},