{
	"start":	{
		"connected":	[{
				"socket":	5,
				"local_host":	"129.93.240.13",
				"local_port":	37786,
				"remote_host":	"10.53.1.3",
				"remote_port":	55001
			}],
		"version":	"iperf 3.12",
		"system_info":	"Linux rpi1 6.6.51+rpt-rpi-v8 #1 SMP PREEMPT Debian 1:6.6.51-1+rpt3 (2024-10-08) aarch64",
		"timestamp":	{
			"time":	"Thu, 22 May 2025 23:43:00 GMT",
			"timesecs":	1747957380
		},
		"connecting_to":	{
			"host":	"10.53.1.3",
			"port":	55001
		},
		"cookie":	"mc6mzzd4bsevm3j5ojna5wqfty3aqrjt7gqm",
		"tcp_mss_default":	1448,
		"target_bitrate":	0,
		"sock_bufsize":	0,
		"sndbuf_actual":	16384,
		"rcvbuf_actual":	131072,
		"test_start":	{
			"protocol":	"TCP",
			"num_streams":	1,
			"blksize":	131072,
			"omit":	0,
			"duration":	10,
			"bytes":	0,
			"blocks":	0,
			"reverse":	0,
			"tos":	0,
			"target_bitrate":	0
		}
	},
	"intervals":	[{
			"streams":	[{
					"socket":	5,
					"start":	0,
					"end":	1.00035,
					"seconds":	1.0003499984741211,
					"bytes":	506800,
					"bits_per_second":	4052981.4626724236,
					"retransmits":	0,
					"snd_cwnd":	49232,
					"snd_wnd":	170368,
					"rtt":	137495,
					"rttvar":	2651,
					"pmtu":	1500,
					"omitted":	false,
					"sender":	true
				}],
			"sum":	{
				"start":	0,
				"end":	1.00035,
				"seconds":	1.0003499984741211,
				"bytes":	506800,
				"bits_per_second":	4052981.4626724236,
				"retransmits":	0,
				"omitted":	false,
				"sender":	true
			}
		}, {
			"streams":	[{
					"socket":	5,
					"start":	1.00035,
					"end":	2.00033,
					"seconds":	0.99997997283935547,
					"bytes":	390960,
					"bits_per_second":	3127742.6398043022,
					"retransmits":	0,
					"snd_cwnd":	65160,
					"snd_wnd":	170368,
					"rtt":	185148,
					"rttvar":	4595,
					"pmtu":	1500,
					"omitted":	false,
					"sender":	true
				}],
			"sum":	{
				"start":	1.00035,
				"end":	2.00033,
				"seconds":	0.99997997283935547,
				"bytes":	390960,
				"bits_per_second":	3127742.6398043022,
				"retransmits":	0,
				"omitted":	false,
				"sender":	true
			}
		}, {
			"streams":	[{
					"socket":	5,
					"start":	2.00033,
					"end":	3.000479,
					"seconds":	1.0001490116119385,
					"bytes":	390960,
					"bits_per_second":	3127214.0087996721,
					"retransmits":	0,
					"snd_cwnd":	81088,
					"snd_wnd":	188032,
					"rtt":	233535,
					"rttvar":	4330,
					"pmtu":	1500,
					"omitted":	false,
					"sender":	true
				}],
			"sum":	{
				"start":	2.00033,
				"end":	3.000479,
				"seconds":	1.0001490116119385,
				"bytes":	390960,
				"bits_per_second":	3127214.0087996721,
				"retransmits":	0,
				"omitted":	false,
				"sender":	true
			}
		}, {
			"streams":	[{
					"socket":	5,
					"start":	3.000479,
					"end":	4.000324,
					"seconds":	0.999845027923584,
					"bytes":	586440,
					"bits_per_second":	4692247.16728657,
					"retransmits":	0,
					"snd_cwnd":	104256,
					"snd_wnd":	291200,
					"rtt":	246186,
					"rttvar":	32241,
					"pmtu":	1500,
					"omitted":	false,
					"sender":	true
				}],
			"sum":	{
				"start":	3.000479,
				"end":	4.000324,
				"seconds":	0.999845027923584,
				"bytes":	586440,
				"bits_per_second":	4692247.16728657,
				"retransmits":	0,
				"omitted":	false,
				"sender":	true
			}
		}, {
			"streams":	[{
					"socket":	5,
					"start":	4.000324,
					"end":	5.000099,
					"seconds":	0.999774992465973,
					"bytes":	781920,
					"bits_per_second":	6256767.819898135,
					"retransmits":	0,
					"snd_cwnd":	128872,
					"snd_wnd":	326272,
					"rtt":	272665,
					"rttvar":	40050,
					"pmtu":	1500,
					"omitted":	false,
					"sender":	true
				}],
			"sum":	{
				"start":	4.000324,
				"end":	5.000099,
				"seconds":	0.999774992465973,
				"bytes":	781920,
				"bits_per_second":	6256767.819898135,
				"retransmits":	0,
				"omitted":	false,
				"sender":	true
			}
		}, {
			"streams":	[{
					"socket":	5,
					"start":	5.000099,
					"end":	6.000206,
					"seconds":	1.0001070499420166,
					"bytes":	1042560,
					"bits_per_second":	8339587.2476686947,
					"retransmits":	0,
					"snd_cwnd":	170864,
					"snd_wnd":	421888,
					"rtt":	191854,
					"rttvar":	45464,
					"pmtu":	1500,
					"omitted":	false,
					"sender":	true
				}],
			"sum":	{
				"start":	5.000099,
				"end":	6.000206,
				"seconds":	1.0001070499420166,
				"bytes":	1042560,
				"bits_per_second":	8339587.2476686947,
				"retransmits":	0,
				"omitted":	false,
				"sender":	true
			}
		}, {
			"streams":	[{
					"socket":	5,
					"start":	6.000206,
					"end":	7.000103,
					"seconds":	0.999897003173828,
					"bytes":	847080,
					"bits_per_second":	6777338.0443084575,
					"retransmits":	0,
					"snd_cwnd":	207064,
					"snd_wnd":	537728,
					"rtt":	539077,
					"rttvar":	10436,
					"pmtu":	1500,
					"omitted":	false,
					"sender":	true
				}],
			"sum":	{
				"start":	6.000206,
				"end":	7.000103,
				"seconds":	0.999897003173828,
				"bytes":	847080,
				"bits_per_second":	6777338.0443084575,
				"retransmits":	0,
				"omitted":	false,
				"sender":	true
			}
		}, {
			"streams":	[{
					"socket":	5,
					"start":	7.000103,
					"end":	8.000221,
					"seconds":	1.0001180171966553,
					"bytes":	1629000,
					"bits_per_second":	13030462.181382231,
					"retransmits":	0,
					"snd_cwnd":	291048,
					"snd_wnd":	568320,
					"rtt":	377946,
					"rttvar":	29483,
					"pmtu":	1500,
					"omitted":	false,
					"sender":	true
				}],
			"sum":	{
				"start":	7.000103,
				"end":	8.000221,
				"seconds":	1.0001180171966553,
				"bytes":	1629000,
				"bits_per_second":	13030462.181382231,
				"retransmits":	0,
				"omitted":	false,
				"sender":	true
			}
		}, {
			"streams":	[{
					"socket":	5,
					"start":	8.000221,
					"end":	9.000274,
					"seconds":	1.00005304813385,
					"bytes":	716760,
					"bits_per_second":	5733775.8338920977,
					"retransmits":	0,
					"snd_cwnd":	362000,
					"snd_wnd":	691328,
					"rtt":	874503,
					"rttvar":	4916,
					"pmtu":	1500,
					"omitted":	false,
					"sender":	true
				}],
			"sum":	{
				"start":	8.000221,
				"end":	9.000274,
				"seconds":	1.00005304813385,
				"bytes":	716760,
				"bits_per_second":	5733775.8338920977,
				"retransmits":	0,
				"omitted":	false,
				"sender":	true
			}
		}, {
			"streams":	[{
					"socket":	5,
					"start":	9.000274,
					"end":	10.000302,
					"seconds":	1.0000280141830444,
					"bytes":	912240,
					"bits_per_second":	7297715.5604604827,
					"retransmits":	0,
					"snd_cwnd":	466256,
					"snd_wnd":	753664,
					"rtt":	1030275,
					"rttvar":	13924,
					"pmtu":	1500,
					"omitted":	false,
					"sender":	true
				}],
			"sum":	{
				"start":	9.000274,
				"end":	10.000302,
				"seconds":	1.0000280141830444,
				"bytes":	912240,
				"bits_per_second":	7297715.5604604827,
				"retransmits":	0,
				"omitted":	false,
				"sender":	true
			}
		}],
	"end":	{
		"streams":	[{
				"sender":	{
					"socket":	5,
					"start":	0,
					"end":	10.000302,
					"seconds":	10.000302,
					"bytes":	7804720,
					"bits_per_second":	6243587.4436592022,
					"retransmits":	0,
					"max_snd_cwnd":	466256,
					"max_snd_wnd":	753664,
					"max_rtt":	1030275,
					"min_rtt":	137495,
					"mean_rtt":	408868,
					"sender":	true
				},
				"receiver":	{
					"socket":	5,
					"start":	0,
					"end":	11.03157,
					"seconds":	10.000302,
					"bytes":	5767168,
					"bits_per_second":	4182300.7967134323,
					"sender":	true
				}
			}],
		"sum_sent":	{
			"start":	0,
			"end":	10.000302,
			"seconds":	10.000302,
			"bytes":	7804720,
			"bits_per_second":	6243587.4436592022,
			"retransmits":	0,
			"sender":	true
		},
		"sum_received":	{
			"start":	0,
			"end":	11.03157,
			"seconds":	11.03157,
			"bytes":	5767168,
			"bits_per_second":	4182300.7967134323,
			"sender":	true
		},
		"cpu_utilization_percent":	{
			"host_total":	0.391624538021625,
			"host_user":	0.057792866043060553,
			"host_system":	0.33383167197856445,
			"remote_total":	0.17272220216365969,
			"remote_user":	0,
			"remote_system":	0.17272220216365969
		},