{
	"start":	{
		"connected":	[{
				"socket":	5,
				"local_host":	"129.93.240.13",
				"local_port":	39304,
				"remote_host":	"10.53.1.3",
				"remote_port":	55001
			}],
		"version":	"iperf 3.12",
		"system_info":	"Linux rpi1 6.6.51+rpt-rpi-v8 #1 SMP PREEMPT Debian 1:6.6.51-1+rpt3 (2024-10-08) aarch64",
		"timestamp":	{
			"time":	"Thu, 22 May 2025 23:43:29 GMT",
			"timesecs":	1747957409
		},
		"connecting_to":	{
			"host":	"10.53.1.3",
			"port":	55001
		},
		"cookie":	"yrzyivtrmpwmo4e4hu22qxqp72ywkckyl7zn",
		"tcp_mss_default":	1448,
		"target_bitrate":	0,
		"sock_bufsize":	0,
		"sndbuf_actual":	16384,
		"rcvbuf_actual":	131072,
		"test_start":	{
			"protocol":	"TCP",
			"num_streams":	1,
			"blksize":	131072,
			"omit":	0,
			"duration":	10,
			"bytes":	0,
			"blocks":	0,
			"reverse":	0,
			"tos":	0,
			"target_bitrate":	0
		}
	},
	"intervals":	[{
			"streams":	[{
					"socket":	5,
					"start":	0,
					"end":	1.000171,
					"seconds":	1.0001709461212158,
					"bytes":	1421936,
					"bits_per_second":	11373543.736813713,
					"retransmits":	0,
					"snd_cwnd":	83984,
					"snd_wnd":	407168,
					"rtt":	106181,
					"rttvar":	21163,
					"pmtu":	1500,
					"omitted":	false,
					"sender":	true
				}],
			"sum":	{
				"start":	0,
				"end":	1.000171,
				"seconds":	1.0001709461212158,
				"bytes":	1421936,
				"bits_per_second":	11373543.736813713,
				"retransmits":	0,
				"omitted":	false,
				"sender":	true
			}
		}, {
			"streams":	[{
					"socket":	5,
					"start":	1.000171,
					"end":	2.00029,
					"seconds":	1.0001189708709717,
					"bytes":	456120,
					"bits_per_second":	3648525.9316921439,
					"retransmits":	0,
					"snd_cwnd":	99912,
					"snd_wnd":	407168,
					"rtt":	288926,
					"rttvar":	2594,
					"pmtu":	1500,
					"omitted":	false,
					"sender":	true
				}],
			"sum":	{
				"start":	1.000171,
				"end":	2.00029,
				"seconds":	1.0001189708709717,
				"bytes":	456120,
				"bits_per_second":	3648525.9316921439,
				"retransmits":	0,
				"omitted":	false,
				"sender":	true
			}
		}, {
			"streams":	[{
					"socket":	5,
					"start":	2.00029,
					"end":	3.000625,
					"seconds":	1.0003349781036377,
					"bytes":	260640,
					"bits_per_second":	2084421.7643501968,
					"retransmits":	0,
					"snd_cwnd":	115840,
					"snd_wnd":	407168,
					"rtt":	337936,
					"rttvar":	3080,
					"pmtu":	1500,
					"omitted":	false,
					"sender":	true
				}],
			"sum":	{
				"start":	2.00029,
				"end":	3.000625,
				"seconds":	1.0003349781036377,
				"bytes":	260640,
				"bits_per_second":	2084421.7643501968,
				"retransmits":	0,
				"omitted":	false,
				"sender":	true
			}
		}, {
			"streams":	[{
					"socket":	5,
					"start":	3.000625,
					"end":	4.000245,
					"seconds":	0.999620020389557,
					"bytes":	521280,
					"bits_per_second":	4171825.2085175691,
					"retransmits":	0,
					"snd_cwnd":	136112,
					"snd_wnd":	407168,
					"rtt":	183231,
					"rttvar":	31602,
					"pmtu":	1500,
					"omitted":	false,
					"sender":	true
				}],
			"sum":	{
				"start":	3.000625,
				"end":	4.000245,
				"seconds":	0.999620020389557,
				"bytes":	521280,
				"bits_per_second":	4171825.2085175691,
				"retransmits":	0,
				"omitted":	false,
				"sender":	true
			}
		}, {
			"streams":	[{
					"socket":	5,
					"start":	4.000245,
					"end":	5.000091,
					"seconds":	0.99984598159790039,
					"bytes":	651600,
					"bits_per_second":	5213602.9908018252,
					"retransmits":	0,
					"snd_cwnd":	154936,
					"snd_wnd":	407168,
					"rtt":	346571,
					"rttvar":	13302,
					"pmtu":	1500,
					"omitted":	false,
					"sender":	true
				}],
			"sum":	{
				"start":	4.000245,
				"end":	5.000091,
				"seconds":	0.99984598159790039,
				"bytes":	651600,
				"bits_per_second":	5213602.9908018252,
				"retransmits":	0,
				"omitted":	false,
				"sender":	true
			}
		}, {
			"streams":	[{
					"socket":	5,
					"start":	5.000091,
					"end":	6.000239,
					"seconds":	1.0001480579376221,
					"bytes":	781920,
					"bits_per_second":	6254433.98140372,
					"retransmits":	0,
					"snd_cwnd":	189688,
					"snd_wnd":	407168,
					"rtt":	352178,
					"rttvar":	5903,
					"pmtu":	1500,
					"omitted":	false,
					"sender":	true
				}],
			"sum":	{
				"start":	5.000091,
				"end":	6.000239,
				"seconds":	1.0001480579376221,
				"bytes":	781920,
				"bits_per_second":	6254433.98140372,
				"retransmits":	0,
				"omitted":	false,
				"sender":	true
			}
		}, {
			"streams":	[{
					"socket":	5,
					"start":	6.000239,
					"end":	7.000281,
					"seconds":	1.0000419616699219,
					"bytes":	912240,
					"bits_per_second":	7297613.77993935,
					"retransmits":	0,
					"snd_cwnd":	238920,
					"snd_wnd":	569984,
					"rtt":	137232,
					"rttvar":	2122,
					"pmtu":	1500,
					"omitted":	false,
					"sender":	true
				}],
			"sum":	{
				"start":	6.000239,
				"end":	7.000281,
				"seconds":	1.0000419616699219,
				"bytes":	912240,
				"bits_per_second":	7297613.77993935,
				"retransmits":	0,
				"omitted":	false,
				"sender":	true
			}
		}, {
			"streams":	[{
					"socket":	5,
					"start":	7.000281,
					"end":	8.000434,
					"seconds":	1.0001529455184937,
					"bytes":	1694160,
					"bits_per_second":	13551207.403557448,
					"retransmits":	0,
					"snd_cwnd":	293944,
					"snd_wnd":	591744,
					"rtt":	465624,
					"rttvar":	54304,
					"pmtu":	1500,
					"omitted":	false,
					"sender":	true
				}],
			"sum":	{
				"start":	7.000281,
				"end":	8.000434,
				"seconds":	1.0001529455184937,
				"bytes":	1694160,
				"bits_per_second":	13551207.403557448,
				"retransmits":	0,
				"omitted":	false,
				"sender":	true
			}
		}, {
			"streams":	[{
					"socket":	5,
					"start":	8.000434,
					"end":	9.000557,
					"seconds":	1.0001230239868164,
					"bytes":	716760,
					"bits_per_second":	5733374.6573917354,
					"retransmits":	0,
					"snd_cwnd":	377928,
					"snd_wnd":	910336,
					"rtt":	482901,
					"rttvar":	49789,
					"pmtu":	1500,
					"omitted":	false,
					"sender":	true
				}],
			"sum":	{
				"start":	8.000434,
				"end":	9.000557,
				"seconds":	1.0001230239868164,
				"bytes":	716760,
				"bits_per_second":	5733374.6573917354,
				"retransmits":	0,
				"omitted":	false,
				"sender":	true
			}
		}, {
			"streams":	[{
					"socket":	5,
					"start":	9.000557,
					"end":	10.000614,
					"seconds":	1.0000569820404053,
					"bytes":	847080,
					"bits_per_second":	6776253.8752278853,
					"retransmits":	0,
					"snd_cwnd":	469152,
					"snd_wnd":	910336,
					"rtt":	1111372,
					"rttvar":	21182,
					"pmtu":	1500,
					"omitted":	false,
					"sender":	true
				}],
			"sum":	{
				"start":	9.000557,
				"end":	10.000614,
				"seconds":	1.0000569820404053,
				"bytes":	847080,
				"bits_per_second":	6776253.8752278853,
				"retransmits":	0,
				"omitted":	false,
				"sender":	true
			}
		}],
	"end":	{
		"streams":	[{
				"sender":	{
					"socket":	5,
					"start":	0,
					"end":	10.000614,
					"seconds":	10.000614,
					"bytes":	8263736,
					"bits_per_second":	6610582.910209313,
					"retransmits":	0,
					"max_snd_cwnd":	469152,
					"max_snd_wnd":	910336,
					"max_rtt":	1111372,
					"min_rtt":	106181,
					"mean_rtt":	381215,
					"sender":	true
				},
				"receiver":	{
					"socket":	5,
					"start":	0,
					"end":	10.702825,
					"seconds":	10.000614,
					"bytes":	6553600,
					"bits_per_second":	4898594.5299488679,
					"sender":	true
				}
			}],
		"sum_sent":	{
			"start":	0,
			"end":	10.000614,
			"seconds":	10.000614,
			"bytes":	8263736,
			"bits_per_second":	6610582.910209313,
			"retransmits":	0,
			"sender":	true
		},
		"sum_received":	{
			"start":	0,
			"end":	10.702825,
			"seconds":	10.702825,
			"bytes":	6553600,
			"bits_per_second":	4898594.5299488679,
			"sender":	true
		},
		"cpu_utilization_percent":	{
			"host_total":	0.39649006453688951,
			"host_user":	0.0591496398597351,
			"host_system":	0.33734042467715436,
			"remote_total":	0.22563178581826351,
			"remote_user":	0,
			"remote_system":	0.22563178581826351
		},