{
	"start":	{
		"connected":	[{
				"socket":	5,
				"local_host":	"192.168.225.26",
				"local_port":	49036,
				"remote_host":	"192.168.26.3",
				"remote_port":	55003
			}],
		"version":	"iperf 3.16",
		"system_info":	"Linux cse-ThinkPad-T14-Gen-5 6.11.0-25-generic #25~24.04.1-Ubuntu SMP PREEMPT_DYNAMIC Tue Apr 15 17:20:50 UTC 2 x86_64",
		"timestamp":	{
			"time":	"Fri, 30 May 2025 19:51:18 GMT",
			"timesecs":	1748634678
		},
		"connecting_to":	{
			"host":	"192.168.26.3",
			"port":	55003
		},
		"cookie":	"wcncapjynsd6w55aviwz4hvizw2obr6snx73",
		"tcp_mss_default":	1448,
		"target_bitrate":	0,
		"fq_rate":	0,
		"sock_bufsize":	0,
		"sndbuf_actual":	16384,
		"rcvbuf_actual":	131072,
		"test_start":	{
			"protocol":	"TCP",
			"num_streams":	1,
			"blksize":	131072,
			"omit":	0,
			"duration":	10,
			"bytes":	0,
			"blocks":	0,
			"reverse":	0,
			"tos":	0,
			"target_bitrate":	0,
			"bidir":	0,
			"fqrate":	0
		}
	},
	"intervals":	[{
			"streams":	[{
					"socket":	5,
					"start":	0,
					"end":	1.00117,
					"seconds":	1.0011700391769409,
					"bytes":	524288,
					"bits_per_second":	4189402.2352567855,
					"retransmits":	14,
					"snd_cwnd":	5792,
					"snd_wnd":	537728,
					"rtt":	53314,
					"rttvar":	9151,
					"pmtu":	1500,
					"omitted":	false,
					"sender":	true
				}],
			"sum":	{
				"start":	0,
				"end":	1.00117,
				"seconds":	1.0011700391769409,
				"bytes":	524288,
				"bits_per_second":	4189402.2352567855,
				"retransmits":	14,
				"omitted":	false,
				"sender":	true
			}
		}, {
			"streams":	[{
					"socket":	5,
					"start":	1.00117,
					"end":	2.00067,
					"seconds":	0.99949997663497925,
					"bytes":	131072,
					"bits_per_second":	1049100.5747996566,
					"retransmits":	4,
					"snd_cwnd":	8688,
					"snd_wnd":	543488,
					"rtt":	54347,
					"rttvar":	13328,
					"pmtu":	1500,
					"omitted":	false,
					"sender":	true
				}],
			"sum":	{
				"start":	1.00117,
				"end":	2.00067,
				"seconds":	0.99949997663497925,
				"bytes":	131072,
				"bits_per_second":	1049100.5747996566,
				"retransmits":	4,
				"omitted":	false,
				"sender":	true
			}
		}, {
			"streams":	[{
					"socket":	5,
					"start":	2.00067,
					"end":	3.001212,
					"seconds":	1.0005420446395874,
					"bytes":	393216,
					"bits_per_second":	3144023.7987531507,
					"retransmits":	0,
					"snd_cwnd":	24616,
					"snd_wnd":	543488,
					"rtt":	39789,
					"rttvar":	1052,
					"pmtu":	1500,
					"omitted":	false,
					"sender":	true
				}],
			"sum":	{
				"start":	2.00067,
				"end":	3.001212,
				"seconds":	1.0005420446395874,
				"bytes":	393216,
				"bits_per_second":	3144023.7987531507,
				"retransmits":	0,
				"omitted":	false,
				"sender":	true
			}
		}, {
			"streams":	[{
					"socket":	5,
					"start":	3.001212,
					"end":	4.000517,
					"seconds":	0.999305009841919,
					"bytes":	393216,
					"bits_per_second":	3147915.7704789508,
					"retransmits":	13,
					"snd_cwnd":	21720,
					"snd_wnd":	543488,
					"rtt":	40030,
					"rttvar":	3164,
					"pmtu":	1500,
					"omitted":	false,
					"sender":	true
				}],
			"sum":	{
				"start":	3.001212,
				"end":	4.000517,
				"seconds":	0.999305009841919,
				"bytes":	393216,
				"bits_per_second":	3147915.7704789508,
				"retransmits":	13,
				"omitted":	false,
				"sender":	true
			}
		}, {
			"streams":	[{
					"socket":	5,
					"start":	4.000517,
					"end":	5.001039,
					"seconds":	1.0005220174789429,
					"bytes":	524288,
					"bits_per_second":	4192115.6423609378,
					"retransmits":	5,
					"snd_cwnd":	17376,
					"snd_wnd":	544896,
					"rtt":	34155,
					"rttvar":	2806,
					"pmtu":	1500,
					"omitted":	false,
					"sender":	true
				}],
			"sum":	{
				"start":	4.000517,
				"end":	5.001039,
				"seconds":	1.0005220174789429,
				"bytes":	524288,
				"bits_per_second":	4192115.6423609378,
				"retransmits":	5,
				"omitted":	false,
				"sender":	true
			}
		}, {
			"streams":	[{
					"socket":	5,
					"start":	5.001039,
					"end":	6.001041,
					"seconds":	1.0000020265579224,
					"bytes":	655360,
					"bits_per_second":	5242869.3750215322,
					"retransmits":	0,
					"snd_cwnd":	36200,
					"snd_wnd":	544896,
					"rtt":	34409,
					"rttvar":	1574,
					"pmtu":	1500,
					"omitted":	false,
					"sender":	true
				}],
			"sum":	{
				"start":	5.001039,
				"end":	6.001041,
				"seconds":	1.0000020265579224,
				"bytes":	655360,
				"bits_per_second":	5242869.3750215322,
				"retransmits":	0,
				"omitted":	false,
				"sender":	true
			}
		}, {
			"streams":	[{
					"socket":	5,
					"start":	6.001041,
					"end":	7.001093,
					"seconds":	1.0000519752502441,
					"bytes":	393216,
					"bits_per_second":	3145564.508497512,
					"retransmits":	10,
					"snd_cwnd":	21720,
					"snd_wnd":	544896,
					"rtt":	39883,
					"rttvar":	1172,
					"pmtu":	1500,
					"omitted":	false,
					"sender":	true
				}],
			"sum":	{
				"start":	6.001041,
				"end":	7.001093,
				"seconds":	1.0000519752502441,
				"bytes":	393216,
				"bits_per_second":	3145564.508497512,
				"retransmits":	10,
				"omitted":	false,
				"sender":	true
			}
		}, {
			"streams":	[{
					"socket":	5,
					"start":	7.001093,
					"end":	8.001027,
					"seconds":	0.99993401765823364,
					"bytes":	524288,
					"bits_per_second":	4194580.7682618182,
					"retransmits":	9,
					"snd_cwnd":	11584,
					"snd_wnd":	544896,
					"rtt":	45574,
					"rttvar":	9736,
					"pmtu":	1500,
					"omitted":	false,
					"sender":	true
				}],
			"sum":	{
				"start":	7.001093,
				"end":	8.001027,
				"seconds":	0.99993401765823364,
				"bytes":	524288,
				"bits_per_second":	4194580.7682618182,
				"retransmits":	9,
				"omitted":	false,
				"sender":	true
			}
		}, {
			"streams":	[{
					"socket":	5,
					"start":	8.001027,
					"end":	9.001074,
					"seconds":	1.000046968460083,
					"bytes":	524288,
					"bits_per_second":	4194107.0092523522,
					"retransmits":	0,
					"snd_cwnd":	31856,
					"snd_wnd":	544896,
					"rtt":	34387,
					"rttvar":	3770,
					"pmtu":	1500,
					"omitted":	false,
					"sender":	true
				}],
			"sum":	{
				"start":	8.001027,
				"end":	9.001074,
				"seconds":	1.000046968460083,
				"bytes":	524288,
				"bits_per_second":	4194107.0092523522,
				"retransmits":	0,
				"omitted":	false,
				"sender":	true
			}
		}, {
			"streams":	[{
					"socket":	5,
					"start":	9.001074,
					"end":	10.001588,
					"seconds":	1.000514030456543,
					"bytes":	655360,
					"bits_per_second":	5240186.3846003534,
					"retransmits":	10,
					"snd_cwnd":	23168,
					"snd_wnd":	544896,
					"rtt":	51144,
					"rttvar":	7990,
					"pmtu":	1500,
					"omitted":	false,
					"sender":	true
				}],
			"sum":	{
				"start":	9.001074,
				"end":	10.001588,
				"seconds":	1.000514030456543,
				"bytes":	655360,
				"bits_per_second":	5240186.3846003534,
				"retransmits":	10,
				"omitted":	false,
				"sender":	true
			}
		}],
	"end":	{
		"streams":	[{
				"sender":	{
					"socket":	5,
					"start":	0,
					"end":	10.001588,
					"seconds":	10.001588,
					"bytes":	4718592,
					"bits_per_second":	3774274.2452498544,
					"retransmits":	65,
					"max_snd_cwnd":	36200,
					"max_snd_wnd":	544896,
					"max_rtt":	54347,
					"min_rtt":	34155,
					"mean_rtt":	42703,
					"sender":	true
				},
				"receiver":	{
					"socket":	5,
					"start":	0,
					"end":	10.036624,
					"seconds":	10.001588,
					"bytes":	4513416,
					"bits_per_second":	3597557.106851866,
					"sender":	true
				}
			}],
		"sum_sent":	{
			"start":	0,
			"end":	10.001588,
			"seconds":	10.001588,
			"bytes":	4718592,
			"bits_per_second":	3774274.2452498544,
			"retransmits":	65,
			"sender":	true
		},
		"sum_received":	{
			"start":	0,
			"end":	10.036624,
			"seconds":	10.036624,
			"bytes":	4513416,
			"bits_per_second":	3597557.106851866,
			"sender":	true
		},
		"cpu_utilization_percent":	{
			"host_total":	0.069557045537177828,
			"host_user":	0,
			"host_system":	0.069557045537177828,
			"remote_total":	0.11434555830017341,