{
	"start":	{
		"connected":	[{
				"socket":	5,
				"local_host":	"192.168.225.26",
				"local_port":	33086,
				"remote_host":	"192.168.26.3",
				"remote_port":	55003
			}],
		"version":	"iperf 3.16",
		"system_info":	"Linux cse-ThinkPad-T14-Gen-5 6.11.0-25-generic #25~24.04.1-Ubuntu SMP PREEMPT_DYNAMIC Tue Apr 15 17:20:50 UTC 2 x86_64",
		"timestamp":	{
			"time":	"Fri, 30 May 2025 19:58:13 GMT",
			"timesecs":	1748635093
		},
		"connecting_to":	{
			"host":	"192.168.26.3",
			"port":	55003
		},
		"cookie":	"i4ors4rfns3wtzwhdrr5b65j3m3jaa53i42n",
		"tcp_mss_default":	1448,
		"target_bitrate":	0,
		"fq_rate":	0,
		"sock_bufsize":	0,
		"sndbuf_actual":	16384,
		"rcvbuf_actual":	131072,
		"test_start":	{
			"protocol":	"TCP",
			"num_streams":	1,
			"blksize":	131072,
			"omit":	0,
			"duration":	10,
			"bytes":	0,
			"blocks":	0,
			"reverse":	0,
			"tos":	0,
			"target_bitrate":	0,
			"bidir":	0,
			"fqrate":	0
		}
	},
	"intervals":	[{
			"streams":	[{
					"socket":	5,
					"start":	0,
					"end":	1.00102,
					"seconds":	1.0010199546813965,
					"bytes":	3276800,
					"bits_per_second":	26187689.743251413,
					"retransmits":	4,
					"snd_cwnd":	139008,
					"snd_wnd":	1051136,
					"rtt":	66721,
					"rttvar":	1374,
					"pmtu":	1500,
					"omitted":	false,
					"sender":	true
				}],
			"sum":	{
				"start":	0,
				"end":	1.00102,
				"seconds":	1.0010199546813965,
				"bytes":	3276800,
				"bits_per_second":	26187689.743251413,
				"retransmits":	4,
				"omitted":	false,
				"sender":	true
			}
		}, {
			"streams":	[{
					"socket":	5,
					"start":	1.00102,
					"end":	2.001084,
					"seconds":	1.0000640153884888,
					"bytes":	1703936,
					"bits_per_second":	13630615.430857852,
					"retransmits":	14,
					"snd_cwnd":	55024,
					"snd_wnd":	1857792,
					"rtt":	38824,
					"rttvar":	878,
					"pmtu":	1500,
					"omitted":	false,
					"sender":	true
				}],
			"sum":	{
				"start":	1.00102,
				"end":	2.001084,
				"seconds":	1.0000640153884888,
				"bytes":	1703936,
				"bits_per_second":	13630615.430857852,
				"retransmits":	14,
				"omitted":	false,
				"sender":	true
			}
		}, {
			"streams":	[{
					"socket":	5,
					"start":	2.001084,
					"end":	3.001264,
					"seconds":	1.0001800060272217,
					"bytes":	393216,
					"bits_per_second":	3145161.8519100687,
					"retransmits":	45,
					"snd_cwnd":	36200,
					"snd_wnd":	1857792,
					"rtt":	52071,
					"rttvar":	20069,
					"pmtu":	1500,
					"omitted":	false,
					"sender":	true
				}],
			"sum":	{
				"start":	2.001084,
				"end":	3.001264,
				"seconds":	1.0001800060272217,
				"bytes":	393216,
				"bits_per_second":	3145161.8519100687,
				"retransmits":	45,
				"omitted":	false,
				"sender":	true
			}
		}, {
			"streams":	[{
					"socket":	5,
					"start":	3.001264,
					"end":	4.001056,
					"seconds":	0.999791979789734,
					"bytes":	917504,
					"bits_per_second":	7341559.1926869443,
					"retransmits":	4,
					"snd_cwnd":	36200,
					"snd_wnd":	1857792,
					"rtt":	39544,
					"rttvar":	392,
					"pmtu":	1500,
					"omitted":	false,
					"sender":	true
				}],
			"sum":	{
				"start":	3.001264,
				"end":	4.001056,
				"seconds":	0.999791979789734,
				"bytes":	917504,
				"bits_per_second":	7341559.1926869443,
				"retransmits":	4,
				"omitted":	false,
				"sender":	true
			}
		}, {
			"streams":	[{
					"socket":	5,
					"start":	4.001056,
					"end":	5.001215,
					"seconds":	1.0001590251922607,
					"bytes":	1310720,
					"bits_per_second":	10484092.765132345,
					"retransmits":	0,
					"snd_cwnd":	53576,
					"snd_wnd":	1857792,
					"rtt":	37970,
					"rttvar":	2641,
					"pmtu":	1500,
					"omitted":	false,
					"sender":	true
				}],
			"sum":	{
				"start":	4.001056,
				"end":	5.001215,
				"seconds":	1.0001590251922607,
				"bytes":	1310720,
				"bits_per_second":	10484092.765132345,
				"retransmits":	0,
				"omitted":	false,
				"sender":	true
			}
		}, {
			"streams":	[{
					"socket":	5,
					"start":	5.001215,
					"end":	6.001202,
					"seconds":	0.999987006187439,
					"bytes":	917504,
					"bits_per_second":	7340127.3762393,
					"retransmits":	4,
					"snd_cwnd":	52128,
					"snd_wnd":	1857792,
					"rtt":	34982,
					"rttvar":	4382,
					"pmtu":	1500,
					"omitted":	false,
					"sender":	true
				}],
			"sum":	{
				"start":	5.001215,
				"end":	6.001202,
				"seconds":	0.999987006187439,
				"bytes":	917504,
				"bits_per_second":	7340127.3762393,
				"retransmits":	4,
				"omitted":	false,
				"sender":	true
			}
		}, {
			"streams":	[{
					"socket":	5,
					"start":	6.001202,
					"end":	7.001197,
					"seconds":	0.999994993209839,
					"bytes":	1179648,
					"bits_per_second":	9437231.25023657,
					"retransmits":	4,
					"snd_cwnd":	50680,
					"snd_wnd":	1857792,
					"rtt":	39793,
					"rttvar":	956,
					"pmtu":	1500,
					"omitted":	false,
					"sender":	true
				}],
			"sum":	{
				"start":	6.001202,
				"end":	7.001197,
				"seconds":	0.999994993209839,
				"bytes":	1179648,
				"bits_per_second":	9437231.25023657,
				"retransmits":	4,
				"omitted":	false,
				"sender":	true
			}
		}, {
			"streams":	[{
					"socket":	5,
					"start":	7.001197,
					"end":	8.001172,
					"seconds":	0.999975025653839,
					"bytes":	1310720,
					"bits_per_second":	10486021.881540321,
					"retransmits":	5,
					"snd_cwnd":	43440,
					"snd_wnd":	1857792,
					"rtt":	41736,
					"rttvar":	12376,
					"pmtu":	1500,
					"omitted":	false,
					"sender":	true
				}],
			"sum":	{
				"start":	7.001197,
				"end":	8.001172,
				"seconds":	0.999975025653839,
				"bytes":	1310720,
				"bits_per_second":	10486021.881540321,
				"retransmits":	5,
				"omitted":	false,
				"sender":	true
			}
		}, {
			"streams":	[{
					"socket":	5,
					"start":	8.001172,
					"end":	9.001079,
					"seconds":	0.99990701675415039,
					"bytes":	917504,
					"bits_per_second":	7340714.5634669671,
					"retransmits":	10,
					"snd_cwnd":	50680,
					"snd_wnd":	1857792,
					"rtt":	40698,
					"rttvar":	1895,
					"pmtu":	1500,
					"omitted":	false,
					"sender":	true
				}],
			"sum":	{
				"start":	8.001172,
				"end":	9.001079,
				"seconds":	0.99990701675415039,
				"bytes":	917504,
				"bits_per_second":	7340714.5634669671,
				"retransmits":	10,
				"omitted":	false,
				"sender":	true
			}
		}, {
			"streams":	[{
					"socket":	5,
					"start":	9.001079,
					"end":	10.001813,
					"seconds":	1.0007339715957642,
					"bytes":	917504,
					"bits_per_second":	7334648.5762800984,
					"retransmits":	4,
					"snd_cwnd":	50680,
					"snd_wnd":	1857792,
					"rtt":	37896,
					"rttvar":	1610,
					"pmtu":	1500,
					"omitted":	false,
					"sender":	true
				}],
			"sum":	{
				"start":	9.001079,
				"end":	10.001813,
				"seconds":	1.0007339715957642,
				"bytes":	917504,
				"bits_per_second":	7334648.5762800984,
				"retransmits":	4,
				"omitted":	false,
				"sender":	true
			}
		}],
	"end":	{
		"streams":	[{
				"sender":	{
					"socket":	5,
					"start":	0,
					"end":	10.001813,
					"seconds":	10.001813,
					"bytes":	12845056,
					"bits_per_second":	10274182.090786939,
					"retransmits":	94,
					"max_snd_cwnd":	139008,
					"max_snd_wnd":	1857792,
					"max_rtt":	66721,
					"min_rtt":	34982,
					"mean_rtt":	43023,
					"sender":	true
				},
				"receiver":	{
					"socket":	5,
					"start":	0,
					"end":	10.033806,
					"seconds":	10.001813,
					"bytes":	12061840,
					"bits_per_second":	9616960.9019747842,
					"sender":	true
				}
			}],
		"sum_sent":	{
			"start":	0,
			"end":	10.001813,
			"seconds":	10.001813,
			"bytes":	12845056,
			"bits_per_second":	10274182.090786939,
			"retransmits":	94,
			"sender":	true
		},
		"sum_received":	{
			"start":	0,
			"end":	10.033806,
			"seconds":	10.033806,
			"bytes":	12061840,
			"bits_per_second":	9616960.9019747842,
			"sender":	true
		},
		"cpu_utilization_percent":	{
			"host_total":	0.0789737643307901,
			"host_user":	0.018741873025778934,
			"host_system":	0.060231891305011186,