{
	"start":	{
		"connected":	[{
				"socket":	5,
				"local_host":	"192.168.225.39",
				"local_port":	58870,
				"remote_host":	"192.168.26.3",
				"remote_port":	55003
			}],
		"version":	"iperf 3.16",
		"system_info":	"Linux cse-ThinkPad-T14-Gen-5 6.11.0-25-generic #25~24.04.1-Ubuntu SMP PREEMPT_DYNAMIC Tue Apr 15 17:20:50 UTC 2 x86_64",
		"timestamp":	{
			"time":	"Fri, 30 May 2025 21:42:11 GMT",
			"timesecs":	1748641331
		},
		"connecting_to":	{
			"host":	"192.168.26.3",
			"port":	55003
		},
		"cookie":	"wu75nnfhofbgpd2tlv6vvddqlbfldhfkvtqj",
		"tcp_mss_default":	1448,
		"target_bitrate":	0,
		"fq_rate":	0,
		"sock_bufsize":	0,
		"sndbuf_actual":	16384,
		"rcvbuf_actual":	131072,
		"test_start":	{
			"protocol":	"TCP",
			"num_streams":	1,
			"blksize":	131072,
			"omit":	0,
			"duration":	10,
			"bytes":	0,
			"blocks":	0,
			"reverse":	0,
			"tos":	0,
			"target_bitrate":	0,
			"bidir":	0,
			"fqrate":	0
		}
	},
	"intervals":	[{
			"streams":	[{
					"socket":	5,
					"start":	0,
					"end":	1.001282,
					"seconds":	1.0012819766998291,
					"bytes":	2228224,
					"bits_per_second":	17802969.008543268,
					"retransmits":	27,
					"snd_cwnd":	41992,
					"snd_wnd":	1929728,
					"rtt":	39922,
					"rttvar":	2260,
					"pmtu":	1500,
					"omitted":	false,
					"sender":	true
				}],
			"sum":	{
				"start":	0,
				"end":	1.001282,
				"seconds":	1.0012819766998291,
				"bytes":	2228224,
				"bits_per_second":	17802969.008543268,
				"retransmits":	27,
				"omitted":	false,
				"sender":	true
			}
		}, {
			"streams":	[{
					"socket":	5,
					"start":	1.001282,
					"end":	2.001104,
					"seconds":	0.99982202053070068,
					"bytes":	1179648,
					"bits_per_second":	9438863.92399198,
					"retransmits":	0,
					"snd_cwnd":	59368,
					"snd_wnd":	1929728,
					"rtt":	36525,
					"rttvar":	614,
					"pmtu":	1500,
					"omitted":	false,
					"sender":	true
				}],
			"sum":	{
				"start":	1.001282,
				"end":	2.001104,
				"seconds":	0.99982202053070068,
				"bytes":	1179648,
				"bits_per_second":	9438863.92399198,
				"retransmits":	0,
				"omitted":	false,
				"sender":	true
			}
		}, {
			"streams":	[{
					"socket":	5,
					"start":	2.001104,
					"end":	3.001061,
					"seconds":	0.999957025051117,
					"bytes":	1441792,
					"bits_per_second":	11534831.708803061,
					"retransmits":	0,
					"snd_cwnd":	79640,
					"snd_wnd":	1929728,
					"rtt":	38037,
					"rttvar":	717,
					"pmtu":	1500,
					"omitted":	false,
					"sender":	true
				}],
			"sum":	{
				"start":	2.001104,
				"end":	3.001061,
				"seconds":	0.999957025051117,
				"bytes":	1441792,
				"bits_per_second":	11534831.708803061,
				"retransmits":	0,
				"omitted":	false,
				"sender":	true
			}
		}, {
			"streams":	[{
					"socket":	5,
					"start":	3.001061,
					"end":	4.001207,
					"seconds":	1.0001460313797,
					"bytes":	1572864,
					"bits_per_second":	12581074.768293481,
					"retransmits":	13,
					"snd_cwnd":	50680,
					"snd_wnd":	1929728,
					"rtt":	39940,
					"rttvar":	448,
					"pmtu":	1500,
					"omitted":	false,
					"sender":	true
				}],
			"sum":	{
				"start":	3.001061,
				"end":	4.001207,
				"seconds":	1.0001460313797,
				"bytes":	1572864,
				"bits_per_second":	12581074.768293481,
				"retransmits":	13,
				"omitted":	false,
				"sender":	true
			}
		}, {
			"streams":	[{
					"socket":	5,
					"start":	4.001207,
					"end":	5.0011,
					"seconds":	0.99989300966262817,
					"bytes":	1179648,
					"bits_per_second":	9438193.7955383658,
					"retransmits":	5,
					"snd_cwnd":	47784,
					"snd_wnd":	1929728,
					"rtt":	57570,
					"rttvar":	6173,
					"pmtu":	1500,
					"omitted":	false,
					"sender":	true
				}],
			"sum":	{
				"start":	4.001207,
				"end":	5.0011,
				"seconds":	0.99989300966262817,
				"bytes":	1179648,
				"bits_per_second":	9438193.7955383658,
				"retransmits":	5,
				"omitted":	false,
				"sender":	true
			}
		}, {
			"streams":	[{
					"socket":	5,
					"start":	5.0011,
					"end":	6.001275,
					"seconds":	1.0001749992370605,
					"bytes":	1179648,
					"bits_per_second":	9435532.7889606729,
					"retransmits":	9,
					"snd_cwnd":	43440,
					"snd_wnd":	1926784,
					"rtt":	74721,
					"rttvar":	18267,
					"pmtu":	1500,
					"omitted":	false,
					"sender":	true
				}],
			"sum":	{
				"start":	5.0011,
				"end":	6.001275,
				"seconds":	1.0001749992370605,
				"bytes":	1179648,
				"bits_per_second":	9435532.7889606729,
				"retransmits":	9,
				"omitted":	false,
				"sender":	true
			}
		}, {
			"streams":	[{
					"socket":	5,
					"start":	6.001275,
					"end":	7.001346,
					"seconds":	1.0000710487365723,
					"bytes":	1179648,
					"bits_per_second":	9436513.5476347934,
					"retransmits":	0,
					"snd_cwnd":	60816,
					"snd_wnd":	1929728,
					"rtt":	55500,
					"rttvar":	2608,
					"pmtu":	1500,
					"omitted":	false,
					"sender":	true
				}],
			"sum":	{
				"start":	6.001275,
				"end":	7.001346,
				"seconds":	1.0000710487365723,
				"bytes":	1179648,
				"bits_per_second":	9436513.5476347934,
				"retransmits":	0,
				"omitted":	false,
				"sender":	true
			}
		}, {
			"streams":	[{
					"socket":	5,
					"start":	7.001346,
					"end":	8.001047,
					"seconds":	0.99970102310180664,
					"bytes":	1572864,
					"bits_per_second":	12586675.125087466,
					"retransmits":	8,
					"snd_cwnd":	55024,
					"snd_wnd":	1929728,
					"rtt":	41370,
					"rttvar":	2005,
					"pmtu":	1500,
					"omitted":	false,
					"sender":	true
				}],
			"sum":	{
				"start":	7.001346,
				"end":	8.001047,
				"seconds":	0.99970102310180664,
				"bytes":	1572864,
				"bits_per_second":	12586675.125087466,
				"retransmits":	8,
				"omitted":	false,
				"sender":	true
			}
		}, {
			"streams":	[{
					"socket":	5,
					"start":	8.001047,
					"end":	9.000334,
					"seconds":	0.99928700923919678,
					"bytes":	1179648,
					"bits_per_second":	9443917.4258704334,
					"retransmits":	5,
					"snd_cwnd":	52128,
					"snd_wnd":	1929728,
					"rtt":	40368,
					"rttvar":	832,
					"pmtu":	1500,
					"omitted":	false,
					"sender":	true
				}],
			"sum":	{
				"start":	8.001047,
				"end":	9.000334,
				"seconds":	0.99928700923919678,
				"bytes":	1179648,
				"bits_per_second":	9443917.4258704334,
				"retransmits":	5,
				"omitted":	false,
				"sender":	true
			}
		}, {
			"streams":	[{
					"socket":	5,
					"start":	9.000334,
					"end":	10.001849,
					"seconds":	1.0015150308609009,
					"bytes":	1572864,
					"bits_per_second":	12563877.338100204,
					"retransmits":	0,
					"snd_cwnd":	70952,
					"snd_wnd":	1929728,
					"rtt":	37893,
					"rttvar":	4786,
					"pmtu":	1500,
					"omitted":	false,
					"sender":	true
				}],
			"sum":	{
				"start":	9.000334,
				"end":	10.001849,
				"seconds":	1.0015150308609009,
				"bytes":	1572864,
				"bits_per_second":	12563877.338100204,
				"retransmits":	0,
				"omitted":	false,
				"sender":	true
			}
		}],
	"end":	{
		"streams":	[{
				"sender":	{
					"socket":	5,
					"start":	0,
					"end":	10.001849,
					"seconds":	10.001849,
					"bytes":	14286848,
					"bits_per_second":	11427365.480122725,
					"retransmits":	67,
					"max_snd_cwnd":	79640,
					"max_snd_wnd":	1929728,
					"max_rtt":	74721,
					"min_rtt":	36525,
					"mean_rtt":	46184,
					"sender":	true
				},
				"receiver":	{
					"socket":	5,
					"start":	0,
					"end":	10.050948,
					"seconds":	10.001849,
					"bytes":	13424408,
					"bits_per_second":	10685088.013588371,
					"sender":	true
				}
			}],
		"sum_sent":	{
			"start":	0,
			"end":	10.001849,
			"seconds":	10.001849,
			"bytes":	14286848,
			"bits_per_second":	11427365.480122725,
			"retransmits":	67,
			"sender":	true
		},
		"sum_received":	{
			"start":	0,
			"end":	10.050948,
			"seconds":	10.050948,
			"bytes":	13424408,
			"bits_per_second":	10685088.013588371,
			"sender":	true
		},
		"cpu_utilization_percent":	{
			"host_total":	0.086457583328970272,
			"host_user":	0,
			"host_system":	0.0864674248296338,
			"remote_total":	0.28520714765709287,