{
	"start":	{
		"connected":	[{
				"socket":	5,
				"local_host":	"192.168.225.39",
				"local_port":	60436,
				"remote_host":	"192.168.26.3",
				"remote_port":	55003
			}],
		"version":	"iperf 3.16",
		"system_info":	"Linux cse-ThinkPad-T14-Gen-5 6.11.0-25-generic #25~24.04.1-Ubuntu SMP PREEMPT_DYNAMIC Tue Apr 15 17:20:50 UTC 2 x86_64",
		"timestamp":	{
			"time":	"Fri, 30 May 2025 21:42:27 GMT",
			"timesecs":	1748641347
		},
		"connecting_to":	{
			"host":	"192.168.26.3",
			"port":	55003
		},
		"cookie":	"ywqcg5ycux65uef7ktur7yy5mgpkbbp57dcs",
		"tcp_mss_default":	1448,
		"target_bitrate":	0,
		"fq_rate":	0,
		"sock_bufsize":	0,
		"sndbuf_actual":	16384,
		"rcvbuf_actual":	131072,
		"test_start":	{
			"protocol":	"TCP",
			"num_streams":	1,
			"blksize":	131072,
			"omit":	0,
			"duration":	10,
			"bytes":	0,
			"blocks":	0,
			"reverse":	0,
			"tos":	0,
			"target_bitrate":	0,
			"bidir":	0,
			"fqrate":	0
		}
	},
	"intervals":	[{
			"streams":	[{
					"socket":	5,
					"start":	0,
					"end":	1.001235,
					"seconds":	1.0012350082397461,
					"bytes":	1048576,
					"bits_per_second":	8378260.778903313,
					"retransmits":	14,
					"snd_cwnd":	41992,
					"snd_wnd":	1434624,
					"rtt":	40593,
					"rttvar":	700,
					"pmtu":	1500,
					"omitted":	false,
					"sender":	true
				}],
			"sum":	{
				"start":	0,
				"end":	1.001235,
				"seconds":	1.0012350082397461,
				"bytes":	1048576,
				"bits_per_second":	8378260.778903313,
				"retransmits":	14,
				"omitted":	false,
				"sender":	true
			}
		}, {
			"streams":	[{
					"socket":	5,
					"start":	1.001235,
					"end":	2.001051,
					"seconds":	0.99981600046157837,
					"bytes":	1310720,
					"bits_per_second":	10487689.730069442,
					"retransmits":	0,
					"snd_cwnd":	60816,
					"snd_wnd":	1880192,
					"rtt":	39592,
					"rttvar":	1043,
					"pmtu":	1500,
					"omitted":	false,
					"sender":	true
				}],
			"sum":	{
				"start":	1.001235,
				"end":	2.001051,
				"seconds":	0.99981600046157837,
				"bytes":	1310720,
				"bits_per_second":	10487689.730069442,
				"retransmits":	0,
				"omitted":	false,
				"sender":	true
			}
		}, {
			"streams":	[{
					"socket":	5,
					"start":	2.001051,
					"end":	3.001056,
					"seconds":	1.0000050067901611,
					"bytes":	1179648,
					"bits_per_second":	9437136.75023657,
					"retransmits":	5,
					"snd_cwnd":	57920,
					"snd_wnd":	1881600,
					"rtt":	41049,
					"rttvar":	687,
					"pmtu":	1500,
					"omitted":	false,
					"sender":	true
				}],
			"sum":	{
				"start":	2.001051,
				"end":	3.001056,
				"seconds":	1.0000050067901611,
				"bytes":	1179648,
				"bits_per_second":	9437136.75023657,
				"retransmits":	5,
				"omitted":	false,
				"sender":	true
			}
		}, {
			"streams":	[{
					"socket":	5,
					"start":	3.001056,
					"end":	4.001052,
					"seconds":	0.9999960064888,
					"bytes":	1179648,
					"bits_per_second":	9437221.6876505055,
					"retransmits":	6,
					"snd_cwnd":	52128,
					"snd_wnd":	1881600,
					"rtt":	40626,
					"rttvar":	1248,
					"pmtu":	1500,
					"omitted":	false,
					"sender":	true
				}],
			"sum":	{
				"start":	3.001056,
				"end":	4.001052,
				"seconds":	0.9999960064888,
				"bytes":	1179648,
				"bits_per_second":	9437221.6876505055,
				"retransmits":	6,
				"omitted":	false,
				"sender":	true
			}
		}, {
			"streams":	[{
					"socket":	5,
					"start":	4.001052,
					"end":	5.001226,
					"seconds":	1.0001740455627441,
					"bytes":	1572864,
					"bits_per_second":	12580722.381093455,
					"retransmits":	0,
					"snd_cwnd":	70952,
					"snd_wnd":	1881600,
					"rtt":	36786,
					"rttvar":	684,
					"pmtu":	1500,
					"omitted":	false,
					"sender":	true
				}],
			"sum":	{
				"start":	4.001052,
				"end":	5.001226,
				"seconds":	1.0001740455627441,
				"bytes":	1572864,
				"bits_per_second":	12580722.381093455,
				"retransmits":	0,
				"omitted":	false,
				"sender":	true
			}
		}, {
			"streams":	[{
					"socket":	5,
					"start":	5.001226,
					"end":	6.001037,
					"seconds":	0.99981099367141724,
					"bytes":	1572864,
					"bits_per_second":	12585290.699589277,
					"retransmits":	22,
					"snd_cwnd":	41992,
					"snd_wnd":	1880192,
					"rtt":	40732,
					"rttvar":	1307,
					"pmtu":	1500,
					"omitted":	false,
					"sender":	true
				}],
			"sum":	{
				"start":	5.001226,
				"end":	6.001037,
				"seconds":	0.99981099367141724,
				"bytes":	1572864,
				"bits_per_second":	12585290.699589277,
				"retransmits":	22,
				"omitted":	false,
				"sender":	true
			}
		}, {
			"streams":	[{
					"socket":	5,
					"start":	6.001037,
					"end":	7.001307,
					"seconds":	1.0002700090408325,
					"bytes":	1179648,
					"bits_per_second":	9434636.5628310665,
					"retransmits":	0,
					"snd_cwnd":	59368,
					"snd_wnd":	1881600,
					"rtt":	37991,
					"rttvar":	1151,
					"pmtu":	1500,
					"omitted":	false,
					"sender":	true
				}],
			"sum":	{
				"start":	6.001037,
				"end":	7.001307,
				"seconds":	1.0002700090408325,
				"bytes":	1179648,
				"bits_per_second":	9434636.5628310665,
				"retransmits":	0,
				"omitted":	false,
				"sender":	true
			}
		}, {
			"streams":	[{
					"socket":	5,
					"start":	7.001307,
					"end":	8.001073,
					"seconds":	0.99976599216461182,
					"bytes":	917504,
					"bits_per_second":	7341750.0270317867,
					"retransmits":	10,
					"snd_cwnd":	41992,
					"snd_wnd":	1881600,
					"rtt":	39308,
					"rttvar":	417,
					"pmtu":	1500,
					"omitted":	false,
					"sender":	true
				}],
			"sum":	{
				"start":	7.001307,
				"end":	8.001073,
				"seconds":	0.99976599216461182,
				"bytes":	917504,
				"bits_per_second":	7341750.0270317867,
				"retransmits":	10,
				"omitted":	false,
				"sender":	true
			}
		}, {
			"streams":	[{
					"socket":	5,
					"start":	8.001073,
					"end":	9.001163,
					"seconds":	1.0000900030136108,
					"bytes":	1179648,
					"bits_per_second":	9436334.70143943,
					"retransmits":	0,
					"snd_cwnd":	60816,
					"snd_wnd":	1881600,
					"rtt":	37547,
					"rttvar":	1803,
					"pmtu":	1500,
					"omitted":	false,
					"sender":	true
				}],
			"sum":	{
				"start":	8.001073,
				"end":	9.001163,
				"seconds":	1.0000900030136108,
				"bytes":	1179648,
				"bits_per_second":	9436334.70143943,
				"retransmits":	0,
				"omitted":	false,
				"sender":	true
			}
		}, {
			"streams":	[{
					"socket":	5,
					"start":	9.001163,
					"end":	10.001865,
					"seconds":	1.0007020235061646,
					"bytes":	1179648,
					"bits_per_second":	9430563.5227306653,
					"retransmits":	5,
					"snd_cwnd":	57920,
					"snd_wnd":	1881600,
					"rtt":	55332,
					"rttvar":	4100,
					"pmtu":	1500,
					"omitted":	false,
					"sender":	true
				}],
			"sum":	{
				"start":	9.001163,
				"end":	10.001865,
				"seconds":	1.0007020235061646,
				"bytes":	1179648,
				"bits_per_second":	9430563.5227306653,
				"retransmits":	5,
				"omitted":	false,
				"sender":	true
			}
		}],
	"end":	{
		"streams":	[{
				"sender":	{
					"socket":	5,
					"start":	0,
					"end":	10.001865,
					"seconds":	10.001865,
					"bytes":	12320768,
					"bits_per_second":	9854776.4841857,
					"retransmits":	62,
					"max_snd_cwnd":	70952,
					"max_snd_wnd":	1881600,
					"max_rtt":	55332,
					"min_rtt":	36786,
					"mean_rtt":	40955,
					"sender":	true
				},
				"receiver":	{
					"socket":	5,
					"start":	0,
					"end":	10.018877,
					"seconds":	10.001865,
					"bytes":	12064736,
					"bits_per_second":	9633603.4467735253,
					"sender":	true
				}
			}],
		"sum_sent":	{
			"start":	0,
			"end":	10.001865,
			"seconds":	10.001865,
			"bytes":	12320768,
			"bits_per_second":	9854776.4841857,
			"retransmits":	62,
			"sender":	true
		},
		"sum_received":	{
			"start":	0,
			"end":	10.018877,
			"seconds":	10.018877,
			"bytes":	12064736,
			"bits_per_second":	9633603.4467735253,
			"sender":	true
		},
		"cpu_utilization_percent":	{
			"host_total":	0.0977598769455544,
			"host_user":	0.0189320587059131,
			"host_system":	0.07881797829228894,