{
	"start":	{
		"connected":	[{
				"socket":	5,
				"local_host":	"192.168.225.37",
				"local_port":	46344,
				"remote_host":	"192.168.26.3",
				"remote_port":	55003
			}],
		"version":	"iperf 3.16",
		"system_info":	"Linux cse-ThinkPad-T14-Gen-5 6.11.0-25-generic #25~24.04.1-Ubuntu SMP PREEMPT_DYNAMIC Tue Apr 15 17:20:50 UTC 2 x86_64",
		"timestamp":	{
			"time":	"Fri, 30 May 2025 19:19:51 GMT",
			"timesecs":	1748632791
		},
		"connecting_to":	{
			"host":	"192.168.26.3",
			"port":	55003
		},
		"cookie":	"lvomzwgbwwxuezhrnqueq7jo4v5g5bgkkjct",
		"tcp_mss_default":	1448,
		"target_bitrate":	0,
		"fq_rate":	0,
		"sock_bufsize":	0,
		"sndbuf_actual":	16384,
		"rcvbuf_actual":	131072,
		"test_start":	{
			"protocol":	"TCP",
			"num_streams":	1,
			"blksize":	131072,
			"omit":	0,
			"duration":	10,
			"bytes":	0,
			"blocks":	0,
			"reverse":	0,
			"tos":	0,
			"target_bitrate":	0,
			"bidir":	0,
			"fqrate":	0
		}
	},
	"intervals":	[{
			"streams":	[{
					"socket":	5,
					"start":	0,
					"end":	1.001004,
					"seconds":	1.0010039806365967,
					"bytes":	786432,
					"bits_per_second":	6285145.83528319,
					"retransmits":	5,
					"snd_cwnd":	55024,
					"snd_wnd":	648576,
					"rtt":	83713,
					"rttvar":	1880,
					"pmtu":	1500,
					"omitted":	false,
					"sender":	true
				}],
			"sum":	{
				"start":	0,
				"end":	1.001004,
				"seconds":	1.0010039806365967,
				"bytes":	786432,
				"bits_per_second":	6285145.83528319,
				"retransmits":	5,
				"omitted":	false,
				"sender":	true
			}
		}, {
			"streams":	[{
					"socket":	5,
					"start":	1.001004,
					"end":	2.000799,
					"seconds":	0.99979501962661743,
					"bytes":	786432,
					"bits_per_second":	6292745.8894020114,
					"retransmits":	0,
					"snd_cwnd":	68056,
					"snd_wnd":	648576,
					"rtt":	105117,
					"rttvar":	1833,
					"pmtu":	1500,
					"omitted":	false,
					"sender":	true
				}],
			"sum":	{
				"start":	1.001004,
				"end":	2.000799,
				"seconds":	0.99979501962661743,
				"bytes":	786432,
				"bits_per_second":	6292745.8894020114,
				"retransmits":	0,
				"omitted":	false,
				"sender":	true
			}
		}, {
			"streams":	[{
					"socket":	5,
					"start":	2.000799,
					"end":	3.00104,
					"seconds":	1.0002410411834717,
					"bytes":	524288,
					"bits_per_second":	4193293.24363391,
					"retransmits":	2,
					"snd_cwnd":	53576,
					"snd_wnd":	649984,
					"rtt":	70755,
					"rttvar":	4159,
					"pmtu":	1500,
					"omitted":	false,
					"sender":	true
				}],
			"sum":	{
				"start":	2.000799,
				"end":	3.00104,
				"seconds":	1.0002410411834717,
				"bytes":	524288,
				"bits_per_second":	4193293.24363391,
				"retransmits":	2,
				"omitted":	false,
				"sender":	true
			}
		}, {
			"streams":	[{
					"socket":	5,
					"start":	3.00104,
					"end":	4.001076,
					"seconds":	1.0000360012054443,
					"bytes":	786432,
					"bits_per_second":	6291229.50815398,
					"retransmits":	0,
					"snd_cwnd":	63712,
					"snd_wnd":	649984,
					"rtt":	94341,
					"rttvar":	2185,
					"pmtu":	1500,
					"omitted":	false,
					"sender":	true
				}],
			"sum":	{
				"start":	3.00104,
				"end":	4.001076,
				"seconds":	1.0000360012054443,
				"bytes":	786432,
				"bits_per_second":	6291229.50815398,
				"retransmits":	0,
				"omitted":	false,
				"sender":	true
			}
		}, {
			"streams":	[{
					"socket":	5,
					"start":	4.001076,
					"end":	5.001044,
					"seconds":	0.99996799230575562,
					"bytes":	786432,
					"bits_per_second":	6291657.3814457562,
					"retransmits":	0,
					"snd_cwnd":	72400,
					"snd_wnd":	649984,
					"rtt":	75328,
					"rttvar":	1282,
					"pmtu":	1500,
					"omitted":	false,
					"sender":	true
				}],
			"sum":	{
				"start":	4.001076,
				"end":	5.001044,
				"seconds":	0.99996799230575562,
				"bytes":	786432,
				"bits_per_second":	6291657.3814457562,
				"retransmits":	0,
				"omitted":	false,
				"sender":	true
			}
		}, {
			"streams":	[{
					"socket":	5,
					"start":	5.001044,
					"end":	6.001031,
					"seconds":	0.999987006187439,
					"bytes":	786432,
					"bits_per_second":	6291537.7510622581,
					"retransmits":	1,
					"snd_cwnd":	60816,
					"snd_wnd":	649984,
					"rtt":	64016,
					"rttvar":	4444,
					"pmtu":	1500,
					"omitted":	false,
					"sender":	true
				}],
			"sum":	{
				"start":	5.001044,
				"end":	6.001031,
				"seconds":	0.999987006187439,
				"bytes":	786432,
				"bits_per_second":	6291537.7510622581,
				"retransmits":	1,
				"omitted":	false,
				"sender":	true
			}
		}, {
			"streams":	[{
					"socket":	5,
					"start":	6.001031,
					"end":	7.000786,
					"seconds":	0.999755024909973,
					"bytes":	786432,
					"bits_per_second":	6292997.6276603751,
					"retransmits":	4,
					"snd_cwnd":	49232,
					"snd_wnd":	648576,
					"rtt":	86338,
					"rttvar":	4554,
					"pmtu":	1500,
					"omitted":	false,
					"sender":	true
				}],
			"sum":	{
				"start":	6.001031,
				"end":	7.000786,
				"seconds":	0.999755024909973,
				"bytes":	786432,
				"bits_per_second":	6292997.6276603751,
				"retransmits":	4,
				"omitted":	false,
				"sender":	true
			}
		}, {
			"streams":	[{
					"socket":	5,
					"start":	7.000786,
					"end":	8.001046,
					"seconds":	1.00025999546051,
					"bytes":	655360,
					"bits_per_second":	5241517.2293141922,
					"retransmits":	0,
					"snd_cwnd":	57920,
					"snd_wnd":	649984,
					"rtt":	78795,
					"rttvar":	12862,
					"pmtu":	1500,
					"omitted":	false,
					"sender":	true
				}],
			"sum":	{
				"start":	7.000786,
				"end":	8.001046,
				"seconds":	1.00025999546051,
				"bytes":	655360,
				"bits_per_second":	5241517.2293141922,
				"retransmits":	0,
				"omitted":	false,
				"sender":	true
			}
		}, {
			"streams":	[{
					"socket":	5,
					"start":	8.001046,
					"end":	9.001073,
					"seconds":	1.0000269412994385,
					"bytes":	786432,
					"bits_per_second":	6291286.5045664273,
					"retransmits":	0,
					"snd_cwnd":	68056,
					"snd_wnd":	649984,
					"rtt":	72307,
					"rttvar":	1573,
					"pmtu":	1500,
					"omitted":	false,
					"sender":	true
				}],
			"sum":	{
				"start":	8.001046,
				"end":	9.001073,
				"seconds":	1.0000269412994385,
				"bytes":	786432,
				"bits_per_second":	6291286.5045664273,
				"retransmits":	0,
				"omitted":	false,
				"sender":	true
			}
		}, {
			"streams":	[{
					"socket":	5,
					"start":	9.001073,
					"end":	10.001632,
					"seconds":	1.0005589723587036,
					"bytes":	917504,
					"bits_per_second":	7335931.4171124883,
					"retransmits":	0,
					"snd_cwnd":	78192,
					"snd_wnd":	649984,
					"rtt":	86935,
					"rttvar":	2702,
					"pmtu":	1500,
					"omitted":	false,
					"sender":	true
				}],
			"sum":	{
				"start":	9.001073,
				"end":	10.001632,
				"seconds":	1.0005589723587036,
				"bytes":	917504,
				"bits_per_second":	7335931.4171124883,
				"retransmits":	0,
				"omitted":	false,
				"sender":	true
			}
		}],
	"end":	{
		"streams":	[{
				"sender":	{
					"socket":	5,
					"start":	0,
					"end":	10.001632,
					"seconds":	10.001632,
					"bytes":	7602176,
					"bits_per_second":	6080748.4218575526,
					"retransmits":	12,
					"max_snd_cwnd":	78192,
					"max_snd_wnd":	649984,
					"max_rtt":	105117,
					"min_rtt":	64016,
					"mean_rtt":	81764,
					"sender":	true
				},
				"receiver":	{
					"socket":	5,
					"start":	0,
					"end":	10.08655,
					"seconds":	10.001632,
					"bytes":	7428240,
					"bits_per_second":	5891600.20026669,
					"sender":	true
				}
			}],
		"sum_sent":	{
			"start":	0,
			"end":	10.001632,
			"seconds":	10.001632,
			"bytes":	7602176,
			"bits_per_second":	6080748.4218575526,
			"retransmits":	12,
			"sender":	true
		},
		"sum_received":	{
			"start":	0,
			"end":	10.08655,
			"seconds":	10.08655,
			"bytes":	7428240,
			"bits_per_second":	5891600.20026669,
			"sender":	true
		},
		"cpu_utilization_percent":	{
			"host_total":	0.070900776405323745,
			"host_user":	0,
			"host_system":	0.070900776405323745,
			"remote_total":	0.26551293593048547,
			"remote_user":	0.031428061804016645,