{
	"start":	{
		"connected":	[{
				"socket":	5,
				"local_host":	"192.168.225.37",
				"local_port":	48802,
				"remote_host":	"192.168.26.3",
				"remote_port":	55003
			}],
		"version":	"iperf 3.16",
		"system_info":	"Linux cse-ThinkPad-T14-Gen-5 6.11.0-25-generic #25~24.04.1-Ubuntu SMP PREEMPT_DYNAMIC Tue Apr 15 17:20:50 UTC 2 x86_64",
		"timestamp":	{
			"time":	"Fri, 30 May 2025 19:20:55 GMT",
			"timesecs":	1748632855
		},
		"connecting_to":	{
			"host":	"192.168.26.3",
			"port":	55003
		},
		"cookie":	"ifgf2ihpjorbs4qelpocgdpbptoz7y7fijsm",
		"tcp_mss_default":	1448,
		"target_bitrate":	0,
		"fq_rate":	0,
		"sock_bufsize":	0,
		"sndbuf_actual":	16384,
		"rcvbuf_actual":	131072,
		"test_start":	{
			"protocol":	"TCP",
			"num_streams":	1,
			"blksize":	131072,
			"omit":	0,
			"duration":	10,
			"bytes":	0,
			"blocks":	0,
			"reverse":	0,
			"tos":	0,
			"target_bitrate":	0,
			"bidir":	0,
			"fqrate":	0
		}
	},
	"intervals":	[{
			"streams":	[{
					"socket":	5,
					"start":	0,
					"end":	1.000711,
					"seconds":	1.0007109642028809,
					"bytes":	1048576,
					"bits_per_second":	8382648.2371780239,
					"retransmits":	3,
					"snd_cwnd":	56472,
					"snd_wnd":	648576,
					"rtt":	75486,
					"rttvar":	1629,
					"pmtu":	1500,
					"omitted":	false,
					"sender":	true
				}],
			"sum":	{
				"start":	0,
				"end":	1.000711,
				"seconds":	1.0007109642028809,
				"bytes":	1048576,
				"bits_per_second":	8382648.2371780239,
				"retransmits":	3,
				"omitted":	false,
				"sender":	true
			}
		}, {
			"streams":	[{
					"socket":	5,
					"start":	1.000711,
					"end":	2.001189,
					"seconds":	1.0004780292510986,
					"bytes":	524288,
					"bits_per_second":	4192299.9579907008,
					"retransmits":	4,
					"snd_cwnd":	33304,
					"snd_wnd":	649984,
					"rtt":	83244,
					"rttvar":	7748,
					"pmtu":	1500,
					"omitted":	false,
					"sender":	true
				}],
			"sum":	{
				"start":	1.000711,
				"end":	2.001189,
				"seconds":	1.0004780292510986,
				"bytes":	524288,
				"bits_per_second":	4192299.9579907008,
				"retransmits":	4,
				"omitted":	false,
				"sender":	true
			}
		}, {
			"streams":	[{
					"socket":	5,
					"start":	2.001189,
					"end":	3.00104,
					"seconds":	0.99985098838806152,
					"bytes":	786432,
					"bits_per_second":	6292393.6397192059,
					"retransmits":	4,
					"snd_cwnd":	28960,
					"snd_wnd":	649984,
					"rtt":	43509,
					"rttvar":	3268,
					"pmtu":	1500,
					"omitted":	false,
					"sender":	true
				}],
			"sum":	{
				"start":	2.001189,
				"end":	3.00104,
				"seconds":	0.99985098838806152,
				"bytes":	786432,
				"bits_per_second":	6292393.6397192059,
				"retransmits":	4,
				"omitted":	false,
				"sender":	true
			}
		}, {
			"streams":	[{
					"socket":	5,
					"start":	3.00104,
					"end":	4.001023,
					"seconds":	0.999983012676239,
					"bytes":	786432,
					"bits_per_second":	6291562.87681555,
					"retransmits":	0,
					"snd_cwnd":	44888,
					"snd_wnd":	649984,
					"rtt":	68072,
					"rttvar":	1141,
					"pmtu":	1500,
					"omitted":	false,
					"sender":	true
				}],
			"sum":	{
				"start":	3.00104,
				"end":	4.001023,
				"seconds":	0.999983012676239,
				"bytes":	786432,
				"bits_per_second":	6291562.87681555,
				"retransmits":	0,
				"omitted":	false,
				"sender":	true
			}
		}, {
			"streams":	[{
					"socket":	5,
					"start":	4.001023,
					"end":	5.001032,
					"seconds":	1.0000089406967163,
					"bytes":	524288,
					"bits_per_second":	4194266.5003352733,
					"retransmits":	2,
					"snd_cwnd":	41992,
					"snd_wnd":	649984,
					"rtt":	62843,
					"rttvar":	2494,
					"pmtu":	1500,
					"omitted":	false,
					"sender":	true
				}],
			"sum":	{
				"start":	4.001023,
				"end":	5.001032,
				"seconds":	1.0000089406967163,
				"bytes":	524288,
				"bits_per_second":	4194266.5003352733,
				"retransmits":	2,
				"omitted":	false,
				"sender":	true
			}
		}, {
			"streams":	[{
					"socket":	5,
					"start":	5.001032,
					"end":	6.001153,
					"seconds":	1.000120997428894,
					"bytes":	655360,
					"bits_per_second":	5242245.7017484577,
					"retransmits":	0,
					"snd_cwnd":	50680,
					"snd_wnd":	649984,
					"rtt":	77096,
					"rttvar":	933,
					"pmtu":	1500,
					"omitted":	false,
					"sender":	true
				}],
			"sum":	{
				"start":	5.001032,
				"end":	6.001153,
				"seconds":	1.000120997428894,
				"bytes":	655360,
				"bits_per_second":	5242245.7017484577,
				"retransmits":	0,
				"omitted":	false,
				"sender":	true
			}
		}, {
			"streams":	[{
					"socket":	5,
					"start":	6.001153,
					"end":	7.001166,
					"seconds":	1.000012993812561,
					"bytes":	524288,
					"bits_per_second":	4194249.5007081535,
					"retransmits":	0,
					"snd_cwnd":	60816,
					"snd_wnd":	649984,
					"rtt":	93683,
					"rttvar":	1501,
					"pmtu":	1500,
					"omitted":	false,
					"sender":	true
				}],
			"sum":	{
				"start":	6.001153,
				"end":	7.001166,
				"seconds":	1.000012993812561,
				"bytes":	524288,
				"bits_per_second":	4194249.5007081535,
				"retransmits":	0,
				"omitted":	false,
				"sender":	true
			}
		}, {
			"streams":	[{
					"socket":	5,
					"start":	7.001166,
					"end":	8.001167,
					"seconds":	1.0000009536743164,
					"bytes":	655360,
					"bits_per_second":	5242875.0000047684,
					"retransmits":	8,
					"snd_cwnd":	18824,
					"snd_wnd":	649984,
					"rtt":	31020,
					"rttvar":	6998,
					"pmtu":	1500,
					"omitted":	false,
					"sender":	true
				}],
			"sum":	{
				"start":	7.001166,
				"end":	8.001167,
				"seconds":	1.0000009536743164,
				"bytes":	655360,
				"bits_per_second":	5242875.0000047684,
				"retransmits":	8,
				"omitted":	false,
				"sender":	true
			}
		}, {
			"streams":	[{
					"socket":	5,
					"start":	8.001167,
					"end":	9.000933,
					"seconds":	0.99976599216461182,
					"bytes":	786432,
					"bits_per_second":	6292928.5945986742,
					"retransmits":	1,
					"snd_cwnd":	31856,
					"snd_wnd":	649984,
					"rtt":	38252,
					"rttvar":	2292,
					"pmtu":	1500,
					"omitted":	false,
					"sender":	true
				}],
			"sum":	{
				"start":	8.001167,
				"end":	9.000933,
				"seconds":	0.99976599216461182,
				"bytes":	786432,
				"bits_per_second":	6292928.5945986742,
				"retransmits":	1,
				"omitted":	false,
				"sender":	true
			}
		}, {
			"streams":	[{
					"socket":	5,
					"start":	9.000933,
					"end":	10.001375,
					"seconds":	1.0004420280456543,
					"bytes":	786432,
					"bits_per_second":	6288676.22873686,
					"retransmits":	0,
					"snd_cwnd":	46336,
					"snd_wnd":	649984,
					"rtt":	57830,
					"rttvar":	3459,
					"pmtu":	1500,
					"omitted":	false,
					"sender":	true
				}],
			"sum":	{
				"start":	9.000933,
				"end":	10.001375,
				"seconds":	1.0004420280456543,
				"bytes":	786432,
				"bits_per_second":	6288676.22873686,
				"retransmits":	0,
				"omitted":	false,
				"sender":	true
			}
		}],
	"end":	{
		"streams":	[{
				"sender":	{
					"socket":	5,
					"start":	0,
					"end":	10.001375,
					"seconds":	10.001375,
					"bytes":	7077888,
					"bits_per_second":	5661531.93935834,
					"retransmits":	22,
					"max_snd_cwnd":	60816,
					"max_snd_wnd":	649984,
					"max_rtt":	93683,
					"min_rtt":	31020,
					"mean_rtt":	63103,
					"sender":	true
				},
				"receiver":	{
					"socket":	5,
					"start":	0,
					"end":	10.055201,
					"seconds":	10.001375,
					"bytes":	6720168,
					"bits_per_second":	5346620.5200671768,
					"sender":	true
				}
			}],
		"sum_sent":	{
			"start":	0,
			"end":	10.001375,
			"seconds":	10.001375,
			"bytes":	7077888,
			"bits_per_second":	5661531.93935834,
			"retransmits":	22,
			"sender":	true
		},
		"sum_received":	{
			"start":	0,
			"end":	10.055201,
			"seconds":	10.055201,
			"bytes":	6720168,
			"bits_per_second":	5346620.5200671768,
			"sender":	true
		},
		"cpu_utilization_percent":	{
			"host_total":	0.0550713629798213,
			"host_user":	0,
			"host_system":	0.0550910453826018,
			"remote_total":	0.23285350471904076,
			"remote_user":	0.01932484908978712,