{
	"start":	{
		"connected":	[{
				"socket":	5,
				"local_host":	"192.168.225.37",
				"local_port":	41564,
				"remote_host":	"192.168.26.3",
				"remote_port":	55003
			}],
		"version":	"iperf 3.16",
		"system_info":	"Linux cse-ThinkPad-T14-Gen-5 6.11.0-25-generic #25~24.04.1-Ubuntu SMP PREEMPT_DYNAMIC Tue Apr 15 17:20:50 UTC 2 x86_64",
		"timestamp":	{
			"time":	"Fri, 30 May 2025 19:19:35 GMT",
			"timesecs":	1748632775
		},
		"connecting_to":	{
			"host":	"192.168.26.3",
			"port":	55003
		},
		"cookie":	"bibtqwu2i2hnkwe2e3ju5aakbifz7uzxq3ii",
		"tcp_mss_default":	1448,
		"target_bitrate":	0,
		"fq_rate":	0,
		"sock_bufsize":	0,
		"sndbuf_actual":	16384,
		"rcvbuf_actual":	131072,
		"test_start":	{
			"protocol":	"TCP",
			"num_streams":	1,
			"blksize":	131072,
			"omit":	0,
			"duration":	10,
			"bytes":	0,
			"blocks":	0,
			"reverse":	0,
			"tos":	0,
			"target_bitrate":	0,
			"bidir":	0,
			"fqrate":	0
		}
	},
	"intervals":	[{
			"streams":	[{
					"socket":	5,
					"start":	0,
					"end":	1.000622,
					"seconds":	1.000622034072876,
					"bytes":	1048576,
					"bits_per_second":	8383393.2437560651,
					"retransmits":	7,
					"snd_cwnd":	56472,
					"snd_wnd":	528384,
					"rtt":	74992,
					"rttvar":	4219,
					"pmtu":	1500,
					"omitted":	false,
					"sender":	true
				}],
			"sum":	{
				"start":	0,
				"end":	1.000622,
				"seconds":	1.000622034072876,
				"bytes":	1048576,
				"bits_per_second":	8383393.2437560651,
				"retransmits":	7,
				"omitted":	false,
				"sender":	true
			}
		}, {
			"streams":	[{
					"socket":	5,
					"start":	1.000622,
					"end":	2.001109,
					"seconds":	1.0004869699478149,
					"bytes":	655360,
					"bits_per_second":	5240328.1176899951,
					"retransmits":	0,
					"snd_cwnd":	70952,
					"snd_wnd":	680960,
					"rtt":	90569,
					"rttvar":	3994,
					"pmtu":	1500,
					"omitted":	false,
					"sender":	true
				}],
			"sum":	{
				"start":	1.000622,
				"end":	2.001109,
				"seconds":	1.0004869699478149,
				"bytes":	655360,
				"bits_per_second":	5240328.1176899951,
				"retransmits":	0,
				"omitted":	false,
				"sender":	true
			}
		}, {
			"streams":	[{
					"socket":	5,
					"start":	2.001109,
					"end":	3.001067,
					"seconds":	0.99995797872543335,
					"bytes":	655360,
					"bits_per_second":	5243100.3217582,
					"retransmits":	5,
					"snd_cwnd":	56472,
					"snd_wnd":	682368,
					"rtt":	83692,
					"rttvar":	4576,
					"pmtu":	1500,
					"omitted":	false,
					"sender":	true
				}],
			"sum":	{
				"start":	2.001109,
				"end":	3.001067,
				"seconds":	0.99995797872543335,
				"bytes":	655360,
				"bits_per_second":	5243100.3217582,
				"retransmits":	5,
				"omitted":	false,
				"sender":	true
			}
		}, {
			"streams":	[{
					"socket":	5,
					"start":	3.001067,
					"end":	4.001083,
					"seconds":	1.0000159740448,
					"bytes":	917504,
					"bits_per_second":	7339914.751872927,
					"retransmits":	0,
					"snd_cwnd":	66608,
					"snd_wnd":	682368,
					"rtt":	65909,
					"rttvar":	3612,
					"pmtu":	1500,
					"omitted":	false,
					"sender":	true
				}],
			"sum":	{
				"start":	3.001067,
				"end":	4.001083,
				"seconds":	1.0000159740448,
				"bytes":	917504,
				"bits_per_second":	7339914.751872927,
				"retransmits":	0,
				"omitted":	false,
				"sender":	true
			}
		}, {
			"streams":	[{
					"socket":	5,
					"start":	4.001083,
					"end":	5.001226,
					"seconds":	1.0001430511474609,
					"bytes":	786432,
					"bits_per_second":	6290556.1287276177,
					"retransmits":	0,
					"snd_cwnd":	75296,
					"snd_wnd":	682368,
					"rtt":	103680,
					"rttvar":	4985,
					"pmtu":	1500,
					"omitted":	false,
					"sender":	true
				}],
			"sum":	{
				"start":	4.001083,
				"end":	5.001226,
				"seconds":	1.0001430511474609,
				"bytes":	786432,
				"bits_per_second":	6290556.1287276177,
				"retransmits":	0,
				"omitted":	false,
				"sender":	true
			}
		}, {
			"streams":	[{
					"socket":	5,
					"start":	5.001226,
					"end":	6.001175,
					"seconds":	0.99994897842407227,
					"bytes":	655360,
					"bits_per_second":	5243147.5136489682,
					"retransmits":	9,
					"snd_cwnd":	44888,
					"snd_wnd":	682368,
					"rtt":	41727,
					"rttvar":	4645,
					"pmtu":	1500,
					"omitted":	false,
					"sender":	true
				}],
			"sum":	{
				"start":	5.001226,
				"end":	6.001175,
				"seconds":	0.99994897842407227,
				"bytes":	655360,
				"bits_per_second":	5243147.5136489682,
				"retransmits":	9,
				"omitted":	false,
				"sender":	true
			}
		}, {
			"streams":	[{
					"socket":	5,
					"start":	6.001175,
					"end":	7.001034,
					"seconds":	0.99985897541046143,
					"bytes":	917504,
					"bits_per_second":	7341067.2709986679,
					"retransmits":	0,
					"snd_cwnd":	57920,
					"snd_wnd":	682368,
					"rtt":	75578,
					"rttvar":	6708,
					"pmtu":	1500,
					"omitted":	false,
					"sender":	true
				}],
			"sum":	{
				"start":	6.001175,
				"end":	7.001034,
				"seconds":	0.99985897541046143,
				"bytes":	917504,
				"bits_per_second":	7341067.2709986679,
				"retransmits":	0,
				"omitted":	false,
				"sender":	true
			}
		}, {
			"streams":	[{
					"socket":	5,
					"start":	7.001034,
					"end":	8.001188,
					"seconds":	1.0001540184020996,
					"bytes":	786432,
					"bits_per_second":	6290487.1492208485,
					"retransmits":	0,
					"snd_cwnd":	68056,
					"snd_wnd":	682368,
					"rtt":	74635,
					"rttvar":	4477,
					"pmtu":	1500,
					"omitted":	false,
					"sender":	true
				}],
			"sum":	{
				"start":	7.001034,
				"end":	8.001188,
				"seconds":	1.0001540184020996,
				"bytes":	786432,
				"bits_per_second":	6290487.1492208485,
				"retransmits":	0,
				"omitted":	false,
				"sender":	true
			}
		}, {
			"streams":	[{
					"socket":	5,
					"start":	8.001188,
					"end":	9.001163,
					"seconds":	0.999975025653839,
					"bytes":	786432,
					"bits_per_second":	6291613.1289241919,
					"retransmits":	5,
					"snd_cwnd":	55024,
					"snd_wnd":	680960,
					"rtt":	82546,
					"rttvar":	1666,
					"pmtu":	1500,
					"omitted":	false,
					"sender":	true
				}],
			"sum":	{
				"start":	8.001188,
				"end":	9.001163,
				"seconds":	0.999975025653839,
				"bytes":	786432,
				"bits_per_second":	6291613.1289241919,
				"retransmits":	5,
				"omitted":	false,
				"sender":	true
			}
		}, {
			"streams":	[{
					"socket":	5,
					"start":	9.001163,
					"end":	10.001108,
					"seconds":	0.99994498491287231,
					"bytes":	786432,
					"bits_per_second":	6291802.1440431448,
					"retransmits":	0,
					"snd_cwnd":	68056,
					"snd_wnd":	682368,
					"rtt":	90995,
					"rttvar":	4543,
					"pmtu":	1500,
					"omitted":	false,
					"sender":	true
				}],
			"sum":	{
				"start":	9.001163,
				"end":	10.001108,
				"seconds":	0.99994498491287231,
				"bytes":	786432,
				"bits_per_second":	6291802.1440431448,
				"retransmits":	0,
				"omitted":	false,
				"sender":	true
			}
		}],
	"end":	{
		"streams":	[{
				"sender":	{
					"socket":	5,
					"start":	0,
					"end":	10.001108,
					"seconds":	10.001108,
					"bytes":	7995392,
					"bits_per_second":	6395604.96696966,
					"retransmits":	26,
					"max_snd_cwnd":	75296,
					"max_snd_wnd":	682368,
					"max_rtt":	103680,
					"min_rtt":	41727,
					"mean_rtt":	78432,
					"sender":	true
				},
				"receiver":	{
					"socket":	5,
					"start":	0,
					"end":	10.087311,
					"seconds":	10.001108,
					"bytes":	7685984,
					"bits_per_second":	6095566.201934292,
					"sender":	true
				}
			}],
		"sum_sent":	{
			"start":	0,
			"end":	10.001108,
			"seconds":	10.001108,
			"bytes":	7995392,
			"bits_per_second":	6395604.96696966,
			"retransmits":	26,
			"sender":	true
		},
		"sum_received":	{
			"start":	0,
			"end":	10.087311,
			"seconds":	10.087311,
			"bytes":	7685984,
			"bits_per_second":	6095566.201934292,
			"sender":	true
		},
		"cpu_utilization_percent":	{
			"host_total":	0.071007489494040871,
			"host_user":	0.00544243128069364,
			"host_system":	0.0655552165654617,
			"remote_total":	0.24499412565858422,