{
	"start":	{
		"connected":	[{
				"socket":	5,
				"local_host":	"129.93.240.11",
				"local_port":	35966,
				"remote_host":	"10.53.1.2",
				"remote_port":	55001
			}],
		"version":	"iperf 3.12",
		"system_info":	"Linux rpi1 6.6.51+rpt-rpi-v8 #1 SMP PREEMPT Debian 1:6.6.51-1+rpt3 (2024-10-08) aarch64",
		"timestamp":	{
			"time":	"Thu, 15 May 2025 19:16:29 GMT",
			"timesecs":	1747336589
		},
		"connecting_to":	{
			"host":	"10.53.1.2",
			"port":	55001
		},
		"cookie":	"rklfeyhkjcisto6zihnj6uedzjyd537vozjr",
		"tcp_mss_default":	1448,
		"target_bitrate":	0,
		"sock_bufsize":	0,
		"sndbuf_actual":	16384,
		"rcvbuf_actual":	131072,
		"test_start":	{
			"protocol":	"TCP",
			"num_streams":	1,
			"blksize":	131072,
			"omit":	0,
			"duration":	20,
			"bytes":	0,
			"blocks":	0,
			"reverse":	0,
			"tos":	0,
			"target_bitrate":	0
		}
	},
	"intervals":	[{
			"streams":	[{
					"socket":	5,
					"start":	0,
					"end":	1.000108,
					"seconds":	1.000108003616333,
					"bytes":	3004600,
					"bits_per_second":	24034204.219028659,
					"retransmits":	0,
					"snd_cwnd":	159280,
					"snd_wnd":	507904,
					"rtt":	66231,
					"rttvar":	1377,
					"pmtu":	1500,
					"omitted":	false,
					"sender":	true
				}],
			"sum":	{
				"start":	0,
				"end":	1.000108,
				"seconds":	1.000108003616333,
				"bytes":	3004600,
				"bits_per_second":	24034204.219028659,
				"retransmits":	0,
				"omitted":	false,
				"sender":	true
			}
		}, {
			"streams":	[{
					"socket":	5,
					"start":	1.000108,
					"end":	2.000111,
					"seconds":	1.0000029802322388,
					"bytes":	2801880,
					"bits_per_second":	22414973.198174242,
					"retransmits":	0,
					"snd_cwnd":	270776,
					"snd_wnd":	564096,
					"rtt":	112589,
					"rttvar":	1689,
					"pmtu":	1500,
					"omitted":	false,
					"sender":	true
				}],
			"sum":	{
				"start":	1.000108,
				"end":	2.000111,
				"seconds":	1.0000029802322388,
				"bytes":	2801880,
				"bits_per_second":	22414973.198174242,
				"retransmits":	0,
				"omitted":	false,
				"sender":	true
			}
		}, {
			"streams":	[{
					"socket":	5,
					"start":	2.000111,
					"end":	3.000171,
					"seconds":	1.000059962272644,
					"bytes":	2736720,
					"bits_per_second":	21892447.2791074,
					"retransmits":	0,
					"snd_cwnd":	383720,
					"snd_wnd":	779264,
					"rtt":	160770,
					"rttvar":	3063,
					"pmtu":	1500,
					"omitted":	false,
					"sender":	true
				}],
			"sum":	{
				"start":	2.000111,
				"end":	3.000171,
				"seconds":	1.000059962272644,
				"bytes":	2736720,
				"bits_per_second":	21892447.2791074,
				"retransmits":	0,
				"omitted":	false,
				"sender":	true
			}
		}, {
			"streams":	[{
					"socket":	5,
					"start":	3.000171,
					"end":	4.000193,
					"seconds":	1.0000220537185669,
					"bytes":	2736720,
					"bits_per_second":	21893277.171826746,
					"retransmits":	0,
					"snd_cwnd":	492320,
					"snd_wnd":	1528704,
					"rtt":	205479,
					"rttvar":	2471,
					"pmtu":	1500,
					"omitted":	false,
					"sender":	true
				}],
			"sum":	{
				"start":	3.000171,
				"end":	4.000193,
				"seconds":	1.0000220537185669,
				"bytes":	2736720,
				"bits_per_second":	21893277.171826746,
				"retransmits":	0,
				"omitted":	false,
				"sender":	true
			}
		}, {
			"streams":	[{
					"socket":	5,
					"start":	4.000193,
					"end":	5.000452,
					"seconds":	1.0002590417861938,
					"bytes":	2215440,
					"bits_per_second":	17718930.056708667,
					"retransmits":	0,
					"snd_cwnd":	589336,
					"snd_wnd":	1528704,
					"rtt":	236580,
					"rttvar":	11658,
					"pmtu":	1500,
					"omitted":	false,
					"sender":	true
				}],
			"sum":	{
				"start":	4.000193,
				"end":	5.000452,
				"seconds":	1.0002590417861938,
				"bytes":	2215440,
				"bits_per_second":	17718930.056708667,
				"retransmits":	0,
				"omitted":	false,
				"sender":	true
			}
		}, {
			"streams":	[{
					"socket":	5,
					"start":	5.000452,
					"end":	6.000413,
					"seconds":	0.999961018562317,
					"bytes":	2410920,
					"bits_per_second":	19288111.87833121,
					"retransmits":	0,
					"snd_cwnd":	589336,
					"snd_wnd":	1528704,
					"rtt":	190079,
					"rttvar":	10653,
					"pmtu":	1500,
					"omitted":	false,
					"sender":	true
				}],
			"sum":	{
				"start":	5.000452,
				"end":	6.000413,
				"seconds":	0.999961018562317,
				"bytes":	2410920,
				"bits_per_second":	19288111.87833121,
				"retransmits":	0,
				"omitted":	false,
				"sender":	true
			}
		}, {
			"streams":	[{
					"socket":	5,
					"start":	6.000413,
					"end":	7.000268,
					"seconds":	0.99985498189926147,
					"bytes":	2345760,
					"bits_per_second":	18768801.815992493,
					"retransmits":	0,
					"snd_cwnd":	589336,
					"snd_wnd":	1528704,
					"rtt":	239479,
					"rttvar":	10952,
					"pmtu":	1500,
					"omitted":	false,
					"sender":	true
				}],
			"sum":	{
				"start":	6.000413,
				"end":	7.000268,
				"seconds":	0.99985498189926147,
				"bytes":	2345760,
				"bits_per_second":	18768801.815992493,
				"retransmits":	0,
				"omitted":	false,
				"sender":	true
			}
		}, {
			"streams":	[{
					"socket":	5,
					"start":	7.000268,
					"end":	8.00012,
					"seconds":	0.99985200166702271,
					"bytes":	2410920,
					"bits_per_second":	19290214.919650882,
					"retransmits":	0,
					"snd_cwnd":	589336,
					"snd_wnd":	1528704,
					"rtt":	177558,
					"rttvar":	7364,
					"pmtu":	1500,
					"omitted":	false,
					"sender":	true
				}],
			"sum":	{
				"start":	7.000268,
				"end":	8.00012,
				"seconds":	0.99985200166702271,
				"bytes":	2410920,
				"bits_per_second":	19290214.919650882,
				"retransmits":	0,
				"omitted":	false,
				"sender":	true
			}
		}, {
			"streams":	[{
					"socket":	5,
					"start":	8.00012,
					"end":	9.000569,
					"seconds":	1.0004489421844482,
					"bytes":	1226064,
					"bits_per_second":	9804110.52120604,
					"retransmits":	0,
					"snd_cwnd":	589336,
					"snd_wnd":	1528704,
					"rtt":	157234,
					"rttvar":	17328,
					"pmtu":	1500,
					"omitted":	false,
					"sender":	true
				}],
			"sum":	{
				"start":	8.00012,
				"end":	9.000569,
				"seconds":	1.0004489421844482,
				"bytes":	1226064,
				"bits_per_second":	9804110.52120604,
				"retransmits":	0,
				"omitted":	false,
				"sender":	true
			}
		}, {
			"streams":	[{
					"socket":	5,
					"start":	9.000569,
					"end":	10.000455,
					"seconds":	0.99988597631454468,
					"bytes":	2422896,
					"bits_per_second":	19385378.392288234,
					"retransmits":	0,
					"snd_cwnd":	589336,
					"snd_wnd":	1528704,
					"rtt":	242228,
					"rttvar":	10222,
					"pmtu":	1500,
					"omitted":	false,
					"sender":	true
				}],
			"sum":	{
				"start":	9.000569,
				"end":	10.000455,
				"seconds":	0.99988597631454468,
				"bytes":	2422896,
				"bits_per_second":	19385378.392288234,
				"retransmits":	0,
				"omitted":	false,
				"sender":	true
			}
		}, {
			"streams":	[{
					"socket":	5,
					"start":	10.000455,
					"end":	11.000313,
					"seconds":	0.999858021736145,
					"bytes":	2426768,
					"bits_per_second":	19416900.777861886,
					"retransmits":	0,
					"snd_cwnd":	589336,
					"snd_wnd":	1528704,
					"rtt":	227722,
					"rttvar":	9521,
					"pmtu":	1500,
					"omitted":	false,
					"sender":	true
				}],
			"sum":	{
				"start":	10.000455,
				"end":	11.000313,
				"seconds":	0.999858021736145,
				"bytes":	2426768,
				"bits_per_second":	19416900.777861886,
				"retransmits":	0,
				"omitted":	false,
				"sender":	true
			}
		}, {
			"streams":	[{
					"socket":	5,
					"start":	11.000313,
					"end":	12.000187,
					"seconds":	0.99987399578094482,
					"bytes":	2460232,
					"bits_per_second":	19684336.309424289,
					"retransmits":	0,
					"snd_cwnd":	589336,
					"snd_wnd":	1528704,
					"rtt":	182214,
					"rttvar":	8050,
					"pmtu":	1500,
					"omitted":	false,
					"sender":	true
				}],
			"sum":	{
				"start":	11.000313,
				"end":	12.000187,
				"seconds":	0.99987399578094482,
				"bytes":	2460232,
				"bits_per_second":	19684336.309424289,
				"retransmits":	0,