{
	"start":	{
		"connected":	[{
				"socket":	5,
				"local_host":	"129.93.240.11",
				"local_port":	33360,
				"remote_host":	"10.53.1.2",
				"remote_port":	55001
			}],
		"version":	"iperf 3.12",
		"system_info":	"Linux rpi1 6.6.51+rpt-rpi-v8 #1 SMP PREEMPT Debian 1:6.6.51-1+rpt3 (2024-10-08) aarch64",
		"timestamp":	{
			"time":	"Thu, 15 May 2025 19:16:54 GMT",
			"timesecs":	1747336614
		},
		"connecting_to":	{
			"host":	"10.53.1.2",
			"port":	55001
		},
		"cookie":	"txg2zh62sus7blpotum3yu2x6zb4pyivmyrg",
		"tcp_mss_default":	1448,
		"target_bitrate":	0,
		"sock_bufsize":	0,
		"sndbuf_actual":	16384,
		"rcvbuf_actual":	131072,
		"test_start":	{
			"protocol":	"TCP",
			"num_streams":	1,
			"blksize":	131072,
			"omit":	0,
			"duration":	20,
			"bytes":	0,
			"blocks":	0,
			"reverse":	0,
			"tos":	0,
			"target_bitrate":	0
		}
	},
	"intervals":	[{
			"streams":	[{
					"socket":	5,
					"start":	0,
					"end":	1.000159,
					"seconds":	1.0001590251922607,
					"bytes":	2726584,
					"bits_per_second":	21809203.787174691,
					"retransmits":	0,
					"snd_cwnd":	157832,
					"snd_wnd":	440064,
					"rtt":	67272,
					"rttvar":	2233,
					"pmtu":	1500,
					"omitted":	false,
					"sender":	true
				}],
			"sum":	{
				"start":	0,
				"end":	1.000159,
				"seconds":	1.0001590251922607,
				"bytes":	2726584,
				"bits_per_second":	21809203.787174691,
				"retransmits":	0,
				"omitted":	false,
				"sender":	true
			}
		}, {
			"streams":	[{
					"socket":	5,
					"start":	1.000159,
					"end":	2.000238,
					"seconds":	1.0000790357589722,
					"bytes":	2606400,
					"bits_per_second":	20849552.1398224,
					"retransmits":	0,
					"snd_cwnd":	267880,
					"snd_wnd":	569984,
					"rtt":	116913,
					"rttvar":	3068,
					"pmtu":	1500,
					"omitted":	false,
					"sender":	true
				}],
			"sum":	{
				"start":	1.000159,
				"end":	2.000238,
				"seconds":	1.0000790357589722,
				"bytes":	2606400,
				"bits_per_second":	20849552.1398224,
				"retransmits":	0,
				"omitted":	false,
				"sender":	true
			}
		}, {
			"streams":	[{
					"socket":	5,
					"start":	2.000238,
					"end":	3.00031,
					"seconds":	1.0000720024108887,
					"bytes":	2606400,
					"bits_per_second":	20849698.771422155,
					"retransmits":	0,
					"snd_cwnd":	379376,
					"snd_wnd":	779008,
					"rtt":	162520,
					"rttvar":	907,
					"pmtu":	1500,
					"omitted":	false,
					"sender":	true
				}],
			"sum":	{
				"start":	2.000238,
				"end":	3.00031,
				"seconds":	1.0000720024108887,
				"bytes":	2606400,
				"bits_per_second":	20849698.771422155,
				"retransmits":	0,
				"omitted":	false,
				"sender":	true
			}
		}, {
			"streams":	[{
					"socket":	5,
					"start":	3.00031,
					"end":	4.000092,
					"seconds":	0.9997820258140564,
					"bytes":	3518640,
					"bits_per_second":	28155257.1192506,
					"retransmits":	0,
					"snd_cwnd":	487976,
					"snd_wnd":	984448,
					"rtt":	211703,
					"rttvar":	2594,
					"pmtu":	1500,
					"omitted":	false,
					"sender":	true
				}],
			"sum":	{
				"start":	3.00031,
				"end":	4.000092,
				"seconds":	0.9997820258140564,
				"bytes":	3518640,
				"bits_per_second":	28155257.1192506,
				"retransmits":	0,
				"omitted":	false,
				"sender":	true
			}
		}, {
			"streams":	[{
					"socket":	5,
					"start":	4.000092,
					"end":	5.000296,
					"seconds":	1.0002039670944214,
					"bytes":	2280600,
					"bits_per_second":	18241079.420031585,
					"retransmits":	0,
					"snd_cwnd":	598024,
					"snd_wnd":	1569664,
					"rtt":	219978,
					"rttvar":	9460,
					"pmtu":	1500,
					"omitted":	false,
					"sender":	true
				}],
			"sum":	{
				"start":	4.000092,
				"end":	5.000296,
				"seconds":	1.0002039670944214,
				"bytes":	2280600,
				"bits_per_second":	18241079.420031585,
				"retransmits":	0,
				"omitted":	false,
				"sender":	true
			}
		}, {
			"streams":	[{
					"socket":	5,
					"start":	5.000296,
					"end":	6.000248,
					"seconds":	0.99995201826095581,
					"bytes":	2410920,
					"bits_per_second":	19288285.485480774,
					"retransmits":	0,
					"snd_cwnd":	602368,
					"snd_wnd":	1569664,
					"rtt":	166520,
					"rttvar":	7544,
					"pmtu":	1500,
					"omitted":	false,
					"sender":	true
				}],
			"sum":	{
				"start":	5.000296,
				"end":	6.000248,
				"seconds":	0.99995201826095581,
				"bytes":	2410920,
				"bits_per_second":	19288285.485480774,
				"retransmits":	0,
				"omitted":	false,
				"sender":	true
			}
		}, {
			"streams":	[{
					"socket":	5,
					"start":	6.000248,
					"end":	7.00013,
					"seconds":	0.99988198280334473,
					"bytes":	2462680,
					"bits_per_second":	19703765.383154072,
					"retransmits":	0,
					"snd_cwnd":	602368,
					"snd_wnd":	1569664,
					"rtt":	158397,
					"rttvar":	5969,
					"pmtu":	1500,
					"omitted":	false,
					"sender":	true
				}],
			"sum":	{
				"start":	6.000248,
				"end":	7.00013,
				"seconds":	0.99988198280334473,
				"bytes":	2462680,
				"bits_per_second":	19703765.383154072,
				"retransmits":	0,
				"omitted":	false,
				"sender":	true
			}
		}, {
			"streams":	[{
					"socket":	5,
					"start":	7.00013,
					"end":	8.000587,
					"seconds":	1.0004570484161377,
					"bytes":	1251440,
					"bits_per_second":	10006946.34102446,
					"retransmits":	0,
					"snd_cwnd":	602368,
					"snd_wnd":	1569664,
					"rtt":	223701,
					"rttvar":	10234,
					"pmtu":	1500,
					"omitted":	false,
					"sender":	true
				}],
			"sum":	{
				"start":	7.00013,
				"end":	8.000587,
				"seconds":	1.0004570484161377,
				"bytes":	1251440,
				"bits_per_second":	10006946.34102446,
				"retransmits":	0,
				"omitted":	false,
				"sender":	true
			}
		}, {
			"streams":	[{
					"socket":	5,
					"start":	8.000587,
					"end":	9.000411,
					"seconds":	0.99982398748397827,
					"bytes":	2418576,
					"bits_per_second":	19352014.196708851,
					"retransmits":	0,
					"snd_cwnd":	602368,
					"snd_wnd":	1569664,
					"rtt":	167571,
					"rttvar":	7434,
					"pmtu":	1500,
					"omitted":	false,
					"sender":	true
				}],
			"sum":	{
				"start":	8.000587,
				"end":	9.000411,
				"seconds":	0.99982398748397827,
				"bytes":	2418576,
				"bits_per_second":	19352014.196708851,
				"retransmits":	0,
				"omitted":	false,
				"sender":	true
			}
		}, {
			"streams":	[{
					"socket":	5,
					"start":	9.000411,
					"end":	10.00034,
					"seconds":	0.99992901086807251,
					"bytes":	2468424,
					"bits_per_second":	19748793.949739106,
					"retransmits":	0,
					"snd_cwnd":	602368,
					"snd_wnd":	1569664,
					"rtt":	163048,
					"rttvar":	23272,
					"pmtu":	1500,
					"omitted":	false,
					"sender":	true
				}],
			"sum":	{
				"start":	9.000411,
				"end":	10.00034,
				"seconds":	0.99992901086807251,
				"bytes":	2468424,
				"bits_per_second":	19748793.949739106,
				"retransmits":	0,
				"omitted":	false,
				"sender":	true
			}
		}, {
			"streams":	[{
					"socket":	5,
					"start":	10.00034,
					"end":	11.000223,
					"seconds":	0.999882996082306,
					"bytes":	2410920,
					"bits_per_second":	19289616.960755225,
					"retransmits":	0,
					"snd_cwnd":	602368,
					"snd_wnd":	1569664,
					"rtt":	237100,
					"rttvar":	12921,
					"pmtu":	1500,
					"omitted":	false,
					"sender":	true
				}],
			"sum":	{
				"start":	10.00034,
				"end":	11.000223,
				"seconds":	0.999882996082306,
				"bytes":	2410920,
				"bits_per_second":	19289616.960755225,
				"retransmits":	0,
				"omitted":	false,
				"sender":	true
			}
		}, {
			"streams":	[{
					"socket":	5,
					"start":	11.000223,
					"end":	12.000114,
					"seconds":	0.99989098310470581,
					"bytes":	2460688,
					"bits_per_second":	19687650.286509871,
					"retransmits":	0,
					"snd_cwnd":	602368,
					"snd_wnd":	1569664,
					"rtt":	231722,
					"rttvar":	9644,
					"pmtu":	1500,
					"omitted":	false,
					"sender":	true
				}],
			"sum":	{
				"start":	11.000223,
				"end":	12.000114,
				"seconds":	0.99989098310470581,
				"bytes":	2460688,
				"bits_per_second":	19687650.286509871,
				"retransmits":	0,