{
	"start":	{
		"connected":	[{
				"socket":	5,
				"local_host":	"129.93.240.11",
				"local_port":	45498,
				"remote_host":	"10.53.1.2",
				"remote_port":	55001
			}],
		"version":	"iperf 3.12",
		"system_info":	"Linux rpi1 6.6.51+rpt-rpi-v8 #1 SMP PREEMPT Debian 1:6.6.51-1+rpt3 (2024-10-08) aarch64",
		"timestamp":	{
			"time":	"Thu, 15 May 2025 06:15:09 GMT",
			"timesecs":	1747289709
		},
		"connecting_to":	{
			"host":	"10.53.1.2",
			"port":	55001
		},
		"cookie":	"eyd45bfcprbhlajbqqi2xjrsrgurrhvsgxwi",
		"tcp_mss_default":	1448,
		"target_bitrate":	0,
		"sock_bufsize":	0,
		"sndbuf_actual":	16384,
		"rcvbuf_actual":	131072,
		"test_start":	{
			"protocol":	"TCP",
			"num_streams":	1,
			"blksize":	131072,
			"omit":	0,
			"duration":	20,
			"bytes":	0,
			"blocks":	0,
			"reverse":	0,
			"tos":	0,
			"target_bitrate":	0
		}
	},
	"intervals":	[{
			"streams":	[{
					"socket":	5,
					"start":	0,
					"end":	1.000161,
					"seconds":	1.0001610517501831,
					"bytes":	2645496,
					"bits_per_second":	21160560.054768324,
					"retransmits":	0,
					"snd_cwnd":	170864,
					"snd_wnd":	781056,
					"rtt":	76474,
					"rttvar":	1580,
					"pmtu":	1500,
					"omitted":	false,
					"sender":	true
				}],
			"sum":	{
				"start":	0,
				"end":	1.000161,
				"seconds":	1.0001610517501831,
				"bytes":	2645496,
				"bits_per_second":	21160560.054768324,
				"retransmits":	0,
				"omitted":	false,
				"sender":	true
			}
		}, {
			"streams":	[{
					"socket":	5,
					"start":	1.000161,
					"end":	2.000107,
					"seconds":	0.9999459981918335,
					"bytes":	2801880,
					"bits_per_second":	22416250.518060289,
					"retransmits":	0,
					"snd_cwnd":	273672,
					"snd_wnd":	781056,
					"rtt":	130821,
					"rttvar":	3123,
					"pmtu":	1500,
					"omitted":	false,
					"sender":	true
				}],
			"sum":	{
				"start":	1.000161,
				"end":	2.000107,
				"seconds":	0.9999459981918335,
				"bytes":	2801880,
				"bits_per_second":	22416250.518060289,
				"retransmits":	0,
				"omitted":	false,
				"sender":	true
			}
		}, {
			"streams":	[{
					"socket":	5,
					"start":	2.000107,
					"end":	3.000104,
					"seconds":	0.99999701976776123,
					"bytes":	2736720,
					"bits_per_second":	21893825.248683836,
					"retransmits":	0,
					"snd_cwnd":	375032,
					"snd_wnd":	900992,
					"rtt":	171195,
					"rttvar":	3058,
					"pmtu":	1500,
					"omitted":	false,
					"sender":	true
				}],
			"sum":	{
				"start":	2.000107,
				"end":	3.000104,
				"seconds":	0.99999701976776123,
				"bytes":	2736720,
				"bits_per_second":	21893825.248683836,
				"retransmits":	0,
				"omitted":	false,
				"sender":	true
			}
		}, {
			"streams":	[{
					"socket":	5,
					"start":	3.000104,
					"end":	4.000416,
					"seconds":	1.0003119707107544,
					"bytes":	1759320,
					"bits_per_second":	14070170.518902782,
					"retransmits":	0,
					"snd_cwnd":	477840,
					"snd_wnd":	1018752,
					"rtt":	220198,
					"rttvar":	3195,
					"pmtu":	1500,
					"omitted":	false,
					"sender":	true
				}],
			"sum":	{
				"start":	3.000104,
				"end":	4.000416,
				"seconds":	1.0003119707107544,
				"bytes":	1759320,
				"bits_per_second":	14070170.518902782,
				"retransmits":	0,
				"omitted":	false,
				"sender":	true
			}
		}, {
			"streams":	[{
					"socket":	5,
					"start":	4.000416,
					"end":	5.000209,
					"seconds":	0.999792993068695,
					"bytes":	3192840,
					"bits_per_second":	25548008.614864316,
					"retransmits":	0,
					"snd_cwnd":	579200,
					"snd_wnd":	1051392,
					"rtt":	219689,
					"rttvar":	9463,
					"pmtu":	1500,
					"omitted":	false,
					"sender":	true
				}],
			"sum":	{
				"start":	4.000416,
				"end":	5.000209,
				"seconds":	0.999792993068695,
				"bytes":	3192840,
				"bits_per_second":	25548008.614864316,
				"retransmits":	0,
				"omitted":	false,
				"sender":	true
			}
		}, {
			"streams":	[{
					"socket":	5,
					"start":	5.000209,
					"end":	6.000117,
					"seconds":	0.9999079704284668,
					"bytes":	2345760,
					"bits_per_second":	18767807.193254612,
					"retransmits":	0,
					"snd_cwnd":	584992,
					"snd_wnd":	1051392,
					"rtt":	253228,
					"rttvar":	11062,
					"pmtu":	1500,
					"omitted":	false,
					"sender":	true
				}],
			"sum":	{
				"start":	5.000209,
				"end":	6.000117,
				"seconds":	0.9999079704284668,
				"bytes":	2345760,
				"bits_per_second":	18767807.193254612,
				"retransmits":	0,
				"omitted":	false,
				"sender":	true
			}
		}, {
			"streams":	[{
					"socket":	5,
					"start":	6.000117,
					"end":	7.000588,
					"seconds":	1.0004709959030151,
					"bytes":	1238040,
					"bits_per_second":	9899657.30196952,
					"retransmits":	0,
					"snd_cwnd":	613952,
					"snd_wnd":	1051392,
					"rtt":	171681,
					"rttvar":	4519,
					"pmtu":	1500,
					"omitted":	false,
					"sender":	true
				}],
			"sum":	{
				"start":	6.000117,
				"end":	7.000588,
				"seconds":	1.0004709959030151,
				"bytes":	1238040,
				"bits_per_second":	9899657.30196952,
				"retransmits":	0,
				"omitted":	false,
				"sender":	true
			}
		}, {
			"streams":	[{
					"socket":	5,
					"start":	7.000588,
					"end":	8.000384,
					"seconds":	0.999795973300934,
					"bytes":	2476080,
					"bits_per_second":	19812682.316172615,
					"retransmits":	0,
					"snd_cwnd":	613952,
					"snd_wnd":	1051392,
					"rtt":	217854,
					"rttvar":	7860,
					"pmtu":	1500,
					"omitted":	false,
					"sender":	true
				}],
			"sum":	{
				"start":	7.000588,
				"end":	8.000384,
				"seconds":	0.999795973300934,
				"bytes":	2476080,
				"bits_per_second":	19812682.316172615,
				"retransmits":	0,
				"omitted":	false,
				"sender":	true
			}
		}, {
			"streams":	[{
					"socket":	5,
					"start":	8.000384,
					"end":	9.000204,
					"seconds":	0.99981999397277832,
					"bytes":	2430744,
					"bits_per_second":	19449453.018769544,
					"retransmits":	0,
					"snd_cwnd":	613952,
					"snd_wnd":	1051392,
					"rtt":	246333,
					"rttvar":	8874,
					"pmtu":	1500,
					"omitted":	false,
					"sender":	true
				}],
			"sum":	{
				"start":	8.000384,
				"end":	9.000204,
				"seconds":	0.99981999397277832,
				"bytes":	2430744,
				"bits_per_second":	19449453.018769544,
				"retransmits":	0,
				"omitted":	false,
				"sender":	true
			}
		}, {
			"streams":	[{
					"socket":	5,
					"start":	9.000204,
					"end":	10.000627,
					"seconds":	1.0004229545593262,
					"bytes":	1218216,
					"bits_per_second":	9741607.7425901052,
					"retransmits":	0,
					"snd_cwnd":	613952,
					"snd_wnd":	1051392,
					"rtt":	167325,
					"rttvar":	4217,
					"pmtu":	1500,
					"omitted":	false,
					"sender":	true
				}],
			"sum":	{
				"start":	9.000204,
				"end":	10.000627,
				"seconds":	1.0004229545593262,
				"bytes":	1218216,
				"bits_per_second":	9741607.7425901052,
				"retransmits":	0,
				"omitted":	false,
				"sender":	true
			}
		}, {
			"streams":	[{
					"socket":	5,
					"start":	10.000627,
					"end":	11.000438,
					"seconds":	0.99981099367141724,
					"bytes":	2451800,
					"bits_per_second":	19618107.946556721,
					"retransmits":	0,
					"snd_cwnd":	613952,
					"snd_wnd":	1051392,
					"rtt":	233961,
					"rttvar":	11008,
					"pmtu":	1500,
					"omitted":	false,
					"sender":	true
				}],
			"sum":	{
				"start":	10.000627,
				"end":	11.000438,
				"seconds":	0.99981099367141724,
				"bytes":	2451800,
				"bits_per_second":	19618107.946556721,
				"retransmits":	0,
				"omitted":	false,
				"sender":	true
			}
		}, {
			"streams":	[{
					"socket":	5,
					"start":	11.000438,
					"end":	12.000309,
					"seconds":	0.999871015548706,
					"bytes":	2490368,
					"bits_per_second":	19925514.081500553,
					"retransmits":	0,
					"snd_cwnd":	613952,
					"snd_wnd":	1051392,
					"rtt":	179534,
					"rttvar":	7824,
					"pmtu":	1500,
					"omitted":	false,
					"sender":	true
				}],
			"sum":	{
				"start":	11.000438,
				"end":	12.000309,
				"seconds":	0.999871015548706,
				"bytes":	2490368,
				"bits_per_second":	19925514.081500553,
				"retransmits":	0,