{
	"start":	{
		"connected":	[{
				"socket":	5,
				"local_host":	"129.93.240.11",
				"local_port":	40982,
				"remote_host":	"10.53.1.2",
				"remote_port":	55001
			}],
		"version":	"iperf 3.12",
		"system_info":	"Linux rpi1 6.6.51+rpt-rpi-v8 #1 SMP PREEMPT Debian 1:6.6.51-1+rpt3 (2024-10-08) aarch64",
		"timestamp":	{
			"time":	"Thu, 15 May 2025 19:10:36 GMT",
			"timesecs":	1747336236
		},
		"connecting_to":	{
			"host":	"10.53.1.2",
			"port":	55001
		},
		"cookie":	"g2dvqevqiagm3hkfubhvs2t22g2nrliqdd3p",
		"tcp_mss_default":	1448,
		"target_bitrate":	0,
		"sock_bufsize":	0,
		"sndbuf_actual":	16384,
		"rcvbuf_actual":	131072,
		"test_start":	{
			"protocol":	"TCP",
			"num_streams":	1,
			"blksize":	131072,
			"omit":	0,
			"duration":	20,
			"bytes":	0,
			"blocks":	0,
			"reverse":	0,
			"tos":	0,
			"target_bitrate":	0
		}
	},
	"intervals":	[{
			"streams":	[{
					"socket":	5,
					"start":	0,
					"end":	1.000156,
					"seconds":	1.000156044960022,
					"bytes":	3147952,
					"bits_per_second":	25179686.836774189,
					"retransmits":	0,
					"snd_cwnd":	183896,
					"snd_wnd":	580224,
					"rtt":	69392,
					"rttvar":	2785,
					"pmtu":	1500,
					"omitted":	false,
					"sender":	true
				}],
			"sum":	{
				"start":	0,
				"end":	1.000156,
				"seconds":	1.000156044960022,
				"bytes":	3147952,
				"bits_per_second":	25179686.836774189,
				"retransmits":	0,
				"omitted":	false,
				"sender":	true
			}
		}, {
			"streams":	[{
					"socket":	5,
					"start":	1.000156,
					"end":	2.000197,
					"seconds":	1.0000410079956055,
					"bytes":	2997360,
					"bits_per_second":	23977896.7145169,
					"retransmits":	0,
					"snd_cwnd":	309872,
					"snd_wnd":	741760,
					"rtt":	116624,
					"rttvar":	1377,
					"pmtu":	1500,
					"omitted":	false,
					"sender":	true
				}],
			"sum":	{
				"start":	1.000156,
				"end":	2.000197,
				"seconds":	1.0000410079956055,
				"bytes":	2997360,
				"bits_per_second":	23977896.7145169,
				"retransmits":	0,
				"omitted":	false,
				"sender":	true
			}
		}, {
			"streams":	[{
					"socket":	5,
					"start":	2.000197,
					"end":	3.000283,
					"seconds":	1.0000859498977661,
					"bytes":	2997360,
					"bits_per_second":	23976819.194841448,
					"retransmits":	0,
					"snd_cwnd":	435848,
					"snd_wnd":	884096,
					"rtt":	164680,
					"rttvar":	3219,
					"pmtu":	1500,
					"omitted":	false,
					"sender":	true
				}],
			"sum":	{
				"start":	2.000197,
				"end":	3.000283,
				"seconds":	1.0000859498977661,
				"bytes":	2997360,
				"bits_per_second":	23976819.194841448,
				"retransmits":	0,
				"omitted":	false,
				"sender":	true
			}
		}, {
			"streams":	[{
					"socket":	5,
					"start":	3.000283,
					"end":	4.000394,
					"seconds":	1.0001109838485718,
					"bytes":	2932200,
					"bits_per_second":	23454996.874178663,
					"retransmits":	0,
					"snd_cwnd":	561824,
					"snd_wnd":	1091584,
					"rtt":	181707,
					"rttvar":	6527,
					"pmtu":	1500,
					"omitted":	false,
					"sender":	true
				}],
			"sum":	{
				"start":	3.000283,
				"end":	4.000394,
				"seconds":	1.0001109838485718,
				"bytes":	2932200,
				"bits_per_second":	23454996.874178663,
				"retransmits":	0,
				"omitted":	false,
				"sender":	true
			}
		}, {
			"streams":	[{
					"socket":	5,
					"start":	4.000394,
					"end":	5.000101,
					"seconds":	0.99970698356628418,
					"bytes":	3648960,
					"bits_per_second":	29200236.149060056,
					"retransmits":	0,
					"snd_cwnd":	595128,
					"snd_wnd":	1091584,
					"rtt":	161752,
					"rttvar":	8047,
					"pmtu":	1500,
					"omitted":	false,
					"sender":	true
				}],
			"sum":	{
				"start":	4.000394,
				"end":	5.000101,
				"seconds":	0.99970698356628418,
				"bytes":	3648960,
				"bits_per_second":	29200236.149060056,
				"retransmits":	0,
				"omitted":	false,
				"sender":	true
			}
		}, {
			"streams":	[{
					"socket":	5,
					"start":	5.000101,
					"end":	6.000153,
					"seconds":	1.0000519752502441,
					"bytes":	2410920,
					"bits_per_second":	19286357.586738132,
					"retransmits":	0,
					"snd_cwnd":	595128,
					"snd_wnd":	1091584,
					"rtt":	150826,
					"rttvar":	6205,
					"pmtu":	1500,
					"omitted":	false,
					"sender":	true
				}],
			"sum":	{
				"start":	5.000101,
				"end":	6.000153,
				"seconds":	1.0000519752502441,
				"bytes":	2410920,
				"bits_per_second":	19286357.586738132,
				"retransmits":	0,
				"omitted":	false,
				"sender":	true
			}
		}, {
			"streams":	[{
					"socket":	5,
					"start":	6.000153,
					"end":	7.000164,
					"seconds":	1.0000109672546387,
					"bytes":	2443552,
					"bits_per_second":	19548201.609895214,
					"retransmits":	0,
					"snd_cwnd":	595128,
					"snd_wnd":	1091584,
					"rtt":	219817,
					"rttvar":	9385,
					"pmtu":	1500,
					"omitted":	false,
					"sender":	true
				}],
			"sum":	{
				"start":	6.000153,
				"end":	7.000164,
				"seconds":	1.0000109672546387,
				"bytes":	2443552,
				"bits_per_second":	19548201.609895214,
				"retransmits":	0,
				"omitted":	false,
				"sender":	true
			}
		}, {
			"streams":	[{
					"socket":	5,
					"start":	7.000164,
					"end":	8.00021,
					"seconds":	1.0000460147857666,
					"bytes":	2443448,
					"bits_per_second":	19546684.563497365,
					"retransmits":	0,
					"snd_cwnd":	595128,
					"snd_wnd":	1091584,
					"rtt":	195067,
					"rttvar":	6717,
					"pmtu":	1500,
					"omitted":	false,
					"sender":	true
				}],
			"sum":	{
				"start":	7.000164,
				"end":	8.00021,
				"seconds":	1.0000460147857666,
				"bytes":	2443448,
				"bits_per_second":	19546684.563497365,
				"retransmits":	0,
				"omitted":	false,
				"sender":	true
			}
		}, {
			"streams":	[{
					"socket":	5,
					"start":	8.00021,
					"end":	9.000208,
					"seconds":	0.99999797344207764,
					"bytes":	2476080,
					"bits_per_second":	19808680.143437676,
					"retransmits":	0,
					"snd_cwnd":	595128,
					"snd_wnd":	1091584,
					"rtt":	184922,
					"rttvar":	9005,
					"pmtu":	1500,
					"omitted":	false,
					"sender":	true
				}],
			"sum":	{
				"start":	8.00021,
				"end":	9.000208,
				"seconds":	0.99999797344207764,
				"bytes":	2476080,
				"bits_per_second":	19808680.143437676,
				"retransmits":	0,
				"omitted":	false,
				"sender":	true
			}
		}, {
			"streams":	[{
					"socket":	5,
					"start":	9.000208,
					"end":	10.000251,
					"seconds":	1.0000430345535278,
					"bytes":	2420504,
					"bits_per_second":	19363198.7133885,
					"retransmits":	0,
					"snd_cwnd":	595128,
					"snd_wnd":	1091584,
					"rtt":	159320,
					"rttvar":	7797,
					"pmtu":	1500,
					"omitted":	false,
					"sender":	true
				}],
			"sum":	{
				"start":	9.000208,
				"end":	10.000251,
				"seconds":	1.0000430345535278,
				"bytes":	2420504,
				"bits_per_second":	19363198.7133885,
				"retransmits":	0,
				"omitted":	false,
				"sender":	true
			}
		}, {
			"streams":	[{
					"socket":	5,
					"start":	10.000251,
					"end":	11.000274,
					"seconds":	1.0000230073928833,
					"bytes":	2466496,
					"bits_per_second":	19731514.029304545,
					"retransmits":	0,
					"snd_cwnd":	595128,
					"snd_wnd":	1091584,
					"rtt":	152795,
					"rttvar":	7672,
					"pmtu":	1500,
					"omitted":	false,
					"sender":	true
				}],
			"sum":	{
				"start":	10.000251,
				"end":	11.000274,
				"seconds":	1.0000230073928833,
				"bytes":	2466496,
				"bits_per_second":	19731514.029304545,
				"retransmits":	0,
				"omitted":	false,
				"sender":	true
			}
		}, {
			"streams":	[{
					"socket":	5,
					"start":	11.000274,
					"end":	12.000304,
					"seconds":	1.0000300407409668,
					"bytes":	2410920,
					"bits_per_second":	19286780.610819586,
					"retransmits":	0,
					"snd_cwnd":	595128,
					"snd_wnd":	1091584,
					"rtt":	213031,
					"rttvar":	8693,
					"pmtu":	1500,
					"omitted":	false,
					"sender":	true
				}],
			"sum":	{
				"start":	11.000274,
				"end":	12.000304,
				"seconds":	1.0000300407409668,
				"bytes":	2410920,
				"bits_per_second":	19286780.610819586,
				"retransmits":	0,