{
	"start":	{
		"connected":	[{
				"socket":	5,
				"local_host":	"129.93.240.11",
				"local_port":	34152,
				"remote_host":	"10.53.1.2",
				"remote_port":	55001
			}],
		"version":	"iperf 3.12",
		"system_info":	"Linux rpi1 6.6.51+rpt-rpi-v8 #1 SMP PREEMPT Debian 1:6.6.51-1+rpt3 (2024-10-08) aarch64",
		"timestamp":	{
			"time":	"Thu, 15 May 2025 19:09:38 GMT",
			"timesecs":	1747336178
		},
		"connecting_to":	{
			"host":	"10.53.1.2",
			"port":	55001
		},
		"cookie":	"chb5tkuko4tm64w4ypywqf2xis2bv2mzjtjz",
		"tcp_mss_default":	1448,
		"target_bitrate":	0,
		"sock_bufsize":	0,
		"sndbuf_actual":	16384,
		"rcvbuf_actual":	131072,
		"test_start":	{
			"protocol":	"TCP",
			"num_streams":	1,
			"blksize":	131072,
			"omit":	0,
			"duration":	20,
			"bytes":	0,
			"blocks":	0,
			"reverse":	0,
			"tos":	0,
			"target_bitrate":	0
		}
	},
	"intervals":	[{
			"streams":	[{
					"socket":	5,
					"start":	0,
					"end":	1.000099,
					"seconds":	1.0000989437103271,
					"bytes":	3278272,
					"bits_per_second":	26223581.341564,
					"retransmits":	0,
					"snd_cwnd":	179552,
					"snd_wnd":	473216,
					"rtt":	68613,
					"rttvar":	3111,
					"pmtu":	1500,
					"omitted":	false,
					"sender":	true
				}],
			"sum":	{
				"start":	0,
				"end":	1.000099,
				"seconds":	1.0000989437103271,
				"bytes":	3278272,
				"bits_per_second":	26223581.341564,
				"retransmits":	0,
				"omitted":	false,
				"sender":	true
			}
		}, {
			"streams":	[{
					"socket":	5,
					"start":	1.000099,
					"end":	2.000096,
					"seconds":	0.99999701976776123,
					"bytes":	3192840,
					"bits_per_second":	25542796.123464476,
					"retransmits":	0,
					"snd_cwnd":	305528,
					"snd_wnd":	706944,
					"rtt":	116224,
					"rttvar":	1035,
					"pmtu":	1500,
					"omitted":	false,
					"sender":	true
				}],
			"sum":	{
				"start":	1.000099,
				"end":	2.000096,
				"seconds":	0.99999701976776123,
				"bytes":	3192840,
				"bits_per_second":	25542796.123464476,
				"retransmits":	0,
				"omitted":	false,
				"sender":	true
			}
		}, {
			"streams":	[{
					"socket":	5,
					"start":	2.000096,
					"end":	3.000102,
					"seconds":	1.0000059604644775,
					"bytes":	3127680,
					"bits_per_second":	25021290.861484639,
					"retransmits":	0,
					"snd_cwnd":	431504,
					"snd_wnd":	926208,
					"rtt":	163560,
					"rttvar":	2862,
					"pmtu":	1500,
					"omitted":	false,
					"sender":	true
				}],
			"sum":	{
				"start":	2.000096,
				"end":	3.000102,
				"seconds":	1.0000059604644775,
				"bytes":	3127680,
				"bits_per_second":	25021290.861484639,
				"retransmits":	0,
				"omitted":	false,
				"sender":	true
			}
		}, {
			"streams":	[{
					"socket":	5,
					"start":	3.000102,
					"end":	4.000154,
					"seconds":	1.0000519752502441,
					"bytes":	3127680,
					"bits_per_second":	25020139.5719846,
					"retransmits":	0,
					"snd_cwnd":	557480,
					"snd_wnd":	1138432,
					"rtt":	144960,
					"rttvar":	4301,
					"pmtu":	1500,
					"omitted":	false,
					"sender":	true
				}],
			"sum":	{
				"start":	3.000102,
				"end":	4.000154,
				"seconds":	1.0000519752502441,
				"bytes":	3127680,
				"bits_per_second":	25020139.5719846,
				"retransmits":	0,
				"omitted":	false,
				"sender":	true
			}
		}, {
			"streams":	[{
					"socket":	5,
					"start":	4.000154,
					"end":	5.000332,
					"seconds":	1.0001779794692993,
					"bytes":	2410920,
					"bits_per_second":	19283927.85675405,
					"retransmits":	0,
					"snd_cwnd":	595128,
					"snd_wnd":	1138432,
					"rtt":	139840,
					"rttvar":	3567,
					"pmtu":	1500,
					"omitted":	false,
					"sender":	true
				}],
			"sum":	{
				"start":	4.000154,
				"end":	5.000332,
				"seconds":	1.0001779794692993,
				"bytes":	2410920,
				"bits_per_second":	19283927.85675405,
				"retransmits":	0,
				"omitted":	false,
				"sender":	true
			}
		}, {
			"streams":	[{
					"socket":	5,
					"start":	5.000332,
					"end":	6.000329,
					"seconds":	0.99999701976776123,
					"bytes":	2426256,
					"bits_per_second":	19410105.8466232,
					"retransmits":	0,
					"snd_cwnd":	595128,
					"snd_wnd":	1138432,
					"rtt":	210590,
					"rttvar":	8560,
					"pmtu":	1500,
					"omitted":	false,
					"sender":	true
				}],
			"sum":	{
				"start":	5.000332,
				"end":	6.000329,
				"seconds":	0.99999701976776123,
				"bytes":	2426256,
				"bits_per_second":	19410105.8466232,
				"retransmits":	0,
				"omitted":	false,
				"sender":	true
			}
		}, {
			"streams":	[{
					"socket":	5,
					"start":	6.000329,
					"end":	7.000387,
					"seconds":	1.0000580549240112,
					"bytes":	2460744,
					"bits_per_second":	19684809.199897725,
					"retransmits":	0,
					"snd_cwnd":	595128,
					"snd_wnd":	1138432,
					"rtt":	169111,
					"rttvar":	8622,
					"pmtu":	1500,
					"omitted":	false,
					"sender":	true
				}],
			"sum":	{
				"start":	6.000329,
				"end":	7.000387,
				"seconds":	1.0000580549240112,
				"bytes":	2460744,
				"bits_per_second":	19684809.199897725,
				"retransmits":	0,
				"omitted":	false,
				"sender":	true
			}
		}, {
			"streams":	[{
					"socket":	5,
					"start":	7.000387,
					"end":	8.000408,
					"seconds":	1.0000209808349609,
					"bytes":	2410920,
					"bits_per_second":	19286955.343573038,
					"retransmits":	0,
					"snd_cwnd":	595128,
					"snd_wnd":	1138432,
					"rtt":	148465,
					"rttvar":	3255,
					"pmtu":	1500,
					"omitted":	false,
					"sender":	true
				}],
			"sum":	{
				"start":	7.000387,
				"end":	8.000408,
				"seconds":	1.0000209808349609,
				"bytes":	2410920,
				"bits_per_second":	19286955.343573038,
				"retransmits":	0,
				"omitted":	false,
				"sender":	true
			}
		}, {
			"streams":	[{
					"socket":	5,
					"start":	8.000408,
					"end":	9.000443,
					"seconds":	1.0000350475311279,
					"bytes":	2468368,
					"bits_per_second":	19746251.942620382,
					"retransmits":	0,
					"snd_cwnd":	628432,
					"snd_wnd":	1138432,
					"rtt":	140536,
					"rttvar":	11715,
					"pmtu":	1500,
					"omitted":	false,
					"sender":	true
				}],
			"sum":	{
				"start":	8.000408,
				"end":	9.000443,
				"seconds":	1.0000350475311279,
				"bytes":	2468368,
				"bits_per_second":	19746251.942620382,
				"retransmits":	0,
				"omitted":	false,
				"sender":	true
			}
		}, {
			"streams":	[{
					"socket":	5,
					"start":	9.000443,
					"end":	10.000459,
					"seconds":	1.0000159740448,
					"bytes":	2614112,
					"bits_per_second":	20912561.941798665,
					"retransmits":	0,
					"snd_cwnd":	638568,
					"snd_wnd":	1138432,
					"rtt":	213777,
					"rttvar":	8624,
					"pmtu":	1500,
					"omitted":	false,
					"sender":	true
				}],
			"sum":	{
				"start":	9.000443,
				"end":	10.000459,
				"seconds":	1.0000159740448,
				"bytes":	2614112,
				"bits_per_second":	20912561.941798665,
				"retransmits":	0,
				"omitted":	false,
				"sender":	true
			}
		}, {
			"streams":	[{
					"socket":	5,
					"start":	10.000459,
					"end":	11.00044,
					"seconds":	0.99998098611831665,
					"bytes":	2476080,
					"bits_per_second":	19809016.646298777,
					"retransmits":	0,
					"snd_cwnd":	638568,
					"snd_wnd":	1138432,
					"rtt":	182522,
					"rttvar":	7432,
					"pmtu":	1500,
					"omitted":	false,
					"sender":	true
				}],
			"sum":	{
				"start":	10.000459,
				"end":	11.00044,
				"seconds":	0.99998098611831665,
				"bytes":	2476080,
				"bits_per_second":	19809016.646298777,
				"retransmits":	0,
				"omitted":	false,
				"sender":	true
			}
		}, {
			"streams":	[{
					"socket":	5,
					"start":	11.00044,
					"end":	12.000497,
					"seconds":	1.0000569820404053,
					"bytes":	2476080,
					"bits_per_second":	19807511.3275892,
					"retransmits":	0,
					"snd_cwnd":	638568,
					"snd_wnd":	1138432,
					"rtt":	149802,
					"rttvar":	6989,
					"pmtu":	1500,
					"omitted":	false,
					"sender":	true
				}],
			"sum":	{
				"start":	11.00044,
				"end":	12.000497,
				"seconds":	1.0000569820404053,
				"bytes":	2476080,
				"bits_per_second":	19807511.3275892,
				"retransmits":	0,
				"omitted":	false,