{
	"start":	{
		"connected":	[{
				"socket":	5,
				"local_host":	"129.93.240.11",
				"local_port":	55480,
				"remote_host":	"10.53.1.2",
				"remote_port":	55001
			}],
		"version":	"iperf 3.12",
		"system_info":	"Linux rpi1 6.6.51+rpt-rpi-v8 #1 SMP PREEMPT Debian 1:6.6.51-1+rpt3 (2024-10-08) aarch64",
		"timestamp":	{
			"time":	"Thu, 15 May 2025 19:03:44 GMT",
			"timesecs":	1747335824
		},
		"connecting_to":	{
			"host":	"10.53.1.2",
			"port":	55001
		},
		"cookie":	"akbvonkls5a6ktughm2ieeyrcq5wvd6y7mx3",
		"tcp_mss_default":	1448,
		"target_bitrate":	0,
		"sock_bufsize":	0,
		"sndbuf_actual":	16384,
		"rcvbuf_actual":	131072,
		"test_start":	{
			"protocol":	"TCP",
			"num_streams":	1,
			"blksize":	131072,
			"omit":	0,
			"duration":	20,
			"bytes":	0,
			"blocks":	0,
			"reverse":	0,
			"tos":	0,
			"target_bitrate":	0
		}
	},
	"intervals":	[{
			"streams":	[{
					"socket":	5,
					"start":	0,
					"end":	1.000103,
					"seconds":	1.0001029968261719,
					"bytes":	3200080,
					"bits_per_second":	25598003.486884516,
					"retransmits":	0,
					"snd_cwnd":	165072,
					"snd_wnd":	519936,
					"rtt":	38674,
					"rttvar":	2605,
					"pmtu":	1500,
					"omitted":	false,
					"sender":	true
				}],
			"sum":	{
				"start":	0,
				"end":	1.000103,
				"seconds":	1.0001029968261719,
				"bytes":	3200080,
				"bits_per_second":	25598003.486884516,
				"retransmits":	0,
				"omitted":	false,
				"sender":	true
			}
		}, {
			"streams":	[{
					"socket":	5,
					"start":	1.000103,
					"end":	2.000165,
					"seconds":	1.0000619888305664,
					"bytes":	4887000,
					"bits_per_second":	39093576.634901747,
					"retransmits":	0,
					"snd_cwnd":	366344,
					"snd_wnd":	786560,
					"rtt":	85136,
					"rttvar":	2859,
					"pmtu":	1500,
					"omitted":	false,
					"sender":	true
				}],
			"sum":	{
				"start":	1.000103,
				"end":	2.000165,
				"seconds":	1.0000619888305664,
				"bytes":	4887000,
				"bits_per_second":	39093576.634901747,
				"retransmits":	0,
				"omitted":	false,
				"sender":	true
			}
		}, {
			"streams":	[{
					"socket":	5,
					"start":	2.000165,
					"end":	3.000261,
					"seconds":	1.0000959634780884,
					"bytes":	4691520,
					"bits_per_second":	37528558.628986321,
					"retransmits":	0,
					"snd_cwnd":	564720,
					"snd_wnd":	1174912,
					"rtt":	97522,
					"rttvar":	2290,
					"pmtu":	1500,
					"omitted":	false,
					"sender":	true
				}],
			"sum":	{
				"start":	2.000165,
				"end":	3.000261,
				"seconds":	1.0000959634780884,
				"bytes":	4691520,
				"bits_per_second":	37528558.628986321,
				"retransmits":	0,
				"omitted":	false,
				"sender":	true
			}
		}, {
			"streams":	[{
					"socket":	5,
					"start":	3.000261,
					"end":	4.000167,
					"seconds":	0.99990600347518921,
					"bytes":	4916120,
					"bits_per_second":	39332657.133082084,
					"retransmits":	0,
					"snd_cwnd":	634224,
					"snd_wnd":	1174912,
					"rtt":	129244,
					"rttvar":	3360,
					"pmtu":	1500,
					"omitted":	false,
					"sender":	true
				}],
			"sum":	{
				"start":	3.000261,
				"end":	4.000167,
				"seconds":	0.99990600347518921,
				"bytes":	4916120,
				"bits_per_second":	39332657.133082084,
				"retransmits":	0,
				"omitted":	false,
				"sender":	true
			}
		}, {
			"streams":	[{
					"socket":	5,
					"start":	4.000167,
					"end":	5.000263,
					"seconds":	1.0000959634780884,
					"bytes":	3801088,
					"bits_per_second":	30405786.155006554,
					"retransmits":	0,
					"snd_cwnd":	634224,
					"snd_wnd":	1174912,
					"rtt":	107236,
					"rttvar":	3264,
					"pmtu":	1500,
					"omitted":	false,
					"sender":	true
				}],
			"sum":	{
				"start":	4.000167,
				"end":	5.000263,
				"seconds":	1.0000959634780884,
				"bytes":	3801088,
				"bits_per_second":	30405786.155006554,
				"retransmits":	0,
				"omitted":	false,
				"sender":	true
			}
		}, {
			"streams":	[{
					"socket":	5,
					"start":	5.000263,
					"end":	6.000288,
					"seconds":	1.0000250339508057,
					"bytes":	3801088,
					"bits_per_second":	30407942.769056618,
					"retransmits":	0,
					"snd_cwnd":	634224,
					"snd_wnd":	1174912,
					"rtt":	92474,
					"rttvar":	2231,
					"pmtu":	1500,
					"omitted":	false,
					"sender":	true
				}],
			"sum":	{
				"start":	5.000263,
				"end":	6.000288,
				"seconds":	1.0000250339508057,
				"bytes":	3801088,
				"bits_per_second":	30407942.769056618,
				"retransmits":	0,
				"omitted":	false,
				"sender":	true
			}
		}, {
			"streams":	[{
					"socket":	5,
					"start":	6.000288,
					"end":	7.000108,
					"seconds":	0.99981999397277832,
					"bytes":	4980736,
					"bits_per_second":	39853061.791325673,
					"retransmits":	0,
					"snd_cwnd":	634224,
					"snd_wnd":	1174912,
					"rtt":	89957,
					"rttvar":	1440,
					"pmtu":	1500,
					"omitted":	false,
					"sender":	true
				}],
			"sum":	{
				"start":	6.000288,
				"end":	7.000108,
				"seconds":	0.99981999397277832,
				"bytes":	4980736,
				"bits_per_second":	39853061.791325673,
				"retransmits":	0,
				"omitted":	false,
				"sender":	true
			}
		}, {
			"streams":	[{
					"socket":	5,
					"start":	7.000108,
					"end":	8.000166,
					"seconds":	1.0000580549240112,
					"bytes":	3801088,
					"bits_per_second":	30406938.727482762,
					"retransmits":	0,
					"snd_cwnd":	634224,
					"snd_wnd":	1174912,
					"rtt":	101177,
					"rttvar":	11712,
					"pmtu":	1500,
					"omitted":	false,
					"sender":	true
				}],
			"sum":	{
				"start":	7.000108,
				"end":	8.000166,
				"seconds":	1.0000580549240112,
				"bytes":	3801088,
				"bits_per_second":	30406938.727482762,
				"retransmits":	0,
				"omitted":	false,
				"sender":	true
			}
		}, {
			"streams":	[{
					"socket":	5,
					"start":	8.000166,
					"end":	9.00024,
					"seconds":	1.000074028968811,
					"bytes":	3786480,
					"bits_per_second":	30289597.692317136,
					"retransmits":	0,
					"snd_cwnd":	634224,
					"snd_wnd":	1174912,
					"rtt":	130655,
					"rttvar":	4388,
					"pmtu":	1500,
					"omitted":	false,
					"sender":	true
				}],
			"sum":	{
				"start":	8.000166,
				"end":	9.00024,
				"seconds":	1.000074028968811,
				"bytes":	3786480,
				"bits_per_second":	30289597.692317136,
				"retransmits":	0,
				"omitted":	false,
				"sender":	true
			}
		}, {
			"streams":	[{
					"socket":	5,
					"start":	9.00024,
					"end":	10.000309,
					"seconds":	1.00006902217865,
					"bytes":	3684624,
					"bits_per_second":	29474957.574212614,
					"retransmits":	0,
					"snd_cwnd":	634224,
					"snd_wnd":	1174912,
					"rtt":	104433,
					"rttvar":	3457,
					"pmtu":	1500,
					"omitted":	false,
					"sender":	true
				}],
			"sum":	{
				"start":	9.00024,
				"end":	10.000309,
				"seconds":	1.00006902217865,
				"bytes":	3684624,
				"bits_per_second":	29474957.574212614,
				"retransmits":	0,
				"omitted":	false,
				"sender":	true
			}
		}, {
			"streams":	[{
					"socket":	5,
					"start":	10.000309,
					"end":	11.000097,
					"seconds":	0.999787986278534,
					"bytes":	5111808,
					"bits_per_second":	40903136.026088521,
					"retransmits":	0,
					"snd_cwnd":	634224,
					"snd_wnd":	1174912,
					"rtt":	117967,
					"rttvar":	2467,
					"pmtu":	1500,
					"omitted":	false,
					"sender":	true
				}],
			"sum":	{
				"start":	10.000309,
				"end":	11.000097,
				"seconds":	0.999787986278534,
				"bytes":	5111808,
				"bits_per_second":	40903136.026088521,
				"retransmits":	0,
				"omitted":	false,
				"sender":	true
			}
		}, {
			"streams":	[{
					"socket":	5,
					"start":	11.000097,
					"end":	12.000166,
					"seconds":	1.00006902217865,
					"bytes":	3779448,
					"bits_per_second":	30233497.2181538,
					"retransmits":	0,
					"snd_cwnd":	634224,
					"snd_wnd":	1174912,
					"rtt":	120964,
					"rttvar":	3548,
					"pmtu":	1500,
					"omitted":	false,
					"sender":	true
				}],
			"sum":	{
				"start":	11.000097,
				"end":	12.000166,
				"seconds":	1.00006902217865,
				"bytes":	3779448,
				"bits_per_second":	30233497.2181538,
				"retransmits":	0,
				"omitted":	false,