{
	"start":	{
		"connected":	[{
				"socket":	5,
				"local_host":	"129.93.240.11",
				"local_port":	55262,
				"remote_host":	"10.53.1.2",
				"remote_port":	55001
			}],
		"version":	"iperf 3.12",
		"system_info":	"Linux rpi1 6.6.51+rpt-rpi-v8 #1 SMP PREEMPT Debian 1:6.6.51-1+rpt3 (2024-10-08) aarch64",
		"timestamp":	{
			"time":	"Wed, 14 May 2025 04:23:41 GMT",
			"timesecs":	1747196621
		},
		"connecting_to":	{
			"host":	"10.53.1.2",
			"port":	55001
		},
		"cookie":	"hiklii3g7vr36oxurxpurnqke2gpxfoiw7tl",
		"tcp_mss_default":	1448,
		"target_bitrate":	0,
		"sock_bufsize":	0,
		"sndbuf_actual":	16384,
		"rcvbuf_actual":	131072,
		"test_start":	{
			"protocol":	"TCP",
			"num_streams":	1,
			"blksize":	131072,
			"omit":	0,
			"duration":	20,
			"bytes":	0,
			"blocks":	0,
			"reverse":	0,
			"tos":	0,
			"target_bitrate":	0
		}
	},
	"intervals":	[{
			"streams":	[{
					"socket":	5,
					"start":	0,
					"end":	1.000537,
					"seconds":	1.0005370378494263,
					"bytes":	1246728,
					"bits_per_second":	9968470.5540116038,
					"retransmits":	0,
					"snd_cwnd":	86880,
					"snd_wnd":	837504,
					"rtt":	83810,
					"rttvar":	16250,
					"pmtu":	1500,
					"omitted":	false,
					"sender":	true
				}],
			"sum":	{
				"start":	0,
				"end":	1.000537,
				"seconds":	1.0005370378494263,
				"bytes":	1246728,
				"bits_per_second":	9968470.5540116038,
				"retransmits":	0,
				"omitted":	false,
				"sender":	true
			}
		}, {
			"streams":	[{
					"socket":	5,
					"start":	1.000537,
					"end":	2.00016,
					"seconds":	0.99962300062179565,
					"bytes":	3127680,
					"bits_per_second":	25030876.6249235,
					"retransmits":	0,
					"snd_cwnd":	214304,
					"snd_wnd":	837504,
					"rtt":	83620,
					"rttvar":	1567,
					"pmtu":	1500,
					"omitted":	false,
					"sender":	true
				}],
			"sum":	{
				"start":	1.000537,
				"end":	2.00016,
				"seconds":	0.99962300062179565,
				"bytes":	3127680,
				"bits_per_second":	25030876.6249235,
				"retransmits":	0,
				"omitted":	false,
				"sender":	true
			}
		}, {
			"streams":	[{
					"socket":	5,
					"start":	2.00016,
					"end":	3.000222,
					"seconds":	1.0000619888305664,
					"bytes":	3583800,
					"bits_per_second":	28668622.865594614,
					"retransmits":	0,
					"snd_cwnd":	366344,
					"snd_wnd":	1008768,
					"rtt":	129001,
					"rttvar":	1878,
					"pmtu":	1500,
					"omitted":	false,
					"sender":	true
				}],
			"sum":	{
				"start":	2.00016,
				"end":	3.000222,
				"seconds":	1.0000619888305664,
				"bytes":	3583800,
				"bits_per_second":	28668622.865594614,
				"retransmits":	0,
				"omitted":	false,
				"sender":	true
			}
		}, {
			"streams":	[{
					"socket":	5,
					"start":	3.000222,
					"end":	4.00027,
					"seconds":	1.000048041343689,
					"bytes":	3648960,
					"bits_per_second":	29190277.659838568,
					"retransmits":	0,
					"snd_cwnd":	515488,
					"snd_wnd":	1161344,
					"rtt":	168629,
					"rttvar":	2461,
					"pmtu":	1500,
					"omitted":	false,
					"sender":	true
				}],
			"sum":	{
				"start":	3.000222,
				"end":	4.00027,
				"seconds":	1.000048041343689,
				"bytes":	3648960,
				"bits_per_second":	29190277.659838568,
				"retransmits":	0,
				"omitted":	false,
				"sender":	true
			}
		}, {
			"streams":	[{
					"socket":	5,
					"start":	4.00027,
					"end":	5.000252,
					"seconds":	0.99998199939727783,
					"bytes":	3466112,
					"bits_per_second":	27729395.145825747,
					"retransmits":	0,
					"snd_cwnd":	647256,
					"snd_wnd":	1428224,
					"rtt":	147302,
					"rttvar":	7895,
					"pmtu":	1500,
					"omitted":	false,
					"sender":	true
				}],
			"sum":	{
				"start":	4.00027,
				"end":	5.000252,
				"seconds":	0.99998199939727783,
				"bytes":	3466112,
				"bits_per_second":	27729395.145825747,
				"retransmits":	0,
				"omitted":	false,
				"sender":	true
			}
		}, {
			"streams":	[{
					"socket":	5,
					"start":	5.000252,
					"end":	6.000324,
					"seconds":	1.0000720024108887,
					"bytes":	2621440,
					"bits_per_second":	20970010.108715814,
					"retransmits":	0,
					"snd_cwnd":	670424,
					"snd_wnd":	1428224,
					"rtt":	216680,
					"rttvar":	12050,
					"pmtu":	1500,
					"omitted":	false,
					"sender":	true
				}],
			"sum":	{
				"start":	5.000252,
				"end":	6.000324,
				"seconds":	1.0000720024108887,
				"bytes":	2621440,
				"bits_per_second":	20970010.108715814,
				"retransmits":	0,
				"omitted":	false,
				"sender":	true
			}
		}, {
			"streams":	[{
					"socket":	5,
					"start":	6.000324,
					"end":	7.000384,
					"seconds":	1.000059962272644,
					"bytes":	2621440,
					"bits_per_second":	20970262.575398035,
					"retransmits":	0,
					"snd_cwnd":	670424,
					"snd_wnd":	1428224,
					"rtt":	176177,
					"rttvar":	13995,
					"pmtu":	1500,
					"omitted":	false,
					"sender":	true
				}],
			"sum":	{
				"start":	6.000324,
				"end":	7.000384,
				"seconds":	1.000059962272644,
				"bytes":	2621440,
				"bits_per_second":	20970262.575398035,
				"retransmits":	0,
				"omitted":	false,
				"sender":	true
			}
		}, {
			"streams":	[{
					"socket":	5,
					"start":	7.000384,
					"end":	8.000524,
					"seconds":	1.0001399517059326,
					"bytes":	2621440,
					"bits_per_second":	20968585.410700779,
					"retransmits":	0,
					"snd_cwnd":	670424,
					"snd_wnd":	1428224,
					"rtt":	149357,
					"rttvar":	8218,
					"pmtu":	1500,
					"omitted":	false,
					"sender":	true
				}],
			"sum":	{
				"start":	7.000384,
				"end":	8.000524,
				"seconds":	1.0001399517059326,
				"bytes":	2621440,
				"bits_per_second":	20968585.410700779,
				"retransmits":	0,
				"omitted":	false,
				"sender":	true
			}
		}, {
			"streams":	[{
					"socket":	5,
					"start":	8.000524,
					"end":	9.000123,
					"seconds":	0.99959897994995117,
					"bytes":	3932160,
					"bits_per_second":	31469900.060897451,
					"retransmits":	0,
					"snd_cwnd":	670424,
					"snd_wnd":	1428224,
					"rtt":	138783,
					"rttvar":	2666,
					"pmtu":	1500,
					"omitted":	false,
					"sender":	true
				}],
			"sum":	{
				"start":	8.000524,
				"end":	9.000123,
				"seconds":	0.99959897994995117,
				"bytes":	3932160,
				"bits_per_second":	31469900.060897451,
				"retransmits":	0,
				"omitted":	false,
				"sender":	true
			}
		}, {
			"streams":	[{
					"socket":	5,
					"start":	9.000123,
					"end":	10.00017,
					"seconds":	1.000046968460083,
					"bytes":	2621440,
					"bits_per_second":	20970535.046261761,
					"retransmits":	0,
					"snd_cwnd":	670424,
					"snd_wnd":	1428224,
					"rtt":	208328,
					"rttvar":	1956,
					"pmtu":	1500,
					"omitted":	false,
					"sender":	true
				}],
			"sum":	{
				"start":	9.000123,
				"end":	10.00017,
				"seconds":	1.000046968460083,
				"bytes":	2621440,
				"bits_per_second":	20970535.046261761,
				"retransmits":	0,
				"omitted":	false,
				"sender":	true
			}
		}, {
			"streams":	[{
					"socket":	5,
					"start":	10.00017,
					"end":	11.00028,
					"seconds":	1.0001100301742554,
					"bytes":	2621440,
					"bits_per_second":	20969212.7538667,
					"retransmits":	0,
					"snd_cwnd":	732688,
					"snd_wnd":	1428224,
					"rtt":	219382,
					"rttvar":	2235,
					"pmtu":	1500,
					"omitted":	false,
					"sender":	true
				}],
			"sum":	{
				"start":	10.00017,
				"end":	11.00028,
				"seconds":	1.0001100301742554,
				"bytes":	2621440,
				"bits_per_second":	20969212.7538667,
				"retransmits":	0,
				"omitted":	false,
				"sender":	true
			}
		}, {
			"streams":	[{
					"socket":	5,
					"start":	11.00028,
					"end":	12.000167,
					"seconds":	0.999886989593506,
					"bytes":	2621440,
					"bits_per_second":	20973890.267864935,
					"retransmits":	0,
					"snd_cwnd":	755856,
					"snd_wnd":	1428224,
					"rtt":	196691,
					"rttvar":	11697,
					"pmtu":	1500,
					"omitted":	false,
					"sender":	true
				}],
			"sum":	{
				"start":	11.00028,
				"end":	12.000167,
				"seconds":	0.999886989593506,
				"bytes":	2621440,
				"bits_per_second":	20973890.267864935,
				"retransmits":	0,
				"omitted":	false,