{
	"start":	{
		"connected":	[{
				"socket":	5,
				"local_host":	"129.93.240.11",
				"local_port":	44604,
				"remote_host":	"10.53.1.2",
				"remote_port":	55001
			}],
		"version":	"iperf 3.12",
		"system_info":	"Linux rpi1 6.6.51+rpt-rpi-v8 #1 SMP PREEMPT Debian 1:6.6.51-1+rpt3 (2024-10-08) aarch64",
		"timestamp":	{
			"time":	"Thu, 15 May 2025 18:50:12 GMT",
			"timesecs":	1747335012
		},
		"connecting_to":	{
			"host":	"10.53.1.2",
			"port":	55001
		},
		"cookie":	"i6zs3rscso3mifmc2itlwcbggafz3vp37ygz",
		"tcp_mss_default":	1448,
		"target_bitrate":	0,
		"sock_bufsize":	0,
		"sndbuf_actual":	16384,
		"rcvbuf_actual":	131072,
		"test_start":	{
			"protocol":	"TCP",
			"num_streams":	1,
			"blksize":	131072,
			"omit":	0,
			"duration":	20,
			"bytes":	0,
			"blocks":	0,
			"reverse":	0,
			"tos":	0,
			"target_bitrate":	0
		}
	},
	"intervals":	[{
			"streams":	[{
					"socket":	5,
					"start":	0,
					"end":	1.000285,
					"seconds":	1.0002850294113159,
					"bytes":	3069760,
					"bits_per_second":	24551082.219487812,
					"retransmits":	0,
					"snd_cwnd":	162176,
					"snd_wnd":	543488,
					"rtt":	25343,
					"rttvar":	2205,
					"pmtu":	1500,
					"omitted":	false,
					"sender":	true
				}],
			"sum":	{
				"start":	0,
				"end":	1.000285,
				"seconds":	1.0002850294113159,
				"bytes":	3069760,
				"bits_per_second":	24551082.219487812,
				"retransmits":	0,
				"omitted":	false,
				"sender":	true
			}
		}, {
			"streams":	[{
					"socket":	5,
					"start":	1.000285,
					"end":	2.000107,
					"seconds":	0.99982202053070068,
					"bytes":	6385680,
					"bits_per_second":	51094533.7780059,
					"retransmits":	0,
					"snd_cwnd":	399648,
					"snd_wnd":	1067520,
					"rtt":	64482,
					"rttvar":	3099,
					"pmtu":	1500,
					"omitted":	false,
					"sender":	true
				}],
			"sum":	{
				"start":	1.000285,
				"end":	2.000107,
				"seconds":	0.99982202053070068,
				"bytes":	6385680,
				"bits_per_second":	51094533.7780059,
				"retransmits":	0,
				"omitted":	false,
				"sender":	true
			}
		}, {
			"streams":	[{
					"socket":	5,
					"start":	2.000107,
					"end":	3.000119,
					"seconds":	1.0000120401382446,
					"bytes":	6535344,
					"bits_per_second":	52282122.516017184,
					"retransmits":	0,
					"snd_cwnd":	676216,
					"snd_wnd":	1255680,
					"rtt":	77343,
					"rttvar":	2379,
					"pmtu":	1500,
					"omitted":	false,
					"sender":	true
				}],
			"sum":	{
				"start":	2.000107,
				"end":	3.000119,
				"seconds":	1.0000120401382446,
				"bytes":	6535344,
				"bits_per_second":	52282122.516017184,
				"retransmits":	0,
				"omitted":	false,
				"sender":	true
			}
		}, {
			"streams":	[{
					"socket":	5,
					"start":	3.000119,
					"end":	4.000185,
					"seconds":	1.0000660419464111,
					"bytes":	6553600,
					"bits_per_second":	52425337.728655137,
					"retransmits":	0,
					"snd_cwnd":	725448,
					"snd_wnd":	1255680,
					"rtt":	88008,
					"rttvar":	2085,
					"pmtu":	1500,
					"omitted":	false,
					"sender":	true
				}],
			"sum":	{
				"start":	3.000119,
				"end":	4.000185,
				"seconds":	1.0000660419464111,
				"bytes":	6553600,
				"bits_per_second":	52425337.728655137,
				"retransmits":	0,
				"omitted":	false,
				"sender":	true
			}
		}, {
			"streams":	[{
					"socket":	5,
					"start":	4.000185,
					"end":	5.000175,
					"seconds":	0.99998998641967773,
					"bytes":	6553600,
					"bits_per_second":	52429325.005257182,
					"retransmits":	0,
					"snd_cwnd":	725448,
					"snd_wnd":	1274240,
					"rtt":	84688,
					"rttvar":	2650,
					"pmtu":	1500,
					"omitted":	false,
					"sender":	true
				}],
			"sum":	{
				"start":	4.000185,
				"end":	5.000175,
				"seconds":	0.99998998641967773,
				"bytes":	6553600,
				"bits_per_second":	52429325.005257182,
				"retransmits":	0,
				"omitted":	false,
				"sender":	true
			}
		}, {
			"streams":	[{
					"socket":	5,
					"start":	5.000175,
					"end":	6.000192,
					"seconds":	1.0000170469284058,
					"bytes":	6553600,
					"bits_per_second":	52427906.265235431,
					"retransmits":	0,
					"snd_cwnd":	725448,
					"snd_wnd":	1274240,
					"rtt":	88520,
					"rttvar":	407,
					"pmtu":	1500,
					"omitted":	false,
					"sender":	true
				}],
			"sum":	{
				"start":	5.000175,
				"end":	6.000192,
				"seconds":	1.0000170469284058,
				"bytes":	6553600,
				"bits_per_second":	52427906.265235431,
				"retransmits":	0,
				"omitted":	false,
				"sender":	true
			}
		}, {
			"streams":	[{
					"socket":	5,
					"start":	6.000192,
					"end":	7.000103,
					"seconds":	0.99991101026535034,
					"bytes":	7864320,
					"bits_per_second":	62920159.248275615,
					"retransmits":	0,
					"snd_cwnd":	725448,
					"snd_wnd":	1274240,
					"rtt":	65815,
					"rttvar":	4883,
					"pmtu":	1500,
					"omitted":	false,
					"sender":	true
				}],
			"sum":	{
				"start":	6.000192,
				"end":	7.000103,
				"seconds":	0.99991101026535034,
				"bytes":	7864320,
				"bits_per_second":	62920159.248275615,
				"retransmits":	0,
				"omitted":	false,
				"sender":	true
			}
		}, {
			"streams":	[{
					"socket":	5,
					"start":	7.000103,
					"end":	8.000157,
					"seconds":	1.0000540018081665,
					"bytes":	6553600,
					"bits_per_second":	52425968.902884364,
					"retransmits":	0,
					"snd_cwnd":	725448,
					"snd_wnd":	1274240,
					"rtt":	75307,
					"rttvar":	2107,
					"pmtu":	1500,
					"omitted":	false,
					"sender":	true
				}],
			"sum":	{
				"start":	7.000103,
				"end":	8.000157,
				"seconds":	1.0000540018081665,
				"bytes":	6553600,
				"bits_per_second":	52425968.902884364,
				"retransmits":	0,
				"omitted":	false,
				"sender":	true
			}
		}, {
			"streams":	[{
					"socket":	5,
					"start":	8.000157,
					"end":	9.000203,
					"seconds":	1.0000460147857666,
					"bytes":	6553600,
					"bits_per_second":	52426387.61100556,
					"retransmits":	0,
					"snd_cwnd":	725448,
					"snd_wnd":	1274240,
					"rtt":	82465,
					"rttvar":	2171,
					"pmtu":	1500,
					"omitted":	false,
					"sender":	true
				}],
			"sum":	{
				"start":	8.000157,
				"end":	9.000203,
				"seconds":	1.0000460147857666,
				"bytes":	6553600,
				"bits_per_second":	52426387.61100556,
				"retransmits":	0,
				"omitted":	false,
				"sender":	true
			}
		}, {
			"streams":	[{
					"socket":	5,
					"start":	9.000203,
					"end":	10.000238,
					"seconds":	1.0000350475311279,
					"bytes":	6553600,
					"bits_per_second":	52426962.564397581,
					"retransmits":	0,
					"snd_cwnd":	725448,
					"snd_wnd":	1274240,
					"rtt":	99632,
					"rttvar":	2360,
					"pmtu":	1500,
					"omitted":	false,
					"sender":	true
				}],
			"sum":	{
				"start":	9.000203,
				"end":	10.000238,
				"seconds":	1.0000350475311279,
				"bytes":	6553600,
				"bits_per_second":	52426962.564397581,
				"retransmits":	0,
				"omitted":	false,
				"sender":	true
			}
		}, {
			"streams":	[{
					"socket":	5,
					"start":	10.000238,
					"end":	11.000178,
					"seconds":	0.99993997812271118,
					"bytes":	6553600,
					"bits_per_second":	52431947.063892685,
					"retransmits":	0,
					"snd_cwnd":	764544,
					"snd_wnd":	2505728,
					"rtt":	90367,
					"rttvar":	754,
					"pmtu":	1500,
					"omitted":	false,
					"sender":	true
				}],
			"sum":	{
				"start":	10.000238,
				"end":	11.000178,
				"seconds":	0.99993997812271118,
				"bytes":	6553600,
				"bits_per_second":	52431947.063892685,
				"retransmits":	0,
				"omitted":	false,
				"sender":	true
			}
		}, {
			"streams":	[{
					"socket":	5,
					"start":	11.000178,
					"end":	12.000126,
					"seconds":	0.999948024749756,
					"bytes":	6553600,
					"bits_per_second":	52431525.141639918,
					"retransmits":	0,
					"snd_cwnd":	764544,
					"snd_wnd":	2505728,
					"rtt":	59551,
					"rttvar":	5246,
					"pmtu":	1500,
					"omitted":	false,
					"sender":	true
				}],
			"sum":	{
				"start":	11.000178,
				"end":	12.000126,
				"seconds":	0.999948024749756,
				"bytes":	6553600,
				"bits_per_second":	52431525.141639918,
				"retransmits":	0,