{
	"start":	{
		"connected":	[{
				"socket":	5,
				"local_host":	"129.93.240.11",
				"local_port":	46594,
				"remote_host":	"10.53.1.2",
				"remote_port":	55001
			}],
		"version":	"iperf 3.12",
		"system_info":	"Linux rpi1 6.6.51+rpt-rpi-v8 #1 SMP PREEMPT Debian 1:6.6.51-1+rpt3 (2024-10-08) aarch64",
		"timestamp":	{
			"time":	"Wed, 14 May 2025 04:15:03 GMT",
			"timesecs":	1747196103
		},
		"connecting_to":	{
			"host":	"10.53.1.2",
			"port":	55001
		},
		"cookie":	"vbsttn6lztium2y26o27g7nsdyaply3pd3f5",
		"tcp_mss_default":	1448,
		"target_bitrate":	0,
		"sock_bufsize":	0,
		"sndbuf_actual":	16384,
		"rcvbuf_actual":	131072,
		"test_start":	{
			"protocol":	"TCP",
			"num_streams":	1,
			"blksize":	131072,
			"omit":	0,
			"duration":	20,
			"bytes":	0,
			"blocks":	0,
			"reverse":	0,
			"tos":	0,
			"target_bitrate":	0
		}
	},
	"intervals":	[{
			"streams":	[{
					"socket":	5,
					"start":	0,
					"end":	1.000083,
					"seconds":	1.0000829696655273,
					"bytes":	6327760,
					"bits_per_second":	50617880.251405835,
					"retransmits":	0,
					"snd_cwnd":	346072,
					"snd_wnd":	3930752,
					"rtt":	48588,
					"rttvar":	962,
					"pmtu":	1500,
					"omitted":	false,
					"sender":	true
				}],
			"sum":	{
				"start":	0,
				"end":	1.000083,
				"seconds":	1.0000829696655273,
				"bytes":	6327760,
				"bits_per_second":	50617880.251405835,
				"retransmits":	0,
				"omitted":	false,
				"sender":	true
			}
		}, {
			"streams":	[{
					"socket":	5,
					"start":	1.000083,
					"end":	2.000154,
					"seconds":	1.0000710487365723,
					"bytes":	8090160,
					"bits_per_second":	64716681.961511485,
					"retransmits":	0,
					"snd_cwnd":	696488,
					"snd_wnd":	3930752,
					"rtt":	71237,
					"rttvar":	122,
					"pmtu":	1500,
					"omitted":	false,
					"sender":	true
				}],
			"sum":	{
				"start":	1.000083,
				"end":	2.000154,
				"seconds":	1.0000710487365723,
				"bytes":	8090160,
				"bits_per_second":	64716681.961511485,
				"retransmits":	0,
				"omitted":	false,
				"sender":	true
			}
		}, {
			"streams":	[{
					"socket":	5,
					"start":	2.000154,
					"end":	3.000109,
					"seconds":	0.99995499849319458,
					"bytes":	9175040,
					"bits_per_second":	73403623.2736523,
					"retransmits":	0,
					"snd_cwnd":	786264,
					"snd_wnd":	3930752,
					"rtt":	66009,
					"rttvar":	1163,
					"pmtu":	1500,
					"omitted":	false,
					"sender":	true
				}],
			"sum":	{
				"start":	2.000154,
				"end":	3.000109,
				"seconds":	0.99995499849319458,
				"bytes":	9175040,
				"bits_per_second":	73403623.2736523,
				"retransmits":	0,
				"omitted":	false,
				"sender":	true
			}
		}, {
			"streams":	[{
					"socket":	5,
					"start":	3.000109,
					"end":	4.000085,
					"seconds":	0.99997597932815552,
					"bytes":	10485760,
					"bits_per_second":	83888095.0484028,
					"retransmits":	0,
					"snd_cwnd":	836944,
					"snd_wnd":	3930752,
					"rtt":	48215,
					"rttvar":	6407,
					"pmtu":	1500,
					"omitted":	false,
					"sender":	true
				}],
			"sum":	{
				"start":	3.000109,
				"end":	4.000085,
				"seconds":	0.99997597932815552,
				"bytes":	10485760,
				"bits_per_second":	83888095.0484028,
				"retransmits":	0,
				"omitted":	false,
				"sender":	true
			}
		}, {
			"streams":	[{
					"socket":	5,
					"start":	4.000085,
					"end":	5.000106,
					"seconds":	1.0000209808349609,
					"bytes":	9175040,
					"bits_per_second":	73398780.0323098,
					"retransmits":	0,
					"snd_cwnd":	836944,
					"snd_wnd":	3930752,
					"rtt":	52802,
					"rttvar":	949,
					"pmtu":	1500,
					"omitted":	false,
					"sender":	true
				}],
			"sum":	{
				"start":	4.000085,
				"end":	5.000106,
				"seconds":	1.0000209808349609,
				"bytes":	9175040,
				"bits_per_second":	73398780.0323098,
				"retransmits":	0,
				"omitted":	false,
				"sender":	true
			}
		}, {
			"streams":	[{
					"socket":	5,
					"start":	5.000106,
					"end":	6.000092,
					"seconds":	0.99998599290847778,
					"bytes":	10485760,
					"bits_per_second":	83887255.016458556,
					"retransmits":	0,
					"snd_cwnd":	836944,
					"snd_wnd":	3930752,
					"rtt":	48358,
					"rttvar":	552,
					"pmtu":	1500,
					"omitted":	false,
					"sender":	true
				}],
			"sum":	{
				"start":	5.000106,
				"end":	6.000092,
				"seconds":	0.99998599290847778,
				"bytes":	10485760,
				"bits_per_second":	83887255.016458556,
				"retransmits":	0,
				"omitted":	false,
				"sender":	true
			}
		}, {
			"streams":	[{
					"socket":	5,
					"start":	6.000092,
					"end":	7.000119,
					"seconds":	1.0000269412994385,
					"bytes":	9175040,
					"bits_per_second":	73398342.553275,
					"retransmits":	0,
					"snd_cwnd":	836944,
					"snd_wnd":	3930752,
					"rtt":	55830,
					"rttvar":	85,
					"pmtu":	1500,
					"omitted":	false,
					"sender":	true
				}],
			"sum":	{
				"start":	6.000092,
				"end":	7.000119,
				"seconds":	1.0000269412994385,
				"bytes":	9175040,
				"bits_per_second":	73398342.553275,
				"retransmits":	0,
				"omitted":	false,
				"sender":	true
			}
		}, {
			"streams":	[{
					"socket":	5,
					"start":	7.000119,
					"end":	8.000091,
					"seconds":	0.99997198581695557,
					"bytes":	10485760,
					"bits_per_second":	83888430.0658352,
					"retransmits":	0,
					"snd_cwnd":	836944,
					"snd_wnd":	3930752,
					"rtt":	52729,
					"rttvar":	70,
					"pmtu":	1500,
					"omitted":	false,
					"sender":	true
				}],
			"sum":	{
				"start":	7.000119,
				"end":	8.000091,
				"seconds":	0.99997198581695557,
				"bytes":	10485760,
				"bits_per_second":	83888430.0658352,
				"retransmits":	0,
				"omitted":	false,
				"sender":	true
			}
		}, {
			"streams":	[{
					"socket":	5,
					"start":	8.000091,
					"end":	9.00014,
					"seconds":	1.0000489950180054,
					"bytes":	9175040,
					"bits_per_second":	73396723.9261897,
					"retransmits":	0,
					"snd_cwnd":	836944,
					"snd_wnd":	3930752,
					"rtt":	54532,
					"rttvar":	528,
					"pmtu":	1500,
					"omitted":	false,
					"sender":	true
				}],
			"sum":	{
				"start":	8.000091,
				"end":	9.00014,
				"seconds":	1.0000489950180054,
				"bytes":	9175040,
				"bits_per_second":	73396723.9261897,
				"retransmits":	0,
				"omitted":	false,
				"sender":	true
			}
		}, {
			"streams":	[{
					"socket":	5,
					"start":	9.00014,
					"end":	10.000118,
					"seconds":	0.999978005886078,
					"bytes":	10485760,
					"bits_per_second":	83887925.040580034,
					"retransmits":	0,
					"snd_cwnd":	836944,
					"snd_wnd":	3930752,
					"rtt":	44401,
					"rttvar":	4577,
					"pmtu":	1500,
					"omitted":	false,
					"sender":	true
				}],
			"sum":	{
				"start":	9.00014,
				"end":	10.000118,
				"seconds":	0.999978005886078,
				"bytes":	10485760,
				"bits_per_second":	83887925.040580034,
				"retransmits":	0,
				"omitted":	false,
				"sender":	true
			}
		}, {
			"streams":	[{
					"socket":	5,
					"start":	10.000118,
					"end":	11.000168,
					"seconds":	1.0000499486923218,
					"bytes":	9175040,
					"bits_per_second":	73396653.933115244,
					"retransmits":	0,
					"snd_cwnd":	836944,
					"snd_wnd":	3930752,
					"rtt":	61469,
					"rttvar":	719,
					"pmtu":	1500,
					"omitted":	false,
					"sender":	true
				}],
			"sum":	{
				"start":	10.000118,
				"end":	11.000168,
				"seconds":	1.0000499486923218,
				"bytes":	9175040,
				"bits_per_second":	73396653.933115244,
				"retransmits":	0,
				"omitted":	false,
				"sender":	true
			}
		}, {
			"streams":	[{
					"socket":	5,
					"start":	11.000168,
					"end":	12.000108,
					"seconds":	0.99993997812271118,
					"bytes":	10485760,
					"bits_per_second":	83891115.3022283,
					"retransmits":	0,
					"snd_cwnd":	967264,
					"snd_wnd":	3930752,
					"rtt":	48164,
					"rttvar":	1602,
					"pmtu":	1500,
					"omitted":	false,
					"sender":	true
				}],
			"sum":	{
				"start":	11.000168,
				"end":	12.000108,
				"seconds":	0.99993997812271118,
				"bytes":	10485760,
				"bits_per_second":	83891115.3022283,
				"retransmits":	0,
				"omitted":	false,