{
	"start":	{
		"connected":	[{
				"socket":	5,
				"local_host":	"129.93.240.11",
				"local_port":	48688,
				"remote_host":	"10.53.1.3",
				"remote_port":	55000
			}],
		"version":	"iperf 3.12",
		"system_info":	"Linux rpi1 6.6.51+rpt-rpi-v8 #1 SMP PREEMPT Debian 1:6.6.51-1+rpt3 (2024-10-08) aarch64",
		"timestamp":	{
			"time":	"Tue, 13 May 2025 23:35:48 GMT",
			"timesecs":	1747179348
		},
		"connecting_to":	{
			"host":	"10.53.1.3",
			"port":	55000
		},
		"cookie":	"4rdtn7s7p6s4emyjzi5gcvop5vdx22paj44j",
		"tcp_mss_default":	1448,
		"target_bitrate":	0,
		"sock_bufsize":	0,
		"sndbuf_actual":	16384,
		"rcvbuf_actual":	131072,
		"test_start":	{
			"protocol":	"TCP",
			"num_streams":	1,
			"blksize":	131072,
			"omit":	0,
			"duration":	10,
			"bytes":	0,
			"blocks":	0,
			"reverse":	0,
			"tos":	0,
			"target_bitrate":	0
		}
	},
	"intervals":	[{
			"streams":	[{
					"socket":	5,
					"start":	0,
					"end":	1.000175,
					"seconds":	1.0001749992370605,
					"bytes":	1249624,
					"bits_per_second":	9995242.84012874,
					"retransmits":	0,
					"snd_cwnd":	97016,
					"snd_wnd":	290560,
					"rtt":	111934,
					"rttvar":	1468,
					"pmtu":	1500,
					"omitted":	false,
					"sender":	true
				}],
			"sum":	{
				"start":	0,
				"end":	1.000175,
				"seconds":	1.0001749992370605,
				"bytes":	1249624,
				"bits_per_second":	9995242.84012874,
				"retransmits":	0,
				"omitted":	false,
				"sender":	true
			}
		}, {
			"streams":	[{
					"socket":	5,
					"start":	1.000175,
					"end":	2.000222,
					"seconds":	1.000046968460083,
					"bytes":	1107720,
					"bits_per_second":	8861343.79632762,
					"retransmits":	0,
					"snd_cwnd":	141904,
					"snd_wnd":	328064,
					"rtt":	129864,
					"rttvar":	3494,
					"pmtu":	1500,
					"omitted":	false,
					"sender":	true
				}],
			"sum":	{
				"start":	1.000175,
				"end":	2.000222,
				"seconds":	1.000046968460083,
				"bytes":	1107720,
				"bits_per_second":	8861343.79632762,
				"retransmits":	0,
				"omitted":	false,
				"sender":	true
			}
		}, {
			"streams":	[{
					"socket":	5,
					"start":	2.000222,
					"end":	3.000356,
					"seconds":	1.0001339912414551,
					"bytes":	1042560,
					"bits_per_second":	8339362.59845249,
					"retransmits":	0,
					"snd_cwnd":	188240,
					"snd_wnd":	462848,
					"rtt":	169502,
					"rttvar":	1866,
					"pmtu":	1500,
					"omitted":	false,
					"sender":	true
				}],
			"sum":	{
				"start":	2.000222,
				"end":	3.000356,
				"seconds":	1.0001339912414551,
				"bytes":	1042560,
				"bits_per_second":	8339362.59845249,
				"retransmits":	0,
				"omitted":	false,
				"sender":	true
			}
		}, {
			"streams":	[{
					"socket":	5,
					"start":	3.000356,
					"end":	4.000272,
					"seconds":	0.99991601705551147,
					"bytes":	1433520,
					"bits_per_second":	11469123.21073794,
					"retransmits":	0,
					"snd_cwnd":	243264,
					"snd_wnd":	527360,
					"rtt":	191780,
					"rttvar":	2380,
					"pmtu":	1500,
					"omitted":	false,
					"sender":	true
				}],
			"sum":	{
				"start":	3.000356,
				"end":	4.000272,
				"seconds":	0.99991601705551147,
				"bytes":	1433520,
				"bits_per_second":	11469123.21073794,
				"retransmits":	0,
				"omitted":	false,
				"sender":	true
			}
		}, {
			"streams":	[{
					"socket":	5,
					"start":	4.000272,
					"end":	5.00014,
					"seconds":	0.99986797571182251,
					"bytes":	1759320,
					"bits_per_second":	14076418.429123193,
					"retransmits":	0,
					"snd_cwnd":	304080,
					"snd_wnd":	765824,
					"rtt":	214798,
					"rttvar":	2613,
					"pmtu":	1500,
					"omitted":	false,
					"sender":	true
				}],
			"sum":	{
				"start":	4.000272,
				"end":	5.00014,
				"seconds":	0.99986797571182251,
				"bytes":	1759320,
				"bits_per_second":	14076418.429123193,
				"retransmits":	0,
				"omitted":	false,
				"sender":	true
			}
		}, {
			"streams":	[{
					"socket":	5,
					"start":	5.00014,
					"end":	6.000295,
					"seconds":	1.000154972076416,
					"bytes":	1368360,
					"bits_per_second":	10945183.802139428,
					"retransmits":	0,
					"snd_cwnd":	367792,
					"snd_wnd":	882048,
					"rtt":	284769,
					"rttvar":	3263,
					"pmtu":	1500,
					"omitted":	false,
					"sender":	true
				}],
			"sum":	{
				"start":	5.00014,
				"end":	6.000295,
				"seconds":	1.000154972076416,
				"bytes":	1368360,
				"bits_per_second":	10945183.802139428,
				"retransmits":	0,
				"omitted":	false,
				"sender":	true
			}
		}, {
			"streams":	[{
					"socket":	5,
					"start":	6.000295,
					"end":	7.000245,
					"seconds":	0.99994999170303345,
					"bytes":	1629000,
					"bits_per_second":	13032651.740718512,
					"retransmits":	0,
					"snd_cwnd":	427160,
					"snd_wnd":	994944,
					"rtt":	330000,
					"rttvar":	4430,
					"pmtu":	1500,
					"omitted":	false,
					"sender":	true
				}],
			"sum":	{
				"start":	6.000295,
				"end":	7.000245,
				"seconds":	0.99994999170303345,
				"bytes":	1629000,
				"bits_per_second":	13032651.740718512,
				"retransmits":	0,
				"omitted":	false,
				"sender":	true
			}
		}, {
			"streams":	[{
					"socket":	5,
					"start":	7.000245,
					"end":	8.000101,
					"seconds":	0.99985599517822266,
					"bytes":	1954800,
					"bits_per_second":	15640652.32935117,
					"retransmits":	0,
					"snd_cwnd":	493768,
					"snd_wnd":	994944,
					"rtt":	359499,
					"rttvar":	2515,
					"pmtu":	1500,
					"omitted":	false,
					"sender":	true
				}],
			"sum":	{
				"start":	7.000245,
				"end":	8.000101,
				"seconds":	0.99985599517822266,
				"bytes":	1954800,
				"bits_per_second":	15640652.32935117,
				"retransmits":	0,
				"omitted":	false,
				"sender":	true
			}
		}, {
			"streams":	[{
					"socket":	5,
					"start":	8.000101,
					"end":	9.000454,
					"seconds":	1.00035297870636,
					"bytes":	1107720,
					"bits_per_second":	8858633.09115137,
					"retransmits":	0,
					"snd_cwnd":	554584,
					"snd_wnd":	1150592,
					"rtt":	331938,
					"rttvar":	17186,
					"pmtu":	1500,
					"omitted":	false,
					"sender":	true
				}],
			"sum":	{
				"start":	8.000101,
				"end":	9.000454,
				"seconds":	1.00035297870636,
				"bytes":	1107720,
				"bits_per_second":	8858633.09115137,
				"retransmits":	0,
				"omitted":	false,
				"sender":	true
			}
		}, {
			"streams":	[{
					"socket":	5,
					"start":	9.000454,
					"end":	10.000674,
					"seconds":	1.0002199411392212,
					"bytes":	1172880,
					"bits_per_second":	9380976.7372893933,
					"retransmits":	0,
					"snd_cwnd":	571960,
					"snd_wnd":	1150592,
					"rtt":	315028,
					"rttvar":	15874,
					"pmtu":	1500,
					"omitted":	false,
					"sender":	true
				}],
			"sum":	{
				"start":	9.000454,
				"end":	10.000674,
				"seconds":	1.0002199411392212,
				"bytes":	1172880,
				"bits_per_second":	9380976.7372893933,
				"retransmits":	0,
				"omitted":	false,
				"sender":	true
			}
		}],
	"end":	{
		"streams":	[{
				"sender":	{
					"socket":	5,
					"start":	0,
					"end":	10.000674,
					"seconds":	10.000674,
					"bytes":	13825504,
					"bits_per_second":	11059657.779065691,
					"retransmits":	0,
					"max_snd_cwnd":	571960,
					"max_snd_wnd":	1150592,
					"max_rtt":	359499,
					"min_rtt":	111934,
					"mean_rtt":	243911,
					"sender":	true
				},
				"receiver":	{
					"socket":	5,
					"start":	0,
					"end":	10.320301,
					"seconds":	10.000674,
					"bytes":	11665408,
					"bits_per_second":	9042688.1929122,
					"sender":	true
				}
			}],
		"sum_sent":	{
			"start":	0,
			"end":	10.000674,
			"seconds":	10.000674,
			"bytes":	13825504,
			"bits_per_second":	11059657.779065691,
			"retransmits":	0,
			"sender":	true
		},
		"sum_received":	{
			"start":	0,
			"end":	10.320301,
			"seconds":	10.320301,
			"bytes":	11665408,
			"bits_per_second":	9042688.1929122,
			"sender":	true
		},
		"cpu_utilization_percent":	{
			"host_total":	0.42186742998536242,
			"host_user":	0,
			"host_system":	0.42190710901376582,
			"remote_total":	0.30158971938057688,
			"remote_user":	0.025086450874741,
			"remote_system":	0.27649357887629755
		},