{
	"start":	{
		"connected":	[{
				"socket":	5,
				"local_host":	"129.93.240.11",
				"local_port":	35136,
				"remote_host":	"10.53.1.3",
				"remote_port":	55000
			}],
		"version":	"iperf 3.12",
		"system_info":	"Linux rpi1 6.6.51+rpt-rpi-v8 #1 SMP PREEMPT Debian 1:6.6.51-1+rpt3 (2024-10-08) aarch64",
		"timestamp":	{
			"time":	"Tue, 13 May 2025 23:39:57 GMT",
			"timesecs":	1747179597
		},
		"connecting_to":	{
			"host":	"10.53.1.3",
			"port":	55000
		},
		"cookie":	"ujasw7rukgspocmhftoojd3h2pcssvxw3xxe",
		"tcp_mss_default":	1448,
		"target_bitrate":	0,
		"sock_bufsize":	0,
		"sndbuf_actual":	16384,
		"rcvbuf_actual":	131072,
		"test_start":	{
			"protocol":	"TCP",
			"num_streams":	1,
			"blksize":	131072,
			"omit":	0,
			"duration":	10,
			"bytes":	0,
			"blocks":	0,
			"reverse":	0,
			"tos":	0,
			"target_bitrate":	0
		}
	},
	"intervals":	[{
			"streams":	[{
					"socket":	5,
					"start":	0,
					"end":	1.000092,
					"seconds":	1.0000920295715332,
					"bytes":	2353000,
					"bits_per_second":	18822267.794759564,
					"retransmits":	0,
					"snd_cwnd":	136112,
					"snd_wnd":	301568,
					"rtt":	77109,
					"rttvar":	2350,
					"pmtu":	1500,
					"omitted":	false,
					"sender":	true
				}],
			"sum":	{
				"start":	0,
				"end":	1.000092,
				"seconds":	1.0000920295715332,
				"bytes":	2353000,
				"bits_per_second":	18822267.794759564,
				"retransmits":	0,
				"omitted":	false,
				"sender":	true
			}
		}, {
			"streams":	[{
					"socket":	5,
					"start":	1.000092,
					"end":	2.000165,
					"seconds":	1.0000729560852051,
					"bytes":	1889640,
					"bits_per_second":	15116017.194561591,
					"retransmits":	0,
					"snd_cwnd":	217200,
					"snd_wnd":	477568,
					"rtt":	126705,
					"rttvar":	2617,
					"pmtu":	1500,
					"omitted":	false,
					"sender":	true
				}],
			"sum":	{
				"start":	1.000092,
				"end":	2.000165,
				"seconds":	1.0000729560852051,
				"bytes":	1889640,
				"bits_per_second":	15116017.194561591,
				"retransmits":	0,
				"omitted":	false,
				"sender":	true
			}
		}, {
			"streams":	[{
					"socket":	5,
					"start":	2.000165,
					"end":	3.00013,
					"seconds":	0.999965012073517,
					"bytes":	2215440,
					"bits_per_second":	17724140.130911879,
					"retransmits":	0,
					"snd_cwnd":	299736,
					"snd_wnd":	622464,
					"rtt":	171681,
					"rttvar":	2624,
					"pmtu":	1500,
					"omitted":	false,
					"sender":	true
				}],
			"sum":	{
				"start":	2.000165,
				"end":	3.00013,
				"seconds":	0.999965012073517,
				"bytes":	2215440,
				"bits_per_second":	17724140.130911879,
				"retransmits":	0,
				"omitted":	false,
				"sender":	true
			}
		}, {
			"streams":	[{
					"socket":	5,
					"start":	3.00013,
					"end":	4.000101,
					"seconds":	0.99997097253799438,
					"bytes":	2215440,
					"bits_per_second":	17724034.483737562,
					"retransmits":	0,
					"snd_cwnd":	382272,
					"snd_wnd":	749824,
					"rtt":	218884,
					"rttvar":	2659,
					"pmtu":	1500,
					"omitted":	false,
					"sender":	true
				}],
			"sum":	{
				"start":	3.00013,
				"end":	4.000101,
				"seconds":	0.99997097253799438,
				"bytes":	2215440,
				"bits_per_second":	17724034.483737562,
				"retransmits":	0,
				"omitted":	false,
				"sender":	true
			}
		}, {
			"streams":	[{
					"socket":	5,
					"start":	4.000101,
					"end":	5.000201,
					"seconds":	1.0001000165939331,
					"bytes":	1759320,
					"bits_per_second":	14073152.451225927,
					"retransmits":	0,
					"snd_cwnd":	463360,
					"snd_wnd":	986240,
					"rtt":	267985,
					"rttvar":	2531,
					"pmtu":	1500,
					"omitted":	false,
					"sender":	true
				}],
			"sum":	{
				"start":	4.000101,
				"end":	5.000201,
				"seconds":	1.0001000165939331,
				"bytes":	1759320,
				"bits_per_second":	14073152.451225927,
				"retransmits":	0,
				"omitted":	false,
				"sender":	true
			}
		}, {
			"streams":	[{
					"socket":	5,
					"start":	5.000201,
					"end":	6.000259,
					"seconds":	1.0000580549240112,
					"bytes":	2085120,
					"bits_per_second":	16679991.644352579,
					"retransmits":	0,
					"snd_cwnd":	544448,
					"snd_wnd":	1052672,
					"rtt":	281061,
					"rttvar":	17300,
					"pmtu":	1500,
					"omitted":	false,
					"sender":	true
				}],
			"sum":	{
				"start":	5.000201,
				"end":	6.000259,
				"seconds":	1.0000580549240112,
				"bytes":	2085120,
				"bits_per_second":	16679991.644352579,
				"retransmits":	0,
				"omitted":	false,
				"sender":	true
			}
		}, {
			"streams":	[{
					"socket":	5,
					"start":	6.000259,
					"end":	7.000662,
					"seconds":	1.0004030466079712,
					"bytes":	1172880,
					"bits_per_second":	9379259.7211840954,
					"retransmits":	0,
					"snd_cwnd":	598024,
					"snd_wnd":	1052672,
					"rtt":	308857,
					"rttvar":	11912,
					"pmtu":	1500,
					"omitted":	false,
					"sender":	true
				}],
			"sum":	{
				"start":	6.000259,
				"end":	7.000662,
				"seconds":	1.0004030466079712,
				"bytes":	1172880,
				"bits_per_second":	9379259.7211840954,
				"retransmits":	0,
				"omitted":	false,
				"sender":	true
			}
		}, {
			"streams":	[{
					"socket":	5,
					"start":	7.000662,
					"end":	8.000228,
					"seconds":	0.99956601858139038,
					"bytes":	2431016,
					"bits_per_second":	19456571.790626977,
					"retransmits":	0,
					"snd_cwnd":	598024,
					"snd_wnd":	1052672,
					"rtt":	275606,
					"rttvar":	12078,
					"pmtu":	1500,
					"omitted":	false,
					"sender":	true
				}],
			"sum":	{
				"start":	7.000662,
				"end":	8.000228,
				"seconds":	0.99956601858139038,
				"bytes":	2431016,
				"bits_per_second":	19456571.790626977,
				"retransmits":	0,
				"omitted":	false,
				"sender":	true
			}
		}, {
			"streams":	[{
					"socket":	5,
					"start":	8.000228,
					"end":	9.000466,
					"seconds":	1.0002379417419434,
					"bytes":	1217944,
					"bits_per_second":	9741234.15377677,
					"retransmits":	0,
					"snd_cwnd":	598024,
					"snd_wnd":	1052672,
					"rtt":	230870,
					"rttvar":	4672,
					"pmtu":	1500,
					"omitted":	false,
					"sender":	true
				}],
			"sum":	{
				"start":	8.000228,
				"end":	9.000466,
				"seconds":	1.0002379417419434,
				"bytes":	1217944,
				"bits_per_second":	9741234.15377677,
				"retransmits":	0,
				"omitted":	false,
				"sender":	true
			}
		}, {
			"streams":	[{
					"socket":	5,
					"start":	9.000466,
					"end":	10.000669,
					"seconds":	1.000203013420105,
					"bytes":	1238040,
					"bits_per_second":	9902309.69824122,
					"retransmits":	0,
					"snd_cwnd":	598024,
					"snd_wnd":	1052672,
					"rtt":	321890,
					"rttvar":	13149,
					"pmtu":	1500,
					"omitted":	false,
					"sender":	true
				}],
			"sum":	{
				"start":	9.000466,
				"end":	10.000669,
				"seconds":	1.000203013420105,
				"bytes":	1238040,
				"bits_per_second":	9902309.69824122,
				"retransmits":	0,
				"omitted":	false,
				"sender":	true
			}
		}],
	"end":	{
		"streams":	[{
				"sender":	{
					"socket":	5,
					"start":	0,
					"end":	10.000669,
					"seconds":	10.000669,
					"bytes":	18577840,
					"bits_per_second":	14861277.780516483,
					"retransmits":	0,
					"max_snd_cwnd":	598024,
					"max_snd_wnd":	1052672,
					"max_rtt":	321890,
					"min_rtt":	77109,
					"mean_rtt":	228064,
					"sender":	true
				},
				"receiver":	{
					"socket":	5,
					"start":	0,
					"end":	10.325631,
					"seconds":	10.000669,
					"bytes":	16515072,
					"bits_per_second":	12795399.719397295,
					"sender":	true
				}
			}],
		"sum_sent":	{
			"start":	0,
			"end":	10.000669,
			"seconds":	10.000669,
			"bytes":	18577840,
			"bits_per_second":	14861277.780516483,
			"retransmits":	0,
			"sender":	true
		},
		"sum_received":	{
			"start":	0,
			"end":	10.325631,
			"seconds":	10.325631,
			"bytes":	16515072,
			"bits_per_second":	12795399.719397295,
			"sender":	true
		},
		"cpu_utilization_percent":	{
			"host_total":	0.4417312197269575,
			"host_user":	0.019721560923849975,
			"host_system":	0.42200965880310759,
			"remote_total":	0.41323338539143623,
			"remote_user":	0.025209086272795434,