{
	"start":	{
		"connected":	[{
				"socket":	5,
				"local_host":	"129.93.240.11",
				"local_port":	46896,
				"remote_host":	"10.53.1.3",
				"remote_port":	55000
			}],
		"version":	"iperf 3.12",
		"system_info":	"Linux rpi1 6.6.51+rpt-rpi-v8 #1 SMP PREEMPT Debian 1:6.6.51-1+rpt3 (2024-10-08) aarch64",
		"timestamp":	{
			"time":	"Tue, 13 May 2025 23:53:42 GMT",
			"timesecs":	1747180422
		},
		"connecting_to":	{
			"host":	"10.53.1.3",
			"port":	55000
		},
		"cookie":	"l3562vj65ebrnz27qvejtlgebfecnhpnitq7",
		"tcp_mss_default":	1448,
		"target_bitrate":	0,
		"sock_bufsize":	0,
		"sndbuf_actual":	16384,
		"rcvbuf_actual":	131072,
		"test_start":	{
			"protocol":	"TCP",
			"num_streams":	1,
			"blksize":	131072,
			"omit":	0,
			"duration":	10,
			"bytes":	0,
			"blocks":	0,
			"reverse":	0,
			"tos":	0,
			"target_bitrate":	0
		}
	},
	"intervals":	[{
			"streams":	[{
					"socket":	5,
					"start":	0,
					"end":	1.000139,
					"seconds":	1.0001389980316162,
					"bytes":	1088896,
					"bits_per_second":	8709957.33307524,
					"retransmits":	0,
					"snd_cwnd":	78192,
					"snd_wnd":	596736,
					"rtt":	74621,
					"rttvar":	7751,
					"pmtu":	1500,
					"omitted":	false,
					"sender":	true
				}],
			"sum":	{
				"start":	0,
				"end":	1.000139,
				"seconds":	1.0001389980316162,
				"bytes":	1088896,
				"bits_per_second":	8709957.33307524,
				"retransmits":	0,
				"omitted":	false,
				"sender":	true
			}
		}, {
			"streams":	[{
					"socket":	5,
					"start":	1.000139,
					"end":	2.000097,
					"seconds":	0.99995797872543335,
					"bytes":	2801880,
					"bits_per_second":	22415981.948132124,
					"retransmits":	0,
					"snd_cwnd":	188240,
					"snd_wnd":	910208,
					"rtt":	37156,
					"rttvar":	3716,
					"pmtu":	1500,
					"omitted":	false,
					"sender":	true
				}],
			"sum":	{
				"start":	1.000139,
				"end":	2.000097,
				"seconds":	0.99995797872543335,
				"bytes":	2801880,
				"bits_per_second":	22415981.948132124,
				"retransmits":	0,
				"omitted":	false,
				"sender":	true
			}
		}, {
			"streams":	[{
					"socket":	5,
					"start":	2.000097,
					"end":	3.000098,
					"seconds":	1.0000009536743164,
					"bytes":	4235400,
					"bits_per_second":	33883167.686493218,
					"retransmits":	0,
					"snd_cwnd":	351864,
					"snd_wnd":	945024,
					"rtt":	95540,
					"rttvar":	2680,
					"pmtu":	1500,
					"omitted":	false,
					"sender":	true
				}],
			"sum":	{
				"start":	2.000097,
				"end":	3.000098,
				"seconds":	1.0000009536743164,
				"bytes":	4235400,
				"bits_per_second":	33883167.686493218,
				"retransmits":	0,
				"omitted":	false,
				"sender":	true
			}
		}, {
			"streams":	[{
					"socket":	5,
					"start":	3.000098,
					"end":	4.000104,
					"seconds":	1.0000059604644775,
					"bytes":	4821840,
					"bits_per_second":	38574490.078122154,
					"retransmits":	0,
					"snd_cwnd":	544448,
					"snd_wnd":	1111936,
					"rtt":	138990,
					"rttvar":	2958,
					"pmtu":	1500,
					"omitted":	false,
					"sender":	true
				}],
			"sum":	{
				"start":	3.000098,
				"end":	4.000104,
				"seconds":	1.0000059604644775,
				"bytes":	4821840,
				"bits_per_second":	38574490.078122154,
				"retransmits":	0,
				"omitted":	false,
				"sender":	true
			}
		}, {
			"streams":	[{
					"socket":	5,
					"start":	4.000104,
					"end":	5.00014,
					"seconds":	1.0000360012054443,
					"bytes":	3698128,
					"bits_per_second":	29583958.941816278,
					"retransmits":	0,
					"snd_cwnd":	667528,
					"snd_wnd":	1375872,
					"rtt":	108813,
					"rttvar":	13480,
					"pmtu":	1500,
					"omitted":	false,
					"sender":	true
				}],
			"sum":	{
				"start":	4.000104,
				"end":	5.00014,
				"seconds":	1.0000360012054443,
				"bytes":	3698128,
				"bits_per_second":	29583958.941816278,
				"retransmits":	0,
				"omitted":	false,
				"sender":	true
			}
		}, {
			"streams":	[{
					"socket":	5,
					"start":	5.00014,
					"end":	6.000106,
					"seconds":	0.999966025352478,
					"bytes":	3932160,
					"bits_per_second":	31458348.786311638,
					"retransmits":	0,
					"snd_cwnd":	684904,
					"snd_wnd":	1375872,
					"rtt":	110669,
					"rttvar":	1225,
					"pmtu":	1500,
					"omitted":	false,
					"sender":	true
				}],
			"sum":	{
				"start":	5.00014,
				"end":	6.000106,
				"seconds":	0.999966025352478,
				"bytes":	3932160,
				"bits_per_second":	31458348.786311638,
				"retransmits":	0,
				"omitted":	false,
				"sender":	true
			}
		}, {
			"streams":	[{
					"socket":	5,
					"start":	6.000106,
					"end":	7.000158,
					"seconds":	1.0000519752502441,
					"bytes":	3932160,
					"bits_per_second":	31455645.084975116,
					"retransmits":	0,
					"snd_cwnd":	684904,
					"snd_wnd":	1375872,
					"rtt":	123687,
					"rttvar":	2132,
					"pmtu":	1500,
					"omitted":	false,
					"sender":	true
				}],
			"sum":	{
				"start":	6.000106,
				"end":	7.000158,
				"seconds":	1.0000519752502441,
				"bytes":	3932160,
				"bits_per_second":	31455645.084975116,
				"retransmits":	0,
				"omitted":	false,
				"sender":	true
			}
		}, {
			"streams":	[{
					"socket":	5,
					"start":	7.000158,
					"end":	8.000107,
					"seconds":	0.99994897842407227,
					"bytes":	3932160,
					"bits_per_second":	31458885.081893809,
					"retransmits":	0,
					"snd_cwnd":	684904,
					"snd_wnd":	1375872,
					"rtt":	113519,
					"rttvar":	2751,
					"pmtu":	1500,
					"omitted":	false,
					"sender":	true
				}],
			"sum":	{
				"start":	7.000158,
				"end":	8.000107,
				"seconds":	0.99994897842407227,
				"bytes":	3932160,
				"bits_per_second":	31458885.081893809,
				"retransmits":	0,
				"omitted":	false,
				"sender":	true
			}
		}, {
			"streams":	[{
					"socket":	5,
					"start":	8.000107,
					"end":	9.000095,
					"seconds":	0.9999880194664,
					"bytes":	3932160,
					"bits_per_second":	31457656.879515219,
					"retransmits":	0,
					"snd_cwnd":	684904,
					"snd_wnd":	1375872,
					"rtt":	128486,
					"rttvar":	312,
					"pmtu":	1500,
					"omitted":	false,
					"sender":	true
				}],
			"sum":	{
				"start":	8.000107,
				"end":	9.000095,
				"seconds":	0.9999880194664,
				"bytes":	3932160,
				"bits_per_second":	31457656.879515219,
				"retransmits":	0,
				"omitted":	false,
				"sender":	true
			}
		}, {
			"streams":	[{
					"socket":	5,
					"start":	9.000095,
					"end":	10.000124,
					"seconds":	1.0000289678573608,
					"bytes":	3932160,
					"bits_per_second":	31456368.7763962,
					"retransmits":	0,
					"snd_cwnd":	684904,
					"snd_wnd":	1375872,
					"rtt":	136611,
					"rttvar":	1000,
					"pmtu":	1500,
					"omitted":	false,
					"sender":	true
				}],
			"sum":	{
				"start":	9.000095,
				"end":	10.000124,
				"seconds":	1.0000289678573608,
				"bytes":	3932160,
				"bits_per_second":	31456368.7763962,
				"retransmits":	0,
				"omitted":	false,
				"sender":	true
			}
		}],
	"end":	{
		"streams":	[{
				"sender":	{
					"socket":	5,
					"start":	0,
					"end":	10.000124,
					"seconds":	10.000124,
					"bytes":	36306944,
					"bits_per_second":	29045195.039581511,
					"retransmits":	0,
					"max_snd_cwnd":	684904,
					"max_snd_wnd":	1375872,
					"max_rtt":	138990,
					"min_rtt":	37156,
					"mean_rtt":	106809,
					"sender":	true
				},
				"receiver":	{
					"socket":	5,
					"start":	0,
					"end":	10.106595,
					"seconds":	10.000124,
					"bytes":	32768000,
					"bits_per_second":	25937914.797219042,
					"sender":	true
				}
			}],
		"sum_sent":	{
			"start":	0,
			"end":	10.000124,
			"seconds":	10.000124,
			"bytes":	36306944,
			"bits_per_second":	29045195.039581511,
			"retransmits":	0,
			"sender":	true
		},
		"sum_received":	{
			"start":	0,
			"end":	10.106595,
			"seconds":	10.106595,
			"bytes":	32768000,
			"bits_per_second":	25937914.797219042,
			"sender":	true
		},
		"cpu_utilization_percent":	{
			"host_total":	0.66355878935639323,
			"host_user":	0.055147759090303033,
			"host_system":	0.60839118937417069,
			"remote_total":	0.97633162148285779,
			"remote_user":	0.064700250044352176,