{
	"start":	{
		"connected":	[{
				"socket":	5,
				"local_host":	"129.93.240.11",
				"local_port":	60898,
				"remote_host":	"10.53.1.3",
				"remote_port":	55000
			}],
		"version":	"iperf 3.12",
		"system_info":	"Linux rpi1 6.6.51+rpt-rpi-v8 #1 SMP PREEMPT Debian 1:6.6.51-1+rpt3 (2024-10-08) aarch64",
		"timestamp":	{
			"time":	"Tue, 13 May 2025 23:54:10 GMT",
			"timesecs":	1747180450
		},
		"connecting_to":	{
			"host":	"10.53.1.3",
			"port":	55000
		},
		"cookie":	"s6g5pwpypurhhb6keys6emw72zyz5wesvmiq",
		"tcp_mss_default":	1448,
		"target_bitrate":	0,
		"sock_bufsize":	0,
		"sndbuf_actual":	16384,
		"rcvbuf_actual":	131072,
		"test_start":	{
			"protocol":	"TCP",
			"num_streams":	1,
			"blksize":	131072,
			"omit":	0,
			"duration":	10,
			"bytes":	0,
			"blocks":	0,
			"reverse":	0,
			"tos":	0,
			"target_bitrate":	0
		}
	},
	"intervals":	[{
			"streams":	[{
					"socket":	5,
					"start":	0,
					"end":	1.000097,
					"seconds":	1.0000970363616943,
					"bytes":	2287840,
					"bits_per_second":	18300944.1429648,
					"retransmits":	0,
					"snd_cwnd":	128872,
					"snd_wnd":	1060096,
					"rtt":	62826,
					"rttvar":	4032,
					"pmtu":	1500,
					"omitted":	false,
					"sender":	true
				}],
			"sum":	{
				"start":	0,
				"end":	1.000097,
				"seconds":	1.0000970363616943,
				"bytes":	2287840,
				"bits_per_second":	18300944.1429648,
				"retransmits":	0,
				"omitted":	false,
				"sender":	true
			}
		}, {
			"streams":	[{
					"socket":	5,
					"start":	1.000097,
					"end":	2.000092,
					"seconds":	0.999994993209839,
					"bytes":	4691520,
					"bits_per_second":	37532347.916590273,
					"retransmits":	0,
					"snd_cwnd":	317112,
					"snd_wnd":	1060096,
					"rtt":	74641,
					"rttvar":	2552,
					"pmtu":	1500,
					"omitted":	false,
					"sender":	true
				}],
			"sum":	{
				"start":	1.000097,
				"end":	2.000092,
				"seconds":	0.999994993209839,
				"bytes":	4691520,
				"bits_per_second":	37532347.916590273,
				"retransmits":	0,
				"omitted":	false,
				"sender":	true
			}
		}, {
			"streams":	[{
					"socket":	5,
					"start":	2.000092,
					"end":	3.000253,
					"seconds":	1.0001610517501831,
					"bytes":	4235400,
					"bits_per_second":	33877743.9300478,
					"retransmits":	0,
					"snd_cwnd":	506800,
					"snd_wnd":	1947776,
					"rtt":	120295,
					"rttvar":	2789,
					"pmtu":	1500,
					"omitted":	false,
					"sender":	true
				}],
			"sum":	{
				"start":	2.000092,
				"end":	3.000253,
				"seconds":	1.0001610517501831,
				"bytes":	4235400,
				"bits_per_second":	33877743.9300478,
				"retransmits":	0,
				"omitted":	false,
				"sender":	true
			}
		}, {
			"streams":	[{
					"socket":	5,
					"start":	3.000253,
					"end":	4.000192,
					"seconds":	0.99993902444839478,
					"bytes":	4776024,
					"bits_per_second":	38210521.907650441,
					"retransmits":	0,
					"snd_cwnd":	637120,
					"snd_wnd":	1947776,
					"rtt":	150742,
					"rttvar":	10780,
					"pmtu":	1500,
					"omitted":	false,
					"sender":	true
				}],
			"sum":	{
				"start":	3.000253,
				"end":	4.000192,
				"seconds":	0.99993902444839478,
				"bytes":	4776024,
				"bits_per_second":	38210521.907650441,
				"retransmits":	0,
				"omitted":	false,
				"sender":	true
			}
		}, {
			"streams":	[{
					"socket":	5,
					"start":	4.000192,
					"end":	5.00022,
					"seconds":	1.0000280141830444,
					"bytes":	3932160,
					"bits_per_second":	31456398.774686806,
					"retransmits":	0,
					"snd_cwnd":	699384,
					"snd_wnd":	1947776,
					"rtt":	99693,
					"rttvar":	2025,
					"pmtu":	1500,
					"omitted":	false,
					"sender":	true
				}],
			"sum":	{
				"start":	4.000192,
				"end":	5.00022,
				"seconds":	1.0000280141830444,
				"bytes":	3932160,
				"bits_per_second":	31456398.774686806,
				"retransmits":	0,
				"omitted":	false,
				"sender":	true
			}
		}, {
			"streams":	[{
					"socket":	5,
					"start":	5.00022,
					"end":	6.000184,
					"seconds":	0.99996399879455566,
					"bytes":	3932160,
					"bits_per_second":	31458412.540772833,
					"retransmits":	0,
					"snd_cwnd":	699384,
					"snd_wnd":	1947776,
					"rtt":	135938,
					"rttvar":	919,
					"pmtu":	1500,
					"omitted":	false,
					"sender":	true
				}],
			"sum":	{
				"start":	5.00022,
				"end":	6.000184,
				"seconds":	0.99996399879455566,
				"bytes":	3932160,
				"bits_per_second":	31458412.540772833,
				"retransmits":	0,
				"omitted":	false,
				"sender":	true
			}
		}, {
			"streams":	[{
					"socket":	5,
					"start":	6.000184,
					"end":	7.000129,
					"seconds":	0.99994498491287231,
					"bytes":	3932160,
					"bits_per_second":	31459010.720215723,
					"retransmits":	0,
					"snd_cwnd":	699384,
					"snd_wnd":	1947776,
					"rtt":	141881,
					"rttvar":	2682,
					"pmtu":	1500,
					"omitted":	false,
					"sender":	true
				}],
			"sum":	{
				"start":	6.000184,
				"end":	7.000129,
				"seconds":	0.99994498491287231,
				"bytes":	3932160,
				"bits_per_second":	31459010.720215723,
				"retransmits":	0,
				"omitted":	false,
				"sender":	true
			}
		}, {
			"streams":	[{
					"socket":	5,
					"start":	7.000129,
					"end":	8.000096,
					"seconds":	0.99996697902679443,
					"bytes":	3932160,
					"bits_per_second":	31458318.784301668,
					"retransmits":	0,
					"snd_cwnd":	699384,
					"snd_wnd":	1947776,
					"rtt":	141295,
					"rttvar":	2807,
					"pmtu":	1500,
					"omitted":	false,
					"sender":	true
				}],
			"sum":	{
				"start":	7.000129,
				"end":	8.000096,
				"seconds":	0.99996697902679443,
				"bytes":	3932160,
				"bits_per_second":	31458318.784301668,
				"retransmits":	0,
				"omitted":	false,
				"sender":	true
			}
		}, {
			"streams":	[{
					"socket":	5,
					"start":	8.000096,
					"end":	9.000443,
					"seconds":	1.0003470182418823,
					"bytes":	2621440,
					"bits_per_second":	20964245.02454919,
					"retransmits":	0,
					"snd_cwnd":	699384,
					"snd_wnd":	1947776,
					"rtt":	114018,
					"rttvar":	5130,
					"pmtu":	1500,
					"omitted":	false,
					"sender":	true
				}],
			"sum":	{
				"start":	8.000096,
				"end":	9.000443,
				"seconds":	1.0003470182418823,
				"bytes":	2621440,
				"bits_per_second":	20964245.02454919,
				"retransmits":	0,
				"omitted":	false,
				"sender":	true
			}
		}, {
			"streams":	[{
					"socket":	5,
					"start":	9.000443,
					"end":	10.000135,
					"seconds":	0.99969202280044556,
					"bytes":	5242880,
					"bits_per_second":	41955961.479521073,
					"retransmits":	0,
					"snd_cwnd":	699384,
					"snd_wnd":	1947776,
					"rtt":	95266,
					"rttvar":	3645,
					"pmtu":	1500,
					"omitted":	false,
					"sender":	true
				}],
			"sum":	{
				"start":	9.000443,
				"end":	10.000135,
				"seconds":	0.99969202280044556,
				"bytes":	5242880,
				"bits_per_second":	41955961.479521073,
				"retransmits":	0,
				"omitted":	false,
				"sender":	true
			}
		}],
	"end":	{
		"streams":	[{
				"sender":	{
					"socket":	5,
					"start":	0,
					"end":	10.000135,
					"seconds":	10.000135,
					"bytes":	39583744,
					"bits_per_second":	31666567.70133603,
					"retransmits":	0,
					"max_snd_cwnd":	699384,
					"max_snd_wnd":	1947776,
					"max_rtt":	150742,
					"min_rtt":	62826,
					"mean_rtt":	113659,
					"sender":	true
				},
				"receiver":	{
					"socket":	5,
					"start":	0,
					"end":	10.125015,
					"seconds":	10.000135,
					"bytes":	36044800,
					"bits_per_second":	28479799.78301267,
					"sender":	true
				}
			}],
		"sum_sent":	{
			"start":	0,
			"end":	10.000135,
			"seconds":	10.000135,
			"bytes":	39583744,
			"bits_per_second":	31666567.70133603,
			"retransmits":	0,
			"sender":	true
		},
		"sum_received":	{
			"start":	0,
			"end":	10.125015,
			"seconds":	10.125015,
			"bytes":	36044800,
			"bits_per_second":	28479799.78301267,
			"sender":	true
		},
		"cpu_utilization_percent":	{
			"host_total":	0.635216336555034,
			"host_user":	0,
			"host_system":	0.63523617807486266,
			"remote_total":	1.0560664239281952,
			"remote_user":	0.078538069926931547,