{
	"start":	{
		"connected":	[{
				"socket":	5,
				"local_host":	"129.93.240.11",
				"local_port":	37570,
				"remote_host":	"10.53.1.3",
				"remote_port":	55000
			}],
		"version":	"iperf 3.12",
		"system_info":	"Linux rpi1 6.6.51+rpt-rpi-v8 #1 SMP PREEMPT Debian 1:6.6.51-1+rpt3 (2024-10-08) aarch64",
		"timestamp":	{
			"time":	"Wed, 14 May 2025 00:03:50 GMT",
			"timesecs":	1747181030
		},
		"connecting_to":	{
			"host":	"10.53.1.3",
			"port":	55000
		},
		"cookie":	"3223daybt7mksle4foifuj5hihoqyssieorb",
		"tcp_mss_default":	1448,
		"target_bitrate":	0,
		"sock_bufsize":	0,
		"sndbuf_actual":	16384,
		"rcvbuf_actual":	131072,
		"test_start":	{
			"protocol":	"TCP",
			"num_streams":	1,
			"blksize":	131072,
			"omit":	0,
			"duration":	10,
			"bytes":	0,
			"blocks":	0,
			"reverse":	0,
			"tos":	0,
			"target_bitrate":	0
		}
	},
	"intervals":	[{
			"streams":	[{
					"socket":	5,
					"start":	0,
					"end":	1.0001,
					"seconds":	1.0001000165939331,
					"bytes":	2392096,
					"bits_per_second":	19134854.1970578,
					"retransmits":	0,
					"snd_cwnd":	139008,
					"snd_wnd":	1692160,
					"rtt":	32159,
					"rttvar":	2476,
					"pmtu":	1500,
					"omitted":	false,
					"sender":	true
				}],
			"sum":	{
				"start":	0,
				"end":	1.0001,
				"seconds":	1.0001000165939331,
				"bytes":	2392096,
				"bits_per_second":	19134854.1970578,
				"retransmits":	0,
				"omitted":	false,
				"sender":	true
			}
		}, {
			"streams":	[{
					"socket":	5,
					"start":	1.0001,
					"end":	2.000185,
					"seconds":	1.00008499622345,
					"bytes":	4756680,
					"bits_per_second":	38050205.876199037,
					"retransmits":	0,
					"snd_cwnd":	337384,
					"snd_wnd":	1692160,
					"rtt":	75415,
					"rttvar":	874,
					"pmtu":	1500,
					"omitted":	false,
					"sender":	true
				}],
			"sum":	{
				"start":	1.0001,
				"end":	2.000185,
				"seconds":	1.00008499622345,
				"bytes":	4756680,
				"bits_per_second":	38050205.876199037,
				"retransmits":	0,
				"omitted":	false,
				"sender":	true
			}
		}, {
			"streams":	[{
					"socket":	5,
					"start":	2.000185,
					"end":	3.000171,
					"seconds":	0.99998599290847778,
					"bytes":	5277960,
					"bits_per_second":	42224271.4392345,
					"retransmits":	0,
					"snd_cwnd":	545896,
					"snd_wnd":	1692160,
					"rtt":	109236,
					"rttvar":	2112,
					"pmtu":	1500,
					"omitted":	false,
					"sender":	true
				}],
			"sum":	{
				"start":	2.000185,
				"end":	3.000171,
				"seconds":	0.99998599290847778,
				"bytes":	5277960,
				"bits_per_second":	42224271.4392345,
				"retransmits":	0,
				"omitted":	false,
				"sender":	true
			}
		}, {
			"streams":	[{
					"socket":	5,
					"start":	3.000171,
					"end":	4.000284,
					"seconds":	1.0001130104064941,
					"bytes":	5005840,
					"bits_per_second":	40042194.815287,
					"retransmits":	0,
					"snd_cwnd":	671872,
					"snd_wnd":	1692160,
					"rtt":	91958,
					"rttvar":	3081,
					"pmtu":	1500,
					"omitted":	false,
					"sender":	true
				}],
			"sum":	{
				"start":	3.000171,
				"end":	4.000284,
				"seconds":	1.0001130104064941,
				"bytes":	5005840,
				"bits_per_second":	40042194.815287,
				"retransmits":	0,
				"omitted":	false,
				"sender":	true
			}
		}, {
			"streams":	[{
					"socket":	5,
					"start":	4.000284,
					"end":	5.000176,
					"seconds":	0.999891996383667,
					"bytes":	5242880,
					"bits_per_second":	41947570.489309229,
					"retransmits":	0,
					"snd_cwnd":	671872,
					"snd_wnd":	1692160,
					"rtt":	78664,
					"rttvar":	4187,
					"pmtu":	1500,
					"omitted":	false,
					"sender":	true
				}],
			"sum":	{
				"start":	4.000284,
				"end":	5.000176,
				"seconds":	0.999891996383667,
				"bytes":	5242880,
				"bits_per_second":	41947570.489309229,
				"retransmits":	0,
				"omitted":	false,
				"sender":	true
			}
		}, {
			"streams":	[{
					"socket":	5,
					"start":	5.000176,
					"end":	6.000109,
					"seconds":	0.99993300437927246,
					"bytes":	5242880,
					"bits_per_second":	41945850.1882703,
					"retransmits":	0,
					"snd_cwnd":	671872,
					"snd_wnd":	1692160,
					"rtt":	81292,
					"rttvar":	2250,
					"pmtu":	1500,
					"omitted":	false,
					"sender":	true
				}],
			"sum":	{
				"start":	5.000176,
				"end":	6.000109,
				"seconds":	0.99993300437927246,
				"bytes":	5242880,
				"bits_per_second":	41945850.1882703,
				"retransmits":	0,
				"omitted":	false,
				"sender":	true
			}
		}, {
			"streams":	[{
					"socket":	5,
					"start":	6.000109,
					"end":	7.000301,
					"seconds":	1.0001920461654663,
					"bytes":	3932160,
					"bits_per_second":	31451239.909976128,
					"retransmits":	0,
					"snd_cwnd":	671872,
					"snd_wnd":	1692160,
					"rtt":	89942,
					"rttvar":	2917,
					"pmtu":	1500,
					"omitted":	false,
					"sender":	true
				}],
			"sum":	{
				"start":	6.000109,
				"end":	7.000301,
				"seconds":	1.0001920461654663,
				"bytes":	3932160,
				"bits_per_second":	31451239.909976128,
				"retransmits":	0,
				"omitted":	false,
				"sender":	true
			}
		}, {
			"streams":	[{
					"socket":	5,
					"start":	7.000301,
					"end":	8.000235,
					"seconds":	0.99993401765823364,
					"bytes":	5242880,
					"bits_per_second":	41945807.682618178,
					"retransmits":	0,
					"snd_cwnd":	671872,
					"snd_wnd":	1692160,
					"rtt":	91649,
					"rttvar":	3174,
					"pmtu":	1500,
					"omitted":	false,
					"sender":	true
				}],
			"sum":	{
				"start":	7.000301,
				"end":	8.000235,
				"seconds":	0.99993401765823364,
				"bytes":	5242880,
				"bits_per_second":	41945807.682618178,
				"retransmits":	0,
				"omitted":	false,
				"sender":	true
			}
		}, {
			"streams":	[{
					"socket":	5,
					"start":	8.000235,
					"end":	9.000122,
					"seconds":	0.999886989593506,
					"bytes":	5242880,
					"bits_per_second":	41947780.53572987,
					"retransmits":	0,
					"snd_cwnd":	671872,
					"snd_wnd":	1692160,
					"rtt":	106096,
					"rttvar":	4449,
					"pmtu":	1500,
					"omitted":	false,
					"sender":	true
				}],
			"sum":	{
				"start":	8.000235,
				"end":	9.000122,
				"seconds":	0.999886989593506,
				"bytes":	5242880,
				"bits_per_second":	41947780.53572987,
				"retransmits":	0,
				"omitted":	false,
				"sender":	true
			}
		}, {
			"streams":	[{
					"socket":	5,
					"start":	9.000122,
					"end":	10.000328,
					"seconds":	1.0002059936523438,
					"bytes":	3932160,
					"bits_per_second":	31450801.334563956,
					"retransmits":	0,
					"snd_cwnd":	671872,
					"snd_wnd":	1692160,
					"rtt":	83920,
					"rttvar":	3238,
					"pmtu":	1500,
					"omitted":	false,
					"sender":	true
				}],
			"sum":	{
				"start":	9.000122,
				"end":	10.000328,
				"seconds":	1.0002059936523438,
				"bytes":	3932160,
				"bits_per_second":	31450801.334563956,
				"retransmits":	0,
				"omitted":	false,
				"sender":	true
			}
		}],
	"end":	{
		"streams":	[{
				"sender":	{
					"socket":	5,
					"start":	0,
					"end":	10.000328,
					"seconds":	10.000328,
					"bytes":	46268416,
					"bits_per_second":	37013518.756584786,
					"retransmits":	0,
					"max_snd_cwnd":	671872,
					"max_snd_wnd":	1692160,
					"max_rtt":	109236,
					"min_rtt":	32159,
					"mean_rtt":	84033,
					"sender":	true
				},
				"receiver":	{
					"socket":	5,
					"start":	0,
					"end":	10.090085,
					"seconds":	10.000328,
					"bytes":	43909120,
					"bits_per_second":	34813676.990828127,
					"sender":	true
				}
			}],
		"sum_sent":	{
			"start":	0,
			"end":	10.000328,
			"seconds":	10.000328,
			"bytes":	46268416,
			"bits_per_second":	37013518.756584786,
			"retransmits":	0,
			"sender":	true
		},
		"sum_received":	{
			"start":	0,
			"end":	10.090085,
			"seconds":	10.090085,
			"bytes":	43909120,
			"bits_per_second":	34813676.990828127,
			"sender":	true
		},
		"cpu_utilization_percent":	{
			"host_total":	0.7296726328767047,
			"host_user":	0.013759172616409346,
			"host_system":	0.715943220547137,
			"remote_total":	1.2768176604243016,
			"remote_user":	0.10762049005330579,