{
	"start":	{
		"connected":	[{
				"socket":	5,
				"local_host":	"129.93.240.30",
				"local_port":	35166,
				"remote_host":	"11.53.1.3",
				"remote_port":	55002
			}],
		"version":	"iperf 3.16",
		"system_info":	"Linux cse-ThinkPad-P14s-Gen-5 6.11.0-17-generic #17~24.04.2-Ubuntu SMP PREEMPT_DYNAMIC Mon Jan 20 22:48:29 UTC 2 x86_64",
		"timestamp":	{
			"time":	"Mon, 07 Jul 2025 19:44:15 GMT",
			"timesecs":	1751917455
		},
		"connecting_to":	{
			"host":	"11.53.1.3",
			"port":	55002
		},
		"cookie":	"eulddvksckezkm7v323526owrc2jsakzaje5",
		"tcp_mss_default":	1348,
		"target_bitrate":	0,
		"fq_rate":	0,
		"sock_bufsize":	0,
		"sndbuf_actual":	16384,
		"rcvbuf_actual":	131072,
		"test_start":	{
			"protocol":	"TCP",
			"num_streams":	1,
			"blksize":	131072,
			"omit":	0,
			"duration":	100,
			"bytes":	0,
			"blocks":	0,
			"reverse":	0,
			"tos":	0,
			"target_bitrate":	0,
			"bidir":	0,
			"fqrate":	0
		}
	},
	"intervals":	[{
			"streams":	[{
					"socket":	5,
					"start":	0,
					"end":	1.001401,
					"seconds":	1.0014009475708008,
					"bytes":	262144,
					"bits_per_second":	2094218.1102257522,
					"retransmits":	0,
					"snd_cwnd":	40440,
					"snd_wnd":	347264,
					"rtt":	127729,
					"rttvar":	6395,
					"pmtu":	1400,
					"omitted":	false,
					"sender":	true
				}],
			"sum":	{
				"start":	0,
				"end":	1.001401,
				"seconds":	1.0014009475708008,
				"bytes":	262144,
				"bits_per_second":	2094218.1102257522,
				"retransmits":	0,
				"omitted":	false,
				"sender":	true
			}
		}, {
			"streams":	[{
					"socket":	5,
					"start":	1.001401,
					"end":	2.001346,
					"seconds":	0.99994498491287231,
					"bytes":	262144,
					"bits_per_second":	2097267.3813477149,
					"retransmits":	0,
					"snd_cwnd":	49876,
					"snd_wnd":	493568,
					"rtt":	157055,
					"rttvar":	10017,
					"pmtu":	1400,
					"omitted":	false,
					"sender":	true
				}],
			"sum":	{
				"start":	1.001401,
				"end":	2.001346,
				"seconds":	0.99994498491287231,
				"bytes":	262144,
				"bits_per_second":	2097267.3813477149,
				"retransmits":	0,
				"omitted":	false,
				"sender":	true
			}
		}, {
			"streams":	[{
					"socket":	5,
					"start":	2.001346,
					"end":	3.001368,
					"seconds":	1.0000220537185669,
					"bytes":	524288,
					"bits_per_second":	4194211.5020399238,
					"retransmits":	0,
					"snd_cwnd":	63356,
					"snd_wnd":	493568,
					"rtt":	193249,
					"rttvar":	2425,
					"pmtu":	1400,
					"omitted":	false,
					"sender":	true
				}],
			"sum":	{
				"start":	2.001346,
				"end":	3.001368,
				"seconds":	1.0000220537185669,
				"bytes":	524288,
				"bits_per_second":	4194211.5020399238,
				"retransmits":	0,
				"omitted":	false,
				"sender":	true
			}
		}, {
			"streams":	[{
					"socket":	5,
					"start":	3.001368,
					"end":	4.001326,
					"seconds":	0.99995797872543335,
					"bytes":	131072,
					"bits_per_second":	1048620.06435164,
					"retransmits":	0,
					"snd_cwnd":	74140,
					"snd_wnd":	493568,
					"rtt":	261882,
					"rttvar":	50097,
					"pmtu":	1400,
					"omitted":	false,
					"sender":	true
				}],
			"sum":	{
				"start":	3.001368,
				"end":	4.001326,
				"seconds":	0.99995797872543335,
				"bytes":	131072,
				"bits_per_second":	1048620.06435164,
				"retransmits":	0,
				"omitted":	false,
				"sender":	true
			}
		}, {
			"streams":	[{
					"socket":	5,
					"start":	4.001326,
					"end":	5.00135,
					"seconds":	1.0000239610672,
					"bytes":	393216,
					"bits_per_second":	3145652.6268060221,
					"retransmits":	0,
					"snd_cwnd":	88968,
					"snd_wnd":	493568,
					"rtt":	269913,
					"rttvar":	2999,
					"pmtu":	1400,
					"omitted":	false,
					"sender":	true
				}],
			"sum":	{
				"start":	4.001326,
				"end":	5.00135,
				"seconds":	1.0000239610672,
				"bytes":	393216,
				"bits_per_second":	3145652.6268060221,
				"retransmits":	0,
				"omitted":	false,
				"sender":	true
			}
		}, {
			"streams":	[{
					"socket":	5,
					"start":	5.00135,
					"end":	6.001041,
					"seconds":	0.99969100952148438,
					"bytes":	655360,
					"bits_per_second":	5244500.500719293,
					"retransmits":	0,
					"snd_cwnd":	122668,
					"snd_wnd":	493568,
					"rtt":	370430,
					"rttvar":	18837,
					"pmtu":	1400,
					"omitted":	false,
					"sender":	true
				}],
			"sum":	{
				"start":	5.00135,
				"end":	6.001041,
				"seconds":	0.99969100952148438,
				"bytes":	655360,
				"bits_per_second":	5244500.500719293,
				"retransmits":	0,
				"omitted":	false,
				"sender":	true
			}
		}, {
			"streams":	[{
					"socket":	5,
					"start":	6.001041,
					"end":	7.001313,
					"seconds":	1.0002720355987549,
					"bytes":	262144,
					"bits_per_second":	2096581.6551541016,
					"retransmits":	0,
					"snd_cwnd":	164456,
					"snd_wnd":	493568,
					"rtt":	695421,
					"rttvar":	68675,
					"pmtu":	1400,
					"omitted":	false,
					"sender":	true
				}],
			"sum":	{
				"start":	6.001041,
				"end":	7.001313,
				"seconds":	1.0002720355987549,
				"bytes":	262144,
				"bits_per_second":	2096581.6551541016,
				"retransmits":	0,
				"omitted":	false,
				"sender":	true
			}
		}, {
			"streams":	[{
					"socket":	5,
					"start":	7.001313,
					"end":	8.001346,
					"seconds":	1.0000330209732056,
					"bytes":	524288,
					"bits_per_second":	4194165.5045732539,
					"retransmits":	0,
					"snd_cwnd":	218376,
					"snd_wnd":	669312,
					"rtt":	745717,
					"rttvar":	120700,
					"pmtu":	1400,
					"omitted":	false,
					"sender":	true
				}],
			"sum":	{
				"start":	7.001313,
				"end":	8.001346,
				"seconds":	1.0000330209732056,
				"bytes":	524288,
				"bits_per_second":	4194165.5045732539,
				"retransmits":	0,
				"omitted":	false,
				"sender":	true
			}
		}, {
			"streams":	[{
					"socket":	5,
					"start":	8.001346,
					"end":	9.001326,
					"seconds":	0.99997997283935547,
					"bytes":	524288,
					"bits_per_second":	4194388.001682315,
					"retransmits":	0,
					"snd_cwnd":	308692,
					"snd_wnd":	669312,
					"rtt":	890626,
					"rttvar":	8146,
					"pmtu":	1400,
					"omitted":	false,
					"sender":	true
				}],
			"sum":	{
				"start":	8.001346,
				"end":	9.001326,
				"seconds":	0.99997997283935547,
				"bytes":	524288,
				"bits_per_second":	4194388.001682315,
				"retransmits":	0,
				"omitted":	false,
				"sender":	true
			}
		}, {
			"streams":	[{
					"socket":	5,
					"start":	9.001326,
					"end":	10.001347,
					"seconds":	1.0000209808349609,
					"bytes":	786432,
					"bits_per_second":	6291324.0027694125,
					"retransmits":	0,
					"snd_cwnd":	388224,
					"snd_wnd":	834176,
					"rtt":	1121904,
					"rttvar":	93451,
					"pmtu":	1400,
					"omitted":	false,
					"sender":	true
				}],
			"sum":	{
				"start":	9.001326,
				"end":	10.001347,
				"seconds":	1.0000209808349609,
				"bytes":	786432,
				"bits_per_second":	6291324.0027694125,
				"retransmits":	0,
				"omitted":	false,
				"sender":	true
			}
		}, {
			"streams":	[{
					"socket":	5,
					"start":	10.001347,
					"end":	11.001411,
					"seconds":	1.0000640153884888,
					"bytes":	1179648,
					"bits_per_second":	9436579.91367082,
					"retransmits":	0,
					"snd_cwnd":	514936,
					"snd_wnd":	1039744,
					"rtt":	1546763,
					"rttvar":	25009,
					"pmtu":	1400,
					"omitted":	false,
					"sender":	true
				}],
			"sum":	{
				"start":	10.001347,
				"end":	11.001411,
				"seconds":	1.0000640153884888,
				"bytes":	1179648,
				"bits_per_second":	9436579.91367082,
				"retransmits":	0,
				"omitted":	false,
				"sender":	true
			}
		}],
	"end":	{
		"streams":	[{
				"sender":	{
					"socket":	5,
					"start":	0,
					"end":	11.036911,
					"seconds":	11.036911,
					"bytes":	5505024,
					"bits_per_second":	3990264.3049309719,
					"retransmits":	0,
					"max_snd_cwnd":	518980,
					"max_snd_wnd":	1060096,
					"max_rtt":	1559156,
					"min_rtt":	127729,
					"mean_rtt":	661653,
					"sender":	true
				},
				"receiver":	{
					"socket":	5,
					"start":	0,
					"end":	11.036911,
					"seconds":	11.036911,
					"bytes":	0,