{
	"start":	{
		"connected":	[{
				"socket":	5,
				"local_host":	"129.93.240.12",
				"local_port":	45052,
				"remote_host":	"10.53.1.3",
				"remote_port":	55002
			}],
		"version":	"iperf 3.12",
		"system_info":	"Linux rpi2 6.6.74+rpt-rpi-v8 #1 SMP PREEMPT Debian 1:6.6.74-1+rpt1 (2025-01-27) aarch64",
		"timestamp":	{
			"time":	"Thu, 22 May 2025 23:10:52 GMT",
			"timesecs":	1747955452
		},
		"connecting_to":	{
			"host":	"10.53.1.3",
			"port":	55002
		},
		"cookie":	"ikotbukohf4ptmepndumns2g7d7notlvqaby",
		"tcp_mss_default":	1448,
		"target_bitrate":	0,
		"sock_bufsize":	0,
		"sndbuf_actual":	16384,
		"rcvbuf_actual":	131072,
		"test_start":	{
			"protocol":	"TCP",
			"num_streams":	1,
			"blksize":	131072,
			"omit":	0,
			"duration":	10,
			"bytes":	0,
			"blocks":	0,
			"reverse":	0,
			"tos":	0,
			"target_bitrate":	0
		}
	},
	"intervals":	[{
			"streams":	[{
					"socket":	5,
					"start":	0,
					"end":	1.000109,
					"seconds":	1.0001089572906494,
					"bytes":	2030096,
					"bits_per_second":	16238998.642705031,
					"retransmits":	0,
					"snd_cwnd":	118736,
					"snd_wnd":	781056,
					"rtt":	26661,
					"rttvar":	1877,
					"pmtu":	1500,
					"omitted":	false,
					"sender":	true
				}],
			"sum":	{
				"start":	0,
				"end":	1.000109,
				"seconds":	1.0001089572906494,
				"bytes":	2030096,
				"bits_per_second":	16238998.642705031,
				"retransmits":	0,
				"omitted":	false,
				"sender":	true
			}
		}, {
			"streams":	[{
					"socket":	5,
					"start":	1.000109,
					"end":	2.000216,
					"seconds":	1.0001070499420166,
					"bytes":	2215440,
					"bits_per_second":	17721622.901295975,
					"retransmits":	0,
					"snd_cwnd":	211408,
					"snd_wnd":	806144,
					"rtt":	93225,
					"rttvar":	9518,
					"pmtu":	1500,
					"omitted":	false,
					"sender":	true
				}],
			"sum":	{
				"start":	1.000109,
				"end":	2.000216,
				"seconds":	1.0001070499420166,
				"bytes":	2215440,
				"bits_per_second":	17721622.901295975,
				"retransmits":	0,
				"omitted":	false,
				"sender":	true
			}
		}, {
			"streams":	[{
					"socket":	5,
					"start":	2.000216,
					"end":	3.000142,
					"seconds":	0.999925971031189,
					"bytes":	2150280,
					"bits_per_second":	17203513.558368653,
					"retransmits":	0,
					"snd_cwnd":	292496,
					"snd_wnd":	896896,
					"rtt":	145539,
					"rttvar":	10267,
					"pmtu":	1500,
					"omitted":	false,
					"sender":	true
				}],
			"sum":	{
				"start":	2.000216,
				"end":	3.000142,
				"seconds":	0.999925971031189,
				"bytes":	2150280,
				"bits_per_second":	17203513.558368653,
				"retransmits":	0,
				"omitted":	false,
				"sender":	true
			}
		}, {
			"streams":	[{
					"socket":	5,
					"start":	3.000142,
					"end":	4.000291,
					"seconds":	1.0001490116119385,
					"bytes":	2150280,
					"bits_per_second":	17199677.0483982,
					"retransmits":	0,
					"snd_cwnd":	383720,
					"snd_wnd":	896896,
					"rtt":	209835,
					"rttvar":	16444,
					"pmtu":	1500,
					"omitted":	false,
					"sender":	true
				}],
			"sum":	{
				"start":	3.000142,
				"end":	4.000291,
				"seconds":	1.0001490116119385,
				"bytes":	2150280,
				"bits_per_second":	17199677.0483982,
				"retransmits":	0,
				"omitted":	false,
				"sender":	true
			}
		}, {
			"streams":	[{
					"socket":	5,
					"start":	4.000291,
					"end":	5.000576,
					"seconds":	1.0002850294113159,
					"bytes":	1759320,
					"bits_per_second":	14070549.479564948,
					"retransmits":	0,
					"snd_cwnd":	466256,
					"snd_wnd":	1199488,
					"rtt":	294194,
					"rttvar":	3329,
					"pmtu":	1500,
					"omitted":	false,
					"sender":	true
				}],
			"sum":	{
				"start":	4.000291,
				"end":	5.000576,
				"seconds":	1.0002850294113159,
				"bytes":	1759320,
				"bits_per_second":	14070549.479564948,
				"retransmits":	0,
				"omitted":	false,
				"sender":	true
			}
		}, {
			"streams":	[{
					"socket":	5,
					"start":	5.000576,
					"end":	6.000115,
					"seconds":	0.999539017677307,
					"bytes":	3192840,
					"bits_per_second":	25554500.172844935,
					"retransmits":	0,
					"snd_cwnd":	561824,
					"snd_wnd":	1345664,
					"rtt":	225897,
					"rttvar":	15448,
					"pmtu":	1500,
					"omitted":	false,
					"sender":	true
				}],
			"sum":	{
				"start":	5.000576,
				"end":	6.000115,
				"seconds":	0.999539017677307,
				"bytes":	3192840,
				"bits_per_second":	25554500.172844935,
				"retransmits":	0,
				"omitted":	false,
				"sender":	true
			}
		}, {
			"streams":	[{
					"socket":	5,
					"start":	6.000115,
					"end":	7.000557,
					"seconds":	1.0004420280456543,
					"bytes":	1181808,
					"bits_per_second":	9450286.7082354855,
					"retransmits":	0,
					"snd_cwnd":	625536,
					"snd_wnd":	1345664,
					"rtt":	224198,
					"rttvar":	3101,
					"pmtu":	1500,
					"omitted":	false,
					"sender":	true
				}],
			"sum":	{
				"start":	6.000115,
				"end":	7.000557,
				"seconds":	1.0004420280456543,
				"bytes":	1181808,
				"bits_per_second":	9450286.7082354855,
				"retransmits":	0,
				"omitted":	false,
				"sender":	true
			}
		}, {
			"streams":	[{
					"socket":	5,
					"start":	7.000557,
					"end":	8.000814,
					"seconds":	1.0002570152282715,
					"bytes":	2490368,
					"bits_per_second":	19917824.815708321,
					"retransmits":	0,
					"snd_cwnd":	663184,
					"snd_wnd":	1345664,
					"rtt":	282470,
					"rttvar":	6464,
					"pmtu":	1500,
					"omitted":	false,
					"sender":	true
				}],
			"sum":	{
				"start":	7.000557,
				"end":	8.000814,
				"seconds":	1.0002570152282715,
				"bytes":	2490368,
				"bits_per_second":	19917824.815708321,
				"retransmits":	0,
				"omitted":	false,
				"sender":	true
			}
		}, {
			"streams":	[{
					"socket":	5,
					"start":	8.000814,
					"end":	9.000771,
					"seconds":	0.999957025051117,
					"bytes":	1310720,
					"bits_per_second":	10486210.644366419,
					"retransmits":	0,
					"snd_cwnd":	663184,
					"snd_wnd":	1345664,
					"rtt":	176016,
					"rttvar":	8811,
					"pmtu":	1500,
					"omitted":	false,
					"sender":	true
				}],
			"sum":	{
				"start":	8.000814,
				"end":	9.000771,
				"seconds":	0.999957025051117,
				"bytes":	1310720,
				"bits_per_second":	10486210.644366419,
				"retransmits":	0,
				"omitted":	false,
				"sender":	true
			}
		}, {
			"streams":	[{
					"socket":	5,
					"start":	9.000771,
					"end":	10.000771,
					"seconds":	1,
					"bytes":	2621440,
					"bits_per_second":	20971520,
					"retransmits":	0,
					"snd_cwnd":	663184,
					"snd_wnd":	1345664,
					"rtt":	240813,
					"rttvar":	2770,
					"pmtu":	1500,
					"omitted":	false,
					"sender":	true
				}],
			"sum":	{
				"start":	9.000771,
				"end":	10.000771,
				"seconds":	1,
				"bytes":	2621440,
				"bits_per_second":	20971520,
				"retransmits":	0,
				"omitted":	false,
				"sender":	true
			}
		}],
	"end":	{
		"streams":	[{
				"sender":	{
					"socket":	5,
					"start":	0,
					"end":	10.000771,
					"seconds":	10.000771,
					"bytes":	21102592,
					"bits_per_second":	16880772.09247167,
					"retransmits":	0,
					"max_snd_cwnd":	663184,
					"max_snd_wnd":	1345664,
					"max_rtt":	294194,
					"min_rtt":	26661,
					"mean_rtt":	191884,
					"sender":	true
				},
				"receiver":	{
					"socket":	5,
					"start":	0,
					"end":	10.145295,
					"seconds":	10.000771,
					"bytes":	18350080,
					"bits_per_second":	14469824.682278829,
					"sender":	true
				}
			}],
		"sum_sent":	{
			"start":	0,
			"end":	10.000771,
			"seconds":	10.000771,
			"bytes":	21102592,
			"bits_per_second":	16880772.09247167,
			"retransmits":	0,
			"sender":	true
		},
		"sum_received":	{
			"start":	0,
			"end":	10.145295,
			"seconds":	10.145295,
			"bytes":	18350080,
			"bits_per_second":	14469824.682278829,
			"sender":	true
		},
		"cpu_utilization_percent":	{
			"host_total":	0.754482464450275,
			"host_user":	0.057286267663265861,
			"host_system":	0.69720611648703745,
			"remote_total":	0.46104061876867236,
			"remote_user":	0.0742313443354614,
			"remote_system":	0.38681913120446787
		},