{
	"start":	{
		"connected":	[{
				"socket":	5,
				"local_host":	"129.93.240.12",
				"local_port":	39794,
				"remote_host":	"10.53.1.3",
				"remote_port":	55002
			}],
		"version":	"iperf 3.12",
		"system_info":	"Linux rpi2 6.6.74+rpt-rpi-v8 #1 SMP PREEMPT Debian 1:6.6.74-1+rpt1 (2025-01-27) aarch64",
		"timestamp":	{
			"time":	"Thu, 22 May 2025 23:10:37 GMT",
			"timesecs":	1747955437
		},
		"connecting_to":	{
			"host":	"10.53.1.3",
			"port":	55002
		},
		"cookie":	"dvyy3siblambcdetwixab2gkcspec2gebow4",
		"tcp_mss_default":	1448,
		"target_bitrate":	0,
		"sock_bufsize":	0,
		"sndbuf_actual":	16384,
		"rcvbuf_actual":	131072,
		"test_start":	{
			"protocol":	"TCP",
			"num_streams":	1,
			"blksize":	131072,
			"omit":	0,
			"duration":	10,
			"bytes":	0,
			"blocks":	0,
			"reverse":	0,
			"tos":	0,
			"target_bitrate":	0
		}
	},
	"intervals":	[{
			"streams":	[{
					"socket":	5,
					"start":	0,
					"end":	1.000179,
					"seconds":	1.0001790523529053,
					"bytes":	1571080,
					"bits_per_second":	12566389.95831044,
					"retransmits":	0,
					"snd_cwnd":	98464,
					"snd_wnd":	1162368,
					"rtt":	44853,
					"rttvar":	5268,
					"pmtu":	1500,
					"omitted":	false,
					"sender":	true
				}],
			"sum":	{
				"start":	0,
				"end":	1.000179,
				"seconds":	1.0001790523529053,
				"bytes":	1571080,
				"bits_per_second":	12566389.95831044,
				"retransmits":	0,
				"omitted":	false,
				"sender":	true
			}
		}, {
			"streams":	[{
					"socket":	5,
					"start":	1.000179,
					"end":	2.000185,
					"seconds":	1.0000059604644775,
					"bytes":	2150280,
					"bits_per_second":	17202137.467270687,
					"retransmits":	0,
					"snd_cwnd":	188240,
					"snd_wnd":	1162368,
					"rtt":	85385,
					"rttvar":	2928,
					"pmtu":	1500,
					"omitted":	false,
					"sender":	true
				}],
			"sum":	{
				"start":	1.000179,
				"end":	2.000185,
				"seconds":	1.0000059604644775,
				"bytes":	2150280,
				"bits_per_second":	17202137.467270687,
				"retransmits":	0,
				"omitted":	false,
				"sender":	true
			}
		}, {
			"streams":	[{
					"socket":	5,
					"start":	2.000185,
					"end":	3.000241,
					"seconds":	1.0000560283660889,
					"bytes":	2736720,
					"bits_per_second":	21892533.397124212,
					"retransmits":	0,
					"snd_cwnd":	304080,
					"snd_wnd":	1162368,
					"rtt":	100466,
					"rttvar":	3730,
					"pmtu":	1500,
					"omitted":	false,
					"sender":	true
				}],
			"sum":	{
				"start":	2.000185,
				"end":	3.000241,
				"seconds":	1.0000560283660889,
				"bytes":	2736720,
				"bits_per_second":	21892533.397124212,
				"retransmits":	0,
				"omitted":	false,
				"sender":	true
			}
		}, {
			"streams":	[{
					"socket":	5,
					"start":	3.000241,
					"end":	4.000308,
					"seconds":	1.0000669956207275,
					"bytes":	2997360,
					"bits_per_second":	23977273.62766996,
					"retransmits":	0,
					"snd_cwnd":	428608,
					"snd_wnd":	1162368,
					"rtt":	173529,
					"rttvar":	1400,
					"pmtu":	1500,
					"omitted":	false,
					"sender":	true
				}],
			"sum":	{
				"start":	3.000241,
				"end":	4.000308,
				"seconds":	1.0000669956207275,
				"bytes":	2997360,
				"bits_per_second":	23977273.62766996,
				"retransmits":	0,
				"omitted":	false,
				"sender":	true
			}
		}, {
			"streams":	[{
					"socket":	5,
					"start":	4.000308,
					"end":	5.000283,
					"seconds":	0.999975025653839,
					"bytes":	2997360,
					"bits_per_second":	23979478.8718061,
					"retransmits":	0,
					"snd_cwnd":	543000,
					"snd_wnd":	1275136,
					"rtt":	171835,
					"rttvar":	3138,
					"pmtu":	1500,
					"omitted":	false,
					"sender":	true
				}],
			"sum":	{
				"start":	4.000308,
				"end":	5.000283,
				"seconds":	0.999975025653839,
				"bytes":	2997360,
				"bits_per_second":	23979478.8718061,
				"retransmits":	0,
				"omitted":	false,
				"sender":	true
			}
		}, {
			"streams":	[{
					"socket":	5,
					"start":	5.000283,
					"end":	6.000508,
					"seconds":	1.0002249479293823,
					"bytes":	2345760,
					"bits_per_second":	18761859.558540944,
					"retransmits":	0,
					"snd_cwnd":	619744,
					"snd_wnd":	1275136,
					"rtt":	188777,
					"rttvar":	5178,
					"pmtu":	1500,
					"omitted":	false,
					"sender":	true
				}],
			"sum":	{
				"start":	5.000283,
				"end":	6.000508,
				"seconds":	1.0002249479293823,
				"bytes":	2345760,
				"bits_per_second":	18761859.558540944,
				"retransmits":	0,
				"omitted":	false,
				"sender":	true
			}
		}, {
			"streams":	[{
					"socket":	5,
					"start":	6.000508,
					"end":	7.000421,
					"seconds":	0.999912977218628,
					"bytes":	2476080,
					"bits_per_second":	19810363.952971179,
					"retransmits":	0,
					"snd_cwnd":	619744,
					"snd_wnd":	1275136,
					"rtt":	159239,
					"rttvar":	5215,
					"pmtu":	1500,
					"omitted":	false,
					"sender":	true
				}],
			"sum":	{
				"start":	6.000508,
				"end":	7.000421,
				"seconds":	0.999912977218628,
				"bytes":	2476080,
				"bits_per_second":	19810363.952971179,
				"retransmits":	0,
				"omitted":	false,
				"sender":	true
			}
		}, {
			"streams":	[{
					"socket":	5,
					"start":	7.000421,
					"end":	8.000432,
					"seconds":	1.0000109672546387,
					"bytes":	2517232,
					"bits_per_second":	20137635.14542754,
					"retransmits":	0,
					"snd_cwnd":	664632,
					"snd_wnd":	1275136,
					"rtt":	195428,
					"rttvar":	21048,
					"pmtu":	1500,
					"omitted":	false,
					"sender":	true
				}],
			"sum":	{
				"start":	7.000421,
				"end":	8.000432,
				"seconds":	1.0000109672546387,
				"bytes":	2517232,
				"bits_per_second":	20137635.14542754,
				"retransmits":	0,
				"omitted":	false,
				"sender":	true
			}
		}, {
			"streams":	[{
					"socket":	5,
					"start":	8.000432,
					"end":	9.000253,
					"seconds":	0.9998210072517395,
					"bytes":	2621440,
					"bits_per_second":	20975274.422014315,
					"retransmits":	0,
					"snd_cwnd":	664632,
					"snd_wnd":	1275136,
					"rtt":	189882,
					"rttvar":	22865,
					"pmtu":	1500,
					"omitted":	false,
					"sender":	true
				}],
			"sum":	{
				"start":	8.000432,
				"end":	9.000253,
				"seconds":	0.9998210072517395,
				"bytes":	2621440,
				"bits_per_second":	20975274.422014315,
				"retransmits":	0,
				"omitted":	false,
				"sender":	true
			}
		}, {
			"streams":	[{
					"socket":	5,
					"start":	9.000253,
					"end":	10.000133,
					"seconds":	0.999880015850067,
					"bytes":	2621440,
					"bits_per_second":	20974036.551946346,
					"retransmits":	0,
					"snd_cwnd":	664632,
					"snd_wnd":	1275136,
					"rtt":	235457,
					"rttvar":	6958,
					"pmtu":	1500,
					"omitted":	false,
					"sender":	true
				}],
			"sum":	{
				"start":	9.000253,
				"end":	10.000133,
				"seconds":	0.999880015850067,
				"bytes":	2621440,
				"bits_per_second":	20974036.551946346,
				"retransmits":	0,
				"omitted":	false,
				"sender":	true
			}
		}],
	"end":	{
		"streams":	[{
				"sender":	{
					"socket":	5,
					"start":	0,
					"end":	10.000133,
					"seconds":	10.000133,
					"bytes":	25034752,
					"bits_per_second":	20027535.23378139,
					"retransmits":	0,
					"max_snd_cwnd":	664632,
					"max_snd_wnd":	1275136,
					"max_rtt":	235457,
					"min_rtt":	44853,
					"mean_rtt":	154485,
					"sender":	true
				},
				"receiver":	{
					"socket":	5,
					"start":	0,
					"end":	10.279891,
					"seconds":	10.000133,
					"bytes":	21757952,
					"bits_per_second":	16932437.9023085,
					"sender":	true
				}
			}],
		"sum_sent":	{
			"start":	0,
			"end":	10.000133,
			"seconds":	10.000133,
			"bytes":	25034752,
			"bits_per_second":	20027535.23378139,
			"retransmits":	0,
			"sender":	true
		},
		"sum_received":	{
			"start":	0,
			"end":	10.279891,
			"seconds":	10.279891,
			"bytes":	21757952,
			"bits_per_second":	16932437.9023085,
			"sender":	true
		},
		"cpu_utilization_percent":	{
			"host_total":	0.577192302991535,
			"host_user":	0.051378071176535013,
			"host_system":	0.525804311353294,
			"remote_total":	0.5421646488298576,
			"remote_user":	0.044922602868918124,