{
	"start":	{
		"connected":	[{
				"socket":	5,
				"local_host":	"129.93.240.12",
				"local_port":	41160,
				"remote_host":	"10.53.1.3",
				"remote_port":	55002
			}],
		"version":	"iperf 3.12",
		"system_info":	"Linux rpi2 6.6.74+rpt-rpi-v8 #1 SMP PREEMPT Debian 1:6.6.74-1+rpt1 (2025-01-27) aarch64",
		"timestamp":	{
			"time":	"Thu, 22 May 2025 23:16:56 GMT",
			"timesecs":	1747955816
		},
		"connecting_to":	{
			"host":	"10.53.1.3",
			"port":	55002
		},
		"cookie":	"aiycx56gozf3zt6nrqnam6ukens2fdye47sn",
		"tcp_mss_default":	1448,
		"target_bitrate":	0,
		"sock_bufsize":	0,
		"sndbuf_actual":	16384,
		"rcvbuf_actual":	131072,
		"test_start":	{
			"protocol":	"TCP",
			"num_streams":	1,
			"blksize":	131072,
			"omit":	0,
			"duration":	10,
			"bytes":	0,
			"blocks":	0,
			"reverse":	0,
			"tos":	0,
			"target_bitrate":	0
		}
	},
	"intervals":	[{
			"streams":	[{
					"socket":	5,
					"start":	0,
					"end":	1.000173,
					"seconds":	1.0001729726791382,
					"bytes":	1896880,
					"bits_per_second":	15172415.586626982,
					"retransmits":	0,
					"snd_cwnd":	118736,
					"snd_wnd":	781056,
					"rtt":	38872,
					"rttvar":	9237,
					"pmtu":	1500,
					"omitted":	false,
					"sender":	true
				}],
			"sum":	{
				"start":	0,
				"end":	1.000173,
				"seconds":	1.0001729726791382,
				"bytes":	1896880,
				"bits_per_second":	15172415.586626982,
				"retransmits":	0,
				"omitted":	false,
				"sender":	true
			}
		}, {
			"streams":	[{
					"socket":	5,
					"start":	1.000173,
					"end":	2.000096,
					"seconds":	0.9999229907989502,
					"bytes":	3323160,
					"bits_per_second":	26587327.468846425,
					"retransmits":	0,
					"snd_cwnd":	238920,
					"snd_wnd":	781056,
					"rtt":	162562,
					"rttvar":	9975,
					"pmtu":	1500,
					"omitted":	false,
					"sender":	true
				}],
			"sum":	{
				"start":	1.000173,
				"end":	2.000096,
				"seconds":	0.9999229907989502,
				"bytes":	3323160,
				"bits_per_second":	26587327.468846425,
				"retransmits":	0,
				"omitted":	false,
				"sender":	true
			}
		}, {
			"streams":	[{
					"socket":	5,
					"start":	2.000096,
					"end":	3.000141,
					"seconds":	1.0000449419021606,
					"bytes":	2541240,
					"bits_per_second":	20329006.375784438,
					"retransmits":	0,
					"snd_cwnd":	351864,
					"snd_wnd":	958848,
					"rtt":	123552,
					"rttvar":	2501,
					"pmtu":	1500,
					"omitted":	false,
					"sender":	true
				}],
			"sum":	{
				"start":	2.000096,
				"end":	3.000141,
				"seconds":	1.0000449419021606,
				"bytes":	2541240,
				"bits_per_second":	20329006.375784438,
				"retransmits":	0,
				"omitted":	false,
				"sender":	true
			}
		}, {
			"streams":	[{
					"socket":	5,
					"start":	3.000141,
					"end":	4.000276,
					"seconds":	1.0001349449157715,
					"bytes":	2606400,
					"bits_per_second":	20848386.6162241,
					"retransmits":	0,
					"snd_cwnd":	461912,
					"snd_wnd":	1412608,
					"rtt":	198541,
					"rttvar":	3083,
					"pmtu":	1500,
					"omitted":	false,
					"sender":	true
				}],
			"sum":	{
				"start":	3.000141,
				"end":	4.000276,
				"seconds":	1.0001349449157715,
				"bytes":	2606400,
				"bits_per_second":	20848386.6162241,
				"retransmits":	0,
				"omitted":	false,
				"sender":	true
			}
		}, {
			"streams":	[{
					"socket":	5,
					"start":	4.000276,
					"end":	5.000238,
					"seconds":	0.9999619722366333,
					"bytes":	3192840,
					"bits_per_second":	25543691.369450908,
					"retransmits":	0,
					"snd_cwnd":	589336,
					"snd_wnd":	1524736,
					"rtt":	185719,
					"rttvar":	6021,
					"pmtu":	1500,
					"omitted":	false,
					"sender":	true
				}],
			"sum":	{
				"start":	4.000276,
				"end":	5.000238,
				"seconds":	0.9999619722366333,
				"bytes":	3192840,
				"bits_per_second":	25543691.369450908,
				"retransmits":	0,
				"omitted":	false,
				"sender":	true
			}
		}, {
			"streams":	[{
					"socket":	5,
					"start":	5.000238,
					"end":	6.000418,
					"seconds":	1.0001800060272217,
					"bytes":	2430264,
					"bits_per_second":	19438612.932511318,
					"retransmits":	0,
					"snd_cwnd":	632776,
					"snd_wnd":	1524736,
					"rtt":	174188,
					"rttvar":	12479,
					"pmtu":	1500,
					"omitted":	false,
					"sender":	true
				}],
			"sum":	{
				"start":	5.000238,
				"end":	6.000418,
				"seconds":	1.0001800060272217,
				"bytes":	2430264,
				"bits_per_second":	19438612.932511318,
				"retransmits":	0,
				"omitted":	false,
				"sender":	true
			}
		}, {
			"streams":	[{
					"socket":	5,
					"start":	6.000418,
					"end":	7.000445,
					"seconds":	1.0000269412994385,
					"bytes":	2490368,
					"bits_per_second":	19922407.264460351,
					"retransmits":	0,
					"snd_cwnd":	689248,
					"snd_wnd":	1524736,
					"rtt":	208597,
					"rttvar":	6793,
					"pmtu":	1500,
					"omitted":	false,
					"sender":	true
				}],
			"sum":	{
				"start":	6.000418,
				"end":	7.000445,
				"seconds":	1.0000269412994385,
				"bytes":	2490368,
				"bits_per_second":	19922407.264460351,
				"retransmits":	0,
				"omitted":	false,
				"sender":	true
			}
		}, {
			"streams":	[{
					"socket":	5,
					"start":	7.000445,
					"end":	8.000525,
					"seconds":	1.0000799894332886,
					"bytes":	2621440,
					"bits_per_second":	20969842.634171542,
					"retransmits":	0,
					"snd_cwnd":	692144,
					"snd_wnd":	1524736,
					"rtt":	157928,
					"rttvar":	1964,
					"pmtu":	1500,
					"omitted":	false,
					"sender":	true
				}],
			"sum":	{
				"start":	7.000445,
				"end":	8.000525,
				"seconds":	1.0000799894332886,
				"bytes":	2621440,
				"bits_per_second":	20969842.634171542,
				"retransmits":	0,
				"omitted":	false,
				"sender":	true
			}
		}, {
			"streams":	[{
					"socket":	5,
					"start":	8.000525,
					"end":	9.000402,
					"seconds":	0.99987697601318359,
					"bytes":	2621440,
					"bits_per_second":	20974100.317440938,
					"retransmits":	0,
					"snd_cwnd":	692144,
					"snd_wnd":	1524736,
					"rtt":	182163,
					"rttvar":	10307,
					"pmtu":	1500,
					"omitted":	false,
					"sender":	true
				}],
			"sum":	{
				"start":	8.000525,
				"end":	9.000402,
				"seconds":	0.99987697601318359,
				"bytes":	2621440,
				"bits_per_second":	20974100.317440938,
				"retransmits":	0,
				"omitted":	false,
				"sender":	true
			}
		}, {
			"streams":	[{
					"socket":	5,
					"start":	9.000402,
					"end":	10.000207,
					"seconds":	0.999804973602295,
					"bytes":	2621440,
					"bits_per_second":	20975610.797813561,
					"retransmits":	0,
					"snd_cwnd":	692144,
					"snd_wnd":	1524736,
					"rtt":	237679,
					"rttvar":	10831,
					"pmtu":	1500,
					"omitted":	false,
					"sender":	true
				}],
			"sum":	{
				"start":	9.000402,
				"end":	10.000207,
				"seconds":	0.999804973602295,
				"bytes":	2621440,
				"bits_per_second":	20975610.797813561,
				"retransmits":	0,
				"omitted":	false,
				"sender":	true
			}
		}],
	"end":	{
		"streams":	[{
				"sender":	{
					"socket":	5,
					"start":	0,
					"end":	10.000207,
					"seconds":	10.000207,
					"bytes":	26345472,
					"bits_per_second":	21075941.328014512,
					"retransmits":	0,
					"max_snd_cwnd":	692144,
					"max_snd_wnd":	1524736,
					"max_rtt":	237679,
					"min_rtt":	38872,
					"mean_rtt":	166980,
					"sender":	true
				},
				"receiver":	{
					"socket":	5,
					"start":	0,
					"end":	10.161659,
					"seconds":	10.000207,
					"bytes":	22937600,
					"bits_per_second":	18058153.693210922,
					"sender":	true
				}
			}],
		"sum_sent":	{
			"start":	0,
			"end":	10.000207,
			"seconds":	10.000207,
			"bytes":	26345472,
			"bits_per_second":	21075941.328014512,
			"retransmits":	0,
			"sender":	true
		},
		"sum_received":	{
			"start":	0,
			"end":	10.161659,
			"seconds":	10.161659,
			"bytes":	22937600,
			"bits_per_second":	18058153.693210922,
			"sender":	true
		},
		"cpu_utilization_percent":	{
			"host_total":	0.57545181369797138,
			"host_user":	0.14131345824933805,
			"host_system":	0.43417803630739049,
			"remote_total":	0.62484814256398236,
			"remote_user":	0.0775856800688942,