{
	"start":	{
		"connected":	[{
				"socket":	5,
				"local_host":	"192.168.225.54",
				"local_port":	48540,
				"remote_host":	"192.168.26.3",
				"remote_port":	55001
			}],
		"version":	"iperf 3.12",
		"system_info":	"Linux rpi1 6.6.51+rpt-rpi-v8 #1 SMP PREEMPT Debian 1:6.6.51-1+rpt3 (2024-10-08) aarch64",
		"timestamp":	{
			"time":	"Fri, 23 May 2025 00:48:12 GMT",
			"timesecs":	1747961292
		},
		"connecting_to":	{
			"host":	"192.168.26.3",
			"port":	55001
		},
		"cookie":	"assmyr2cry4fwr6wn5ojxnlfhsuaeeag4kjn",
		"tcp_mss_default":	1448,
		"target_bitrate":	0,
		"sock_bufsize":	0,
		"sndbuf_actual":	16384,
		"rcvbuf_actual":	131072,
		"test_start":	{
			"protocol":	"TCP",
			"num_streams":	1,
			"blksize":	131072,
			"omit":	0,
			"duration":	10,
			"bytes":	0,
			"blocks":	0,
			"reverse":	0,
			"tos":	0,
			"target_bitrate":	0
		}
	},
	"intervals":	[{
			"streams":	[{
					"socket":	5,
					"start":	0,
					"end":	1.000223,
					"seconds":	1.0002230405807495,
					"bytes":	1193152,
					"bits_per_second":	9543087.504220916,
					"retransmits":	17,
					"snd_cwnd":	30408,
					"snd_wnd":	1676288,
					"rtt":	33849,
					"rttvar":	2174,
					"pmtu":	1500,
					"omitted":	false,
					"sender":	true
				}],
			"sum":	{
				"start":	0,
				"end":	1.000223,
				"seconds":	1.0002230405807495,
				"bytes":	1193152,
				"bits_per_second":	9543087.504220916,
				"retransmits":	17,
				"omitted":	false,
				"sender":	true
			}
		}, {
			"streams":	[{
					"socket":	5,
					"start":	1.000223,
					"end":	2.000586,
					"seconds":	1.0003629922866821,
					"bytes":	390960,
					"bits_per_second":	3126545.0882490017,
					"retransmits":	13,
					"snd_cwnd":	17376,
					"snd_wnd":	2164352,
					"rtt":	40288,
					"rttvar":	723,
					"pmtu":	1500,
					"omitted":	false,
					"sender":	true
				}],
			"sum":	{
				"start":	1.000223,
				"end":	2.000586,
				"seconds":	1.0003629922866821,
				"bytes":	390960,
				"bits_per_second":	3126545.0882490017,
				"retransmits":	13,
				"omitted":	false,
				"sender":	true
			}
		}, {
			"streams":	[{
					"socket":	5,
					"start":	2.000586,
					"end":	3.000372,
					"seconds":	0.99978601932525635,
					"bytes":	390960,
					"bits_per_second":	3128349.4063167977,
					"retransmits":	8,
					"snd_cwnd":	18824,
					"snd_wnd":	2164352,
					"rtt":	40764,
					"rttvar":	1541,
					"pmtu":	1500,
					"omitted":	false,
					"sender":	true
				}],
			"sum":	{
				"start":	2.000586,
				"end":	3.000372,
				"seconds":	0.99978601932525635,
				"bytes":	390960,
				"bits_per_second":	3128349.4063167977,
				"retransmits":	8,
				"omitted":	false,
				"sender":	true
			}
		}, {
			"streams":	[{
					"socket":	5,
					"start":	3.000372,
					"end":	4.000375,
					"seconds":	1.0000029802322388,
					"bytes":	390960,
					"bits_per_second":	3127670.6788150109,
					"retransmits":	9,
					"snd_cwnd":	17376,
					"snd_wnd":	2164352,
					"rtt":	41959,
					"rttvar":	3054,
					"pmtu":	1500,
					"omitted":	false,
					"sender":	true
				}],
			"sum":	{
				"start":	3.000372,
				"end":	4.000375,
				"seconds":	1.0000029802322388,
				"bytes":	390960,
				"bits_per_second":	3127670.6788150109,
				"retransmits":	9,
				"omitted":	false,
				"sender":	true
			}
		}, {
			"streams":	[{
					"socket":	5,
					"start":	4.000375,
					"end":	5.000104,
					"seconds":	0.9997289776802063,
					"bytes":	390960,
					"bits_per_second":	3128527.9008892383,
					"retransmits":	8,
					"snd_cwnd":	17376,
					"snd_wnd":	2164352,
					"rtt":	40619,
					"rttvar":	1257,
					"pmtu":	1500,
					"omitted":	false,
					"sender":	true
				}],
			"sum":	{
				"start":	4.000375,
				"end":	5.000104,
				"seconds":	0.9997289776802063,
				"bytes":	390960,
				"bits_per_second":	3128527.9008892383,
				"retransmits":	8,
				"omitted":	false,
				"sender":	true
			}
		}, {
			"streams":	[{
					"socket":	5,
					"start":	5.000104,
					"end":	6.001063,
					"seconds":	1.000959038734436,
					"bytes":	0,
					"bits_per_second":	0,
					"retransmits":	12,
					"snd_cwnd":	5792,
					"snd_wnd":	2162944,
					"rtt":	50750,
					"rttvar":	16030,
					"pmtu":	1500,
					"omitted":	false,
					"sender":	true
				}],
			"sum":	{
				"start":	5.000104,
				"end":	6.001063,
				"seconds":	1.000959038734436,
				"bytes":	0,
				"bits_per_second":	0,
				"retransmits":	12,
				"omitted":	false,
				"sender":	true
			}
		}, {
			"streams":	[{
					"socket":	5,
					"start":	6.001063,
					"end":	7.000654,
					"seconds":	0.99959099292755127,
					"bytes":	195480,
					"bits_per_second":	1564479.8833369885,
					"retransmits":	6,
					"snd_cwnd":	7240,
					"snd_wnd":	2164352,
					"rtt":	53449,
					"rttvar":	18827,
					"pmtu":	1500,
					"omitted":	false,
					"sender":	true
				}],
			"sum":	{
				"start":	6.001063,
				"end":	7.000654,
				"seconds":	0.99959099292755127,
				"bytes":	195480,
				"bits_per_second":	1564479.8833369885,
				"retransmits":	6,
				"omitted":	false,
				"sender":	true
			}
		}, {
			"streams":	[{
					"socket":	5,
					"start":	7.000654,
					"end":	8.001071,
					"seconds":	1.0004169940948486,
					"bytes":	0,
					"bits_per_second":	0,
					"retransmits":	10,
					"snd_cwnd":	4344,
					"snd_wnd":	2162944,
					"rtt":	44094,
					"rttvar":	7418,
					"pmtu":	1500,
					"omitted":	false,
					"sender":	true
				}],
			"sum":	{
				"start":	7.000654,
				"end":	8.001071,
				"seconds":	1.0004169940948486,
				"bytes":	0,
				"bits_per_second":	0,
				"retransmits":	10,
				"omitted":	false,
				"sender":	true
			}
		}, {
			"streams":	[{
					"socket":	5,
					"start":	8.001071,
					"end":	9.000226,
					"seconds":	0.99915498495101929,
					"bytes":	195480,
					"bits_per_second":	1565162.58593922,
					"retransmits":	6,
					"snd_cwnd":	7240,
					"snd_wnd":	2164352,
					"rtt":	52293,
					"rttvar":	17644,
					"pmtu":	1500,
					"omitted":	false,
					"sender":	true
				}],
			"sum":	{
				"start":	8.001071,
				"end":	9.000226,
				"seconds":	0.99915498495101929,
				"bytes":	195480,
				"bits_per_second":	1565162.58593922,
				"retransmits":	6,
				"omitted":	false,
				"sender":	true
			}
		}, {
			"streams":	[{
					"socket":	5,
					"start":	9.000226,
					"end":	10.001104,
					"seconds":	1.0008779764175415,
					"bytes":	0,
					"bits_per_second":	0,
					"retransmits":	6,
					"snd_cwnd":	10136,
					"snd_wnd":	2164352,
					"rtt":	48572,
					"rttvar":	14019,
					"pmtu":	1500,
					"omitted":	false,
					"sender":	true
				}],
			"sum":	{
				"start":	9.000226,
				"end":	10.001104,
				"seconds":	1.0008779764175415,
				"bytes":	0,
				"bits_per_second":	0,
				"retransmits":	6,
				"omitted":	false,
				"sender":	true
			}
		}],
	"end":	{
		"streams":	[{
				"sender":	{
					"socket":	5,
					"start":	0,
					"end":	10.001104,
					"seconds":	10.001104,
					"bytes":	3147952,
					"bits_per_second":	2518083.603570166,
					"retransmits":	95,
					"max_snd_cwnd":	30408,
					"max_snd_wnd":	2164352,
					"max_rtt":	53449,
					"min_rtt":	33849,
					"mean_rtt":	44663,
					"sender":	true
				},
				"receiver":	{
					"socket":	5,
					"start":	0,
					"end":	10.279511,
					"seconds":	10.001104,
					"bytes":	2817808,
					"bits_per_second":	2192951.0071052993,
					"sender":	true
				}
			}],
		"sum_sent":	{
			"start":	0,
			"end":	10.001104,
			"seconds":	10.001104,
			"bytes":	3147952,
			"bits_per_second":	2518083.603570166,
			"retransmits":	95,
			"sender":	true
		},
		"sum_received":	{
			"start":	0,
			"end":	10.279511,
			"seconds":	10.279511,
			"bytes":	2817808,
			"bits_per_second":	2192951.0071052993,
			"sender":	true
		},
		"cpu_utilization_percent":	{
			"host_total":	0.85066230473999327,
			"host_user":	0.10101110502153325,
			"host_system":	0.749670882318815,
			"remote_total":	0.034644439779494864,
			"remote_user":	0.0037311608727034311,
			"remote_system":	0.030916873474106175
		},
		"sender_tcp_congestion":	"cubic",
		"receiver_tcp_congestion":	"cubic"
	}
}
