{
	"start":	{
		"connected":	[{
				"socket":	5,
				"local_host":	"192.168.225.54",
				"local_port":	36118,
				"remote_host":	"192.168.26.3",
				"remote_port":	55001
			}],
		"version":	"iperf 3.12",
		"system_info":	"Linux rpi1 6.6.51+rpt-rpi-v8 #1 SMP PREEMPT Debian 1:6.6.51-1+rpt3 (2024-10-08) aarch64",
		"timestamp":	{
			"time":	"Fri, 23 May 2025 00:07:57 GMT",
			"timesecs":	1747958877
		},
		"connecting_to":	{
			"host":	"192.168.26.3",
			"port":	55001
		},
		"cookie":	"urr34uexdvx2ak5sklha6r5gt3t6nnjwniln",
		"tcp_mss_default":	1448,
		"target_bitrate":	0,
		"sock_bufsize":	0,
		"sndbuf_actual":	16384,
		"rcvbuf_actual":	131072,
		"test_start":	{
			"protocol":	"TCP",
			"num_streams":	1,
			"blksize":	131072,
			"omit":	0,
			"duration":	10,
			"bytes":	0,
			"blocks":	0,
			"reverse":	0,
			"tos":	0,
			"target_bitrate":	0
		}
	},
	"intervals":	[{
			"streams":	[{
					"socket":	5,
					"start":	0,
					"end":	1.000085,
					"seconds":	1.00008499622345,
					"bytes":	1245280,
					"bits_per_second":	9961393.31918757,
					"retransmits":	0,
					"snd_cwnd":	95568,
					"snd_wnd":	376960,
					"rtt":	104861,
					"rttvar":	2727,
					"pmtu":	1500,
					"omitted":	false,
					"sender":	true
				}],
			"sum":	{
				"start":	0,
				"end":	1.000085,
				"seconds":	1.00008499622345,
				"bytes":	1245280,
				"bits_per_second":	9961393.31918757,
				"retransmits":	0,
				"omitted":	false,
				"sender":	true
			}
		}, {
			"streams":	[{
					"socket":	5,
					"start":	1.000085,
					"end":	2.000081,
					"seconds":	0.9999960064888,
					"bytes":	1042560,
					"bits_per_second":	8340513.3079333082,
					"retransmits":	4,
					"snd_cwnd":	83984,
					"snd_wnd":	941312,
					"rtt":	92754,
					"rttvar":	2210,
					"pmtu":	1500,
					"omitted":	false,
					"sender":	true
				}],
			"sum":	{
				"start":	1.000085,
				"end":	2.000081,
				"seconds":	0.9999960064888,
				"bytes":	1042560,
				"bits_per_second":	8340513.3079333082,
				"retransmits":	4,
				"omitted":	false,
				"sender":	true
			}
		}, {
			"streams":	[{
					"socket":	5,
					"start":	2.000081,
					"end":	3.000222,
					"seconds":	1.0001410245895386,
					"bytes":	781920,
					"bits_per_second":	6254477.964812234,
					"retransmits":	0,
					"snd_cwnd":	95568,
					"snd_wnd":	941312,
					"rtt":	95936,
					"rttvar":	2666,
					"pmtu":	1500,
					"omitted":	false,
					"sender":	true
				}],
			"sum":	{
				"start":	2.000081,
				"end":	3.000222,
				"seconds":	1.0001410245895386,
				"bytes":	781920,
				"bits_per_second":	6254477.964812234,
				"retransmits":	0,
				"omitted":	false,
				"sender":	true
			}
		}, {
			"streams":	[{
					"socket":	5,
					"start":	3.000222,
					"end":	4.000179,
					"seconds":	0.999957025051117,
					"bytes":	1042560,
					"bits_per_second":	8340838.447105906,
					"retransmits":	0,
					"snd_cwnd":	99912,
					"snd_wnd":	941312,
					"rtt":	97863,
					"rttvar":	1601,
					"pmtu":	1500,
					"omitted":	false,
					"sender":	true
				}],
			"sum":	{
				"start":	3.000222,
				"end":	4.000179,
				"seconds":	0.999957025051117,
				"bytes":	1042560,
				"bits_per_second":	8340838.447105906,
				"retransmits":	0,
				"omitted":	false,
				"sender":	true
			}
		}, {
			"streams":	[{
					"socket":	5,
					"start":	4.000179,
					"end":	5.000144,
					"seconds":	0.999965012073517,
					"bytes":	1042560,
					"bits_per_second":	8340771.8263114719,
					"retransmits":	0,
					"snd_cwnd":	99912,
					"snd_wnd":	941312,
					"rtt":	95753,
					"rttvar":	1746,
					"pmtu":	1500,
					"omitted":	false,
					"sender":	true
				}],
			"sum":	{
				"start":	4.000179,
				"end":	5.000144,
				"seconds":	0.999965012073517,
				"bytes":	1042560,
				"bits_per_second":	8340771.8263114719,
				"retransmits":	0,
				"omitted":	false,
				"sender":	true
			}
		}, {
			"streams":	[{
					"socket":	5,
					"start":	5.000144,
					"end":	6.000097,
					"seconds":	0.99995297193527222,
					"bytes":	1042560,
					"bits_per_second":	8340872.2550802985,
					"retransmits":	2,
					"snd_cwnd":	82536,
					"snd_wnd":	942720,
					"rtt":	89092,
					"rttvar":	706,
					"pmtu":	1500,
					"omitted":	false,
					"sender":	true
				}],
			"sum":	{
				"start":	5.000144,
				"end":	6.000097,
				"seconds":	0.99995297193527222,
				"bytes":	1042560,
				"bits_per_second":	8340872.2550802985,
				"retransmits":	2,
				"omitted":	false,
				"sender":	true
			}
		}, {
			"streams":	[{
					"socket":	5,
					"start":	6.000097,
					"end":	7.000291,
					"seconds":	1.0001939535140991,
					"bytes":	781920,
					"bits_per_second":	6254146.98621433,
					"retransmits":	0,
					"snd_cwnd":	97016,
					"snd_wnd":	942720,
					"rtt":	98610,
					"rttvar":	1566,
					"pmtu":	1500,
					"omitted":	false,
					"sender":	true
				}],
			"sum":	{
				"start":	6.000097,
				"end":	7.000291,
				"seconds":	1.0001939535140991,
				"bytes":	781920,
				"bits_per_second":	6254146.98621433,
				"retransmits":	0,
				"omitted":	false,
				"sender":	true
			}
		}, {
			"streams":	[{
					"socket":	5,
					"start":	7.000291,
					"end":	8.000245,
					"seconds":	0.9999539852142334,
					"bytes":	1042560,
					"bits_per_second":	8340863.8030610066,
					"retransmits":	0,
					"snd_cwnd":	101360,
					"snd_wnd":	942720,
					"rtt":	99885,
					"rttvar":	2764,
					"pmtu":	1500,
					"omitted":	false,
					"sender":	true
				}],
			"sum":	{
				"start":	7.000291,
				"end":	8.000245,
				"seconds":	0.9999539852142334,
				"bytes":	1042560,
				"bits_per_second":	8340863.8030610066,
				"retransmits":	0,
				"omitted":	false,
				"sender":	true
			}
		}, {
			"streams":	[{
					"socket":	5,
					"start":	8.000245,
					"end":	9.00022,
					"seconds":	0.999975025653839,
					"bytes":	1042560,
					"bits_per_second":	8340688.3032369055,
					"retransmits":	0,
					"snd_cwnd":	101360,
					"snd_wnd":	942720,
					"rtt":	99085,
					"rttvar":	976,
					"pmtu":	1500,
					"omitted":	false,
					"sender":	true
				}],
			"sum":	{
				"start":	8.000245,
				"end":	9.00022,
				"seconds":	0.999975025653839,
				"bytes":	1042560,
				"bits_per_second":	8340688.3032369055,
				"retransmits":	0,
				"omitted":	false,
				"sender":	true
			}
		}, {
			"streams":	[{
					"socket":	5,
					"start":	9.00022,
					"end":	10.000213,
					"seconds":	0.99999302625656128,
					"bytes":	1042560,
					"bits_per_second":	8340538.1647733022,
					"retransmits":	2,
					"snd_cwnd":	76744,
					"snd_wnd":	942720,
					"rtt":	73272,
					"rttvar":	2127,
					"pmtu":	1500,
					"omitted":	false,
					"sender":	true
				}],
			"sum":	{
				"start":	9.00022,
				"end":	10.000213,
				"seconds":	0.99999302625656128,
				"bytes":	1042560,
				"bits_per_second":	8340538.1647733022,
				"retransmits":	2,
				"omitted":	false,
				"sender":	true
			}
		}],
	"end":	{
		"streams":	[{
				"sender":	{
					"socket":	5,
					"start":	0,
					"end":	10.000213,
					"seconds":	10.000213,
					"bytes":	10107040,
					"bits_per_second":	8085459.7797066923,
					"retransmits":	8,
					"max_snd_cwnd":	101360,
					"max_snd_wnd":	942720,
					"max_rtt":	104861,
					"min_rtt":	73272,
					"mean_rtt":	94711,
					"sender":	true
				},
				"receiver":	{
					"socket":	5,
					"start":	0,
					"end":	10.07505,
					"seconds":	10.000213,
					"bytes":	9668296,
					"bits_per_second":	7677020.7592021879,
					"sender":	true
				}
			}],
		"sum_sent":	{
			"start":	0,
			"end":	10.000213,
			"seconds":	10.000213,
			"bytes":	10107040,
			"bits_per_second":	8085459.7797066923,
			"retransmits":	8,
			"sender":	true
		},
		"sum_received":	{
			"start":	0,
			"end":	10.07505,
			"seconds":	10.07505,
			"bytes":	9668296,
			"bits_per_second":	7677020.7592021879,
			"sender":	true
		},
		"cpu_utilization_percent":	{
			"host_total":	0.90032090402421061,
			"host_user":	0.24820620468260585,
			"host_system":	0.65213438730897866,
			"remote_total":	0.027272589634524377,
			"remote_user":	0.013409480717642509,
			"remote_system":	0.013864072034077706
		},