{
	"start":	{
		"connected":	[{
				"socket":	5,
				"local_host":	"129.93.240.13",
				"local_port":	52246,
				"remote_host":	"10.53.1.3",
				"remote_port":	55001
			}],
		"version":	"iperf 3.12",
		"system_info":	"Linux rpi1 6.6.51+rpt-rpi-v8 #1 SMP PREEMPT Debian 1:6.6.51-1+rpt3 (2024-10-08) aarch64",
		"timestamp":	{
			"time":	"Thu, 22 May 2025 23:38:32 GMT",
			"timesecs":	1747957112
		},
		"connecting_to":	{
			"host":	"10.53.1.3",
			"port":	55001
		},
		"cookie":	"txkejko2ebonksqa6r5f7qqfkv2tiex6iy47",
		"tcp_mss_default":	1348,
		"target_bitrate":	0,
		"sock_bufsize":	0,
		"sndbuf_actual":	16384,
		"rcvbuf_actual":	131072,
		"test_start":	{
			"protocol":	"TCP",
			"num_streams":	1,
			"blksize":	131072,
			"omit":	0,
			"duration":	10,
			"bytes":	0,
			"blocks":	0,
			"reverse":	0,
			"tos":	0,
			"target_bitrate":	0
		}
	},
	"intervals":	[{
			"streams":	[{
					"socket":	5,
					"start":	0,
					"end":	1.000518,
					"seconds":	1.0005179643630981,
					"bytes":	539200,
					"bits_per_second":	4311366.8656073734,
					"retransmits":	0,
					"snd_cwnd":	45832,
					"snd_wnd":	194944,
					"rtt":	343685,
					"rttvar":	43021,
					"pmtu":	1400,
					"omitted":	false,
					"sender":	true
				}],
			"sum":	{
				"start":	0,
				"end":	1.000518,
				"seconds":	1.0005179643630981,
				"bytes":	539200,
				"bits_per_second":	4311366.8656073734,
				"retransmits":	0,
				"omitted":	false,
				"sender":	true
			}
		}, {
			"streams":	[{
					"socket":	5,
					"start":	1.000518,
					"end":	2.000601,
					"seconds":	1.0000829696655273,
					"bytes":	129408,
					"bits_per_second":	1035178.1116183178,
					"retransmits":	0,
					"snd_cwnd":	51224,
					"snd_wnd":	194944,
					"rtt":	417889,
					"rttvar":	9604,
					"pmtu":	1400,
					"omitted":	false,
					"sender":	true
				}],
			"sum":	{
				"start":	1.000518,
				"end":	2.000601,
				"seconds":	1.0000829696655273,
				"bytes":	129408,
				"bits_per_second":	1035178.1116183178,
				"retransmits":	0,
				"omitted":	false,
				"sender":	true
			}
		}, {
			"streams":	[{
					"socket":	5,
					"start":	2.000601,
					"end":	3.000641,
					"seconds":	1.0000400543212891,
					"bytes":	129408,
					"bits_per_second":	1035222.5348639829,
					"retransmits":	0,
					"snd_cwnd":	56616,
					"snd_wnd":	194944,
					"rtt":	463595,
					"rttvar":	13993,
					"pmtu":	1400,
					"omitted":	false,
					"sender":	true
				}],
			"sum":	{
				"start":	2.000601,
				"end":	3.000641,
				"seconds":	1.0000400543212891,
				"bytes":	129408,
				"bits_per_second":	1035222.5348639829,
				"retransmits":	0,
				"omitted":	false,
				"sender":	true
			}
		}, {
			"streams":	[{
					"socket":	5,
					"start":	3.000641,
					"end":	4.00069,
					"seconds":	1.0000489950180054,
					"bytes":	129408,
					"bits_per_second":	1035213.2797067214,
					"retransmits":	0,
					"snd_cwnd":	63356,
					"snd_wnd":	194944,
					"rtt":	504721,
					"rttvar":	8404,
					"pmtu":	1400,
					"omitted":	false,
					"sender":	true
				}],
			"sum":	{
				"start":	3.000641,
				"end":	4.00069,
				"seconds":	1.0000489950180054,
				"bytes":	129408,
				"bits_per_second":	1035213.2797067214,
				"retransmits":	0,
				"omitted":	false,
				"sender":	true
			}
		}, {
			"streams":	[{
					"socket":	5,
					"start":	4.00069,
					"end":	5.00078,
					"seconds":	1.0000900030136108,
					"bytes":	194112,
					"bits_per_second":	1552756.2472583437,
					"retransmits":	0,
					"snd_cwnd":	80880,
					"snd_wnd":	194944,
					"rtt":	568201,
					"rttvar":	19347,
					"pmtu":	1400,
					"omitted":	false,
					"sender":	true
				}],
			"sum":	{
				"start":	4.00069,
				"end":	5.00078,
				"seconds":	1.0000900030136108,
				"bytes":	194112,
				"bits_per_second":	1552756.2472583437,
				"retransmits":	0,
				"omitted":	false,
				"sender":	true
			}
		}, {
			"streams":	[{
					"socket":	5,
					"start":	5.00078,
					"end":	6.000837,
					"seconds":	1.0000569820404053,
					"bytes":	194112,
					"bits_per_second":	1552807.5178592757,
					"retransmits":	0,
					"snd_cwnd":	113232,
					"snd_wnd":	194944,
					"rtt":	730013,
					"rttvar":	36462,
					"pmtu":	1400,
					"omitted":	false,
					"sender":	true
				}],
			"sum":	{
				"start":	5.00078,
				"end":	6.000837,
				"seconds":	1.0000569820404053,
				"bytes":	194112,
				"bits_per_second":	1552807.5178592757,
				"retransmits":	0,
				"omitted":	false,
				"sender":	true
			}
		}, {
			"streams":	[{
					"socket":	5,
					"start":	6.000837,
					"end":	7.000119,
					"seconds":	0.99928200244903564,
					"bytes":	647040,
					"bits_per_second":	5180039.255499348,
					"retransmits":	0,
					"snd_cwnd":	159064,
					"snd_wnd":	282624,
					"rtt":	950295,
					"rttvar":	42143,
					"pmtu":	1400,
					"omitted":	false,
					"sender":	true
				}],
			"sum":	{
				"start":	6.000837,
				"end":	7.000119,
				"seconds":	0.99928200244903564,
				"bytes":	647040,
				"bits_per_second":	5180039.255499348,
				"retransmits":	0,
				"omitted":	false,
				"sender":	true
			}
		}, {
			"streams":	[{
					"socket":	5,
					"start":	7.000119,
					"end":	8.001052,
					"seconds":	1.000933051109314,
					"bytes":	0,
					"bits_per_second":	0,
					"retransmits":	0,
					"snd_cwnd":	215680,
					"snd_wnd":	378240,
					"rtt":	1210413,
					"rttvar":	50979,
					"pmtu":	1400,
					"omitted":	false,
					"sender":	true
				}],
			"sum":	{
				"start":	7.000119,
				"end":	8.001052,
				"seconds":	1.000933051109314,
				"bytes":	0,
				"bits_per_second":	0,
				"retransmits":	0,
				"omitted":	false,
				"sender":	true
			}
		}, {
			"streams":	[{
					"socket":	5,
					"start":	8.001052,
					"end":	9.000988,
					"seconds":	0.99993598461151123,
					"bytes":	517632,
					"bits_per_second":	4141321.1082796031,
					"retransmits":	0,
					"snd_cwnd":	273644,
					"snd_wnd":	523136,
					"rtt":	1548930,
					"rttvar":	29242,
					"pmtu":	1400,
					"omitted":	false,
					"sender":	true
				}],
			"sum":	{
				"start":	8.001052,
				"end":	9.000988,
				"seconds":	0.99993598461151123,
				"bytes":	517632,
				"bits_per_second":	4141321.1082796031,
				"retransmits":	0,
				"omitted":	false,
				"sender":	true
			}
		}, {
			"streams":	[{
					"socket":	5,
					"start":	9.000988,
					"end":	10.000477,
					"seconds":	0.99948900938034058,
					"bytes":	711744,
					"bits_per_second":	5696863.0435767518,
					"retransmits":	0,
					"snd_cwnd":	330260,
					"snd_wnd":	572672,
					"rtt":	1850971,
					"rttvar":	63116,
					"pmtu":	1400,
					"omitted":	false,
					"sender":	true
				}],
			"sum":	{
				"start":	9.000988,
				"end":	10.000477,
				"seconds":	0.99948900938034058,
				"bytes":	711744,
				"bits_per_second":	5696863.0435767518,
				"retransmits":	0,
				"omitted":	false,
				"sender":	true
			}
		}],
	"end":	{
		"streams":	[{
				"sender":	{
					"socket":	5,
					"start":	0,
					"end":	10.000477,
					"seconds":	10.000477,
					"bytes":	3192064,
					"bits_per_second":	2553529.39664778,
					"retransmits":	0,
					"max_snd_cwnd":	330260,
					"max_snd_wnd":	572672,
					"max_rtt":	1850971,
					"min_rtt":	343685,
					"mean_rtt":	858871,
					"sender":	true
				},
				"receiver":	{
					"socket":	5,
					"start":	0,
					"end":	11.675038,
					"seconds":	10.000477,
					"bytes":	1572864,
					"bits_per_second":	1077761.9738796568,
					"sender":	true
				}
			}],
		"sum_sent":	{
			"start":	0,
			"end":	10.000477,
			"seconds":	10.000477,
			"bytes":	3192064,
			"bits_per_second":	2553529.39664778,
			"retransmits":	0,
			"sender":	true
		},
		"sum_received":	{
			"start":	0,
			"end":	11.675038,
			"seconds":	11.675038,
			"bytes":	1572864,
			"bits_per_second":	1077761.9738796568,
			"sender":	true
		},
		"cpu_utilization_percent":	{
			"host_total":	0.31981797365737175,
			"host_user":	0.0956674787144063,
			"host_system":	0.22415049494296543,
			"remote_total":	0.063374471779473626,
			"remote_user":	0.011520295248464931,
			"remote_system":	0.0518541765310087
		},
		"sender_tcp_congestion":	"cubic",