{
	"start":	{
		"connected":	[{
				"socket":	5,
				"local_host":	"129.93.240.12",
				"local_port":	39002,
				"remote_host":	"10.53.1.3",
				"remote_port":	55002
			}],
		"version":	"iperf 3.12",
		"system_info":	"Linux rpi2 6.6.74+rpt-rpi-v8 #1 SMP PREEMPT Debian 1:6.6.74-1+rpt1 (2025-01-27) aarch64",
		"timestamp":	{
			"time":	"Thu, 22 May 2025 23:28:13 GMT",
			"timesecs":	1747956493
		},
		"connecting_to":	{
			"host":	"10.53.1.3",
			"port":	55002
		},
		"cookie":	"3mgmqrkx2hztqc3dx5mmhwhdou6jgniajr2h",
		"tcp_mss_default":	1448,
		"target_bitrate":	0,
		"sock_bufsize":	0,
		"sndbuf_actual":	16384,
		"rcvbuf_actual":	131072,
		"test_start":	{
			"protocol":	"TCP",
			"num_streams":	1,
			"blksize":	131072,
			"omit":	0,
			"duration":	10,
			"bytes":	0,
			"blocks":	0,
			"reverse":	0,
			"tos":	0,
			"target_bitrate":	0
		}
	},
	"intervals":	[{
			"streams":	[{
					"socket":	5,
					"start":	0,
					"end":	1.000113,
					"seconds":	1.0001130104064941,
					"bytes":	1414696,
					"bits_per_second":	11316289.141564107,
					"retransmits":	0,
					"snd_cwnd":	92672,
					"snd_wnd":	390912,
					"rtt":	35182,
					"rttvar":	4001,
					"pmtu":	1500,
					"omitted":	false,
					"sender":	true
				}],
			"sum":	{
				"start":	0,
				"end":	1.000113,
				"seconds":	1.0001130104064941,
				"bytes":	1414696,
				"bits_per_second":	11316289.141564107,
				"retransmits":	0,
				"omitted":	false,
				"sender":	true
			}
		}, {
			"streams":	[{
					"socket":	5,
					"start":	1.000113,
					"end":	2.000187,
					"seconds":	1.000074028968811,
					"bytes":	2280600,
					"bits_per_second":	18243449.4562492,
					"retransmits":	0,
					"snd_cwnd":	192584,
					"snd_wnd":	677376,
					"rtt":	57857,
					"rttvar":	1109,
					"pmtu":	1500,
					"omitted":	false,
					"sender":	true
				}],
			"sum":	{
				"start":	1.000113,
				"end":	2.000187,
				"seconds":	1.000074028968811,
				"bytes":	2280600,
				"bits_per_second":	18243449.4562492,
				"retransmits":	0,
				"omitted":	false,
				"sender":	true
			}
		}, {
			"streams":	[{
					"socket":	5,
					"start":	2.000187,
					"end":	3.00025,
					"seconds":	1.0000629425048828,
					"bytes":	3258000,
					"bits_per_second":	26062359.569805522,
					"retransmits":	0,
					"snd_cwnd":	330144,
					"snd_wnd":	1046144,
					"rtt":	87826,
					"rttvar":	7011,
					"pmtu":	1500,
					"omitted":	false,
					"sender":	true
				}],
			"sum":	{
				"start":	2.000187,
				"end":	3.00025,
				"seconds":	1.0000629425048828,
				"bytes":	3258000,
				"bits_per_second":	26062359.569805522,
				"retransmits":	0,
				"omitted":	false,
				"sender":	true
			}
		}, {
			"streams":	[{
					"socket":	5,
					"start":	3.00025,
					"end":	4.000321,
					"seconds":	1.0000710487365723,
					"bytes":	3258000,
					"bits_per_second":	26062148.3172897,
					"retransmits":	0,
					"snd_cwnd":	470600,
					"snd_wnd":	1195136,
					"rtt":	147418,
					"rttvar":	7238,
					"pmtu":	1500,
					"omitted":	false,
					"sender":	true
				}],
			"sum":	{
				"start":	3.00025,
				"end":	4.000321,
				"seconds":	1.0000710487365723,
				"bytes":	3258000,
				"bits_per_second":	26062148.3172897,
				"retransmits":	0,
				"omitted":	false,
				"sender":	true
			}
		}, {
			"streams":	[{
					"socket":	5,
					"start":	4.000321,
					"end":	5.000381,
					"seconds":	1.000059962272644,
					"bytes":	3192840,
					"bits_per_second":	25541188.492291972,
					"retransmits":	0,
					"snd_cwnd":	599472,
					"snd_wnd":	1347328,
					"rtt":	152523,
					"rttvar":	19912,
					"pmtu":	1500,
					"omitted":	false,
					"sender":	true
				}],
			"sum":	{
				"start":	4.000321,
				"end":	5.000381,
				"seconds":	1.000059962272644,
				"bytes":	3192840,
				"bits_per_second":	25541188.492291972,
				"retransmits":	0,
				"omitted":	false,
				"sender":	true
			}
		}, {
			"streams":	[{
					"socket":	5,
					"start":	5.000381,
					"end":	6.000118,
					"seconds":	0.999737024307251,
					"bytes":	3897368,
					"bits_per_second":	31187145.46118252,
					"retransmits":	0,
					"snd_cwnd":	641464,
					"snd_wnd":	1347328,
					"rtt":	140237,
					"rttvar":	5766,
					"pmtu":	1500,
					"omitted":	false,
					"sender":	true
				}],
			"sum":	{
				"start":	5.000381,
				"end":	6.000118,
				"seconds":	0.999737024307251,
				"bytes":	3897368,
				"bits_per_second":	31187145.46118252,
				"retransmits":	0,
				"omitted":	false,
				"sender":	true
			}
		}, {
			"streams":	[{
					"socket":	5,
					"start":	6.000118,
					"end":	7.000153,
					"seconds":	1.0000350475311279,
					"bytes":	2621440,
					"bits_per_second":	20970785.025759034,
					"retransmits":	0,
					"snd_cwnd":	673320,
					"snd_wnd":	1347328,
					"rtt":	144148,
					"rttvar":	3714,
					"pmtu":	1500,
					"omitted":	false,
					"sender":	true
				}],
			"sum":	{
				"start":	6.000118,
				"end":	7.000153,
				"seconds":	1.0000350475311279,
				"bytes":	2621440,
				"bits_per_second":	20970785.025759034,
				"retransmits":	0,
				"omitted":	false,
				"sender":	true
			}
		}, {
			"streams":	[{
					"socket":	5,
					"start":	7.000153,
					"end":	8.000129,
					"seconds":	0.99997597932815552,
					"bytes":	2621440,
					"bits_per_second":	20972023.7621007,
					"retransmits":	0,
					"snd_cwnd":	673320,
					"snd_wnd":	1347328,
					"rtt":	154258,
					"rttvar":	3515,
					"pmtu":	1500,
					"omitted":	false,
					"sender":	true
				}],
			"sum":	{
				"start":	7.000153,
				"end":	8.000129,
				"seconds":	0.99997597932815552,
				"bytes":	2621440,
				"bits_per_second":	20972023.7621007,
				"retransmits":	0,
				"omitted":	false,
				"sender":	true
			}
		}, {
			"streams":	[{
					"socket":	5,
					"start":	8.000129,
					"end":	9.000098,
					"seconds":	0.9999690055847168,
					"bytes":	2621440,
					"bits_per_second":	20972170.020147,
					"retransmits":	0,
					"snd_cwnd":	708072,
					"snd_wnd":	1347328,
					"rtt":	205263,
					"rttvar":	4507,
					"pmtu":	1500,
					"omitted":	false,
					"sender":	true
				}],
			"sum":	{
				"start":	8.000129,
				"end":	9.000098,
				"seconds":	0.9999690055847168,
				"bytes":	2621440,
				"bits_per_second":	20972170.020147,
				"retransmits":	0,
				"omitted":	false,
				"sender":	true
			}
		}, {
			"streams":	[{
					"socket":	5,
					"start":	9.000098,
					"end":	10.000608,
					"seconds":	1.0005099773406982,
					"bytes":	1310720,
					"bits_per_second":	10480415.225713776,
					"retransmits":	0,
					"snd_cwnd":	708072,
					"snd_wnd":	1347328,
					"rtt":	150294,
					"rttvar":	8184,
					"pmtu":	1500,
					"omitted":	false,
					"sender":	true
				}],
			"sum":	{
				"start":	9.000098,
				"end":	10.000608,
				"seconds":	1.0005099773406982,
				"bytes":	1310720,
				"bits_per_second":	10480415.225713776,
				"retransmits":	0,
				"omitted":	false,
				"sender":	true
			}
		}],
	"end":	{
		"streams":	[{
				"sender":	{
					"socket":	5,
					"start":	0,
					"end":	10.000608,
					"seconds":	10.000608,
					"bytes":	26476544,
					"bits_per_second":	21179947.459194481,
					"retransmits":	0,
					"max_snd_cwnd":	708072,
					"max_snd_wnd":	1347328,
					"max_rtt":	205263,
					"min_rtt":	35182,
					"mean_rtt":	127500,
					"sender":	true
				},
				"receiver":	{
					"socket":	5,
					"start":	0,
					"end":	10.213842,
					"seconds":	10.000608,
					"bytes":	24117248,
					"bits_per_second":	18889853.984426234,
					"sender":	true
				}
			}],
		"sum_sent":	{
			"start":	0,
			"end":	10.000608,
			"seconds":	10.000608,
			"bytes":	26476544,
			"bits_per_second":	21179947.459194481,
			"retransmits":	0,
			"sender":	true
		},
		"sum_received":	{
			"start":	0,
			"end":	10.213842,
			"seconds":	10.213842,
			"bytes":	24117248,
			"bits_per_second":	18889853.984426234,
			"sender":	true
		},
		"cpu_utilization_percent":	{
			"host_total":	0.740437499417232,
			"host_user":	0.20154342706355852,
			"host_system":	0.5388940723536737,
			"remote_total":	0.53738790589367325,
			"remote_user":	0.098121658520375923,