{
	"start":	{
		"connected":	[{
				"socket":	5,
				"local_host":	"129.93.240.12",
				"local_port":	44644,
				"remote_host":	"10.53.1.3",
				"remote_port":	55002
			}],
		"version":	"iperf 3.12",
		"system_info":	"Linux rpi2 6.6.74+rpt-rpi-v8 #1 SMP PREEMPT Debian 1:6.6.74-1+rpt1 (2025-01-27) aarch64",
		"timestamp":	{
			"time":	"Thu, 22 May 2025 23:41:21 GMT",
			"timesecs":	1747957281
		},
		"connecting_to":	{
			"host":	"10.53.1.3",
			"port":	55002
		},
		"cookie":	"lhb3slcd42vfxg74bdttr6ebzfruxpsema4t",
		"tcp_mss_default":	1448,
		"target_bitrate":	0,
		"sock_bufsize":	0,
		"sndbuf_actual":	16384,
		"rcvbuf_actual":	131072,
		"test_start":	{
			"protocol":	"TCP",
			"num_streams":	1,
			"blksize":	131072,
			"omit":	0,
			"duration":	10,
			"bytes":	0,
			"blocks":	0,
			"reverse":	0,
			"tos":	0,
			"target_bitrate":	0
		}
	},
	"intervals":	[{
			"streams":	[{
					"socket":	5,
					"start":	0,
					"end":	1.000104,
					"seconds":	1.0001039505004883,
					"bytes":	803640,
					"bits_per_second":	6428451.7592222644,
					"retransmits":	0,
					"snd_cwnd":	56472,
					"snd_wnd":	455168,
					"rtt":	51599,
					"rttvar":	2412,
					"pmtu":	1500,
					"omitted":	false,
					"sender":	true
				}],
			"sum":	{
				"start":	0,
				"end":	1.000104,
				"seconds":	1.0001039505004883,
				"bytes":	803640,
				"bits_per_second":	6428451.7592222644,
				"retransmits":	0,
				"omitted":	false,
				"sender":	true
			}
		}, {
			"streams":	[{
					"socket":	5,
					"start":	1.000104,
					"end":	2.000103,
					"seconds":	0.99999898672103882,
					"bytes":	1694160,
					"bits_per_second":	13553293.733267395,
					"retransmits":	0,
					"snd_cwnd":	124528,
					"snd_wnd":	455168,
					"rtt":	71203,
					"rttvar":	251,
					"pmtu":	1500,
					"omitted":	false,
					"sender":	true
				}],
			"sum":	{
				"start":	1.000104,
				"end":	2.000103,
				"seconds":	0.99999898672103882,
				"bytes":	1694160,
				"bits_per_second":	13553293.733267395,
				"retransmits":	0,
				"omitted":	false,
				"sender":	true
			}
		}, {
			"streams":	[{
					"socket":	5,
					"start":	2.000103,
					"end":	3.00024,
					"seconds":	1.0001369714736938,
					"bytes":	1759320,
					"bits_per_second":	14072632.450794462,
					"retransmits":	0,
					"snd_cwnd":	205616,
					"snd_wnd":	455168,
					"rtt":	115441,
					"rttvar":	2424,
					"pmtu":	1500,
					"omitted":	false,
					"sender":	true
				}],
			"sum":	{
				"start":	2.000103,
				"end":	3.00024,
				"seconds":	1.0001369714736938,
				"bytes":	1759320,
				"bits_per_second":	14072632.450794462,
				"retransmits":	0,
				"omitted":	false,
				"sender":	true
			}
		}, {
			"streams":	[{
					"socket":	5,
					"start":	3.00024,
					"end":	4.000116,
					"seconds":	0.99987602233886719,
					"bytes":	2671560,
					"bits_per_second":	21375130.0386286,
					"retransmits":	0,
					"snd_cwnd":	295392,
					"snd_wnd":	631040,
					"rtt":	132415,
					"rttvar":	1994,
					"pmtu":	1500,
					"omitted":	false,
					"sender":	true
				}],
			"sum":	{
				"start":	3.00024,
				"end":	4.000116,
				"seconds":	0.99987602233886719,
				"bytes":	2671560,
				"bits_per_second":	21375130.0386286,
				"retransmits":	0,
				"omitted":	false,
				"sender":	true
			}
		}, {
			"streams":	[{
					"socket":	5,
					"start":	4.000116,
					"end":	5.000309,
					"seconds":	1.0001929998397827,
					"bytes":	2150280,
					"bits_per_second":	17198920.611077625,
					"retransmits":	0,
					"snd_cwnd":	408336,
					"snd_wnd":	828160,
					"rtt":	160569,
					"rttvar":	1809,
					"pmtu":	1500,
					"omitted":	false,
					"sender":	true
				}],
			"sum":	{
				"start":	4.000116,
				"end":	5.000309,
				"seconds":	1.0001929998397827,
				"bytes":	2150280,
				"bits_per_second":	17198920.611077625,
				"retransmits":	0,
				"omitted":	false,
				"sender":	true
			}
		}, {
			"streams":	[{
					"socket":	5,
					"start":	5.000309,
					"end":	6.000157,
					"seconds":	0.99984800815582275,
					"bytes":	3844440,
					"bits_per_second":	30760195.298810717,
					"retransmits":	0,
					"snd_cwnd":	540104,
					"snd_wnd":	1113856,
					"rtt":	186240,
					"rttvar":	895,
					"pmtu":	1500,
					"omitted":	false,
					"sender":	true
				}],
			"sum":	{
				"start":	5.000309,
				"end":	6.000157,
				"seconds":	0.99984800815582275,
				"bytes":	3844440,
				"bits_per_second":	30760195.298810717,
				"retransmits":	0,
				"omitted":	false,
				"sender":	true
			}
		}, {
			"streams":	[{
					"socket":	5,
					"start":	6.000157,
					"end":	7.000104,
					"seconds":	0.99994701147079468,
					"bytes":	3583800,
					"bits_per_second":	28671919.282832291,
					"retransmits":	0,
					"snd_cwnd":	595128,
					"snd_wnd":	1113856,
					"rtt":	141599,
					"rttvar":	5017,
					"pmtu":	1500,
					"omitted":	false,
					"sender":	true
				}],
			"sum":	{
				"start":	6.000157,
				"end":	7.000104,
				"seconds":	0.99994701147079468,
				"bytes":	3583800,
				"bits_per_second":	28671919.282832291,
				"retransmits":	0,
				"omitted":	false,
				"sender":	true
			}
		}, {
			"streams":	[{
					"socket":	5,
					"start":	7.000104,
					"end":	8.000119,
					"seconds":	1.0000150203704834,
					"bytes":	3677888,
					"bits_per_second":	29422662.060715239,
					"retransmits":	0,
					"snd_cwnd":	638568,
					"snd_wnd":	1113856,
					"rtt":	106765,
					"rttvar":	2103,
					"pmtu":	1500,
					"omitted":	false,
					"sender":	true
				}],
			"sum":	{
				"start":	7.000104,
				"end":	8.000119,
				"seconds":	1.0000150203704834,
				"bytes":	3677888,
				"bits_per_second":	29422662.060715239,
				"retransmits":	0,
				"omitted":	false,
				"sender":	true
			}
		}, {
			"streams":	[{
					"socket":	5,
					"start":	8.000119,
					"end":	9.000354,
					"seconds":	1.0002349615097046,
					"bytes":	2490368,
					"bits_per_second":	19918263.974625826,
					"retransmits":	0,
					"snd_cwnd":	638568,
					"snd_wnd":	1113856,
					"rtt":	117133,
					"rttvar":	13010,
					"pmtu":	1500,
					"omitted":	false,
					"sender":	true
				}],
			"sum":	{
				"start":	8.000119,
				"end":	9.000354,
				"seconds":	1.0002349615097046,
				"bytes":	2490368,
				"bits_per_second":	19918263.974625826,
				"retransmits":	0,
				"omitted":	false,
				"sender":	true
			}
		}, {
			"streams":	[{
					"socket":	5,
					"start":	9.000354,
					"end":	10.00024,
					"seconds":	0.99988597631454468,
					"bytes":	3931544,
					"bits_per_second":	31455938.722062547,
					"retransmits":	0,
					"snd_cwnd":	638568,
					"snd_wnd":	1113856,
					"rtt":	103637,
					"rttvar":	4225,
					"pmtu":	1500,
					"omitted":	false,
					"sender":	true
				}],
			"sum":	{
				"start":	9.000354,
				"end":	10.00024,
				"seconds":	0.99988597631454468,
				"bytes":	3931544,
				"bits_per_second":	31455938.722062547,
				"retransmits":	0,
				"omitted":	false,
				"sender":	true
			}
		}],
	"end":	{
		"streams":	[{
				"sender":	{
					"socket":	5,
					"start":	0,
					"end":	10.00024,
					"seconds":	10.00024,
					"bytes":	26607000,
					"bits_per_second":	21285089.157860212,
					"retransmits":	0,
					"max_snd_cwnd":	638568,
					"max_snd_wnd":	1113856,
					"max_rtt":	186240,
					"min_rtt":	51599,
					"mean_rtt":	118660,
					"sender":	true
				},
				"receiver":	{
					"socket":	5,
					"start":	0,
					"end":	10.147785,
					"seconds":	10.00024,
					"bytes":	23855104,
					"bits_per_second":	18806156.417385664,
					"sender":	true
				}
			}],
		"sum_sent":	{
			"start":	0,
			"end":	10.00024,
			"seconds":	10.00024,
			"bytes":	26607000,
			"bits_per_second":	21285089.157860212,
			"retransmits":	0,
			"sender":	true
		},
		"sum_received":	{
			"start":	0,
			"end":	10.147785,
			"seconds":	10.147785,
			"bytes":	23855104,
			"bits_per_second":	18806156.417385664,
			"sender":	true
		},
		"cpu_utilization_percent":	{
			"host_total":	0.7810901908619392,
			"host_user":	0.0044610550879965374,
			"host_system":	0.77662913577394266,
			"remote_total":	0.780750738312956,
			"remote_user":	0,