{
	"start":	{
		"connected":	[{
				"socket":	5,
				"local_host":	"129.93.240.13",
				"local_port":	39314,
				"remote_host":	"10.53.1.3",
				"remote_port":	55001
			}],
		"version":	"iperf 3.12",
		"system_info":	"Linux rpi1 6.6.51+rpt-rpi-v8 #1 SMP PREEMPT Debian 1:6.6.51-1+rpt3 (2024-10-08) aarch64",
		"timestamp":	{
			"time":	"Thu, 22 May 2025 23:16:41 GMT",
			"timesecs":	1747955801
		},
		"connecting_to":	{
			"host":	"10.53.1.3",
			"port":	55001
		},
		"cookie":	"gaj2atqhm2dztct3koxp3oay4r5pq2mmrewg",
		"tcp_mss_default":	1448,
		"target_bitrate":	0,
		"sock_bufsize":	0,
		"sndbuf_actual":	16384,
		"rcvbuf_actual":	131072,
		"test_start":	{
			"protocol":	"TCP",
			"num_streams":	1,
			"blksize":	131072,
			"omit":	0,
			"duration":	10,
			"bytes":	0,
			"blocks":	0,
			"reverse":	0,
			"tos":	0,
			"target_bitrate":	0
		}
	},
	"intervals":	[{
			"streams":	[{
					"socket":	5,
					"start":	0,
					"end":	1.000085,
					"seconds":	1.00008499622345,
					"bytes":	1545016,
					"bits_per_second":	12359077.525085045,
					"retransmits":	0,
					"snd_cwnd":	101360,
					"snd_wnd":	507904,
					"rtt":	34358,
					"rttvar":	5915,
					"pmtu":	1500,
					"omitted":	false,
					"sender":	true
				}],
			"sum":	{
				"start":	0,
				"end":	1.000085,
				"seconds":	1.00008499622345,
				"bytes":	1545016,
				"bits_per_second":	12359077.525085045,
				"retransmits":	0,
				"omitted":	false,
				"sender":	true
			}
		}, {
			"streams":	[{
					"socket":	5,
					"start":	1.000085,
					"end":	2.000088,
					"seconds":	1.0000029802322388,
					"bytes":	3192840,
					"bits_per_second":	25542643.876989253,
					"retransmits":	0,
					"snd_cwnd":	225888,
					"snd_wnd":	902912,
					"rtt":	66352,
					"rttvar":	3079,
					"pmtu":	1500,
					"omitted":	false,
					"sender":	true
				}],
			"sum":	{
				"start":	1.000085,
				"end":	2.000088,
				"seconds":	1.0000029802322388,
				"bytes":	3192840,
				"bits_per_second":	25542643.876989253,
				"retransmits":	0,
				"omitted":	false,
				"sender":	true
			}
		}, {
			"streams":	[{
					"socket":	5,
					"start":	2.000088,
					"end":	3.000141,
					"seconds":	1.00005304813385,
					"bytes":	3844440,
					"bits_per_second":	30753888.563603066,
					"retransmits":	0,
					"snd_cwnd":	385168,
					"snd_wnd":	976000,
					"rtt":	102360,
					"rttvar":	3069,
					"pmtu":	1500,
					"omitted":	false,
					"sender":	true
				}],
			"sum":	{
				"start":	2.000088,
				"end":	3.000141,
				"seconds":	1.00005304813385,
				"bytes":	3844440,
				"bits_per_second":	30753888.563603066,
				"retransmits":	0,
				"omitted":	false,
				"sender":	true
			}
		}, {
			"streams":	[{
					"socket":	5,
					"start":	3.000141,
					"end":	4.000192,
					"seconds":	1.0000510215759277,
					"bytes":	3779280,
					"bits_per_second":	30232697.480130017,
					"retransmits":	0,
					"snd_cwnd":	535760,
					"snd_wnd":	1419264,
					"rtt":	159593,
					"rttvar":	9085,
					"pmtu":	1500,
					"omitted":	false,
					"sender":	true
				}],
			"sum":	{
				"start":	3.000141,
				"end":	4.000192,
				"seconds":	1.0000510215759277,
				"bytes":	3779280,
				"bits_per_second":	30232697.480130017,
				"retransmits":	0,
				"omitted":	false,
				"sender":	true
			}
		}, {
			"streams":	[{
					"socket":	5,
					"start":	4.000192,
					"end":	5.000144,
					"seconds":	0.99995201826095581,
					"bytes":	3629208,
					"bits_per_second":	29035057.152535427,
					"retransmits":	0,
					"snd_cwnd":	619744,
					"snd_wnd":	1419264,
					"rtt":	141022,
					"rttvar":	3527,
					"pmtu":	1500,
					"omitted":	false,
					"sender":	true
				}],
			"sum":	{
				"start":	4.000192,
				"end":	5.000144,
				"seconds":	0.99995201826095581,
				"bytes":	3629208,
				"bits_per_second":	29035057.152535427,
				"retransmits":	0,
				"omitted":	false,
				"sender":	true
			}
		}, {
			"streams":	[{
					"socket":	5,
					"start":	5.000144,
					"end":	6.000367,
					"seconds":	1.0002230405807495,
					"bytes":	2621440,
					"bits_per_second":	20966843.543039676,
					"retransmits":	0,
					"snd_cwnd":	664632,
					"snd_wnd":	1419264,
					"rtt":	157511,
					"rttvar":	4543,
					"pmtu":	1500,
					"omitted":	false,
					"sender":	true
				}],
			"sum":	{
				"start":	5.000144,
				"end":	6.000367,
				"seconds":	1.0002230405807495,
				"bytes":	2621440,
				"bits_per_second":	20966843.543039676,
				"retransmits":	0,
				"omitted":	false,
				"sender":	true
			}
		}, {
			"streams":	[{
					"socket":	5,
					"start":	6.000367,
					"end":	7.000105,
					"seconds":	0.99973797798156738,
					"bytes":	3932160,
					"bits_per_second":	31465524.66028253,
					"retransmits":	0,
					"snd_cwnd":	664632,
					"snd_wnd":	1419264,
					"rtt":	122764,
					"rttvar":	2869,
					"pmtu":	1500,
					"omitted":	false,
					"sender":	true
				}],
			"sum":	{
				"start":	6.000367,
				"end":	7.000105,
				"seconds":	0.99973797798156738,
				"bytes":	3932160,
				"bits_per_second":	31465524.66028253,
				"retransmits":	0,
				"omitted":	false,
				"sender":	true
			}
		}, {
			"streams":	[{
					"socket":	5,
					"start":	7.000105,
					"end":	8.000222,
					"seconds":	1.0001169443130493,
					"bytes":	2621440,
					"bits_per_second":	20969067.786772393,
					"retransmits":	0,
					"snd_cwnd":	664632,
					"snd_wnd":	1419264,
					"rtt":	161608,
					"rttvar":	3973,
					"pmtu":	1500,
					"omitted":	false,
					"sender":	true
				}],
			"sum":	{
				"start":	7.000105,
				"end":	8.000222,
				"seconds":	1.0001169443130493,
				"bytes":	2621440,
				"bits_per_second":	20969067.786772393,
				"retransmits":	0,
				"omitted":	false,
				"sender":	true
			}
		}, {
			"streams":	[{
					"socket":	5,
					"start":	8.000222,
					"end":	9.000393,
					"seconds":	1.0001709461212158,
					"bytes":	2621440,
					"bits_per_second":	20967935.6127371,
					"retransmits":	0,
					"snd_cwnd":	664632,
					"snd_wnd":	1419264,
					"rtt":	182460,
					"rttvar":	8629,
					"pmtu":	1500,
					"omitted":	false,
					"sender":	true
				}],
			"sum":	{
				"start":	8.000222,
				"end":	9.000393,
				"seconds":	1.0001709461212158,
				"bytes":	2621440,
				"bits_per_second":	20967935.6127371,
				"retransmits":	0,
				"omitted":	false,
				"sender":	true
			}
		}, {
			"streams":	[{
					"socket":	5,
					"start":	9.000393,
					"end":	10.000451,
					"seconds":	1.0000580549240112,
					"bytes":	2621440,
					"bits_per_second":	20970302.570677768,
					"retransmits":	0,
					"snd_cwnd":	664632,
					"snd_wnd":	1419264,
					"rtt":	152949,
					"rttvar":	17693,
					"pmtu":	1500,
					"omitted":	false,
					"sender":	true
				}],
			"sum":	{
				"start":	9.000393,
				"end":	10.000451,
				"seconds":	1.0000580549240112,
				"bytes":	2621440,
				"bits_per_second":	20970302.570677768,
				"retransmits":	0,
				"omitted":	false,
				"sender":	true
			}
		}],
	"end":	{
		"streams":	[{
				"sender":	{
					"socket":	5,
					"start":	0,
					"end":	10.000451,
					"seconds":	10.000451,
					"bytes":	30408704,
					"bits_per_second":	24325866.103438735,
					"retransmits":	0,
					"max_snd_cwnd":	664632,
					"max_snd_wnd":	1419264,
					"max_rtt":	182460,
					"min_rtt":	34358,
					"mean_rtt":	128097,
					"sender":	true
				},
				"receiver":	{
					"socket":	5,
					"start":	0,
					"end":	10.13921,
					"seconds":	10.000451,
					"bytes":	27787264,
					"bits_per_second":	21924598.859279964,
					"sender":	true
				}
			}],
		"sum_sent":	{
			"start":	0,
			"end":	10.000451,
			"seconds":	10.000451,
			"bytes":	30408704,
			"bits_per_second":	24325866.103438735,
			"retransmits":	0,
			"sender":	true
		},
		"sum_received":	{
			"start":	0,
			"end":	10.13921,
			"seconds":	10.13921,
			"bytes":	27787264,
			"bits_per_second":	21924598.859279964,
			"sender":	true
		},
		"cpu_utilization_percent":	{
			"host_total":	0.621086403714396,
			"host_user":	0.03833119621703631,
			"host_system":	0.58276512757919641,
			"remote_total":	0.83415670354194826,
			"remote_user":	0.0662180983905866,