{
	"start":	{
		"connected":	[{
				"socket":	5,
				"local_host":	"129.93.240.13",
				"local_port":	54654,
				"remote_host":	"10.53.1.3",
				"remote_port":	55001
			}],
		"version":	"iperf 3.12",
		"system_info":	"Linux rpi1 6.6.51+rpt-rpi-v8 #1 SMP PREEMPT Debian 1:6.6.51-1+rpt3 (2024-10-08) aarch64",
		"timestamp":	{
			"time":	"Thu, 22 May 2025 23:23:27 GMT",
			"timesecs":	1747956207
		},
		"connecting_to":	{
			"host":	"10.53.1.3",
			"port":	55001
		},
		"cookie":	"7yjcc2i62r2gackdiavsgmephibgw4yv7nlg",
		"tcp_mss_default":	1448,
		"target_bitrate":	0,
		"sock_bufsize":	0,
		"sndbuf_actual":	16384,
		"rcvbuf_actual":	131072,
		"test_start":	{
			"protocol":	"TCP",
			"num_streams":	1,
			"blksize":	131072,
			"omit":	0,
			"duration":	10,
			"bytes":	0,
			"blocks":	0,
			"reverse":	0,
			"tos":	0,
			"target_bitrate":	0
		}
	},
	"intervals":	[{
			"streams":	[{
					"socket":	5,
					"start":	0,
					"end":	1.000233,
					"seconds":	1.0002330541610718,
					"bytes":	984640,
					"bits_per_second":	7875284.632146854,
					"retransmits":	0,
					"snd_cwnd":	76744,
					"snd_wnd":	578432,
					"rtt":	51201,
					"rttvar":	31444,
					"pmtu":	1500,
					"omitted":	false,
					"sender":	true
				}],
			"sum":	{
				"start":	0,
				"end":	1.000233,
				"seconds":	1.0002330541610718,
				"bytes":	984640,
				"bits_per_second":	7875284.632146854,
				"retransmits":	0,
				"omitted":	false,
				"sender":	true
			}
		}, {
			"streams":	[{
					"socket":	5,
					"start":	1.000233,
					"end":	2.000101,
					"seconds":	0.99986797571182251,
					"bytes":	4039920,
					"bits_per_second":	32323627.50391252,
					"retransmits":	0,
					"snd_cwnd":	227336,
					"snd_wnd":	726272,
					"rtt":	64448,
					"rttvar":	2836,
					"pmtu":	1500,
					"omitted":	false,
					"sender":	true
				}],
			"sum":	{
				"start":	1.000233,
				"end":	2.000101,
				"seconds":	0.99986797571182251,
				"bytes":	4039920,
				"bits_per_second":	32323627.50391252,
				"retransmits":	0,
				"omitted":	false,
				"sender":	true
			}
		}, {
			"streams":	[{
					"socket":	5,
					"start":	2.000101,
					"end":	3.000152,
					"seconds":	1.0000510215759277,
					"bytes":	3844440,
					"bits_per_second":	30753950.884959847,
					"retransmits":	0,
					"snd_cwnd":	393856,
					"snd_wnd":	823296,
					"rtt":	103320,
					"rttvar":	2521,
					"pmtu":	1500,
					"omitted":	false,
					"sender":	true
				}],
			"sum":	{
				"start":	2.000101,
				"end":	3.000152,
				"seconds":	1.0000510215759277,
				"bytes":	3844440,
				"bits_per_second":	30753950.884959847,
				"retransmits":	0,
				"omitted":	false,
				"sender":	true
			}
		}, {
			"streams":	[{
					"socket":	5,
					"start":	3.000152,
					"end":	4.000129,
					"seconds":	0.9999769926071167,
					"bytes":	5082480,
					"bits_per_second":	40660775.498436831,
					"retransmits":	0,
					"snd_cwnd":	584992,
					"snd_wnd":	1155584,
					"rtt":	100859,
					"rttvar":	1151,
					"pmtu":	1500,
					"omitted":	false,
					"sender":	true
				}],
			"sum":	{
				"start":	3.000152,
				"end":	4.000129,
				"seconds":	0.9999769926071167,
				"bytes":	5082480,
				"bits_per_second":	40660775.498436831,
				"retransmits":	0,
				"omitted":	false,
				"sender":	true
			}
		}, {
			"streams":	[{
					"socket":	5,
					"start":	4.000129,
					"end":	5.000267,
					"seconds":	1.0001380443573,
					"bytes":	3714120,
					"bits_per_second":	29708858.859672606,
					"retransmits":	0,
					"snd_cwnd":	638568,
					"snd_wnd":	1155584,
					"rtt":	107421,
					"rttvar":	7274,
					"pmtu":	1500,
					"omitted":	false,
					"sender":	true
				}],
			"sum":	{
				"start":	4.000129,
				"end":	5.000267,
				"seconds":	1.0001380443573,
				"bytes":	3714120,
				"bits_per_second":	29708858.859672606,
				"retransmits":	0,
				"omitted":	false,
				"sender":	true
			}
		}, {
			"streams":	[{
					"socket":	5,
					"start":	5.000267,
					"end":	6.000187,
					"seconds":	0.99992001056671143,
					"bytes":	3699136,
					"bits_per_second":	29595455.323699258,
					"retransmits":	0,
					"snd_cwnd":	638568,
					"snd_wnd":	1155584,
					"rtt":	138933,
					"rttvar":	1572,
					"pmtu":	1500,
					"omitted":	false,
					"sender":	true
				}],
			"sum":	{
				"start":	5.000267,
				"end":	6.000187,
				"seconds":	0.99992001056671143,
				"bytes":	3699136,
				"bits_per_second":	29595455.323699258,
				"retransmits":	0,
				"omitted":	false,
				"sender":	true
			}
		}, {
			"streams":	[{
					"socket":	5,
					"start":	6.000187,
					"end":	7.00018,
					"seconds":	0.99999302625656128,
					"bytes":	3801088,
					"bits_per_second":	30408916.063978881,
					"retransmits":	0,
					"snd_cwnd":	638568,
					"snd_wnd":	1155584,
					"rtt":	159653,
					"rttvar":	4863,
					"pmtu":	1500,
					"omitted":	false,
					"sender":	true
				}],
			"sum":	{
				"start":	6.000187,
				"end":	7.00018,
				"seconds":	0.99999302625656128,
				"bytes":	3801088,
				"bits_per_second":	30408916.063978881,
				"retransmits":	0,
				"omitted":	false,
				"sender":	true
			}
		}, {
			"streams":	[{
					"socket":	5,
					"start":	7.00018,
					"end":	8.000365,
					"seconds":	1.0001850128173828,
					"bytes":	2490368,
					"bits_per_second":	19919258.6818311,
					"retransmits":	0,
					"snd_cwnd":	638568,
					"snd_wnd":	1155584,
					"rtt":	123129,
					"rttvar":	2754,
					"pmtu":	1500,
					"omitted":	false,
					"sender":	true
				}],
			"sum":	{
				"start":	7.00018,
				"end":	8.000365,
				"seconds":	1.0001850128173828,
				"bytes":	2490368,
				"bits_per_second":	19919258.6818311,
				"retransmits":	0,
				"omitted":	false,
				"sender":	true
			}
		}, {
			"streams":	[{
					"socket":	5,
					"start":	8.000365,
					"end":	9.000208,
					"seconds":	0.99984300136566162,
					"bytes":	3801088,
					"bits_per_second":	30413478.8746488,
					"retransmits":	0,
					"snd_cwnd":	638568,
					"snd_wnd":	1155584,
					"rtt":	154624,
					"rttvar":	3955,
					"pmtu":	1500,
					"omitted":	false,
					"sender":	true
				}],
			"sum":	{
				"start":	8.000365,
				"end":	9.000208,
				"seconds":	0.99984300136566162,
				"bytes":	3801088,
				"bits_per_second":	30413478.8746488,
				"retransmits":	0,
				"omitted":	false,
				"sender":	true
			}
		}, {
			"streams":	[{
					"socket":	5,
					"start":	9.000208,
					"end":	10.000166,
					"seconds":	0.99995797872543335,
					"bytes":	3931840,
					"bits_per_second":	31456041.822970223,
					"retransmits":	0,
					"snd_cwnd":	638568,
					"snd_wnd":	1155584,
					"rtt":	140152,
					"rttvar":	1482,
					"pmtu":	1500,
					"omitted":	false,
					"sender":	true
				}],
			"sum":	{
				"start":	9.000208,
				"end":	10.000166,
				"seconds":	0.99995797872543335,
				"bytes":	3931840,
				"bits_per_second":	31456041.822970223,
				"retransmits":	0,
				"omitted":	false,
				"sender":	true
			}
		}],
	"end":	{
		"streams":	[{
				"sender":	{
					"socket":	5,
					"start":	0,
					"end":	10.000166,
					"seconds":	10.000166,
					"bytes":	35389120,
					"bits_per_second":	28310826.040287729,
					"retransmits":	0,
					"max_snd_cwnd":	638568,
					"max_snd_wnd":	1155584,
					"max_rtt":	159653,
					"min_rtt":	51201,
					"mean_rtt":	114374,
					"sender":	true
				},
				"receiver":	{
					"socket":	5,
					"start":	0,
					"end":	10.10591,
					"seconds":	10.000166,
					"bytes":	32243712,
					"bits_per_second":	25524638.157276288,
					"sender":	true
				}
			}],
		"sum_sent":	{
			"start":	0,
			"end":	10.000166,
			"seconds":	10.000166,
			"bytes":	35389120,
			"bits_per_second":	28310826.040287729,
			"retransmits":	0,
			"sender":	true
		},
		"sum_received":	{
			"start":	0,
			"end":	10.10591,
			"seconds":	10.10591,
			"bytes":	32243712,
			"bits_per_second":	25524638.157276288,
			"sender":	true
		},
		"cpu_utilization_percent":	{
			"host_total":	0.66298177712797268,
			"host_user":	0.048372271588959938,
			"host_system":	0.614599691728587,
			"remote_total":	1.0805938100668666,
			"remote_user":	0.12697501713103948,