{
	"start":	{
		"connected":	[{
				"socket":	5,
				"local_host":	"192.168.225.37",
				"local_port":	42718,
				"remote_host":	"129.93.208.46",
				"remote_port":	56000
			}],
		"version":	"iperf 3.12",
		"system_info":	"Linux rpi 6.12.20+rpt-rpi-v8 #1 SMP PREEMPT Debian 1:6.12.20-1+rpt1~bpo12+1 (2025-03-19) aarch64",
		"timestamp":	{
			"time":	"Sun, 11 May 2025 22:46:31 GMT",
			"timesecs":	1747003591
		},
		"connecting_to":	{
			"host":	"129.93.208.46",
			"port":	56000
		},
		"cookie":	"bk3j2rvle4kyj4bfwdhft6vxfatnoxywj2qe",
		"tcp_mss_default":	1448,
		"target_bitrate":	0,
		"sock_bufsize":	0,
		"sndbuf_actual":	16384,
		"rcvbuf_actual":	131072,
		"test_start":	{
			"protocol":	"TCP",
			"num_streams":	1,
			"blksize":	131072,
			"omit":	0,
			"duration":	10,
			"bytes":	0,
			"blocks":	0,
			"reverse":	0,
			"tos":	0,
			"target_bitrate":	0
		}
	},
	"intervals":	[{
			"streams":	[{
					"socket":	5,
					"start":	0,
					"end":	1.000097,
					"seconds":	1.0000970363616943,
					"bytes":	2130008,
					"bits_per_second":	17038410.65462102,
					"retransmits":	0,
					"snd_cwnd":	114392,
					"snd_wnd":	697344,
					"rtt":	62242,
					"rttvar":	2328,
					"pmtu":	1500,
					"omitted":	false,
					"sender":	true
				}],
			"sum":	{
				"start":	0,
				"end":	1.000097,
				"seconds":	1.0000970363616943,
				"bytes":	2130008,
				"bits_per_second":	17038410.65462102,
				"retransmits":	0,
				"omitted":	false,
				"sender":	true
			}
		}, {
			"streams":	[{
					"socket":	5,
					"start":	1.000097,
					"end":	2.000261,
					"seconds":	1.0001640319824219,
					"bytes":	2019960,
					"bits_per_second":	16157029.730383277,
					"retransmits":	7,
					"snd_cwnd":	166520,
					"snd_wnd":	697344,
					"rtt":	107049,
					"rttvar":	2426,
					"pmtu":	1500,
					"omitted":	false,
					"sender":	true
				}],
			"sum":	{
				"start":	1.000097,
				"end":	2.000261,
				"seconds":	1.0001640319824219,
				"bytes":	2019960,
				"bits_per_second":	16157029.730383277,
				"retransmits":	7,
				"omitted":	false,
				"sender":	true
			}
		}, {
			"streams":	[{
					"socket":	5,
					"start":	2.000261,
					"end":	3.000289,
					"seconds":	1.0000280141830444,
					"bytes":	1563840,
					"bits_per_second":	12510369.53221797,
					"retransmits":	16,
					"snd_cwnd":	112944,
					"snd_wnd":	3096576,
					"rtt":	64081,
					"rttvar":	531,
					"pmtu":	1500,
					"omitted":	false,
					"sender":	true
				}],
			"sum":	{
				"start":	2.000261,
				"end":	3.000289,
				"seconds":	1.0000280141830444,
				"bytes":	1563840,
				"bits_per_second":	12510369.53221797,
				"retransmits":	16,
				"omitted":	false,
				"sender":	true
			}
		}, {
			"streams":	[{
					"socket":	5,
					"start":	3.000289,
					"end":	4.000248,
					"seconds":	0.99995899200439453,
					"bytes":	1824480,
					"bits_per_second":	14596438.570688762,
					"retransmits":	0,
					"snd_cwnd":	125976,
					"snd_wnd":	3840384,
					"rtt":	72378,
					"rttvar":	1632,
					"pmtu":	1500,
					"omitted":	false,
					"sender":	true
				}],
			"sum":	{
				"start":	3.000289,
				"end":	4.000248,
				"seconds":	0.99995899200439453,
				"bytes":	1824480,
				"bits_per_second":	14596438.570688762,
				"retransmits":	0,
				"omitted":	false,
				"sender":	true
			}
		}, {
			"streams":	[{
					"socket":	5,
					"start":	4.000248,
					"end":	5.000205,
					"seconds":	0.999957025051117,
					"bytes":	1824480,
					"bits_per_second":	14596467.282435335,
					"retransmits":	0,
					"snd_cwnd":	131768,
					"snd_wnd":	3840384,
					"rtt":	74515,
					"rttvar":	1432,
					"pmtu":	1500,
					"omitted":	false,
					"sender":	true
				}],
			"sum":	{
				"start":	4.000248,
				"end":	5.000205,
				"seconds":	0.999957025051117,
				"bytes":	1824480,
				"bits_per_second":	14596467.282435335,
				"retransmits":	0,
				"omitted":	false,
				"sender":	true
			}
		}, {
			"streams":	[{
					"socket":	5,
					"start":	5.000205,
					"end":	6.000147,
					"seconds":	0.99994200468063354,
					"bytes":	1824480,
					"bits_per_second":	14596686.539497551,
					"retransmits":	0,
					"snd_cwnd":	141904,
					"snd_wnd":	3840384,
					"rtt":	80954,
					"rttvar":	1545,
					"pmtu":	1500,
					"omitted":	false,
					"sender":	true
				}],
			"sum":	{
				"start":	5.000205,
				"end":	6.000147,
				"seconds":	0.99994200468063354,
				"bytes":	1824480,
				"bits_per_second":	14596686.539497551,
				"retransmits":	0,
				"omitted":	false,
				"sender":	true
			}
		}, {
			"streams":	[{
					"socket":	5,
					"start":	6.000147,
					"end":	7.0001,
					"seconds":	0.99995297193527222,
					"bytes":	1824480,
					"bits_per_second":	14596526.446390521,
					"retransmits":	0,
					"snd_cwnd":	150592,
					"snd_wnd":	3840384,
					"rtt":	86881,
					"rttvar":	1736,
					"pmtu":	1500,
					"omitted":	false,
					"sender":	true
				}],
			"sum":	{
				"start":	6.000147,
				"end":	7.0001,
				"seconds":	0.99995297193527222,
				"bytes":	1824480,
				"bits_per_second":	14596526.446390521,
				"retransmits":	0,
				"omitted":	false,
				"sender":	true
			}
		}, {
			"streams":	[{
					"socket":	5,
					"start":	7.0001,
					"end":	8.0003,
					"seconds":	1.0002000331878662,
					"bytes":	1368360,
					"bits_per_second":	10944690.698629344,
					"retransmits":	0,
					"snd_cwnd":	159280,
					"snd_wnd":	3840384,
					"rtt":	91731,
					"rttvar":	1007,
					"pmtu":	1500,
					"omitted":	false,
					"sender":	true
				}],
			"sum":	{
				"start":	7.0001,
				"end":	8.0003,
				"seconds":	1.0002000331878662,
				"bytes":	1368360,
				"bits_per_second":	10944690.698629344,
				"retransmits":	0,
				"omitted":	false,
				"sender":	true
			}
		}, {
			"streams":	[{
					"socket":	5,
					"start":	8.0003,
					"end":	9.000253,
					"seconds":	0.99995297193527222,
					"bytes":	1824480,
					"bits_per_second":	14596526.446390521,
					"retransmits":	0,
					"snd_cwnd":	167968,
					"snd_wnd":	3840384,
					"rtt":	95630,
					"rttvar":	1815,
					"pmtu":	1500,
					"omitted":	false,
					"sender":	true
				}],
			"sum":	{
				"start":	8.0003,
				"end":	9.000253,
				"seconds":	0.99995297193527222,
				"bytes":	1824480,
				"bits_per_second":	14596526.446390521,
				"retransmits":	0,
				"omitted":	false,
				"sender":	true
			}
		}, {
			"streams":	[{
					"socket":	5,
					"start":	9.000253,
					"end":	10.00025,
					"seconds":	0.99999701976776123,
					"bytes":	1824480,
					"bits_per_second":	14595883.499122558,
					"retransmits":	0,
					"snd_cwnd":	175208,
					"snd_wnd":	3840384,
					"rtt":	100466,
					"rttvar":	543,
					"pmtu":	1500,
					"omitted":	false,
					"sender":	true
				}],
			"sum":	{
				"start":	9.000253,
				"end":	10.00025,
				"seconds":	0.99999701976776123,
				"bytes":	1824480,
				"bits_per_second":	14595883.499122558,
				"retransmits":	0,
				"omitted":	false,
				"sender":	true
			}
		}],
	"end":	{
		"streams":	[{
				"sender":	{
					"socket":	5,
					"start":	0,
					"end":	10.00025,
					"seconds":	10.00025,
					"bytes":	18029048,
					"bits_per_second":	14422877.8280543,
					"retransmits":	23,
					"max_snd_cwnd":	175208,
					"max_snd_wnd":	3840384,
					"max_rtt":	107049,
					"min_rtt":	62242,
					"mean_rtt":	83592,
					"sender":	true
				},
				"receiver":	{
					"socket":	5,
					"start":	0,
					"end":	10.102782,
					"seconds":	10.00025,
					"bytes":	17170432,
					"bits_per_second":	13596597.056137607,
					"sender":	true
				}
			}],
		"sum_sent":	{
			"start":	0,
			"end":	10.00025,
			"seconds":	10.00025,
			"bytes":	18029048,
			"bits_per_second":	14422877.8280543,
			"retransmits":	23,
			"sender":	true
		},
		"sum_received":	{
			"start":	0,
			"end":	10.102782,
			"seconds":	10.102782,
			"bytes":	17170432,
			"bits_per_second":	13596597.056137607,
			"sender":	true
		},
		"cpu_utilization_percent":	{
			"host_total":	0.61897335547569354,
			"host_user":	0.1092392733635336,
			"host_system":	0.50968488852783,
			"remote_total":	0.89163250210312628,
			"remote_user":	0.082660113510914832,