{
	"start":	{
		"connected":	[{
				"socket":	5,
				"local_host":	"192.168.225.46",
				"local_port":	33532,
				"remote_host":	"129.93.208.46",
				"remote_port":	56000
			}],
		"version":	"iperf 3.12",
		"system_info":	"Linux rpi 6.12.20+rpt-rpi-v8 #1 SMP PREEMPT Debian 1:6.12.20-1+rpt1~bpo12+1 (2025-03-19) aarch64",
		"timestamp":	{
			"time":	"Sun, 11 May 2025 22:53:50 GMT",
			"timesecs":	1747004030
		},
		"connecting_to":	{
			"host":	"129.93.208.46",
			"port":	56000
		},
		"cookie":	"7rl7secfpnclvywyroh5g2b7kvjbfc4vm4ey",
		"tcp_mss_default":	1448,
		"target_bitrate":	0,
		"sock_bufsize":	0,
		"sndbuf_actual":	16384,
		"rcvbuf_actual":	131072,
		"test_start":	{
			"protocol":	"TCP",
			"num_streams":	1,
			"blksize":	131072,
			"omit":	0,
			"duration":	10,
			"bytes":	0,
			"blocks":	0,
			"reverse":	0,
			"tos":	0,
			"target_bitrate":	0
		}
	},
	"intervals":	[{
			"streams":	[{
					"socket":	5,
					"start":	0,
					"end":	1.000162,
					"seconds":	1.0001620054244995,
					"bytes":	1666648,
					"bits_per_second":	13331024.301748982,
					"retransmits":	15,
					"snd_cwnd":	52128,
					"snd_wnd":	551168,
					"rtt":	40781,
					"rttvar":	3060,
					"pmtu":	1500,
					"omitted":	false,
					"sender":	true
				}],
			"sum":	{
				"start":	0,
				"end":	1.000162,
				"seconds":	1.0001620054244995,
				"bytes":	1666648,
				"bits_per_second":	13331024.301748982,
				"retransmits":	15,
				"omitted":	false,
				"sender":	true
			}
		}, {
			"streams":	[{
					"socket":	5,
					"start":	1.000162,
					"end":	2.000217,
					"seconds":	1.0000549554824829,
					"bytes":	781920,
					"bits_per_second":	6255016.2525639022,
					"retransmits":	9,
					"snd_cwnd":	36200,
					"snd_wnd":	551168,
					"rtt":	50582,
					"rttvar":	7612,
					"pmtu":	1500,
					"omitted":	false,
					"sender":	true
				}],
			"sum":	{
				"start":	1.000162,
				"end":	2.000217,
				"seconds":	1.0000549554824829,
				"bytes":	781920,
				"bits_per_second":	6255016.2525639022,
				"retransmits":	9,
				"omitted":	false,
				"sender":	true
			}
		}, {
			"streams":	[{
					"socket":	5,
					"start":	2.000217,
					"end":	3.000152,
					"seconds":	0.99993497133255,
					"bytes":	781920,
					"bits_per_second":	6255766.8041791534,
					"retransmits":	3,
					"snd_cwnd":	39096,
					"snd_wnd":	551168,
					"rtt":	38623,
					"rttvar":	4810,
					"pmtu":	1500,
					"omitted":	false,
					"sender":	true
				}],
			"sum":	{
				"start":	2.000217,
				"end":	3.000152,
				"seconds":	0.99993497133255,
				"bytes":	781920,
				"bits_per_second":	6255766.8041791534,
				"retransmits":	3,
				"omitted":	false,
				"sender":	true
			}
		}, {
			"streams":	[{
					"socket":	5,
					"start":	3.000152,
					"end":	4.000284,
					"seconds":	1.0001319646835327,
					"bytes":	781920,
					"bits_per_second":	6254534.62231792,
					"retransmits":	4,
					"snd_cwnd":	26064,
					"snd_wnd":	551168,
					"rtt":	40357,
					"rttvar":	915,
					"pmtu":	1500,
					"omitted":	false,
					"sender":	true
				}],
			"sum":	{
				"start":	3.000152,
				"end":	4.000284,
				"seconds":	1.0001319646835327,
				"bytes":	781920,
				"bits_per_second":	6254534.62231792,
				"retransmits":	4,
				"omitted":	false,
				"sender":	true
			}
		}, {
			"streams":	[{
					"socket":	5,
					"start":	4.000284,
					"end":	5.000301,
					"seconds":	1.0000170469284058,
					"bytes":	781920,
					"bits_per_second":	6255253.36714369,
					"retransmits":	0,
					"snd_cwnd":	44888,
					"snd_wnd":	551168,
					"rtt":	44756,
					"rttvar":	6339,
					"pmtu":	1500,
					"omitted":	false,
					"sender":	true
				}],
			"sum":	{
				"start":	4.000284,
				"end":	5.000301,
				"seconds":	1.0000170469284058,
				"bytes":	781920,
				"bits_per_second":	6255253.36714369,
				"retransmits":	0,
				"omitted":	false,
				"sender":	true
			}
		}, {
			"streams":	[{
					"socket":	5,
					"start":	5.000301,
					"end":	6.000099,
					"seconds":	0.9997979998588562,
					"bytes":	1563840,
					"bits_per_second":	12513247.677797083,
					"retransmits":	8,
					"snd_cwnd":	46336,
					"snd_wnd":	551168,
					"rtt":	39265,
					"rttvar":	1733,
					"pmtu":	1500,
					"omitted":	false,
					"sender":	true
				}],
			"sum":	{
				"start":	5.000301,
				"end":	6.000099,
				"seconds":	0.9997979998588562,
				"bytes":	1563840,
				"bits_per_second":	12513247.677797083,
				"retransmits":	8,
				"omitted":	false,
				"sender":	true
			}
		}, {
			"streams":	[{
					"socket":	5,
					"start":	6.000099,
					"end":	7.0001,
					"seconds":	1.0000009536743164,
					"bytes":	781920,
					"bits_per_second":	6255354.0344295176,
					"retransmits":	8,
					"snd_cwnd":	30408,
					"snd_wnd":	551168,
					"rtt":	40933,
					"rttvar":	7856,
					"pmtu":	1500,
					"omitted":	false,
					"sender":	true
				}],
			"sum":	{
				"start":	6.000099,
				"end":	7.0001,
				"seconds":	1.0000009536743164,
				"bytes":	781920,
				"bits_per_second":	6255354.0344295176,
				"retransmits":	8,
				"omitted":	false,
				"sender":	true
			}
		}, {
			"streams":	[{
					"socket":	5,
					"start":	7.0001,
					"end":	8.000099,
					"seconds":	0.99999898672103882,
					"bytes":	1042560,
					"bits_per_second":	8340488.4512414737,
					"retransmits":	0,
					"snd_cwnd":	50680,
					"snd_wnd":	551168,
					"rtt":	47521,
					"rttvar":	8765,
					"pmtu":	1500,
					"omitted":	false,
					"sender":	true
				}],
			"sum":	{
				"start":	7.0001,
				"end":	8.000099,
				"seconds":	0.99999898672103882,
				"bytes":	1042560,
				"bits_per_second":	8340488.4512414737,
				"retransmits":	0,
				"omitted":	false,
				"sender":	true
			}
		}, {
			"streams":	[{
					"socket":	5,
					"start":	8.000099,
					"end":	9.00012,
					"seconds":	1.0000209808349609,
					"bytes":	781920,
					"bits_per_second":	6255228.7600777419,
					"retransmits":	6,
					"snd_cwnd":	34752,
					"snd_wnd":	551168,
					"rtt":	55474,
					"rttvar":	6204,
					"pmtu":	1500,
					"omitted":	false,
					"sender":	true
				}],
			"sum":	{
				"start":	8.000099,
				"end":	9.00012,
				"seconds":	1.0000209808349609,
				"bytes":	781920,
				"bits_per_second":	6255228.7600777419,
				"retransmits":	6,
				"omitted":	false,
				"sender":	true
			}
		}, {
			"streams":	[{
					"socket":	5,
					"start":	9.00012,
					"end":	10.000158,
					"seconds":	1.0000380277633667,
					"bytes":	781920,
					"bits_per_second":	6255122.1316957464,
					"retransmits":	4,
					"snd_cwnd":	40544,
					"snd_wnd":	549632,
					"rtt":	29707,
					"rttvar":	3887,
					"pmtu":	1500,
					"omitted":	false,
					"sender":	true
				}],
			"sum":	{
				"start":	9.00012,
				"end":	10.000158,
				"seconds":	1.0000380277633667,
				"bytes":	781920,
				"bits_per_second":	6255122.1316957464,
				"retransmits":	4,
				"omitted":	false,
				"sender":	true
			}
		}],
	"end":	{
		"streams":	[{
				"sender":	{
					"socket":	5,
					"start":	0,
					"end":	10.000158,
					"seconds":	10.000158,
					"bytes":	9746488,
					"bits_per_second":	7797067.20633814,
					"retransmits":	57,
					"max_snd_cwnd":	52128,
					"max_snd_wnd":	551168,
					"max_rtt":	55474,
					"min_rtt":	29707,
					"mean_rtt":	42799,
					"sender":	true
				},
				"receiver":	{
					"socket":	5,
					"start":	0,
					"end":	10.027692,
					"seconds":	10.000158,
					"bytes":	9175040,
					"bits_per_second":	7319762.11475183,
					"sender":	true
				}
			}],
		"sum_sent":	{
			"start":	0,
			"end":	10.000158,
			"seconds":	10.000158,
			"bytes":	9746488,
			"bits_per_second":	7797067.20633814,
			"retransmits":	57,
			"sender":	true
		},
		"sum_received":	{
			"start":	0,
			"end":	10.027692,
			"seconds":	10.027692,
			"bytes":	9175040,
			"bits_per_second":	7319762.11475183,
			"sender":	true
		},
		"cpu_utilization_percent":	{
			"host_total":	0.54499761364845445,
			"host_user":	0.04585692658590506,
			"host_system":	0.49915052971689278,
			"remote_total":	1.2686156808409346,
			"remote_user":	0.13446749813666181,
			"remote_system":	1.1341681274533288
		},