{
	"start":	{
		"connected":	[{
				"socket":	5,
				"local_host":	"192.168.225.54",
				"local_port":	59214,
				"remote_host":	"129.93.208.46",
				"remote_port":	56000
			}],
		"version":	"iperf 3.12",
		"system_info":	"Linux rpi 6.12.20+rpt-rpi-v8 #1 SMP PREEMPT Debian 1:6.12.20-1+rpt1~bpo12+1 (2025-03-19) aarch64",
		"timestamp":	{
			"time":	"Sun, 11 May 2025 23:15:10 GMT",
			"timesecs":	1747005310
		},
		"connecting_to":	{
			"host":	"129.93.208.46",
			"port":	56000
		},
		"cookie":	"yje7v4ne7wtv2mmxnz4ujz2ykgtefut4nlbp",
		"tcp_mss_default":	1448,
		"target_bitrate":	0,
		"sock_bufsize":	0,
		"sndbuf_actual":	16384,
		"rcvbuf_actual":	131072,
		"test_start":	{
			"protocol":	"TCP",
			"num_streams":	1,
			"blksize":	131072,
			"omit":	0,
			"duration":	10,
			"bytes":	0,
			"blocks":	0,
			"reverse":	0,
			"tos":	0,
			"target_bitrate":	0
		}
	},
	"intervals":	[{
			"streams":	[{
					"socket":	5,
					"start":	0,
					"end":	1.000172,
					"seconds":	1.0001720190048218,
					"bytes":	5267824,
					"bits_per_second":	42135343.920071043,
					"retransmits":	0,
					"snd_cwnd":	403992,
					"snd_wnd":	1109248,
					"rtt":	100413,
					"rttvar":	965,
					"pmtu":	1500,
					"omitted":	false,
					"sender":	true
				}],
			"sum":	{
				"start":	0,
				"end":	1.000172,
				"seconds":	1.0001720190048218,
				"bytes":	5267824,
				"bits_per_second":	42135343.920071043,
				"retransmits":	0,
				"omitted":	false,
				"sender":	true
			}
		}, {
			"streams":	[{
					"socket":	5,
					"start":	1.000172,
					"end":	2.000366,
					"seconds":	1.0001939535140991,
					"bytes":	3909600,
					"bits_per_second":	31270734.931071658,
					"retransmits":	22,
					"snd_cwnd":	364896,
					"snd_wnd":	3084288,
					"rtt":	96245,
					"rttvar":	1200,
					"pmtu":	1500,
					"omitted":	false,
					"sender":	true
				}],
			"sum":	{
				"start":	1.000172,
				"end":	2.000366,
				"seconds":	1.0001939535140991,
				"bytes":	3909600,
				"bits_per_second":	31270734.931071658,
				"retransmits":	22,
				"omitted":	false,
				"sender":	true
			}
		}, {
			"streams":	[{
					"socket":	5,
					"start":	2.000366,
					"end":	3.000223,
					"seconds":	0.999857008457184,
					"bytes":	4170240,
					"bits_per_second":	33366691.154646873,
					"retransmits":	0,
					"snd_cwnd":	421368,
					"snd_wnd":	4176512,
					"rtt":	110507,
					"rttvar":	1293,
					"pmtu":	1500,
					"omitted":	false,
					"sender":	true
				}],
			"sum":	{
				"start":	2.000366,
				"end":	3.000223,
				"seconds":	0.999857008457184,
				"bytes":	4170240,
				"bits_per_second":	33366691.154646873,
				"retransmits":	0,
				"omitted":	false,
				"sender":	true
			}
		}, {
			"streams":	[{
					"socket":	5,
					"start":	3.000223,
					"end":	4.000234,
					"seconds":	1.0000109672546387,
					"bytes":	4170240,
					"bits_per_second":	33361554.115340874,
					"retransmits":	0,
					"snd_cwnd":	460464,
					"snd_wnd":	4176512,
					"rtt":	103222,
					"rttvar":	1109,
					"pmtu":	1500,
					"omitted":	false,
					"sender":	true
				}],
			"sum":	{
				"start":	3.000223,
				"end":	4.000234,
				"seconds":	1.0000109672546387,
				"bytes":	4170240,
				"bits_per_second":	33361554.115340874,
				"retransmits":	0,
				"omitted":	false,
				"sender":	true
			}
		}, {
			"streams":	[{
					"socket":	5,
					"start":	4.000234,
					"end":	5.000214,
					"seconds":	0.99997997283935547,
					"bytes":	4365720,
					"bits_per_second":	34926459.4778147,
					"retransmits":	4,
					"snd_cwnd":	344624,
					"snd_wnd":	4177920,
					"rtt":	82160,
					"rttvar":	1670,
					"pmtu":	1500,
					"omitted":	false,
					"sender":	true
				}],
			"sum":	{
				"start":	4.000234,
				"end":	5.000214,
				"seconds":	0.99997997283935547,
				"bytes":	4365720,
				"bits_per_second":	34926459.4778147,
				"retransmits":	4,
				"omitted":	false,
				"sender":	true
			}
		}, {
			"streams":	[{
					"socket":	5,
					"start":	5.000214,
					"end":	6.000223,
					"seconds":	1.0000089406967163,
					"bytes":	4170240,
					"bits_per_second":	33361621.7238582,
					"retransmits":	0,
					"snd_cwnd":	373584,
					"snd_wnd":	4177920,
					"rtt":	87596,
					"rttvar":	1735,
					"pmtu":	1500,
					"omitted":	false,
					"sender":	true
				}],
			"sum":	{
				"start":	5.000214,
				"end":	6.000223,
				"seconds":	1.0000089406967163,
				"bytes":	4170240,
				"bits_per_second":	33361621.7238582,
				"retransmits":	0,
				"omitted":	false,
				"sender":	true
			}
		}, {
			"streams":	[{
					"socket":	5,
					"start":	6.000223,
					"end":	7.00024,
					"seconds":	1.0000170469284058,
					"bytes":	4170240,
					"bits_per_second":	33361351.291433014,
					"retransmits":	0,
					"snd_cwnd":	390960,
					"snd_wnd":	4177920,
					"rtt":	92389,
					"rttvar":	1261,
					"pmtu":	1500,
					"omitted":	false,
					"sender":	true
				}],
			"sum":	{
				"start":	6.000223,
				"end":	7.00024,
				"seconds":	1.0000170469284058,
				"bytes":	4170240,
				"bits_per_second":	33361351.291433014,
				"retransmits":	0,
				"omitted":	false,
				"sender":	true
			}
		}, {
			"streams":	[{
					"socket":	5,
					"start":	7.00024,
					"end":	8.000259,
					"seconds":	1.0000189542770386,
					"bytes":	4170240,
					"bits_per_second":	33361287.66091131,
					"retransmits":	0,
					"snd_cwnd":	399648,
					"snd_wnd":	4177920,
					"rtt":	91642,
					"rttvar":	909,
					"pmtu":	1500,
					"omitted":	false,
					"sender":	true
				}],
			"sum":	{
				"start":	7.00024,
				"end":	8.000259,
				"seconds":	1.0000189542770386,
				"bytes":	4170240,
				"bits_per_second":	33361287.66091131,
				"retransmits":	0,
				"omitted":	false,
				"sender":	true
			}
		}, {
			"streams":	[{
					"socket":	5,
					"start":	8.000259,
					"end":	9.000291,
					"seconds":	1.0000319480895996,
					"bytes":	4170240,
					"bits_per_second":	33360854.1844414,
					"retransmits":	0,
					"snd_cwnd":	401096,
					"snd_wnd":	4177920,
					"rtt":	93316,
					"rttvar":	627,
					"pmtu":	1500,
					"omitted":	false,
					"sender":	true
				}],
			"sum":	{
				"start":	8.000259,
				"end":	9.000291,
				"seconds":	1.0000319480895996,
				"bytes":	4170240,
				"bits_per_second":	33360854.1844414,
				"retransmits":	0,
				"omitted":	false,
				"sender":	true
			}
		}, {
			"streams":	[{
					"socket":	5,
					"start":	9.000291,
					"end":	10.000323,
					"seconds":	1.0000319480895996,
					"bytes":	4170240,
					"bits_per_second":	33360854.1844414,
					"retransmits":	0,
					"snd_cwnd":	401096,
					"snd_wnd":	4177920,
					"rtt":	94664,
					"rttvar":	2172,
					"pmtu":	1500,
					"omitted":	false,
					"sender":	true
				}],
			"sum":	{
				"start":	9.000291,
				"end":	10.000323,
				"seconds":	1.0000319480895996,
				"bytes":	4170240,
				"bits_per_second":	33360854.1844414,
				"retransmits":	0,
				"omitted":	false,
				"sender":	true
			}
		}],
	"end":	{
		"streams":	[{
				"sender":	{
					"socket":	5,
					"start":	0,
					"end":	10.000323,
					"seconds":	10.000323,
					"bytes":	42734824,
					"bits_per_second":	34186754.967814542,
					"retransmits":	26,
					"max_snd_cwnd":	460464,
					"max_snd_wnd":	4177920,
					"max_rtt":	110507,
					"min_rtt":	82160,
					"mean_rtt":	95215,
					"sender":	true
				},
				"receiver":	{
					"socket":	5,
					"start":	0,
					"end":	10.09224,
					"seconds":	10.000323,
					"bytes":	41025536,
					"bits_per_second":	32520460.076256607,
					"sender":	true
				}
			}],
		"sum_sent":	{
			"start":	0,
			"end":	10.000323,
			"seconds":	10.000323,
			"bytes":	42734824,
			"bits_per_second":	34186754.967814542,
			"retransmits":	26,
			"sender":	true
		},
		"sum_received":	{
			"start":	0,
			"end":	10.09224,
			"seconds":	10.09224,
			"bytes":	41025536,
			"bits_per_second":	32520460.076256607,
			"sender":	true
		},
		"cpu_utilization_percent":	{
			"host_total":	0.8532979321383265,
			"host_user":	0.097124942261938324,
			"host_system":	0.756172989876388,
			"remote_total":	1.4747346876654734,
			"remote_user":	0.15704120069883284,