{
	"start":	{
		"connected":	[{
				"socket":	5,
				"local_host":	"192.168.225.46",
				"local_port":	35450,
				"remote_host":	"129.93.208.46",
				"remote_port":	56000
			}],
		"version":	"iperf 3.12",
		"system_info":	"Linux rpi 6.12.20+rpt-rpi-v8 #1 SMP PREEMPT Debian 1:6.12.20-1+rpt1~bpo12+1 (2025-03-19) aarch64",
		"timestamp":	{
			"time":	"Sun, 11 May 2025 22:54:18 GMT",
			"timesecs":	1747004058
		},
		"connecting_to":	{
			"host":	"129.93.208.46",
			"port":	56000
		},
		"cookie":	"jiiu7koyigixhm4ftzcytq23bkdcvsm3y7e3",
		"tcp_mss_default":	1448,
		"target_bitrate":	0,
		"sock_bufsize":	0,
		"sndbuf_actual":	16384,
		"rcvbuf_actual":	131072,
		"test_start":	{
			"protocol":	"TCP",
			"num_streams":	1,
			"blksize":	131072,
			"omit":	0,
			"duration":	10,
			"bytes":	0,
			"blocks":	0,
			"reverse":	0,
			"tos":	0,
			"target_bitrate":	0
		}
	},
	"intervals":	[{
			"streams":	[{
					"socket":	5,
					"start":	0,
					"end":	1.000137,
					"seconds":	1.0001369714736938,
					"bytes":	674768,
					"bits_per_second":	5397404.7095228145,
					"retransmits":	2,
					"snd_cwnd":	30408,
					"snd_wnd":	376960,
					"rtt":	52732,
					"rttvar":	7024,
					"pmtu":	1500,
					"omitted":	false,
					"sender":	true
				}],
			"sum":	{
				"start":	0,
				"end":	1.000137,
				"seconds":	1.0001369714736938,
				"bytes":	674768,
				"bits_per_second":	5397404.7095228145,
				"retransmits":	2,
				"omitted":	false,
				"sender":	true
			}
		}, {
			"streams":	[{
					"socket":	5,
					"start":	1.000137,
					"end":	2.000616,
					"seconds":	1.000478982925415,
					"bytes":	390960,
					"bits_per_second":	3126182.6119071669,
					"retransmits":	7,
					"snd_cwnd":	5792,
					"snd_wnd":	374144,
					"rtt":	42617,
					"rttvar":	4182,
					"pmtu":	1500,
					"omitted":	false,
					"sender":	true
				}],
			"sum":	{
				"start":	1.000137,
				"end":	2.000616,
				"seconds":	1.000478982925415,
				"bytes":	390960,
				"bits_per_second":	3126182.6119071669,
				"retransmits":	7,
				"omitted":	false,
				"sender":	true
			}
		}, {
			"streams":	[{
					"socket":	5,
					"start":	2.000616,
					"end":	3.000274,
					"seconds":	0.99965798854827881,
					"bytes":	521280,
					"bits_per_second":	4171666.7578039337,
					"retransmits":	26,
					"snd_cwnd":	21720,
					"snd_wnd":	528640,
					"rtt":	39924,
					"rttvar":	692,
					"pmtu":	1500,
					"omitted":	false,
					"sender":	true
				}],
			"sum":	{
				"start":	2.000616,
				"end":	3.000274,
				"seconds":	0.99965798854827881,
				"bytes":	521280,
				"bits_per_second":	4171666.7578039337,
				"retransmits":	26,
				"omitted":	false,
				"sender":	true
			}
		}, {
			"streams":	[{
					"socket":	5,
					"start":	3.000274,
					"end":	4.000197,
					"seconds":	0.9999229907989502,
					"bytes":	521280,
					"bits_per_second":	4170561.1715837531,
					"retransmits":	2,
					"snd_cwnd":	30408,
					"snd_wnd":	530176,
					"rtt":	40748,
					"rttvar":	1537,
					"pmtu":	1500,
					"omitted":	false,
					"sender":	true
				}],
			"sum":	{
				"start":	3.000274,
				"end":	4.000197,
				"seconds":	0.9999229907989502,
				"bytes":	521280,
				"bits_per_second":	4170561.1715837531,
				"retransmits":	2,
				"omitted":	false,
				"sender":	true
			}
		}, {
			"streams":	[{
					"socket":	5,
					"start":	4.000197,
					"end":	5.000141,
					"seconds":	0.999943971633911,
					"bytes":	651600,
					"bits_per_second":	5213092.08103157,
					"retransmits":	4,
					"snd_cwnd":	23168,
					"snd_wnd":	530176,
					"rtt":	40031,
					"rttvar":	478,
					"pmtu":	1500,
					"omitted":	false,
					"sender":	true
				}],
			"sum":	{
				"start":	4.000197,
				"end":	5.000141,
				"seconds":	0.999943971633911,
				"bytes":	651600,
				"bits_per_second":	5213092.08103157,
				"retransmits":	4,
				"omitted":	false,
				"sender":	true
			}
		}, {
			"streams":	[{
					"socket":	5,
					"start":	5.000141,
					"end":	6.000234,
					"seconds":	1.0000929832458496,
					"bytes":	651600,
					"bits_per_second":	5212315.34200111,
					"retransmits":	1,
					"snd_cwnd":	27512,
					"snd_wnd":	530176,
					"rtt":	41997,
					"rttvar":	3797,
					"pmtu":	1500,
					"omitted":	false,
					"sender":	true
				}],
			"sum":	{
				"start":	5.000141,
				"end":	6.000234,
				"seconds":	1.0000929832458496,
				"bytes":	651600,
				"bits_per_second":	5212315.34200111,
				"retransmits":	1,
				"omitted":	false,
				"sender":	true
			}
		}, {
			"streams":	[{
					"socket":	5,
					"start":	6.000234,
					"end":	7.000181,
					"seconds":	0.99994701147079468,
					"bytes":	781920,
					"bits_per_second":	6255691.4798906818,
					"retransmits":	4,
					"snd_cwnd":	30408,
					"snd_wnd":	530176,
					"rtt":	37102,
					"rttvar":	7991,
					"pmtu":	1500,
					"omitted":	false,
					"sender":	true
				}],
			"sum":	{
				"start":	6.000234,
				"end":	7.000181,
				"seconds":	0.99994701147079468,
				"bytes":	781920,
				"bits_per_second":	6255691.4798906818,
				"retransmits":	4,
				"omitted":	false,
				"sender":	true
			}
		}, {
			"streams":	[{
					"socket":	5,
					"start":	7.000181,
					"end":	8.000121,
					"seconds":	0.99993997812271118,
					"bytes":	1042560,
					"bits_per_second":	8340980.6413165219,
					"retransmits":	0,
					"snd_cwnd":	49232,
					"snd_wnd":	530176,
					"rtt":	39723,
					"rttvar":	4799,
					"pmtu":	1500,
					"omitted":	false,
					"sender":	true
				}],
			"sum":	{
				"start":	7.000181,
				"end":	8.000121,
				"seconds":	0.99993997812271118,
				"bytes":	1042560,
				"bits_per_second":	8340980.6413165219,
				"retransmits":	0,
				"omitted":	false,
				"sender":	true
			}
		}, {
			"streams":	[{
					"socket":	5,
					"start":	8.000121,
					"end":	9.000137,
					"seconds":	1.0000159740448,
					"bytes":	651600,
					"bits_per_second":	5212716.7318293974,
					"retransmits":	22,
					"snd_cwnd":	28960,
					"snd_wnd":	530176,
					"rtt":	44371,
					"rttvar":	2166,
					"pmtu":	1500,
					"omitted":	false,
					"sender":	true
				}],
			"sum":	{
				"start":	8.000121,
				"end":	9.000137,
				"seconds":	1.0000159740448,
				"bytes":	651600,
				"bits_per_second":	5212716.7318293974,
				"retransmits":	22,
				"omitted":	false,
				"sender":	true
			}
		}, {
			"streams":	[{
					"socket":	5,
					"start":	9.000137,
					"end":	10.000195,
					"seconds":	1.0000580549240112,
					"bytes":	912240,
					"bits_per_second":	7297496.3444042532,
					"retransmits":	0,
					"snd_cwnd":	49232,
					"snd_wnd":	530176,
					"rtt":	25563,
					"rttvar":	2514,
					"pmtu":	1500,
					"omitted":	false,
					"sender":	true
				}],
			"sum":	{
				"start":	9.000137,
				"end":	10.000195,
				"seconds":	1.0000580549240112,
				"bytes":	912240,
				"bits_per_second":	7297496.3444042532,
				"retransmits":	0,
				"omitted":	false,
				"sender":	true
			}
		}],
	"end":	{
		"streams":	[{
				"sender":	{
					"socket":	5,
					"start":	0,
					"end":	10.000195,
					"seconds":	10.000195,
					"bytes":	6799808,
					"bits_per_second":	5439740.3250636617,
					"retransmits":	68,
					"max_snd_cwnd":	49232,
					"max_snd_wnd":	530176,
					"max_rtt":	52732,
					"min_rtt":	25563,
					"mean_rtt":	40480,
					"sender":	true
				},
				"receiver":	{
					"socket":	5,
					"start":	0,
					"end":	10.029829,
					"seconds":	10.000195,
					"bytes":	6553600,
					"bits_per_second":	5227287.5240445277,
					"sender":	true
				}
			}],
		"sum_sent":	{
			"start":	0,
			"end":	10.000195,
			"seconds":	10.000195,
			"bytes":	6799808,
			"bits_per_second":	5439740.3250636617,
			"retransmits":	68,
			"sender":	true
		},
		"sum_received":	{
			"start":	0,
			"end":	10.029829,
			"seconds":	10.029829,
			"bytes":	6553600,
			"bits_per_second":	5227287.5240445277,
			"sender":	true
		},
		"cpu_utilization_percent":	{
			"host_total":	0.54345349370201634,
			"host_user":	0.077028779688339544,
			"host_system":	0.46643455668933337,
			"remote_total":	0.94114925774175429,
			"remote_user":	0.11531560993094125,
			"remote_system":	0.825833647810813
		},