{
	"start":	{
		"connected":	[{
				"socket":	5,
				"local_host":	"192.168.225.37",
				"local_port":	40664,
				"remote_host":	"129.93.208.46",
				"remote_port":	56000
			}],
		"version":	"iperf 3.12",
		"system_info":	"Linux rpi 6.12.20+rpt-rpi-v8 #1 SMP PREEMPT Debian 1:6.12.20-1+rpt1~bpo12+1 (2025-03-19) aarch64",
		"timestamp":	{
			"time":	"Sun, 11 May 2025 22:47:43 GMT",
			"timesecs":	1747003663
		},
		"connecting_to":	{
			"host":	"129.93.208.46",
			"port":	56000
		},
		"cookie":	"2kdrni4vhkisgkm3apwkttmu7w3kq2t3zjd2",
		"tcp_mss_default":	1448,
		"target_bitrate":	0,
		"sock_bufsize":	0,
		"sndbuf_actual":	16384,
		"rcvbuf_actual":	131072,
		"test_start":	{
			"protocol":	"TCP",
			"num_streams":	1,
			"blksize":	131072,
			"omit":	0,
			"duration":	10,
			"bytes":	0,
			"blocks":	0,
			"reverse":	0,
			"tos":	0,
			"target_bitrate":	0
		}
	},
	"intervals":	[{
			"streams":	[{
					"socket":	5,
					"start":	0,
					"end":	1.000138,
					"seconds":	1.0001380443573,
					"bytes":	1869368,
					"bits_per_second":	14952879.8393128,
					"retransmits":	0,
					"snd_cwnd":	105704,
					"snd_wnd":	738560,
					"rtt":	72751,
					"rttvar":	2265,
					"pmtu":	1500,
					"omitted":	false,
					"sender":	true
				}],
			"sum":	{
				"start":	0,
				"end":	1.000138,
				"seconds":	1.0001380443573,
				"bytes":	1869368,
				"bits_per_second":	14952879.8393128,
				"retransmits":	0,
				"omitted":	false,
				"sender":	true
			}
		}, {
			"streams":	[{
					"socket":	5,
					"start":	1.000138,
					"end":	2.000172,
					"seconds":	1.000033974647522,
					"bytes":	1954800,
					"bits_per_second":	15637868.708922619,
					"retransmits":	0,
					"snd_cwnd":	186792,
					"snd_wnd":	738560,
					"rtt":	105721,
					"rttvar":	852,
					"pmtu":	1500,
					"omitted":	false,
					"sender":	true
				}],
			"sum":	{
				"start":	1.000138,
				"end":	2.000172,
				"seconds":	1.000033974647522,
				"bytes":	1954800,
				"bits_per_second":	15637868.708922619,
				"retransmits":	0,
				"omitted":	false,
				"sender":	true
			}
		}, {
			"streams":	[{
					"socket":	5,
					"start":	2.000172,
					"end":	3.000279,
					"seconds":	1.0001070499420166,
					"bytes":	1629000,
					"bits_per_second":	13030605.074482335,
					"retransmits":	6,
					"snd_cwnd":	102808,
					"snd_wnd":	916096,
					"rtt":	49475,
					"rttvar":	2008,
					"pmtu":	1500,
					"omitted":	false,
					"sender":	true
				}],
			"sum":	{
				"start":	2.000172,
				"end":	3.000279,
				"seconds":	1.0001070499420166,
				"bytes":	1629000,
				"bits_per_second":	13030605.074482335,
				"retransmits":	6,
				"omitted":	false,
				"sender":	true
			}
		}, {
			"streams":	[{
					"socket":	5,
					"start":	3.000279,
					"end":	4.000271,
					"seconds":	0.9999920129776,
					"bytes":	1563840,
					"bits_per_second":	12510819.924198976,
					"retransmits":	0,
					"snd_cwnd":	111496,
					"snd_wnd":	916096,
					"rtt":	79409,
					"rttvar":	6130,
					"pmtu":	1500,
					"omitted":	false,
					"sender":	true
				}],
			"sum":	{
				"start":	3.000279,
				"end":	4.000271,
				"seconds":	0.9999920129776,
				"bytes":	1563840,
				"bits_per_second":	12510819.924198976,
				"retransmits":	0,
				"omitted":	false,
				"sender":	true
			}
		}, {
			"streams":	[{
					"socket":	5,
					"start":	4.000271,
					"end":	5.000304,
					"seconds":	1.0000330209732056,
					"bytes":	1694160,
					"bits_per_second":	13552832.472282073,
					"retransmits":	3,
					"snd_cwnd":	92672,
					"snd_wnd":	917504,
					"rtt":	68117,
					"rttvar":	2392,
					"pmtu":	1500,
					"omitted":	false,
					"sender":	true
				}],
			"sum":	{
				"start":	4.000271,
				"end":	5.000304,
				"seconds":	1.0000330209732056,
				"bytes":	1694160,
				"bits_per_second":	13552832.472282073,
				"retransmits":	3,
				"omitted":	false,
				"sender":	true
			}
		}, {
			"streams":	[{
					"socket":	5,
					"start":	5.000304,
					"end":	6.000212,
					"seconds":	0.9999079704284668,
					"bytes":	1563840,
					"bits_per_second":	12511871.462169742,
					"retransmits":	0,
					"snd_cwnd":	108600,
					"snd_wnd":	917504,
					"rtt":	75102,
					"rttvar":	1064,
					"pmtu":	1500,
					"omitted":	false,
					"sender":	true
				}],
			"sum":	{
				"start":	5.000304,
				"end":	6.000212,
				"seconds":	0.9999079704284668,
				"bytes":	1563840,
				"bits_per_second":	12511871.462169742,
				"retransmits":	0,
				"omitted":	false,
				"sender":	true
			}
		}, {
			"streams":	[{
					"socket":	5,
					"start":	6.000212,
					"end":	7.000267,
					"seconds":	1.0000549554824829,
					"bytes":	1563840,
					"bits_per_second":	12510032.505127804,
					"retransmits":	0,
					"snd_cwnd":	115840,
					"snd_wnd":	916096,
					"rtt":	61285,
					"rttvar":	1777,
					"pmtu":	1500,
					"omitted":	false,
					"sender":	true
				}],
			"sum":	{
				"start":	6.000212,
				"end":	7.000267,
				"seconds":	1.0000549554824829,
				"bytes":	1563840,
				"bits_per_second":	12510032.505127804,
				"retransmits":	0,
				"omitted":	false,
				"sender":	true
			}
		}, {
			"streams":	[{
					"socket":	5,
					"start":	7.000267,
					"end":	8.000163,
					"seconds":	0.999895989894867,
					"bytes":	1954800,
					"bits_per_second":	15640026.720823517,
					"retransmits":	0,
					"snd_cwnd":	121632,
					"snd_wnd":	916096,
					"rtt":	66123,
					"rttvar":	1843,
					"pmtu":	1500,
					"omitted":	false,
					"sender":	true
				}],
			"sum":	{
				"start":	7.000267,
				"end":	8.000163,
				"seconds":	0.999895989894867,
				"bytes":	1954800,
				"bits_per_second":	15640026.720823517,
				"retransmits":	0,
				"omitted":	false,
				"sender":	true
			}
		}, {
			"streams":	[{
					"socket":	5,
					"start":	8.000163,
					"end":	9.000138,
					"seconds":	0.999975025653839,
					"bytes":	1954800,
					"bits_per_second":	15638790.568569196,
					"retransmits":	0,
					"snd_cwnd":	133216,
					"snd_wnd":	917504,
					"rtt":	66546,
					"rttvar":	2252,
					"pmtu":	1500,
					"omitted":	false,
					"sender":	true
				}],
			"sum":	{
				"start":	8.000163,
				"end":	9.000138,
				"seconds":	0.999975025653839,
				"bytes":	1954800,
				"bits_per_second":	15638790.568569196,
				"retransmits":	0,
				"omitted":	false,
				"sender":	true
			}
		}, {
			"streams":	[{
					"socket":	5,
					"start":	9.000138,
					"end":	10.000347,
					"seconds":	1.0002089738845825,
					"bytes":	1954800,
					"bits_per_second":	15635132.665590908,
					"retransmits":	0,
					"snd_cwnd":	144800,
					"snd_wnd":	917504,
					"rtt":	68995,
					"rttvar":	1058,
					"pmtu":	1500,
					"omitted":	false,
					"sender":	true
				}],
			"sum":	{
				"start":	9.000138,
				"end":	10.000347,
				"seconds":	1.0002089738845825,
				"bytes":	1954800,
				"bits_per_second":	15635132.665590908,
				"retransmits":	0,
				"omitted":	false,
				"sender":	true
			}
		}],
	"end":	{
		"streams":	[{
				"sender":	{
					"socket":	5,
					"start":	0,
					"end":	10.000347,
					"seconds":	10.000347,
					"bytes":	17703248,
					"bits_per_second":	14162106.974887973,
					"retransmits":	9,
					"max_snd_cwnd":	186792,
					"max_snd_wnd":	917504,
					"max_rtt":	105721,
					"min_rtt":	49475,
					"mean_rtt":	71352,
					"sender":	true
				},
				"receiver":	{
					"socket":	5,
					"start":	0,
					"end":	10.078233,
					"seconds":	10.000347,
					"bytes":	16908288,
					"bits_per_second":	13421628.970078385,
					"sender":	true
				}
			}],
		"sum_sent":	{
			"start":	0,
			"end":	10.000347,
			"seconds":	10.000347,
			"bytes":	17703248,
			"bits_per_second":	14162106.974887973,
			"retransmits":	9,
			"sender":	true
		},
		"sum_received":	{
			"start":	0,
			"end":	10.078233,
			"seconds":	10.078233,
			"bytes":	16908288,
			"bits_per_second":	13421628.970078385,
			"sender":	true
		},
		"cpu_utilization_percent":	{
			"host_total":	0.660247741709517,
			"host_user":	0.075460820142037532,
			"host_system":	0.58479676000556857,
			"remote_total":	0.53046918472337656,
			"remote_user":	0.047984530644612042,