{
	"start":	{
		"connected":	[{
				"socket":	5,
				"local_host":	"192.168.225.37",
				"local_port":	43204,
				"remote_host":	"129.93.208.46",
				"remote_port":	56000
			}],
		"version":	"iperf 3.12",
		"system_info":	"Linux rpi 6.12.20+rpt-rpi-v8 #1 SMP PREEMPT Debian 1:6.12.20-1+rpt1~bpo12+1 (2025-03-19) aarch64",
		"timestamp":	{
			"time":	"Sun, 11 May 2025 22:46:47 GMT",
			"timesecs":	1747003607
		},
		"connecting_to":	{
			"host":	"129.93.208.46",
			"port":	56000
		},
		"cookie":	"zsw2zuft6k6eo4msnkcakylkaavirephgqp2",
		"tcp_mss_default":	1448,
		"target_bitrate":	0,
		"sock_bufsize":	0,
		"sndbuf_actual":	16384,
		"rcvbuf_actual":	131072,
		"test_start":	{
			"protocol":	"TCP",
			"num_streams":	1,
			"blksize":	131072,
			"omit":	0,
			"duration":	10,
			"bytes":	0,
			"blocks":	0,
			"reverse":	0,
			"tos":	0,
			"target_bitrate":	0
		}
	},
	"intervals":	[{
			"streams":	[{
					"socket":	5,
					"start":	0,
					"end":	1.000113,
					"seconds":	1.0001130104064941,
					"bytes":	2041680,
					"bits_per_second":	16331594.359882692,
					"retransmits":	0,
					"snd_cwnd":	112944,
					"snd_wnd":	738560,
					"rtt":	63955,
					"rttvar":	2430,
					"pmtu":	1500,
					"omitted":	false,
					"sender":	true
				}],
			"sum":	{
				"start":	0,
				"end":	1.000113,
				"seconds":	1.0001130104064941,
				"bytes":	2041680,
				"bits_per_second":	16331594.359882692,
				"retransmits":	0,
				"omitted":	false,
				"sender":	true
			}
		}, {
			"streams":	[{
					"socket":	5,
					"start":	1.000113,
					"end":	2.000284,
					"seconds":	1.0001709461212158,
					"bytes":	1238040,
					"bits_per_second":	9902627.184293,
					"retransmits":	17,
					"snd_cwnd":	72400,
					"snd_wnd":	1661056,
					"rtt":	50914,
					"rttvar":	912,
					"pmtu":	1500,
					"omitted":	false,
					"sender":	true
				}],
			"sum":	{
				"start":	1.000113,
				"end":	2.000284,
				"seconds":	1.0001709461212158,
				"bytes":	1238040,
				"bits_per_second":	9902627.184293,
				"retransmits":	17,
				"omitted":	false,
				"sender":	true
			}
		}, {
			"streams":	[{
					"socket":	5,
					"start":	2.000284,
					"end":	3.000191,
					"seconds":	0.99990701675415039,
					"bytes":	1303200,
					"bits_per_second":	10426569.49627484,
					"retransmits":	0,
					"snd_cwnd":	82536,
					"snd_wnd":	2114944,
					"rtt":	78771,
					"rttvar":	792,
					"pmtu":	1500,
					"omitted":	false,
					"sender":	true
				}],
			"sum":	{
				"start":	2.000284,
				"end":	3.000191,
				"seconds":	0.99990701675415039,
				"bytes":	1303200,
				"bits_per_second":	10426569.49627484,
				"retransmits":	0,
				"omitted":	false,
				"sender":	true
			}
		}, {
			"streams":	[{
					"socket":	5,
					"start":	3.000191,
					"end":	4.000302,
					"seconds":	1.0001109838485718,
					"bytes":	1303200,
					"bits_per_second":	10424443.055190518,
					"retransmits":	0,
					"snd_cwnd":	95568,
					"snd_wnd":	2114944,
					"rtt":	54419,
					"rttvar":	916,
					"pmtu":	1500,
					"omitted":	false,
					"sender":	true
				}],
			"sum":	{
				"start":	3.000191,
				"end":	4.000302,
				"seconds":	1.0001109838485718,
				"bytes":	1303200,
				"bits_per_second":	10424443.055190518,
				"retransmits":	0,
				"omitted":	false,
				"sender":	true
			}
		}, {
			"streams":	[{
					"socket":	5,
					"start":	4.000302,
					"end":	5.000122,
					"seconds":	0.99981999397277832,
					"bytes":	1954800,
					"bits_per_second":	15641215.513065426,
					"retransmits":	0,
					"snd_cwnd":	108600,
					"snd_wnd":	2114944,
					"rtt":	75211,
					"rttvar":	2810,
					"pmtu":	1500,
					"omitted":	false,
					"sender":	true
				}],
			"sum":	{
				"start":	4.000302,
				"end":	5.000122,
				"seconds":	0.99981999397277832,
				"bytes":	1954800,
				"bits_per_second":	15641215.513065426,
				"retransmits":	0,
				"omitted":	false,
				"sender":	true
			}
		}, {
			"streams":	[{
					"socket":	5,
					"start":	5.000122,
					"end":	6.000119,
					"seconds":	0.99999701976776123,
					"bytes":	1629000,
					"bits_per_second":	13032038.838502284,
					"retransmits":	0,
					"snd_cwnd":	120184,
					"snd_wnd":	2114944,
					"rtt":	67971,
					"rttvar":	1547,
					"pmtu":	1500,
					"omitted":	false,
					"sender":	true
				}],
			"sum":	{
				"start":	5.000122,
				"end":	6.000119,
				"seconds":	0.99999701976776123,
				"bytes":	1629000,
				"bits_per_second":	13032038.838502284,
				"retransmits":	0,
				"omitted":	false,
				"sender":	true
			}
		}, {
			"streams":	[{
					"socket":	5,
					"start":	6.000119,
					"end":	7.000242,
					"seconds":	1.0001230239868164,
					"bytes":	1954800,
					"bits_per_second":	15636476.338341096,
					"retransmits":	0,
					"snd_cwnd":	131768,
					"snd_wnd":	2114944,
					"rtt":	63772,
					"rttvar":	1881,
					"pmtu":	1500,
					"omitted":	false,
					"sender":	true
				}],
			"sum":	{
				"start":	6.000119,
				"end":	7.000242,
				"seconds":	1.0001230239868164,
				"bytes":	1954800,
				"bits_per_second":	15636476.338341096,
				"retransmits":	0,
				"omitted":	false,
				"sender":	true
			}
		}, {
			"streams":	[{
					"socket":	5,
					"start":	7.000242,
					"end":	8.000112,
					"seconds":	0.999870002269745,
					"bytes":	1954800,
					"bits_per_second":	15640433.220818913,
					"retransmits":	0,
					"snd_cwnd":	141904,
					"snd_wnd":	2114944,
					"rtt":	69108,
					"rttvar":	1764,
					"pmtu":	1500,
					"omitted":	false,
					"sender":	true
				}],
			"sum":	{
				"start":	7.000242,
				"end":	8.000112,
				"seconds":	0.999870002269745,
				"bytes":	1954800,
				"bits_per_second":	15640433.220818913,
				"retransmits":	0,
				"omitted":	false,
				"sender":	true
			}
		}, {
			"streams":	[{
					"socket":	5,
					"start":	8.000112,
					"end":	9.000351,
					"seconds":	1.0002390146255493,
					"bytes":	1954800,
					"bits_per_second":	15634663.086856706,
					"retransmits":	0,
					"snd_cwnd":	153488,
					"snd_wnd":	2114944,
					"rtt":	75335,
					"rttvar":	2923,
					"pmtu":	1500,
					"omitted":	false,
					"sender":	true
				}],
			"sum":	{
				"start":	8.000112,
				"end":	9.000351,
				"seconds":	1.0002390146255493,
				"bytes":	1954800,
				"bits_per_second":	15634663.086856706,
				"retransmits":	0,
				"omitted":	false,
				"sender":	true
			}
		}, {
			"streams":	[{
					"socket":	5,
					"start":	9.000351,
					"end":	10.000259,
					"seconds":	0.9999079704284668,
					"bytes":	2019960,
					"bits_per_second":	16161167.305302583,
					"retransmits":	0,
					"snd_cwnd":	170864,
					"snd_wnd":	2114944,
					"rtt":	80489,
					"rttvar":	2112,
					"pmtu":	1500,
					"omitted":	false,
					"sender":	true
				}],
			"sum":	{
				"start":	9.000351,
				"end":	10.000259,
				"seconds":	0.9999079704284668,
				"bytes":	2019960,
				"bits_per_second":	16161167.305302583,
				"retransmits":	0,
				"omitted":	false,
				"sender":	true
			}
		}],
	"end":	{
		"streams":	[{
				"sender":	{
					"socket":	5,
					"start":	0,
					"end":	10.000259,
					"seconds":	10.000259,
					"bytes":	17354280,
					"bits_per_second":	13883064.4286313,
					"retransmits":	17,
					"max_snd_cwnd":	170864,
					"max_snd_wnd":	2114944,
					"max_rtt":	80489,
					"min_rtt":	50914,
					"mean_rtt":	67994,
					"sender":	true
				},
				"receiver":	{
					"socket":	5,
					"start":	0,
					"end":	10.086898,
					"seconds":	10.000259,
					"bytes":	16777216,
					"bits_per_second":	13306145.060651947,
					"sender":	true
				}
			}],
		"sum_sent":	{
			"start":	0,
			"end":	10.000259,
			"seconds":	10.000259,
			"bytes":	17354280,
			"bits_per_second":	13883064.4286313,
			"retransmits":	17,
			"sender":	true
		},
		"sum_received":	{
			"start":	0,
			"end":	10.086898,
			"seconds":	10.086898,
			"bytes":	16777216,
			"bits_per_second":	13306145.060651947,
			"sender":	true
		},
		"cpu_utilization_percent":	{
			"host_total":	0.66181204050121267,
			"host_user":	0.036329030643483244,
			"host_system":	0.62548300985772953,
			"remote_total":	0.79030101965754451,
			"remote_user":	0.071062354440148,