{
	"start":	{
		"connected":	[{
				"socket":	5,
				"local_host":	"192.168.225.57",
				"local_port":	36058,
				"remote_host":	"129.93.208.46",
				"remote_port":	56000
			}],
		"version":	"iperf 3.12",
		"system_info":	"Linux rpi 6.12.20+rpt-rpi-v8 #1 SMP PREEMPT Debian 1:6.12.20-1+rpt1~bpo12+1 (2025-03-19) aarch64",
		"timestamp":	{
			"time":	"Sun, 11 May 2025 22:34:10 GMT",
			"timesecs":	1747002850
		},
		"connecting_to":	{
			"host":	"129.93.208.46",
			"port":	56000
		},
		"cookie":	"yc6dbasqzb7zmncfhb6kvomncrdj77pr7n5z",
		"tcp_mss_default":	1448,
		"target_bitrate":	0,
		"sock_bufsize":	0,
		"sndbuf_actual":	16384,
		"rcvbuf_actual":	131072,
		"test_start":	{
			"protocol":	"TCP",
			"num_streams":	1,
			"blksize":	131072,
			"omit":	0,
			"duration":	10,
			"bytes":	0,
			"blocks":	0,
			"reverse":	0,
			"tos":	0,
			"target_bitrate":	0
		}
	},
	"intervals":	[{
			"streams":	[{
					"socket":	5,
					"start":	0,
					"end":	1.000082,
					"seconds":	1.0000820159912109,
					"bytes":	1594248,
					"bits_per_second":	12752938.055144556,
					"retransmits":	2,
					"snd_cwnd":	102808,
					"snd_wnd":	359040,
					"rtt":	107188,
					"rttvar":	2836,
					"pmtu":	1500,
					"omitted":	false,
					"sender":	true
				}],
			"sum":	{
				"start":	0,
				"end":	1.000082,
				"seconds":	1.0000820159912109,
				"bytes":	1594248,
				"bits_per_second":	12752938.055144556,
				"retransmits":	2,
				"omitted":	false,
				"sender":	true
			}
		}, {
			"streams":	[{
					"socket":	5,
					"start":	1.000082,
					"end":	2.000264,
					"seconds":	1.000182032585144,
					"bytes":	781920,
					"bits_per_second":	6254221.5278872149,
					"retransmits":	8,
					"snd_cwnd":	62264,
					"snd_wnd":	513920,
					"rtt":	59543,
					"rttvar":	1132,
					"pmtu":	1500,
					"omitted":	false,
					"sender":	true
				}],
			"sum":	{
				"start":	1.000082,
				"end":	2.000264,
				"seconds":	1.000182032585144,
				"bytes":	781920,
				"bits_per_second":	6254221.5278872149,
				"retransmits":	8,
				"omitted":	false,
				"sender":	true
			}
		}, {
			"streams":	[{
					"socket":	5,
					"start":	2.000264,
					"end":	3.000268,
					"seconds":	1.0000040531158447,
					"bytes":	1042560,
					"bits_per_second":	8340446.1952053737,
					"retransmits":	0,
					"snd_cwnd":	73848,
					"snd_wnd":	513920,
					"rtt":	67738,
					"rttvar":	2077,
					"pmtu":	1500,
					"omitted":	false,
					"sender":	true
				}],
			"sum":	{
				"start":	2.000264,
				"end":	3.000268,
				"seconds":	1.0000040531158447,
				"bytes":	1042560,
				"bits_per_second":	8340446.1952053737,
				"retransmits":	0,
				"omitted":	false,
				"sender":	true
			}
		}, {
			"streams":	[{
					"socket":	5,
					"start":	3.000268,
					"end":	4.000258,
					"seconds":	0.99998998641967773,
					"bytes":	1042560,
					"bits_per_second":	8340563.51890273,
					"retransmits":	0,
					"snd_cwnd":	83984,
					"snd_wnd":	513920,
					"rtt":	88294,
					"rttvar":	1301,
					"pmtu":	1500,
					"omitted":	false,
					"sender":	true
				}],
			"sum":	{
				"start":	3.000268,
				"end":	4.000258,
				"seconds":	0.99998998641967773,
				"bytes":	1042560,
				"bits_per_second":	8340563.51890273,
				"retransmits":	0,
				"omitted":	false,
				"sender":	true
			}
		}, {
			"streams":	[{
					"socket":	5,
					"start":	4.000258,
					"end":	5.000994,
					"seconds":	1.0007359981536865,
					"bytes":	260640,
					"bits_per_second":	2083586.4841945865,
					"retransmits":	15,
					"snd_cwnd":	11584,
					"snd_wnd":	511104,
					"rtt":	84602,
					"rttvar":	75267,
					"pmtu":	1500,
					"omitted":	false,
					"sender":	true
				}],
			"sum":	{
				"start":	4.000258,
				"end":	5.000994,
				"seconds":	1.0007359981536865,
				"bytes":	260640,
				"bits_per_second":	2083586.4841945865,
				"retransmits":	15,
				"omitted":	false,
				"sender":	true
			}
		}, {
			"streams":	[{
					"socket":	5,
					"start":	5.000994,
					"end":	6.000156,
					"seconds":	0.99916201829910278,
					"bytes":	1042560,
					"bits_per_second":	8347475.0313249463,
					"retransmits":	43,
					"snd_cwnd":	76744,
					"snd_wnd":	513920,
					"rtt":	79806,
					"rttvar":	1714,
					"pmtu":	1500,
					"omitted":	false,
					"sender":	true
				}],
			"sum":	{
				"start":	5.000994,
				"end":	6.000156,
				"seconds":	0.99916201829910278,
				"bytes":	1042560,
				"bits_per_second":	8347475.0313249463,
				"retransmits":	43,
				"omitted":	false,
				"sender":	true
			}
		}, {
			"streams":	[{
					"socket":	5,
					"start":	6.000156,
					"end":	7.000303,
					"seconds":	1.0001469850540161,
					"bytes":	781920,
					"bits_per_second":	6254440.6906972369,
					"retransmits":	0,
					"snd_cwnd":	85432,
					"snd_wnd":	513920,
					"rtt":	92222,
					"rttvar":	1484,
					"pmtu":	1500,
					"omitted":	false,
					"sender":	true
				}],
			"sum":	{
				"start":	6.000156,
				"end":	7.000303,
				"seconds":	1.0001469850540161,
				"bytes":	781920,
				"bits_per_second":	6254440.6906972369,
				"retransmits":	0,
				"omitted":	false,
				"sender":	true
			}
		}, {
			"streams":	[{
					"socket":	5,
					"start":	7.000303,
					"end":	8.000145,
					"seconds":	0.99984198808670044,
					"bytes":	1042560,
					"bits_per_second":	8341798.10347869,
					"retransmits":	0,
					"snd_cwnd":	86880,
					"snd_wnd":	513920,
					"rtt":	97622,
					"rttvar":	1510,
					"pmtu":	1500,
					"omitted":	false,
					"sender":	true
				}],
			"sum":	{
				"start":	7.000303,
				"end":	8.000145,
				"seconds":	0.99984198808670044,
				"bytes":	1042560,
				"bits_per_second":	8341798.10347869,
				"retransmits":	0,
				"omitted":	false,
				"sender":	true
			}
		}, {
			"streams":	[{
					"socket":	5,
					"start":	8.000145,
					"end":	9.000109,
					"seconds":	0.99996399879455566,
					"bytes":	1042560,
					"bits_per_second":	8340780.27814436,
					"retransmits":	0,
					"snd_cwnd":	95568,
					"snd_wnd":	515328,
					"rtt":	88572,
					"rttvar":	1528,
					"pmtu":	1500,
					"omitted":	false,
					"sender":	true
				}],
			"sum":	{
				"start":	8.000145,
				"end":	9.000109,
				"seconds":	0.99996399879455566,
				"bytes":	1042560,
				"bits_per_second":	8340780.27814436,
				"retransmits":	0,
				"omitted":	false,
				"sender":	true
			}
		}, {
			"streams":	[{
					"socket":	5,
					"start":	9.000109,
					"end":	10.000367,
					"seconds":	1.0002579689025879,
					"bytes":	781920,
					"bits_per_second":	6253746.727819562,
					"retransmits":	7,
					"snd_cwnd":	72400,
					"snd_wnd":	515328,
					"rtt":	83225,
					"rttvar":	1651,
					"pmtu":	1500,
					"omitted":	false,
					"sender":	true
				}],
			"sum":	{
				"start":	9.000109,
				"end":	10.000367,
				"seconds":	1.0002579689025879,
				"bytes":	781920,
				"bits_per_second":	6253746.727819562,
				"retransmits":	7,
				"omitted":	false,
				"sender":	true
			}
		}],
	"end":	{
		"streams":	[{
				"sender":	{
					"socket":	5,
					"start":	0,
					"end":	10.000367,
					"seconds":	10.000367,
					"bytes":	9413448,
					"bits_per_second":	7530482.03130945,
					"retransmits":	75,
					"max_snd_cwnd":	102808,
					"max_snd_wnd":	515328,
					"max_rtt":	107188,
					"min_rtt":	59543,
					"mean_rtt":	84881,
					"sender":	true
				},
				"receiver":	{
					"socket":	5,
					"start":	0,
					"end":	10.082675,
					"seconds":	10.000367,
					"bytes":	8912896,
					"bits_per_second":	7071850.2778280564,
					"sender":	true
				}
			}],
		"sum_sent":	{
			"start":	0,
			"end":	10.000367,
			"seconds":	10.000367,
			"bytes":	9413448,
			"bits_per_second":	7530482.03130945,
			"retransmits":	75,
			"sender":	true
		},
		"sum_received":	{
			"start":	0,
			"end":	10.082675,
			"seconds":	10.082675,
			"bytes":	8912896,
			"bits_per_second":	7071850.2778280564,
			"sender":	true
		},
		"cpu_utilization_percent":	{
			"host_total":	0.55950720466992954,
			"host_user":	0.12652252079223819,
			"host_system":	0.43305355841269,
			"remote_total":	0.46660134684202054,
			"remote_user":	0.0492725309507962,