{
	"start":	{
		"connected":	[{
				"socket":	5,
				"local_host":	"129.93.240.11",
				"local_port":	47446,
				"remote_host":	"129.93.208.46",
				"remote_port":	55000
			}],
		"version":	"iperf 3.12",
		"system_info":	"Linux rpi1 6.6.51+rpt-rpi-v8 #1 SMP PREEMPT Debian 1:6.6.51-1+rpt3 (2024-10-08) aarch64",
		"timestamp":	{
			"time":	"Tue, 13 May 2025 21:48:04 GMT",
			"timesecs":	1747172884
		},
		"connecting_to":	{
			"host":	"129.93.208.46",
			"port":	55000
		},
		"cookie":	"pl7ifbwfwof5pc4eefiy73xydqafwdljdv5o",
		"tcp_mss_default":	1448,
		"target_bitrate":	0,
		"sock_bufsize":	0,
		"sndbuf_actual":	16384,
		"rcvbuf_actual":	131072,
		"test_start":	{
			"protocol":	"TCP",
			"num_streams":	1,
			"blksize":	131072,
			"omit":	0,
			"duration":	10,
			"bytes":	0,
			"blocks":	0,
			"reverse":	0,
			"tos":	0,
			"target_bitrate":	0
		}
	},
	"intervals":	[{
			"streams":	[{
					"socket":	5,
					"start":	0,
					"end":	1.000172,
					"seconds":	1.0001720190048218,
					"bytes":	1275688,
					"bits_per_second":	10203748.761292631,
					"retransmits":	0,
					"snd_cwnd":	97016,
					"snd_wnd":	265088,
					"rtt":	145827,
					"rttvar":	12589,
					"pmtu":	1500,
					"omitted":	false,
					"sender":	true
				}],
			"sum":	{
				"start":	0,
				"end":	1.000172,
				"seconds":	1.0001720190048218,
				"bytes":	1275688,
				"bits_per_second":	10203748.761292631,
				"retransmits":	0,
				"omitted":	false,
				"sender":	true
			}
		}, {
			"streams":	[{
					"socket":	5,
					"start":	1.000172,
					"end":	2.000278,
					"seconds":	1.0001059770584106,
					"bytes":	781920,
					"bits_per_second":	6254697.14559526,
					"retransmits":	0,
					"snd_cwnd":	133216,
					"snd_wnd":	385664,
					"rtt":	151953,
					"rttvar":	3481,
					"pmtu":	1500,
					"omitted":	false,
					"sender":	true
				}],
			"sum":	{
				"start":	1.000172,
				"end":	2.000278,
				"seconds":	1.0001059770584106,
				"bytes":	781920,
				"bits_per_second":	6254697.14559526,
				"retransmits":	0,
				"omitted":	false,
				"sender":	true
			}
		}, {
			"streams":	[{
					"socket":	5,
					"start":	2.000278,
					"end":	3.000295,
					"seconds":	1.0000170469284058,
					"bytes":	977400,
					"bits_per_second":	7819066.7089296132,
					"retransmits":	0,
					"snd_cwnd":	172312,
					"snd_wnd":	398464,
					"rtt":	211742,
					"rttvar":	8008,
					"pmtu":	1500,
					"omitted":	false,
					"sender":	true
				}],
			"sum":	{
				"start":	2.000278,
				"end":	3.000295,
				"seconds":	1.0000170469284058,
				"bytes":	977400,
				"bits_per_second":	7819066.7089296132,
				"retransmits":	0,
				"omitted":	false,
				"sender":	true
			}
		}, {
			"streams":	[{
					"socket":	5,
					"start":	3.000295,
					"end":	4.000528,
					"seconds":	1.0002330541610718,
					"bytes":	781920,
					"bits_per_second":	6253902.5019989721,
					"retransmits":	0,
					"snd_cwnd":	208512,
					"snd_wnd":	474752,
					"rtt":	257275,
					"rttvar":	8272,
					"pmtu":	1500,
					"omitted":	false,
					"sender":	true
				}],
			"sum":	{
				"start":	3.000295,
				"end":	4.000528,
				"seconds":	1.0002330541610718,
				"bytes":	781920,
				"bits_per_second":	6253902.5019989721,
				"retransmits":	0,
				"omitted":	false,
				"sender":	true
			}
		}, {
			"streams":	[{
					"socket":	5,
					"start":	4.000528,
					"end":	5.000578,
					"seconds":	1.0000499486923218,
					"bytes":	977400,
					"bits_per_second":	7818809.4606919251,
					"retransmits":	0,
					"snd_cwnd":	247608,
					"snd_wnd":	613248,
					"rtt":	290289,
					"rttvar":	9073,
					"pmtu":	1500,
					"omitted":	false,
					"sender":	true
				}],
			"sum":	{
				"start":	4.000528,
				"end":	5.000578,
				"seconds":	1.0000499486923218,
				"bytes":	977400,
				"bits_per_second":	7818809.4606919251,
				"retransmits":	0,
				"omitted":	false,
				"sender":	true
			}
		}, {
			"streams":	[{
					"socket":	5,
					"start":	5.000578,
					"end":	6.000453,
					"seconds":	0.999875009059906,
					"bytes":	1107720,
					"bits_per_second":	8862867.7781755235,
					"retransmits":	0,
					"snd_cwnd":	286704,
					"snd_wnd":	633472,
					"rtt":	378572,
					"rttvar":	3477,
					"pmtu":	1500,
					"omitted":	false,
					"sender":	true
				}],
			"sum":	{
				"start":	5.000578,
				"end":	6.000453,
				"seconds":	0.999875009059906,
				"bytes":	1107720,
				"bits_per_second":	8862867.7781755235,
				"retransmits":	0,
				"omitted":	false,
				"sender":	true
			}
		}, {
			"streams":	[{
					"socket":	5,
					"start":	6.000453,
					"end":	7.000127,
					"seconds":	0.99967402219772339,
					"bytes":	1303200,
					"bits_per_second":	10428999.622376846,
					"retransmits":	0,
					"snd_cwnd":	327248,
					"snd_wnd":	687360,
					"rtt":	393029,
					"rttvar":	4388,
					"pmtu":	1500,
					"omitted":	false,
					"sender":	true
				}],
			"sum":	{
				"start":	6.000453,
				"end":	7.000127,
				"seconds":	0.99967402219772339,
				"bytes":	1303200,
				"bits_per_second":	10428999.622376846,
				"retransmits":	0,
				"omitted":	false,
				"sender":	true
			}
		}, {
			"streams":	[{
					"socket":	5,
					"start":	7.000127,
					"end":	8.000476,
					"seconds":	1.0003490447998047,
					"bytes":	716760,
					"bits_per_second":	5732079.247546576,
					"retransmits":	0,
					"snd_cwnd":	367792,
					"snd_wnd":	793344,
					"rtt":	463302,
					"rttvar":	4044,
					"pmtu":	1500,
					"omitted":	false,
					"sender":	true
				}],
			"sum":	{
				"start":	7.000127,
				"end":	8.000476,
				"seconds":	1.0003490447998047,
				"bytes":	716760,
				"bits_per_second":	5732079.247546576,
				"retransmits":	0,
				"omitted":	false,
				"sender":	true
			}
		}, {
			"streams":	[{
					"socket":	5,
					"start":	8.000476,
					"end":	9.000719,
					"seconds":	1.0002429485321045,
					"bytes":	781920,
					"bits_per_second":	6253840.6385968374,
					"retransmits":	0,
					"snd_cwnd":	425712,
					"snd_wnd":	849408,
					"rtt":	535201,
					"rttvar":	7461,
					"pmtu":	1500,
					"omitted":	false,
					"sender":	true
				}],
			"sum":	{
				"start":	8.000476,
				"end":	9.000719,
				"seconds":	1.0002429485321045,
				"bytes":	781920,
				"bits_per_second":	6253840.6385968374,
				"retransmits":	0,
				"omitted":	false,
				"sender":	true
			}
		}, {
			"streams":	[{
					"socket":	5,
					"start":	9.000719,
					"end":	10.00023,
					"seconds":	0.9995110034942627,
					"bytes":	2019960,
					"bits_per_second":	16167585.893007889,
					"retransmits":	0,
					"snd_cwnd":	544448,
					"snd_wnd":	1028608,
					"rtt":	604222,
					"rttvar":	10142,
					"pmtu":	1500,
					"omitted":	false,
					"sender":	true
				}],
			"sum":	{
				"start":	9.000719,
				"end":	10.00023,
				"seconds":	0.9995110034942627,
				"bytes":	2019960,
				"bits_per_second":	16167585.893007889,
				"retransmits":	0,
				"omitted":	false,
				"sender":	true
			}
		}],
	"end":	{
		"streams":	[{
				"sender":	{
					"socket":	5,
					"start":	0,
					"end":	10.00023,
					"seconds":	10.00023,
					"bytes":	10723888,
					"bits_per_second":	8578913.0849990454,
					"retransmits":	0,
					"max_snd_cwnd":	544448,
					"max_snd_wnd":	1028608,
					"max_rtt":	604222,
					"min_rtt":	145827,
					"mean_rtt":	343141,
					"sender":	true
				},
				"receiver":	{
					"socket":	5,
					"start":	0,
					"end":	10.474478,
					"seconds":	10.00023,
					"bytes":	8126464,
					"bits_per_second":	6206677.9843348758,
					"sender":	true
				}
			}],
		"sum_sent":	{
			"start":	0,
			"end":	10.00023,
			"seconds":	10.00023,
			"bytes":	10723888,
			"bits_per_second":	8578913.0849990454,
			"retransmits":	0,
			"sender":	true
		},
		"sum_received":	{
			"start":	0,
			"end":	10.474478,
			"seconds":	10.474478,
			"bytes":	8126464,
			"bits_per_second":	6206677.9843348758,
			"sender":	true
		},
		"cpu_utilization_percent":	{
			"host_total":	0.41908589059321649,
			"host_user":	0.0790434346201914,
			"host_system":	0.34005237234921626,
			"remote_total":	1.8993944911526055,
			"remote_user":	0.28422369916414114,