{
	"start":	{
		"connected":	[{
				"socket":	5,
				"local_host":	"129.93.240.11",
				"local_port":	44756,
				"remote_host":	"129.93.208.46",
				"remote_port":	55000
			}],
		"version":	"iperf 3.12",
		"system_info":	"Linux rpi1 6.6.51+rpt-rpi-v8 #1 SMP PREEMPT Debian 1:6.6.51-1+rpt3 (2024-10-08) aarch64",
		"timestamp":	{
			"time":	"Tue, 13 May 2025 21:42:46 GMT",
			"timesecs":	1747172566
		},
		"connecting_to":	{
			"host":	"129.93.208.46",
			"port":	55000
		},
		"cookie":	"tvjwavoctfimmaxrlkfory4ylty72u3woimz",
		"tcp_mss_default":	1448,
		"target_bitrate":	0,
		"sock_bufsize":	0,
		"sndbuf_actual":	16384,
		"rcvbuf_actual":	131072,
		"test_start":	{
			"protocol":	"TCP",
			"num_streams":	1,
			"blksize":	131072,
			"omit":	0,
			"duration":	10,
			"bytes":	0,
			"blocks":	0,
			"reverse":	0,
			"tos":	0,
			"target_bitrate":	0
		}
	},
	"intervals":	[{
			"streams":	[{
					"socket":	5,
					"start":	0,
					"end":	1.000183,
					"seconds":	1.0001829862594604,
					"bytes":	1343744,
					"bits_per_second":	10747985.266379369,
					"retransmits":	0,
					"snd_cwnd":	102808,
					"snd_wnd":	410752,
					"rtt":	114079,
					"rttvar":	2911,
					"pmtu":	1500,
					"omitted":	false,
					"sender":	true
				}],
			"sum":	{
				"start":	0,
				"end":	1.000183,
				"seconds":	1.0001829862594604,
				"bytes":	1343744,
				"bits_per_second":	10747985.266379369,
				"retransmits":	0,
				"omitted":	false,
				"sender":	true
			}
		}, {
			"streams":	[{
					"socket":	5,
					"start":	1.000183,
					"end":	2.000169,
					"seconds":	0.99998599290847778,
					"bytes":	1107720,
					"bits_per_second":	8861884.12922206,
					"retransmits":	0,
					"snd_cwnd":	146248,
					"snd_wnd":	410752,
					"rtt":	152831,
					"rttvar":	3313,
					"pmtu":	1500,
					"omitted":	false,
					"sender":	true
				}],
			"sum":	{
				"start":	1.000183,
				"end":	2.000169,
				"seconds":	0.99998599290847778,
				"bytes":	1107720,
				"bits_per_second":	8861884.12922206,
				"retransmits":	0,
				"omitted":	false,
				"sender":	true
			}
		}, {
			"streams":	[{
					"socket":	5,
					"start":	2.000169,
					"end":	3.000164,
					"seconds":	0.999994993209839,
					"bytes":	1107720,
					"bits_per_second":	8861804.3691949248,
					"retransmits":	0,
					"snd_cwnd":	189688,
					"snd_wnd":	472576,
					"rtt":	235247,
					"rttvar":	6966,
					"pmtu":	1500,
					"omitted":	false,
					"sender":	true
				}],
			"sum":	{
				"start":	2.000169,
				"end":	3.000164,
				"seconds":	0.999994993209839,
				"bytes":	1107720,
				"bits_per_second":	8861804.3691949248,
				"retransmits":	0,
				"omitted":	false,
				"sender":	true
			}
		}, {
			"streams":	[{
					"socket":	5,
					"start":	3.000164,
					"end":	4.000218,
					"seconds":	1.0000540018081665,
					"bytes":	912240,
					"bits_per_second":	7297525.920405156,
					"retransmits":	0,
					"snd_cwnd":	228784,
					"snd_wnd":	518656,
					"rtt":	244218,
					"rttvar":	3314,
					"pmtu":	1500,
					"omitted":	false,
					"sender":	true
				}],
			"sum":	{
				"start":	3.000164,
				"end":	4.000218,
				"seconds":	1.0000540018081665,
				"bytes":	912240,
				"bits_per_second":	7297525.920405156,
				"retransmits":	0,
				"omitted":	false,
				"sender":	true
			}
		}, {
			"streams":	[{
					"socket":	5,
					"start":	4.000218,
					"end":	5.000236,
					"seconds":	1.0000180006027222,
					"bytes":	1107720,
					"bits_per_second":	8861600.48585017,
					"retransmits":	0,
					"snd_cwnd":	270776,
					"snd_wnd":	544512,
					"rtt":	310566,
					"rttvar":	1141,
					"pmtu":	1500,
					"omitted":	false,
					"sender":	true
				}],
			"sum":	{
				"start":	4.000218,
				"end":	5.000236,
				"seconds":	1.0000180006027222,
				"bytes":	1107720,
				"bits_per_second":	8861600.48585017,
				"retransmits":	0,
				"omitted":	false,
				"sender":	true
			}
		}, {
			"streams":	[{
					"socket":	5,
					"start":	5.000236,
					"end":	6.000656,
					"seconds":	1.0004199743270874,
					"bytes":	586440,
					"bits_per_second":	4689550.5091805644,
					"retransmits":	0,
					"snd_cwnd":	311320,
					"snd_wnd":	643456,
					"rtt":	371024,
					"rttvar":	875,
					"pmtu":	1500,
					"omitted":	false,
					"sender":	true
				}],
			"sum":	{
				"start":	5.000236,
				"end":	6.000656,
				"seconds":	1.0004199743270874,
				"bytes":	586440,
				"bits_per_second":	4689550.5091805644,
				"retransmits":	0,
				"omitted":	false,
				"sender":	true
			}
		}, {
			"streams":	[{
					"socket":	5,
					"start":	6.000656,
					"end":	7.00038,
					"seconds":	0.999723970890045,
					"bytes":	1368360,
					"bits_per_second":	10949902.491838915,
					"retransmits":	0,
					"snd_cwnd":	351864,
					"snd_wnd":	746496,
					"rtt":	438773,
					"rttvar":	5008,
					"pmtu":	1500,
					"omitted":	false,
					"sender":	true
				}],
			"sum":	{
				"start":	6.000656,
				"end":	7.00038,
				"seconds":	0.999723970890045,
				"bytes":	1368360,
				"bits_per_second":	10949902.491838915,
				"retransmits":	0,
				"omitted":	false,
				"sender":	true
			}
		}, {
			"streams":	[{
					"socket":	5,
					"start":	7.00038,
					"end":	8.000592,
					"seconds":	1.0002119541168213,
					"bytes":	781920,
					"bits_per_second":	6254034.4316554684,
					"retransmits":	0,
					"snd_cwnd":	392408,
					"snd_wnd":	843904,
					"rtt":	425218,
					"rttvar":	2848,
					"pmtu":	1500,
					"omitted":	false,
					"sender":	true
				}],
			"sum":	{
				"start":	7.00038,
				"end":	8.000592,
				"seconds":	1.0002119541168213,
				"bytes":	781920,
				"bits_per_second":	6254034.4316554684,
				"retransmits":	0,
				"omitted":	false,
				"sender":	true
			}
		}, {
			"streams":	[{
					"socket":	5,
					"start":	8.000592,
					"end":	9.000848,
					"seconds":	1.0002559423446655,
					"bytes":	847080,
					"bits_per_second":	6774906.0146697173,
					"retransmits":	0,
					"snd_cwnd":	440192,
					"snd_wnd":	896512,
					"rtt":	487477,
					"rttvar":	6179,
					"pmtu":	1500,
					"omitted":	false,
					"sender":	true
				}],
			"sum":	{
				"start":	8.000592,
				"end":	9.000848,
				"seconds":	1.0002559423446655,
				"bytes":	847080,
				"bits_per_second":	6774906.0146697173,
				"retransmits":	0,
				"omitted":	false,
				"sender":	true
			}
		}, {
			"streams":	[{
					"socket":	5,
					"start":	9.000848,
					"end":	10.000321,
					"seconds":	0.999472975730896,
					"bytes":	2019960,
					"bits_per_second":	16168201.034332845,
					"retransmits":	0,
					"snd_cwnd":	550240,
					"snd_wnd":	1018624,
					"rtt":	593777,
					"rttvar":	6430,
					"pmtu":	1500,
					"omitted":	false,
					"sender":	true
				}],
			"sum":	{
				"start":	9.000848,
				"end":	10.000321,
				"seconds":	0.999472975730896,
				"bytes":	2019960,
				"bits_per_second":	16168201.034332845,
				"retransmits":	0,
				"omitted":	false,
				"sender":	true
			}
		}],
	"end":	{
		"streams":	[{
				"sender":	{
					"socket":	5,
					"start":	0,
					"end":	10.000321,
					"seconds":	10.000321,
					"bytes":	11182904,
					"bits_per_second":	8946036.0322433654,
					"retransmits":	0,
					"max_snd_cwnd":	550240,
					"max_snd_wnd":	1018624,
					"max_rtt":	593777,
					"min_rtt":	114079,
					"mean_rtt":	337321,
					"sender":	true
				},
				"receiver":	{
					"socket":	5,
					"start":	0,
					"end":	10.598775,
					"seconds":	10.000321,
					"bytes":	8781824,
					"bits_per_second":	6628557.73426646,
					"sender":	true
				}
			}],
		"sum_sent":	{
			"start":	0,
			"end":	10.000321,
			"seconds":	10.000321,
			"bytes":	11182904,
			"bits_per_second":	8946036.0322433654,
			"retransmits":	0,
			"sender":	true
		},
		"sum_received":	{
			"start":	0,
			"end":	10.598775,
			"seconds":	10.598775,
			"bytes":	8781824,
			"bits_per_second":	6628557.73426646,
			"sender":	true
		},
		"cpu_utilization_percent":	{
			"host_total":	0.40211451969263468,
			"host_user":	0.19040275706206622,
			"host_system":	0.211741509962679,
			"remote_total":	2.46148365132655,
			"remote_user":	0.310129126748274,