{
	"start":	{
		"connected":	[{
				"socket":	5,
				"local_host":	"129.93.240.11",
				"local_port":	44458,
				"remote_host":	"129.93.208.46",
				"remote_port":	55000
			}],
		"version":	"iperf 3.12",
		"system_info":	"Linux rpi1 6.6.51+rpt-rpi-v8 #1 SMP PREEMPT Debian 1:6.6.51-1+rpt3 (2024-10-08) aarch64",
		"timestamp":	{
			"time":	"Tue, 13 May 2025 22:00:05 GMT",
			"timesecs":	1747173605
		},
		"connecting_to":	{
			"host":	"129.93.208.46",
			"port":	55000
		},
		"cookie":	"2nspwau6ungutqs3pbc47olw4zjwgvacubus",
		"tcp_mss_default":	1448,
		"target_bitrate":	0,
		"sock_bufsize":	0,
		"sndbuf_actual":	16384,
		"rcvbuf_actual":	131072,
		"test_start":	{
			"protocol":	"TCP",
			"num_streams":	1,
			"blksize":	131072,
			"omit":	0,
			"duration":	10,
			"bytes":	0,
			"blocks":	0,
			"reverse":	0,
			"tos":	0,
			"target_bitrate":	0
		}
	},
	"intervals":	[{
			"streams":	[{
					"socket":	5,
					"start":	0,
					"end":	1.000243,
					"seconds":	1.0002429485321045,
					"bytes":	894864,
					"bits_per_second":	7157173.1752830474,
					"retransmits":	0,
					"snd_cwnd":	69504,
					"snd_wnd":	825344,
					"rtt":	135037,
					"rttvar":	18440,
					"pmtu":	1500,
					"omitted":	false,
					"sender":	true
				}],
			"sum":	{
				"start":	0,
				"end":	1.000243,
				"seconds":	1.0002429485321045,
				"bytes":	894864,
				"bits_per_second":	7157173.1752830474,
				"retransmits":	0,
				"omitted":	false,
				"sender":	true
			}
		}, {
			"streams":	[{
					"socket":	5,
					"start":	1.000243,
					"end":	2.000224,
					"seconds":	0.99998098611831665,
					"bytes":	651600,
					"bits_per_second":	5212899.1174470466,
					"retransmits":	0,
					"snd_cwnd":	94120,
					"snd_wnd":	825344,
					"rtt":	191968,
					"rttvar":	17336,
					"pmtu":	1500,
					"omitted":	false,
					"sender":	true
				}],
			"sum":	{
				"start":	1.000243,
				"end":	2.000224,
				"seconds":	0.99998098611831665,
				"bytes":	651600,
				"bits_per_second":	5212899.1174470466,
				"retransmits":	0,
				"omitted":	false,
				"sender":	true
			}
		}, {
			"streams":	[{
					"socket":	5,
					"start":	2.000224,
					"end":	3.000105,
					"seconds":	0.99988102912902832,
					"bytes":	781920,
					"bits_per_second":	6256104.2941767676,
					"retransmits":	0,
					"snd_cwnd":	125976,
					"snd_wnd":	825344,
					"rtt":	124028,
					"rttvar":	3015,
					"pmtu":	1500,
					"omitted":	false,
					"sender":	true
				}],
			"sum":	{
				"start":	2.000224,
				"end":	3.000105,
				"seconds":	0.99988102912902832,
				"bytes":	781920,
				"bits_per_second":	6256104.2941767676,
				"retransmits":	0,
				"omitted":	false,
				"sender":	true
			}
		}, {
			"streams":	[{
					"socket":	5,
					"start":	3.000105,
					"end":	4.000231,
					"seconds":	1.0001260042190552,
					"bytes":	977400,
					"bits_per_second":	7818214.8719406556,
					"retransmits":	0,
					"snd_cwnd":	169416,
					"snd_wnd":	825344,
					"rtt":	197426,
					"rttvar":	8101,
					"pmtu":	1500,
					"omitted":	false,
					"sender":	true
				}],
			"sum":	{
				"start":	3.000105,
				"end":	4.000231,
				"seconds":	1.0001260042190552,
				"bytes":	977400,
				"bits_per_second":	7818214.8719406556,
				"retransmits":	0,
				"omitted":	false,
				"sender":	true
			}
		}, {
			"streams":	[{
					"socket":	5,
					"start":	4.000231,
					"end":	5.00044,
					"seconds":	1.0002089738845825,
					"bytes":	781920,
					"bits_per_second":	6254053.0662363637,
					"retransmits":	0,
					"snd_cwnd":	204168,
					"snd_wnd":	825344,
					"rtt":	318548,
					"rttvar":	13969,
					"pmtu":	1500,
					"omitted":	false,
					"sender":	true
				}],
			"sum":	{
				"start":	4.000231,
				"end":	5.00044,
				"seconds":	1.0002089738845825,
				"bytes":	781920,
				"bits_per_second":	6254053.0662363637,
				"retransmits":	0,
				"omitted":	false,
				"sender":	true
			}
		}, {
			"streams":	[{
					"socket":	5,
					"start":	5.00044,
					"end":	6.000212,
					"seconds":	0.999772012233734,
					"bytes":	977400,
					"bits_per_second":	7820983.0884643421,
					"retransmits":	0,
					"snd_cwnd":	233128,
					"snd_wnd":	818560,
					"rtt":	355320,
					"rttvar":	5635,
					"pmtu":	1500,
					"omitted":	false,
					"sender":	true
				}],
			"sum":	{
				"start":	5.00044,
				"end":	6.000212,
				"seconds":	0.999772012233734,
				"bytes":	977400,
				"bits_per_second":	7820983.0884643421,
				"retransmits":	0,
				"omitted":	false,
				"sender":	true
			}
		}, {
			"streams":	[{
					"socket":	5,
					"start":	6.000212,
					"end":	7.000373,
					"seconds":	1.0001610517501831,
					"bytes":	521280,
					"bits_per_second":	4169568.4836981921,
					"retransmits":	0,
					"snd_cwnd":	256296,
					"snd_wnd":	825344,
					"rtt":	495420,
					"rttvar":	12158,
					"pmtu":	1500,
					"omitted":	false,
					"sender":	true
				}],
			"sum":	{
				"start":	6.000212,
				"end":	7.000373,
				"seconds":	1.0001610517501831,
				"bytes":	521280,
				"bits_per_second":	4169568.4836981921,
				"retransmits":	0,
				"omitted":	false,
				"sender":	true
			}
		}, {
			"streams":	[{
					"socket":	5,
					"start":	7.000373,
					"end":	8.000417,
					"seconds":	1.0000439882278442,
					"bytes":	586440,
					"bits_per_second":	4691313.637426828,
					"retransmits":	0,
					"snd_cwnd":	293944,
					"snd_wnd":	825344,
					"rtt":	539908,
					"rttvar":	6626,
					"pmtu":	1500,
					"omitted":	false,
					"sender":	true
				}],
			"sum":	{
				"start":	7.000373,
				"end":	8.000417,
				"seconds":	1.0000439882278442,
				"bytes":	586440,
				"bits_per_second":	4691313.637426828,
				"retransmits":	0,
				"omitted":	false,
				"sender":	true
			}
		}, {
			"streams":	[{
					"socket":	5,
					"start":	8.000417,
					"end":	9.000682,
					"seconds":	1.0002650022506714,
					"bytes":	716760,
					"bits_per_second":	5732560.8584703943,
					"retransmits":	0,
					"snd_cwnd":	370688,
					"snd_wnd":	825344,
					"rtt":	671918,
					"rttvar":	76020,
					"pmtu":	1500,
					"omitted":	false,
					"sender":	true
				}],
			"sum":	{
				"start":	8.000417,
				"end":	9.000682,
				"seconds":	1.0002650022506714,
				"bytes":	716760,
				"bits_per_second":	5732560.8584703943,
				"retransmits":	0,
				"omitted":	false,
				"sender":	true
			}
		}, {
			"streams":	[{
					"socket":	5,
					"start":	9.000682,
					"end":	10.000561,
					"seconds":	0.999879002571106,
					"bytes":	847080,
					"bits_per_second":	6777460.0552411163,
					"retransmits":	0,
					"snd_cwnd":	479288,
					"snd_wnd":	825344,
					"rtt":	1064335,
					"rttvar":	39232,
					"pmtu":	1500,
					"omitted":	false,
					"sender":	true
				}],
			"sum":	{
				"start":	9.000682,
				"end":	10.000561,
				"seconds":	0.999879002571106,
				"bytes":	847080,
				"bits_per_second":	6777460.0552411163,
				"retransmits":	0,
				"omitted":	false,
				"sender":	true
			}
		}],
	"end":	{
		"streams":	[{
				"sender":	{
					"socket":	5,
					"start":	0,
					"end":	10.000561,
					"seconds":	10.000561,
					"bytes":	7736664,
					"bits_per_second":	6188983.9979977123,
					"retransmits":	0,
					"max_snd_cwnd":	479288,
					"max_snd_wnd":	825344,
					"max_rtt":	1064335,
					"min_rtt":	124028,
					"mean_rtt":	409390,
					"sender":	true
				},
				"receiver":	{
					"socket":	5,
					"start":	0,
					"end":	11.675,
					"seconds":	10.000561,
					"bytes":	6029312,
					"bits_per_second":	4131434.3468950745,
					"sender":	true
				}
			}],
		"sum_sent":	{
			"start":	0,
			"end":	10.000561,
			"seconds":	10.000561,
			"bytes":	7736664,
			"bits_per_second":	6188983.9979977123,
			"retransmits":	0,
			"sender":	true
		},
		"sum_received":	{
			"start":	0,
			"end":	11.675,
			"seconds":	11.675,
			"bytes":	6029312,
			"bits_per_second":	4131434.3468950745,
			"sender":	true
		},
		"cpu_utilization_percent":	{
			"host_total":	0.41091890259540254,
			"host_user":	0.076365284991234239,
			"host_system":	0.33452399186319148,
			"remote_total":	1.3232420591043952,
			"remote_user":	0.23621338416315082,