{
	"start":	{
		"connected":	[{
				"socket":	5,
				"local_host":	"129.93.240.11",
				"local_port":	60380,
				"remote_host":	"129.93.208.46",
				"remote_port":	55000
			}],
		"version":	"iperf 3.12",
		"system_info":	"Linux rpi1 6.6.51+rpt-rpi-v8 #1 SMP PREEMPT Debian 1:6.6.51-1+rpt3 (2024-10-08) aarch64",
		"timestamp":	{
			"time":	"Tue, 13 May 2025 22:22:55 GMT",
			"timesecs":	1747174975
		},
		"connecting_to":	{
			"host":	"129.93.208.46",
			"port":	55000
		},
		"cookie":	"damjwlmqz6ykukrkvrm4ts242uylcjhhqaba",
		"tcp_mss_default":	1448,
		"target_bitrate":	0,
		"sock_bufsize":	0,
		"sndbuf_actual":	16384,
		"rcvbuf_actual":	131072,
		"test_start":	{
			"protocol":	"TCP",
			"num_streams":	1,
			"blksize":	131072,
			"omit":	0,
			"duration":	10,
			"bytes":	0,
			"blocks":	0,
			"reverse":	0,
			"tos":	0,
			"target_bitrate":	0
		}
	},
	"intervals":	[{
			"streams":	[{
					"socket":	5,
					"start":	0,
					"end":	1.000208,
					"seconds":	1.0002080202102661,
					"bytes":	933960,
					"bits_per_second":	7470126.0628057,
					"retransmits":	0,
					"snd_cwnd":	75296,
					"snd_wnd":	376960,
					"rtt":	120427,
					"rttvar":	3835,
					"pmtu":	1500,
					"omitted":	false,
					"sender":	true
				}],
			"sum":	{
				"start":	0,
				"end":	1.000208,
				"seconds":	1.0002080202102661,
				"bytes":	933960,
				"bits_per_second":	7470126.0628057,
				"retransmits":	0,
				"omitted":	false,
				"sender":	true
			}
		}, {
			"streams":	[{
					"socket":	5,
					"start":	1.000208,
					"end":	2.000331,
					"seconds":	1.0001230239868164,
					"bytes":	586440,
					"bits_per_second":	4690942.90150233,
					"retransmits":	0,
					"snd_cwnd":	101360,
					"snd_wnd":	376960,
					"rtt":	180611,
					"rttvar":	9413,
					"pmtu":	1500,
					"omitted":	false,
					"sender":	true
				}],
			"sum":	{
				"start":	1.000208,
				"end":	2.000331,
				"seconds":	1.0001230239868164,
				"bytes":	586440,
				"bits_per_second":	4690942.90150233,
				"retransmits":	0,
				"omitted":	false,
				"sender":	true
			}
		}, {
			"streams":	[{
					"socket":	5,
					"start":	2.000331,
					"end":	3.000309,
					"seconds":	0.999978005886078,
					"bytes":	781920,
					"bits_per_second":	6255497.5841265051,
					"retransmits":	0,
					"snd_cwnd":	134664,
					"snd_wnd":	376960,
					"rtt":	166490,
					"rttvar":	2872,
					"pmtu":	1500,
					"omitted":	false,
					"sender":	true
				}],
			"sum":	{
				"start":	2.000331,
				"end":	3.000309,
				"seconds":	0.999978005886078,
				"bytes":	781920,
				"bits_per_second":	6255497.5841265051,
				"retransmits":	0,
				"omitted":	false,
				"sender":	true
			}
		}, {
			"streams":	[{
					"socket":	5,
					"start":	3.000309,
					"end":	4.000147,
					"seconds":	0.99983799457550049,
					"bytes":	977400,
					"bits_per_second":	7820466.9580693264,
					"retransmits":	0,
					"snd_cwnd":	166520,
					"snd_wnd":	411520,
					"rtt":	248332,
					"rttvar":	2335,
					"pmtu":	1500,
					"omitted":	false,
					"sender":	true
				}],
			"sum":	{
				"start":	3.000309,
				"end":	4.000147,
				"seconds":	0.99983799457550049,
				"bytes":	977400,
				"bits_per_second":	7820466.9580693264,
				"retransmits":	0,
				"omitted":	false,
				"sender":	true
			}
		}, {
			"streams":	[{
					"socket":	5,
					"start":	4.000147,
					"end":	5.000355,
					"seconds":	1.0002080202102661,
					"bytes":	781920,
					"bits_per_second":	6254059.0293257032,
					"retransmits":	0,
					"snd_cwnd":	204168,
					"snd_wnd":	490752,
					"rtt":	254196,
					"rttvar":	4241,
					"pmtu":	1500,
					"omitted":	false,
					"sender":	true
				}],
			"sum":	{
				"start":	4.000147,
				"end":	5.000355,
				"seconds":	1.0002080202102661,
				"bytes":	781920,
				"bits_per_second":	6254059.0293257032,
				"retransmits":	0,
				"omitted":	false,
				"sender":	true
			}
		}, {
			"streams":	[{
					"socket":	5,
					"start":	5.000355,
					"end":	6.000397,
					"seconds":	1.0000419616699219,
					"bytes":	977400,
					"bits_per_second":	7818871.9070778741,
					"retransmits":	0,
					"snd_cwnd":	241816,
					"snd_wnd":	515840,
					"rtt":	306690,
					"rttvar":	3582,
					"pmtu":	1500,
					"omitted":	false,
					"sender":	true
				}],
			"sum":	{
				"start":	5.000355,
				"end":	6.000397,
				"seconds":	1.0000419616699219,
				"bytes":	977400,
				"bits_per_second":	7818871.9070778741,
				"retransmits":	0,
				"omitted":	false,
				"sender":	true
			}
		}, {
			"streams":	[{
					"socket":	5,
					"start":	6.000397,
					"end":	7.000257,
					"seconds":	0.99985998868942261,
					"bytes":	1107720,
					"bits_per_second":	8863000.92037451,
					"retransmits":	0,
					"snd_cwnd":	282360,
					"snd_wnd":	586880,
					"rtt":	360004,
					"rttvar":	3697,
					"pmtu":	1500,
					"omitted":	false,
					"sender":	true
				}],
			"sum":	{
				"start":	6.000397,
				"end":	7.000257,
				"seconds":	0.99985998868942261,
				"bytes":	1107720,
				"bits_per_second":	8863000.92037451,
				"retransmits":	0,
				"omitted":	false,
				"sender":	true
			}
		}, {
			"streams":	[{
					"socket":	5,
					"start":	7.000257,
					"end":	8.000567,
					"seconds":	1.000309944152832,
					"bytes":	651600,
					"bits_per_second":	5211184.8237345563,
					"retransmits":	0,
					"snd_cwnd":	314216,
					"snd_wnd":	700160,
					"rtt":	495976,
					"rttvar":	6513,
					"pmtu":	1500,
					"omitted":	false,
					"sender":	true
				}],
			"sum":	{
				"start":	7.000257,
				"end":	8.000567,
				"seconds":	1.000309944152832,
				"bytes":	651600,
				"bits_per_second":	5211184.8237345563,
				"retransmits":	0,
				"omitted":	false,
				"sender":	true
			}
		}, {
			"streams":	[{
					"socket":	5,
					"start":	8.000567,
					"end":	9.000627,
					"seconds":	1.000059962272644,
					"bytes":	716760,
					"bits_per_second":	5733736.1921471776,
					"retransmits":	0,
					"snd_cwnd":	376480,
					"snd_wnd":	700160,
					"rtt":	821028,
					"rttvar":	21517,
					"pmtu":	1500,
					"omitted":	false,
					"sender":	true
				}],
			"sum":	{
				"start":	8.000567,
				"end":	9.000627,
				"seconds":	1.000059962272644,
				"bytes":	716760,
				"bits_per_second":	5733736.1921471776,
				"retransmits":	0,
				"omitted":	false,
				"sender":	true
			}
		}, {
			"streams":	[{
					"socket":	5,
					"start":	9.000627,
					"end":	10.00052,
					"seconds":	0.99989300966262817,
					"bytes":	912240,
					"bits_per_second":	7298700.8904706473,
					"retransmits":	0,
					"snd_cwnd":	459016,
					"snd_wnd":	840064,
					"rtt":	1185758,
					"rttvar":	44179,
					"pmtu":	1500,
					"omitted":	false,
					"sender":	true
				}],
			"sum":	{
				"start":	9.000627,
				"end":	10.00052,
				"seconds":	0.99989300966262817,
				"bytes":	912240,
				"bits_per_second":	7298700.8904706473,
				"retransmits":	0,
				"omitted":	false,
				"sender":	true
			}
		}],
	"end":	{
		"streams":	[{
				"sender":	{
					"socket":	5,
					"start":	0,
					"end":	10.00052,
					"seconds":	10.00052,
					"bytes":	8427360,
					"bits_per_second":	6741537.4400531175,
					"retransmits":	0,
					"max_snd_cwnd":	459016,
					"max_snd_wnd":	840064,
					"max_rtt":	1185758,
					"min_rtt":	120427,
					"mean_rtt":	413951,
					"sender":	true
				},
				"receiver":	{
					"socket":	5,
					"start":	0,
					"end":	11.253914,
					"seconds":	10.00052,
					"bytes":	6422528,
					"bits_per_second":	4565542.6192167457,
					"sender":	true
				}
			}],
		"sum_sent":	{
			"start":	0,
			"end":	10.00052,
			"seconds":	10.00052,
			"bytes":	8427360,
			"bits_per_second":	6741537.4400531175,
			"retransmits":	0,
			"sender":	true
		},
		"sum_received":	{
			"start":	0,
			"end":	11.253914,
			"seconds":	11.253914,
			"bytes":	6422528,
			"bits_per_second":	4565542.6192167457,
			"sender":	true
		},
		"cpu_utilization_percent":	{
			"host_total":	0.38661878321440485,
			"host_user":	0.0877817206639296,
			"host_system":	0.29886668851087483,
			"remote_total":	2.3859745401030428,
			"remote_user":	0.4073153441276624,
			"remote_system":	1.97867696753864
		},