{
	"start":	{
		"connected":	[{
				"socket":	5,
				"local_host":	"129.93.240.11",
				"local_port":	40510,
				"remote_host":	"129.93.208.46",
				"remote_port":	55000
			}],
		"version":	"iperf 3.12",
		"system_info":	"Linux rpi1 6.6.51+rpt-rpi-v8 #1 SMP PREEMPT Debian 1:6.6.51-1+rpt3 (2024-10-08) aarch64",
		"timestamp":	{
			"time":	"Tue, 13 May 2025 22:18:06 GMT",
			"timesecs":	1747174686
		},
		"connecting_to":	{
			"host":	"129.93.208.46",
			"port":	55000
		},
		"cookie":	"aktl7zno5iefur7mehlic6i57liu22bejawp",
		"tcp_mss_default":	1448,
		"target_bitrate":	0,
		"sock_bufsize":	0,
		"sndbuf_actual":	16384,
		"rcvbuf_actual":	131072,
		"test_start":	{
			"protocol":	"TCP",
			"num_streams":	1,
			"blksize":	131072,
			"omit":	0,
			"duration":	10,
			"bytes":	0,
			"blocks":	0,
			"reverse":	0,
			"tos":	0,
			"target_bitrate":	0
		}
	},
	"intervals":	[{
			"streams":	[{
					"socket":	5,
					"start":	0,
					"end":	1.000306,
					"seconds":	1.0003060102462769,
					"bytes":	1051248,
					"bits_per_second":	8407411.2460140567,
					"retransmits":	0,
					"snd_cwnd":	91224,
					"snd_wnd":	281216,
					"rtt":	139464,
					"rttvar":	4860,
					"pmtu":	1500,
					"omitted":	false,
					"sender":	true
				}],
			"sum":	{
				"start":	0,
				"end":	1.000306,
				"seconds":	1.0003060102462769,
				"bytes":	1051248,
				"bits_per_second":	8407411.2460140567,
				"retransmits":	0,
				"omitted":	false,
				"sender":	true
			}
		}, {
			"streams":	[{
					"socket":	5,
					"start":	1.000306,
					"end":	2.000106,
					"seconds":	0.99980002641677856,
					"bytes":	977400,
					"bits_per_second":	7820763.94618985,
					"retransmits":	0,
					"snd_cwnd":	123080,
					"snd_wnd":	323456,
					"rtt":	183035,
					"rttvar":	3796,
					"pmtu":	1500,
					"omitted":	false,
					"sender":	true
				}],
			"sum":	{
				"start":	1.000306,
				"end":	2.000106,
				"seconds":	0.99980002641677856,
				"bytes":	977400,
				"bits_per_second":	7820763.94618985,
				"retransmits":	0,
				"omitted":	false,
				"sender":	true
			}
		}, {
			"streams":	[{
					"socket":	5,
					"start":	2.000106,
					"end":	3.000393,
					"seconds":	1.0002870559692383,
					"bytes":	651600,
					"bits_per_second":	5211304.0640608957,
					"retransmits":	0,
					"snd_cwnd":	156384,
					"snd_wnd":	339840,
					"rtt":	218830,
					"rttvar":	2717,
					"pmtu":	1500,
					"omitted":	false,
					"sender":	true
				}],
			"sum":	{
				"start":	2.000106,
				"end":	3.000393,
				"seconds":	1.0002870559692383,
				"bytes":	651600,
				"bits_per_second":	5211304.0640608957,
				"retransmits":	0,
				"omitted":	false,
				"sender":	true
			}
		}, {
			"streams":	[{
					"socket":	5,
					"start":	3.000393,
					"end":	4.000106,
					"seconds":	0.99971300363540649,
					"bytes":	1107720,
					"bits_per_second":	8864304.02302926,
					"retransmits":	0,
					"snd_cwnd":	191136,
					"snd_wnd":	396800,
					"rtt":	262072,
					"rttvar":	3719,
					"pmtu":	1500,
					"omitted":	false,
					"sender":	true
				}],
			"sum":	{
				"start":	3.000393,
				"end":	4.000106,
				"seconds":	0.99971300363540649,
				"bytes":	1107720,
				"bits_per_second":	8864304.02302926,
				"retransmits":	0,
				"omitted":	false,
				"sender":	true
			}
		}, {
			"streams":	[{
					"socket":	5,
					"start":	4.000106,
					"end":	5.000119,
					"seconds":	1.000012993812561,
					"bytes":	912240,
					"bits_per_second":	7297825.173427593,
					"retransmits":	0,
					"snd_cwnd":	227336,
					"snd_wnd":	472192,
					"rtt":	309331,
					"rttvar":	4869,
					"pmtu":	1500,
					"omitted":	false,
					"sender":	true
				}],
			"sum":	{
				"start":	4.000106,
				"end":	5.000119,
				"seconds":	1.000012993812561,
				"bytes":	912240,
				"bits_per_second":	7297825.173427593,
				"retransmits":	0,
				"omitted":	false,
				"sender":	true
			}
		}, {
			"streams":	[{
					"socket":	5,
					"start":	5.000119,
					"end":	6.000592,
					"seconds":	1.0004730224609375,
					"bytes":	521280,
					"bits_per_second":	4168268.3154635718,
					"retransmits":	0,
					"snd_cwnd":	264984,
					"snd_wnd":	581248,
					"rtt":	331504,
					"rttvar":	4315,
					"pmtu":	1500,
					"omitted":	false,
					"sender":	true
				}],
			"sum":	{
				"start":	5.000119,
				"end":	6.000592,
				"seconds":	1.0004730224609375,
				"bytes":	521280,
				"bits_per_second":	4168268.3154635718,
				"retransmits":	0,
				"omitted":	false,
				"sender":	true
			}
		}, {
			"streams":	[{
					"socket":	5,
					"start":	6.000592,
					"end":	7.000331,
					"seconds":	0.99973899126052856,
					"bytes":	1172880,
					"bits_per_second":	9385489.69483457,
					"retransmits":	0,
					"snd_cwnd":	301184,
					"snd_wnd":	617472,
					"rtt":	401102,
					"rttvar":	4886,
					"pmtu":	1500,
					"omitted":	false,
					"sender":	true
				}],
			"sum":	{
				"start":	6.000592,
				"end":	7.000331,
				"seconds":	0.99973899126052856,
				"bytes":	1172880,
				"bits_per_second":	9385489.69483457,
				"retransmits":	0,
				"omitted":	false,
				"sender":	true
			}
		}, {
			"streams":	[{
					"socket":	5,
					"start":	7.000331,
					"end":	8.000655,
					"seconds":	1.000324010848999,
					"bytes":	651600,
					"bits_per_second":	5211111.5433246186,
					"retransmits":	0,
					"snd_cwnd":	338832,
					"snd_wnd":	725504,
					"rtt":	418987,
					"rttvar":	1678,
					"pmtu":	1500,
					"omitted":	false,
					"sender":	true
				}],
			"sum":	{
				"start":	7.000331,
				"end":	8.000655,
				"seconds":	1.000324010848999,
				"bytes":	651600,
				"bits_per_second":	5211111.5433246186,
				"retransmits":	0,
				"omitted":	false,
				"sender":	true
			}
		}, {
			"streams":	[{
					"socket":	5,
					"start":	8.000655,
					"end":	9.000233,
					"seconds":	0.99957799911499023,
					"bytes":	1563840,
					"bits_per_second":	12516001.763821116,
					"retransmits":	0,
					"snd_cwnd":	417024,
					"snd_wnd":	804864,
					"rtt":	469918,
					"rttvar":	4319,
					"pmtu":	1500,
					"omitted":	false,
					"sender":	true
				}],
			"sum":	{
				"start":	8.000655,
				"end":	9.000233,
				"seconds":	0.99957799911499023,
				"bytes":	1563840,
				"bits_per_second":	12516001.763821116,
				"retransmits":	0,
				"omitted":	false,
				"sender":	true
			}
		}, {
			"streams":	[{
					"socket":	5,
					"start":	9.000233,
					"end":	10.000662,
					"seconds":	1.0004290342330933,
					"bytes":	977400,
					"bits_per_second":	7815846.7341904221,
					"retransmits":	0,
					"snd_cwnd":	550240,
					"snd_wnd":	1020160,
					"rtt":	507102,
					"rttvar":	4142,
					"pmtu":	1500,
					"omitted":	false,
					"sender":	true
				}],
			"sum":	{
				"start":	9.000233,
				"end":	10.000662,
				"seconds":	1.0004290342330933,
				"bytes":	977400,
				"bits_per_second":	7815846.7341904221,
				"retransmits":	0,
				"omitted":	false,
				"sender":	true
			}
		}],
	"end":	{
		"streams":	[{
				"sender":	{
					"socket":	5,
					"start":	0,
					"end":	10.000662,
					"seconds":	10.000662,
					"bytes":	9587208,
					"bits_per_second":	7669258.695074386,
					"retransmits":	0,
					"max_snd_cwnd":	550240,
					"max_snd_wnd":	1020160,
					"max_rtt":	507102,
					"min_rtt":	139464,
					"mean_rtt":	324134,
					"sender":	true
				},
				"receiver":	{
					"socket":	5,
					"start":	0,
					"end":	10.623609,
					"seconds":	10.000662,
					"bytes":	7864320,
					"bits_per_second":	5922145.66631735,
					"sender":	true
				}
			}],
		"sum_sent":	{
			"start":	0,
			"end":	10.000662,
			"seconds":	10.000662,
			"bytes":	9587208,
			"bits_per_second":	7669258.695074386,
			"retransmits":	0,
			"sender":	true
		},
		"sum_received":	{
			"start":	0,
			"end":	10.623609,
			"seconds":	10.623609,
			"bytes":	7864320,
			"bits_per_second":	5922145.66631735,
			"sender":	true
		},
		"cpu_utilization_percent":	{
			"host_total":	0.50258473987765062,
			"host_user":	0.17398000515020356,
			"host_system":	0.3285948494998816,
			"remote_total":	2.2521834782521934,
			"remote_user":	0.23843979741041821,