{
	"start":	{
		"connected":	[{
				"socket":	5,
				"local_host":	"129.93.240.12",
				"local_port":	34372,
				"remote_host":	"10.53.1.3",
				"remote_port":	56000
			}],
		"version":	"iperf 3.12",
		"system_info":	"Linux rpi2 6.6.74+rpt-rpi-v8 #1 SMP PREEMPT Debian 1:6.6.74-1+rpt1 (2025-01-27) aarch64",
		"timestamp":	{
			"time":	"Tue, 13 May 2025 23:55:26 GMT",
			"timesecs":	1747180526
		},
		"connecting_to":	{
			"host":	"10.53.1.3",
			"port":	56000
		},
		"cookie":	"2qs2t6ht33vkkcjeipu5p6bfwcrkdkoasupv",
		"tcp_mss_default":	1448,
		"target_bitrate":	0,
		"sock_bufsize":	0,
		"sndbuf_actual":	16384,
		"rcvbuf_actual":	131072,
		"test_start":	{
			"protocol":	"TCP",
			"num_streams":	1,
			"blksize":	131072,
			"omit":	0,
			"duration":	10,
			"bytes":	0,
			"blocks":	0,
			"reverse":	0,
			"tos":	0,
			"target_bitrate":	0
		}
	},
	"intervals":	[{
			"streams":	[{
					"socket":	5,
					"start":	0,
					"end":	1.000193,
					"seconds":	1.0001929998397827,
					"bytes":	1206184,
					"bits_per_second":	9647610.01281324,
					"retransmits":	0,
					"snd_cwnd":	125976,
					"snd_wnd":	738688,
					"rtt":	290641,
					"rttvar":	42847,
					"pmtu":	1500,
					"omitted":	false,
					"sender":	true
				}],
			"sum":	{
				"start":	0,
				"end":	1.000193,
				"seconds":	1.0001929998397827,
				"bytes":	1206184,
				"bits_per_second":	9647610.01281324,
				"retransmits":	0,
				"omitted":	false,
				"sender":	true
			}
		}, {
			"streams":	[{
					"socket":	5,
					"start":	1.000193,
					"end":	2.000681,
					"seconds":	1.0004880428314209,
					"bytes":	325800,
					"bits_per_second":	2605128.5856688349,
					"retransmits":	0,
					"snd_cwnd":	146248,
					"snd_wnd":	738688,
					"rtt":	387470,
					"rttvar":	15861,
					"pmtu":	1500,
					"omitted":	false,
					"sender":	true
				}],
			"sum":	{
				"start":	1.000193,
				"end":	2.000681,
				"seconds":	1.0004880428314209,
				"bytes":	325800,
				"bits_per_second":	2605128.5856688349,
				"retransmits":	0,
				"omitted":	false,
				"sender":	true
			}
		}, {
			"streams":	[{
					"socket":	5,
					"start":	2.000681,
					"end":	3.000133,
					"seconds":	0.999451994895935,
					"bytes":	651600,
					"bits_per_second":	5215658.20731867,
					"retransmits":	0,
					"snd_cwnd":	165072,
					"snd_wnd":	738688,
					"rtt":	359969,
					"rttvar":	10797,
					"pmtu":	1500,
					"omitted":	false,
					"sender":	true
				}],
			"sum":	{
				"start":	2.000681,
				"end":	3.000133,
				"seconds":	0.999451994895935,
				"bytes":	651600,
				"bits_per_second":	5215658.20731867,
				"retransmits":	0,
				"omitted":	false,
				"sender":	true
			}
		}, {
			"streams":	[{
					"socket":	5,
					"start":	3.000133,
					"end":	4.000518,
					"seconds":	1.000385046005249,
					"bytes":	390960,
					"bits_per_second":	3126476.1628429908,
					"retransmits":	0,
					"snd_cwnd":	186792,
					"snd_wnd":	738688,
					"rtt":	404612,
					"rttvar":	5599,
					"pmtu":	1500,
					"omitted":	false,
					"sender":	true
				}],
			"sum":	{
				"start":	3.000133,
				"end":	4.000518,
				"seconds":	1.000385046005249,
				"bytes":	390960,
				"bits_per_second":	3126476.1628429908,
				"retransmits":	0,
				"omitted":	false,
				"sender":	true
			}
		}, {
			"streams":	[{
					"socket":	5,
					"start":	4.000518,
					"end":	5.000204,
					"seconds":	0.99968600273132324,
					"bytes":	847080,
					"bits_per_second":	6778768.5147986384,
					"retransmits":	0,
					"snd_cwnd":	214304,
					"snd_wnd":	738688,
					"rtt":	306059,
					"rttvar":	9390,
					"pmtu":	1500,
					"omitted":	false,
					"sender":	true
				}],
			"sum":	{
				"start":	4.000518,
				"end":	5.000204,
				"seconds":	0.99968600273132324,
				"bytes":	847080,
				"bits_per_second":	6778768.5147986384,
				"retransmits":	0,
				"omitted":	false,
				"sender":	true
			}
		}, {
			"streams":	[{
					"socket":	5,
					"start":	5.000204,
					"end":	6.000473,
					"seconds":	1.0002690553665161,
					"bytes":	456120,
					"bits_per_second":	3647978.4918098431,
					"retransmits":	0,
					"snd_cwnd":	238920,
					"snd_wnd":	738688,
					"rtt":	459079,
					"rttvar":	4523,
					"pmtu":	1500,
					"omitted":	false,
					"sender":	true
				}],
			"sum":	{
				"start":	5.000204,
				"end":	6.000473,
				"seconds":	1.0002690553665161,
				"bytes":	456120,
				"bits_per_second":	3647978.4918098431,
				"retransmits":	0,
				"omitted":	false,
				"sender":	true
			}
		}, {
			"streams":	[{
					"socket":	5,
					"start":	6.000473,
					"end":	7.000723,
					"seconds":	1.000249981880188,
					"bytes":	521280,
					"bits_per_second":	4169197.7761010546,
					"retransmits":	0,
					"snd_cwnd":	267880,
					"snd_wnd":	738688,
					"rtt":	441886,
					"rttvar":	14140,
					"pmtu":	1500,
					"omitted":	false,
					"sender":	true
				}],
			"sum":	{
				"start":	6.000473,
				"end":	7.000723,
				"seconds":	1.000249981880188,
				"bytes":	521280,
				"bits_per_second":	4169197.7761010546,
				"retransmits":	0,
				"omitted":	false,
				"sender":	true
			}
		}, {
			"streams":	[{
					"socket":	5,
					"start":	7.000723,
					"end":	8.00013,
					"seconds":	0.99940699338912964,
					"bytes":	1238040,
					"bits_per_second":	9910196.812224675,
					"retransmits":	0,
					"snd_cwnd":	335936,
					"snd_wnd":	738688,
					"rtt":	492891,
					"rttvar":	6630,
					"pmtu":	1500,
					"omitted":	false,
					"sender":	true
				}],
			"sum":	{
				"start":	7.000723,
				"end":	8.00013,
				"seconds":	0.99940699338912964,
				"bytes":	1238040,
				"bits_per_second":	9910196.812224675,
				"retransmits":	0,
				"omitted":	false,
				"sender":	true
			}
		}, {
			"streams":	[{
					"socket":	5,
					"start":	8.00013,
					"end":	9.000449,
					"seconds":	1.0003190040588379,
					"bytes":	847080,
					"bits_per_second":	6774478.9137300085,
					"retransmits":	0,
					"snd_cwnd":	443088,
					"snd_wnd":	1027840,
					"rtt":	437894,
					"rttvar":	4186,
					"pmtu":	1500,
					"omitted":	false,
					"sender":	true
				}],
			"sum":	{
				"start":	8.00013,
				"end":	9.000449,
				"seconds":	1.0003190040588379,
				"bytes":	847080,
				"bits_per_second":	6774478.9137300085,
				"retransmits":	0,
				"omitted":	false,
				"sender":	true
			}
		}, {
			"streams":	[{
					"socket":	5,
					"start":	9.000449,
					"end":	10.000737,
					"seconds":	1.0002880096435547,
					"bytes":	977400,
					"bits_per_second":	7816948.6434075274,
					"retransmits":	0,
					"snd_cwnd":	554584,
					"snd_wnd":	1247872,
					"rtt":	765808,
					"rttvar":	4611,
					"pmtu":	1500,
					"omitted":	false,
					"sender":	true
				}],
			"sum":	{
				"start":	9.000449,
				"end":	10.000737,
				"seconds":	1.0002880096435547,
				"bytes":	977400,
				"bits_per_second":	7816948.6434075274,
				"retransmits":	0,
				"omitted":	false,
				"sender":	true
			}
		}],
	"end":	{
		"streams":	[{
				"sender":	{
					"socket":	5,
					"start":	0,
					"end":	10.000737,
					"seconds":	10.000737,
					"bytes":	7461544,
					"bits_per_second":	5968795.2997864056,
					"retransmits":	0,
					"max_snd_cwnd":	554584,
					"max_snd_wnd":	1247872,
					"max_rtt":	765808,
					"min_rtt":	290641,
					"mean_rtt":	434630,
					"sender":	true
				},
				"receiver":	{
					"socket":	5,
					"start":	0,
					"end":	10.634694,
					"seconds":	10.000737,
					"bytes":	5505024,
					"bits_per_second":	4141180.931016915,
					"sender":	true
				}
			}],
		"sum_sent":	{
			"start":	0,
			"end":	10.000737,
			"seconds":	10.000737,
			"bytes":	7461544,
			"bits_per_second":	5968795.2997864056,
			"retransmits":	0,
			"sender":	true
		},
		"sum_received":	{
			"start":	0,
			"end":	10.634694,
			"seconds":	10.634694,
			"bytes":	5505024,
			"bits_per_second":	4141180.931016915,
			"sender":	true
		},
		"cpu_utilization_percent":	{
			"host_total":	0.37234034144174477,
			"host_user":	0.0037546260945723127,
			"host_system":	0.36857583475218675,
			"remote_total":	0.17261406449655831,
			"remote_user":	0.013907294295931237,