{
	"start":	{
		"connected":	[{
				"socket":	5,
				"local_host":	"129.93.240.12",
				"local_port":	54412,
				"remote_host":	"10.53.1.3",
				"remote_port":	56000
			}],
		"version":	"iperf 3.12",
		"system_info":	"Linux rpi2 6.6.74+rpt-rpi-v8 #1 SMP PREEMPT Debian 1:6.6.74-1+rpt1 (2025-01-27) aarch64",
		"timestamp":	{
			"time":	"Wed, 14 May 2025 00:05:46 GMT",
			"timesecs":	1747181146
		},
		"connecting_to":	{
			"host":	"10.53.1.3",
			"port":	56000
		},
		"cookie":	"l7ncqftieqtgci6k5b5b7p357gjuwhy4zvcb",
		"tcp_mss_default":	1448,
		"target_bitrate":	0,
		"sock_bufsize":	0,
		"sndbuf_actual":	16384,
		"rcvbuf_actual":	131072,
		"test_start":	{
			"protocol":	"TCP",
			"num_streams":	1,
			"blksize":	131072,
			"omit":	0,
			"duration":	10,
			"bytes":	0,
			"blocks":	0,
			"reverse":	0,
			"tos":	0,
			"target_bitrate":	0
		}
	},
	"intervals":	[{
			"streams":	[{
					"socket":	5,
					"start":	0,
					"end":	1.000103,
					"seconds":	1.0001029968261719,
					"bytes":	932512,
					"bits_per_second":	7459327.7129201936,
					"retransmits":	0,
					"snd_cwnd":	62264,
					"snd_wnd":	207104,
					"rtt":	113338,
					"rttvar":	7028,
					"pmtu":	1500,
					"omitted":	false,
					"sender":	true
				}],
			"sum":	{
				"start":	0,
				"end":	1.000103,
				"seconds":	1.0001029968261719,
				"bytes":	932512,
				"bits_per_second":	7459327.7129201936,
				"retransmits":	0,
				"omitted":	false,
				"sender":	true
			}
		}, {
			"streams":	[{
					"socket":	5,
					"start":	1.000103,
					"end":	2.000243,
					"seconds":	1.0001399517059326,
					"bytes":	781920,
					"bits_per_second":	6254484.6742001167,
					"retransmits":	0,
					"snd_cwnd":	98464,
					"snd_wnd":	233856,
					"rtt":	124538,
					"rttvar":	11180,
					"pmtu":	1500,
					"omitted":	false,
					"sender":	true
				}],
			"sum":	{
				"start":	1.000103,
				"end":	2.000243,
				"seconds":	1.0001399517059326,
				"bytes":	781920,
				"bits_per_second":	6254484.6742001167,
				"retransmits":	0,
				"omitted":	false,
				"sender":	true
			}
		}, {
			"streams":	[{
					"socket":	5,
					"start":	2.000243,
					"end":	3.00039,
					"seconds":	1.0001469850540161,
					"bytes":	781920,
					"bits_per_second":	6254440.6906972369,
					"retransmits":	0,
					"snd_cwnd":	131768,
					"snd_wnd":	294784,
					"rtt":	212645,
					"rttvar":	19585,
					"pmtu":	1500,
					"omitted":	false,
					"sender":	true
				}],
			"sum":	{
				"start":	2.000243,
				"end":	3.00039,
				"seconds":	1.0001469850540161,
				"bytes":	781920,
				"bits_per_second":	6254440.6906972369,
				"retransmits":	0,
				"omitted":	false,
				"sender":	true
			}
		}, {
			"streams":	[{
					"socket":	5,
					"start":	3.00039,
					"end":	4.000337,
					"seconds":	0.99994701147079468,
					"bytes":	977400,
					"bits_per_second":	7819614.3498633523,
					"retransmits":	0,
					"snd_cwnd":	172312,
					"snd_wnd":	467712,
					"rtt":	192948,
					"rttvar":	1537,
					"pmtu":	1500,
					"omitted":	false,
					"sender":	true
				}],
			"sum":	{
				"start":	3.00039,
				"end":	4.000337,
				"seconds":	0.99994701147079468,
				"bytes":	977400,
				"bits_per_second":	7819614.3498633523,
				"retransmits":	0,
				"omitted":	false,
				"sender":	true
			}
		}, {
			"streams":	[{
					"socket":	5,
					"start":	4.000337,
					"end":	5.000213,
					"seconds":	0.99987602233886719,
					"bytes":	1238040,
					"bits_per_second":	9905548.0666815452,
					"retransmits":	0,
					"snd_cwnd":	214304,
					"snd_wnd":	467712,
					"rtt":	254066,
					"rttvar":	2033,
					"pmtu":	1500,
					"omitted":	false,
					"sender":	true
				}],
			"sum":	{
				"start":	4.000337,
				"end":	5.000213,
				"seconds":	0.99987602233886719,
				"bytes":	1238040,
				"bits_per_second":	9905548.0666815452,
				"retransmits":	0,
				"omitted":	false,
				"sender":	true
			}
		}, {
			"streams":	[{
					"socket":	5,
					"start":	5.000213,
					"end":	6.000276,
					"seconds":	1.0000629425048828,
					"bytes":	977400,
					"bits_per_second":	7818707.8709416557,
					"retransmits":	0,
					"snd_cwnd":	253400,
					"snd_wnd":	546048,
					"rtt":	307082,
					"rttvar":	4798,
					"pmtu":	1500,
					"omitted":	false,
					"sender":	true
				}],
			"sum":	{
				"start":	5.000213,
				"end":	6.000276,
				"seconds":	1.0000629425048828,
				"bytes":	977400,
				"bits_per_second":	7818707.8709416557,
				"retransmits":	0,
				"omitted":	false,
				"sender":	true
			}
		}, {
			"streams":	[{
					"socket":	5,
					"start":	6.000276,
					"end":	7.000672,
					"seconds":	1.0003960132598877,
					"bytes":	586440,
					"bits_per_second":	4689662.83133439,
					"retransmits":	0,
					"snd_cwnd":	292496,
					"snd_wnd":	734976,
					"rtt":	330164,
					"rttvar":	2371,
					"pmtu":	1500,
					"omitted":	false,
					"sender":	true
				}],
			"sum":	{
				"start":	6.000276,
				"end":	7.000672,
				"seconds":	1.0003960132598877,
				"bytes":	586440,
				"bits_per_second":	4689662.83133439,
				"retransmits":	0,
				"omitted":	false,
				"sender":	true
			}
		}, {
			"streams":	[{
					"socket":	5,
					"start":	7.000672,
					"end":	8.000412,
					"seconds":	0.99974000453948975,
					"bytes":	1238040,
					"bits_per_second":	9906895.74792221,
					"retransmits":	0,
					"snd_cwnd":	330144,
					"snd_wnd":	746496,
					"rtt":	438756,
					"rttvar":	6363,
					"pmtu":	1500,
					"omitted":	false,
					"sender":	true
				}],
			"sum":	{
				"start":	7.000672,
				"end":	8.000412,
				"seconds":	0.99974000453948975,
				"bytes":	1238040,
				"bits_per_second":	9906895.74792221,
				"retransmits":	0,
				"omitted":	false,
				"sender":	true
			}
		}, {
			"streams":	[{
					"socket":	5,
					"start":	8.000412,
					"end":	9.000484,
					"seconds":	1.0000720024108887,
					"bytes":	716760,
					"bits_per_second":	5733667.1621410931,
					"retransmits":	0,
					"snd_cwnd":	389512,
					"snd_wnd":	889216,
					"rtt":	441502,
					"rttvar":	13392,
					"pmtu":	1500,
					"omitted":	false,
					"sender":	true
				}],
			"sum":	{
				"start":	8.000412,
				"end":	9.000484,
				"seconds":	1.0000720024108887,
				"bytes":	716760,
				"bits_per_second":	5733667.1621410931,
				"retransmits":	0,
				"omitted":	false,
				"sender":	true
			}
		}, {
			"streams":	[{
					"socket":	5,
					"start":	9.000484,
					"end":	10.00014,
					"seconds":	0.99965602159500122,
					"bytes":	1889640,
					"bits_per_second":	15122321.752116172,
					"retransmits":	0,
					"snd_cwnd":	498112,
					"snd_wnd":	978816,
					"rtt":	668238,
					"rttvar":	16460,
					"pmtu":	1500,
					"omitted":	false,
					"sender":	true
				}],
			"sum":	{
				"start":	9.000484,
				"end":	10.00014,
				"seconds":	0.99965602159500122,
				"bytes":	1889640,
				"bits_per_second":	15122321.752116172,
				"retransmits":	0,
				"omitted":	false,
				"sender":	true
			}
		}],
	"end":	{
		"streams":	[{
				"sender":	{
					"socket":	5,
					"start":	0,
					"end":	10.00014,
					"seconds":	10.00014,
					"bytes":	10120072,
					"bits_per_second":	8095944.2567804046,
					"retransmits":	0,
					"max_snd_cwnd":	498112,
					"max_snd_wnd":	978816,
					"max_rtt":	668238,
					"min_rtt":	113338,
					"mean_rtt":	308327,
					"sender":	true
				},
				"receiver":	{
					"socket":	5,
					"start":	0,
					"end":	10.599975,
					"seconds":	10.00014,
					"bytes":	7733248,
					"bits_per_second":	5836427.3500645049,
					"sender":	true
				}
			}],
		"sum_sent":	{
			"start":	0,
			"end":	10.00014,
			"seconds":	10.00014,
			"bytes":	10120072,
			"bits_per_second":	8095944.2567804046,
			"retransmits":	0,
			"sender":	true
		},
		"sum_received":	{
			"start":	0,
			"end":	10.599975,
			"seconds":	10.599975,
			"bytes":	7733248,
			"bits_per_second":	5836427.3500645049,
			"sender":	true
		},
		"cpu_utilization_percent":	{
			"host_total":	0.4124888725827851,
			"host_user":	0.10180555405965828,
			"host_system":	0.31068331852312681,
			"remote_total":	0.24441539409435126,
			"remote_user":	0.021075497545421519,