{
	"start":	{
		"connected":	[{
				"socket":	5,
				"local_host":	"129.93.240.12",
				"local_port":	55818,
				"remote_host":	"10.53.1.3",
				"remote_port":	56000
			}],
		"version":	"iperf 3.12",
		"system_info":	"Linux rpi2 6.6.74+rpt-rpi-v8 #1 SMP PREEMPT Debian 1:6.6.74-1+rpt1 (2025-01-27) aarch64",
		"timestamp":	{
			"time":	"Wed, 14 May 2025 00:00:48 GMT",
			"timesecs":	1747180848
		},
		"connecting_to":	{
			"host":	"10.53.1.3",
			"port":	56000
		},
		"cookie":	"nzfeeb3l6cgl4446xuxkvvuja7ikb663gh7w",
		"tcp_mss_default":	1448,
		"target_bitrate":	0,
		"sock_bufsize":	0,
		"sndbuf_actual":	16384,
		"rcvbuf_actual":	131072,
		"test_start":	{
			"protocol":	"TCP",
			"num_streams":	1,
			"blksize":	131072,
			"omit":	0,
			"duration":	10,
			"bytes":	0,
			"blocks":	0,
			"reverse":	0,
			"tos":	0,
			"target_bitrate":	0
		}
	},
	"intervals":	[{
			"streams":	[{
					"socket":	5,
					"start":	0,
					"end":	1.000092,
					"seconds":	1.0000920295715332,
					"bytes":	1245280,
					"bits_per_second":	9961323.26368814,
					"retransmits":	0,
					"snd_cwnd":	79640,
					"snd_wnd":	259200,
					"rtt":	87518,
					"rttvar":	3018,
					"pmtu":	1500,
					"omitted":	false,
					"sender":	true
				}],
			"sum":	{
				"start":	0,
				"end":	1.000092,
				"seconds":	1.0000920295715332,
				"bytes":	1245280,
				"bits_per_second":	9961323.26368814,
				"retransmits":	0,
				"omitted":	false,
				"sender":	true
			}
		}, {
			"streams":	[{
					"socket":	5,
					"start":	1.000092,
					"end":	2.000348,
					"seconds":	1.0002559423446655,
					"bytes":	651600,
					"bits_per_second":	5211466.16513055,
					"retransmits":	0,
					"snd_cwnd":	114392,
					"snd_wnd":	286848,
					"rtt":	155307,
					"rttvar":	4256,
					"pmtu":	1500,
					"omitted":	false,
					"sender":	true
				}],
			"sum":	{
				"start":	1.000092,
				"end":	2.000348,
				"seconds":	1.0002559423446655,
				"bytes":	651600,
				"bits_per_second":	5211466.16513055,
				"retransmits":	0,
				"omitted":	false,
				"sender":	true
			}
		}, {
			"streams":	[{
					"socket":	5,
					"start":	2.000348,
					"end":	3.000223,
					"seconds":	0.999875009059906,
					"bytes":	1172880,
					"bits_per_second":	9384212.94159761,
					"retransmits":	0,
					"snd_cwnd":	159280,
					"snd_wnd":	370432,
					"rtt":	151441,
					"rttvar":	3352,
					"pmtu":	1500,
					"omitted":	false,
					"sender":	true
				}],
			"sum":	{
				"start":	2.000348,
				"end":	3.000223,
				"seconds":	0.999875009059906,
				"bytes":	1172880,
				"bits_per_second":	9384212.94159761,
				"retransmits":	0,
				"omitted":	false,
				"sender":	true
			}
		}, {
			"streams":	[{
					"socket":	5,
					"start":	3.000223,
					"end":	4.00031,
					"seconds":	1.0000870227813721,
					"bytes":	1238040,
					"bits_per_second":	9903458.17352454,
					"retransmits":	0,
					"snd_cwnd":	211408,
					"snd_wnd":	460928,
					"rtt":	181648,
					"rttvar":	3126,
					"pmtu":	1500,
					"omitted":	false,
					"sender":	true
				}],
			"sum":	{
				"start":	3.000223,
				"end":	4.00031,
				"seconds":	1.0000870227813721,
				"bytes":	1238040,
				"bits_per_second":	9903458.17352454,
				"retransmits":	0,
				"omitted":	false,
				"sender":	true
			}
		}, {
			"streams":	[{
					"socket":	5,
					"start":	4.00031,
					"end":	5.000239,
					"seconds":	0.99992901086807251,
					"bytes":	1563840,
					"bits_per_second":	12511608.1882043,
					"retransmits":	0,
					"snd_cwnd":	270776,
					"snd_wnd":	569088,
					"rtt":	188795,
					"rttvar":	916,
					"pmtu":	1500,
					"omitted":	false,
					"sender":	true
				}],
			"sum":	{
				"start":	4.00031,
				"end":	5.000239,
				"seconds":	0.99992901086807251,
				"bytes":	1563840,
				"bits_per_second":	12511608.1882043,
				"retransmits":	0,
				"omitted":	false,
				"sender":	true
			}
		}, {
			"streams":	[{
					"socket":	5,
					"start":	5.000239,
					"end":	6.000492,
					"seconds":	1.0002529621124268,
					"bytes":	1238040,
					"bits_per_second":	9901815.2159061246,
					"retransmits":	0,
					"snd_cwnd":	335936,
					"snd_wnd":	761216,
					"rtt":	251935,
					"rttvar":	3088,
					"pmtu":	1500,
					"omitted":	false,
					"sender":	true
				}],
			"sum":	{
				"start":	5.000239,
				"end":	6.000492,
				"seconds":	1.0002529621124268,
				"bytes":	1238040,
				"bits_per_second":	9901815.2159061246,
				"retransmits":	0,
				"omitted":	false,
				"sender":	true
			}
		}, {
			"streams":	[{
					"socket":	5,
					"start":	6.000492,
					"end":	7.000133,
					"seconds":	0.99964100122451782,
					"bytes":	2345760,
					"bits_per_second":	18772819.419183835,
					"retransmits":	0,
					"snd_cwnd":	403992,
					"snd_wnd":	826880,
					"rtt":	274283,
					"rttvar":	900,
					"pmtu":	1500,
					"omitted":	false,
					"sender":	true
				}],
			"sum":	{
				"start":	6.000492,
				"end":	7.000133,
				"seconds":	0.99964100122451782,
				"bytes":	2345760,
				"bits_per_second":	18772819.419183835,
				"retransmits":	0,
				"omitted":	false,
				"sender":	true
			}
		}, {
			"streams":	[{
					"socket":	5,
					"start":	7.000133,
					"end":	8.000661,
					"seconds":	1.0005279779434204,
					"bytes":	912240,
					"bits_per_second":	7294068.8925069673,
					"retransmits":	0,
					"snd_cwnd":	469152,
					"snd_wnd":	952064,
					"rtt":	362793,
					"rttvar":	4858,
					"pmtu":	1500,
					"omitted":	false,
					"sender":	true
				}],
			"sum":	{
				"start":	7.000133,
				"end":	8.000661,
				"seconds":	1.0005279779434204,
				"bytes":	912240,
				"bits_per_second":	7294068.8925069673,
				"retransmits":	0,
				"omitted":	false,
				"sender":	true
			}
		}, {
			"streams":	[{
					"socket":	5,
					"start":	8.000661,
					"end":	9.000344,
					"seconds":	0.99968302249908447,
					"bytes":	2019960,
					"bits_per_second":	16164803.8791364,
					"retransmits":	0,
					"snd_cwnd":	534312,
					"snd_wnd":	1123712,
					"rtt":	348907,
					"rttvar":	16275,
					"pmtu":	1500,
					"omitted":	false,
					"sender":	true
				}],
			"sum":	{
				"start":	8.000661,
				"end":	9.000344,
				"seconds":	0.99968302249908447,
				"bytes":	2019960,
				"bits_per_second":	16164803.8791364,
				"retransmits":	0,
				"omitted":	false,
				"sender":	true
			}
		}, {
			"streams":	[{
					"socket":	5,
					"start":	9.000344,
					"end":	10.000787,
					"seconds":	1.0004429817199707,
					"bytes":	1107720,
					"bits_per_second":	8857836.14051126,
					"retransmits":	0,
					"snd_cwnd":	574856,
					"snd_wnd":	1123712,
					"rtt":	380209,
					"rttvar":	12775,
					"pmtu":	1500,
					"omitted":	false,
					"sender":	true
				}],
			"sum":	{
				"start":	9.000344,
				"end":	10.000787,
				"seconds":	1.0004429817199707,
				"bytes":	1107720,
				"bits_per_second":	8857836.14051126,
				"retransmits":	0,
				"omitted":	false,
				"sender":	true
			}
		}],
	"end":	{
		"streams":	[{
				"sender":	{
					"socket":	5,
					"start":	0,
					"end":	10.000787,
					"seconds":	10.000787,
					"bytes":	13495360,
					"bits_per_second":	10795438.398998,
					"retransmits":	0,
					"max_snd_cwnd":	574856,
					"max_snd_wnd":	1123712,
					"max_rtt":	380209,
					"min_rtt":	87518,
					"mean_rtt":	238283,
					"sender":	true
				},
				"receiver":	{
					"socket":	5,
					"start":	0,
					"end":	10.305492,
					"seconds":	10.000787,
					"bytes":	11665408,
					"bits_per_second":	9055682.54286161,
					"sender":	true
				}
			}],
		"sum_sent":	{
			"start":	0,
			"end":	10.000787,
			"seconds":	10.000787,
			"bytes":	13495360,
			"bits_per_second":	10795438.398998,
			"retransmits":	0,
			"sender":	true
		},
		"sum_received":	{
			"start":	0,
			"end":	10.305492,
			"seconds":	10.305492,
			"bytes":	11665408,
			"bits_per_second":	9055682.54286161,
			"sender":	true
		},
		"cpu_utilization_percent":	{
			"host_total":	0.45203230761356783,
			"host_user":	0.078569637380176846,
			"host_system":	0.37345278974579282,
			"remote_total":	0.32588404683865113,
			"remote_user":	0.025801741321580911,
			"remote_system":	0.30008230551707021
		},