{
	"start":	{
		"connected":	[{
				"socket":	5,
				"local_host":	"129.93.240.12",
				"local_port":	49644,
				"remote_host":	"129.93.208.46",
				"remote_port":	57000
			}],
		"version":	"iperf 3.12",
		"system_info":	"Linux rpi2 6.6.74+rpt-rpi-v8 #1 SMP PREEMPT Debian 1:6.6.74-1+rpt1 (2025-01-27) aarch64",
		"timestamp":	{
			"time":	"Sun, 11 May 2025 22:46:03 GMT",
			"timesecs":	1747003563
		},
		"connecting_to":	{
			"host":	"129.93.208.46",
			"port":	57000
		},
		"cookie":	"f2yq2mcu3chux4z3rx7tcvyoy4i5n5a4ad3t",
		"tcp_mss_default":	1448,
		"target_bitrate":	0,
		"sock_bufsize":	0,
		"sndbuf_actual":	16384,
		"rcvbuf_actual":	131072,
		"test_start":	{
			"protocol":	"TCP",
			"num_streams":	1,
			"blksize":	131072,
			"omit":	0,
			"duration":	10,
			"bytes":	0,
			"blocks":	0,
			"reverse":	0,
			"tos":	0,
			"target_bitrate":	0
		}
	},
	"intervals":	[{
			"streams":	[{
					"socket":	5,
					"start":	0,
					"end":	1.000091,
					"seconds":	1.0000909566879272,
					"bytes":	3685160,
					"bits_per_second":	29478598.7242953,
					"retransmits":	0,
					"snd_cwnd":	220096,
					"snd_wnd":	902016,
					"rtt":	74929,
					"rttvar":	855,
					"pmtu":	1500,
					"omitted":	false,
					"sender":	true
				}],
			"sum":	{
				"start":	0,
				"end":	1.000091,
				"seconds":	1.0000909566879272,
				"bytes":	3685160,
				"bits_per_second":	29478598.7242953,
				"retransmits":	0,
				"omitted":	false,
				"sender":	true
			}
		}, {
			"streams":	[{
					"socket":	5,
					"start":	1.000091,
					"end":	2.000094,
					"seconds":	1.0000029802322388,
					"bytes":	3192840,
					"bits_per_second":	25542643.876989253,
					"retransmits":	5,
					"snd_cwnd":	220096,
					"snd_wnd":	1957760,
					"rtt":	77718,
					"rttvar":	575,
					"pmtu":	1500,
					"omitted":	false,
					"sender":	true
				}],
			"sum":	{
				"start":	1.000091,
				"end":	2.000094,
				"seconds":	1.0000029802322388,
				"bytes":	3192840,
				"bits_per_second":	25542643.876989253,
				"retransmits":	5,
				"omitted":	false,
				"sender":	true
			}
		}, {
			"streams":	[{
					"socket":	5,
					"start":	2.000094,
					"end":	3.000131,
					"seconds":	1.0000369548797607,
					"bytes":	2606400,
					"bits_per_second":	20850429.4748858,
					"retransmits":	0,
					"snd_cwnd":	259192,
					"snd_wnd":	2227072,
					"rtt":	93561,
					"rttvar":	1285,
					"pmtu":	1500,
					"omitted":	false,
					"sender":	true
				}],
			"sum":	{
				"start":	2.000094,
				"end":	3.000131,
				"seconds":	1.0000369548797607,
				"bytes":	2606400,
				"bits_per_second":	20850429.4748858,
				"retransmits":	0,
				"omitted":	false,
				"sender":	true
			}
		}, {
			"streams":	[{
					"socket":	5,
					"start":	3.000131,
					"end":	4.000173,
					"seconds":	1.0000419616699219,
					"bytes":	2606400,
					"bits_per_second":	20850325.085541,
					"retransmits":	0,
					"snd_cwnd":	285256,
					"snd_wnd":	2227072,
					"rtt":	103344,
					"rttvar":	1196,
					"pmtu":	1500,
					"omitted":	false,
					"sender":	true
				}],
			"sum":	{
				"start":	3.000131,
				"end":	4.000173,
				"seconds":	1.0000419616699219,
				"bytes":	2606400,
				"bits_per_second":	20850325.085541,
				"retransmits":	0,
				"omitted":	false,
				"sender":	true
			}
		}, {
			"streams":	[{
					"socket":	5,
					"start":	4.000173,
					"end":	5.000224,
					"seconds":	1.0000510215759277,
					"bytes":	2606400,
					"bits_per_second":	20850136.193193115,
					"retransmits":	2,
					"snd_cwnd":	220096,
					"snd_wnd":	2227072,
					"rtt":	78879,
					"rttvar":	758,
					"pmtu":	1500,
					"omitted":	false,
					"sender":	true
				}],
			"sum":	{
				"start":	4.000173,
				"end":	5.000224,
				"seconds":	1.0000510215759277,
				"bytes":	2606400,
				"bits_per_second":	20850136.193193115,
				"retransmits":	2,
				"omitted":	false,
				"sender":	true
			}
		}, {
			"streams":	[{
					"socket":	5,
					"start":	5.000224,
					"end":	6.00027,
					"seconds":	1.0000460147857666,
					"bytes":	2606400,
					"bits_per_second":	20850240.5806465,
					"retransmits":	0,
					"snd_cwnd":	236024,
					"snd_wnd":	2227072,
					"rtt":	86166,
					"rttvar":	544,
					"pmtu":	1500,
					"omitted":	false,
					"sender":	true
				}],
			"sum":	{
				"start":	5.000224,
				"end":	6.00027,
				"seconds":	1.0000460147857666,
				"bytes":	2606400,
				"bits_per_second":	20850240.5806465,
				"retransmits":	0,
				"omitted":	false,
				"sender":	true
			}
		}, {
			"streams":	[{
					"socket":	5,
					"start":	6.00027,
					"end":	7.000109,
					"seconds":	0.99983900785446167,
					"bytes":	3258000,
					"bits_per_second":	26068196.77492911,
					"retransmits":	0,
					"snd_cwnd":	243264,
					"snd_wnd":	2227072,
					"rtt":	88693,
					"rttvar":	678,
					"pmtu":	1500,
					"omitted":	false,
					"sender":	true
				}],
			"sum":	{
				"start":	6.00027,
				"end":	7.000109,
				"seconds":	0.99983900785446167,
				"bytes":	3258000,
				"bits_per_second":	26068196.77492911,
				"retransmits":	0,
				"omitted":	false,
				"sender":	true
			}
		}, {
			"streams":	[{
					"socket":	5,
					"start":	7.000109,
					"end":	8.00012,
					"seconds":	1.0000109672546387,
					"bytes":	2606400,
					"bits_per_second":	20850971.322088048,
					"retransmits":	0,
					"snd_cwnd":	244712,
					"snd_wnd":	2227072,
					"rtt":	88254,
					"rttvar":	542,
					"pmtu":	1500,
					"omitted":	false,
					"sender":	true
				}],
			"sum":	{
				"start":	7.000109,
				"end":	8.00012,
				"seconds":	1.0000109672546387,
				"bytes":	2606400,
				"bits_per_second":	20850971.322088048,
				"retransmits":	0,
				"omitted":	false,
				"sender":	true
			}
		}, {
			"streams":	[{
					"socket":	5,
					"start":	8.00012,
					"end":	9.000169,
					"seconds":	1.0000489950180054,
					"bytes":	2606400,
					"bits_per_second":	20850178.445131667,
					"retransmits":	0,
					"snd_cwnd":	244712,
					"snd_wnd":	2227072,
					"rtt":	89431,
					"rttvar":	448,
					"pmtu":	1500,
					"omitted":	false,
					"sender":	true
				}],
			"sum":	{
				"start":	8.00012,
				"end":	9.000169,
				"seconds":	1.0000489950180054,
				"bytes":	2606400,
				"bits_per_second":	20850178.445131667,
				"retransmits":	0,
				"omitted":	false,
				"sender":	true
			}
		}, {
			"streams":	[{
					"socket":	5,
					"start":	9.000169,
					"end":	10.000261,
					"seconds":	1.0000920295715332,
					"bytes":	2606400,
					"bits_per_second":	20849281.249579825,
					"retransmits":	0,
					"snd_cwnd":	251952,
					"snd_wnd":	2227072,
					"rtt":	90991,
					"rttvar":	932,
					"pmtu":	1500,
					"omitted":	false,
					"sender":	true
				}],
			"sum":	{
				"start":	9.000169,
				"end":	10.000261,
				"seconds":	1.0000920295715332,
				"bytes":	2606400,
				"bits_per_second":	20849281.249579825,
				"retransmits":	0,
				"omitted":	false,
				"sender":	true
			}
		}],
	"end":	{
		"streams":	[{
				"sender":	{
					"socket":	5,
					"start":	0,
					"end":	10.000261,
					"seconds":	10.000261,
					"bytes":	28380800,
					"bits_per_second":	22704047.424362224,
					"retransmits":	7,
					"max_snd_cwnd":	285256,
					"max_snd_wnd":	2227072,
					"max_rtt":	103344,
					"min_rtt":	74929,
					"mean_rtt":	87196,
					"sender":	true
				},
				"receiver":	{
					"socket":	5,
					"start":	0,
					"end":	10.091729,
					"seconds":	10.000261,
					"bytes":	27262976,
					"bits_per_second":	21612134.848250482,
					"sender":	true
				}
			}],
		"sum_sent":	{
			"start":	0,
			"end":	10.000261,
			"seconds":	10.000261,
			"bytes":	28380800,
			"bits_per_second":	22704047.424362224,
			"retransmits":	7,
			"sender":	true
		},
		"sum_received":	{
			"start":	0,
			"end":	10.091729,
			"seconds":	10.091729,
			"bytes":	27262976,
			"bits_per_second":	21612134.848250482,
			"sender":	true
		},
		"cpu_utilization_percent":	{
			"host_total":	0.69584095783715,
			"host_user":	0.048365075415660125,
			"host_system":	0.6474660401188006,
			"remote_total":	0.85273563887196635,
			"remote_user":	0.85273563887196635,
			"remote_system":	0
		},