{
	"start":	{
		"connected":	[{
				"socket":	5,
				"local_host":	"129.93.240.12",
				"local_port":	54064,
				"remote_host":	"129.93.208.46",
				"remote_port":	57000
			}],
		"version":	"iperf 3.12",
		"system_info":	"Linux rpi2 6.6.74+rpt-rpi-v8 #1 SMP PREEMPT Debian 1:6.6.74-1+rpt1 (2025-01-27) aarch64",
		"timestamp":	{
			"time":	"Sun, 11 May 2025 23:15:56 GMT",
			"timesecs":	1747005356
		},
		"connecting_to":	{
			"host":	"129.93.208.46",
			"port":	57000
		},
		"cookie":	"qcpdfrnqmahtbe5p5fd3vcm3o3ishegeeeav",
		"tcp_mss_default":	1448,
		"target_bitrate":	0,
		"sock_bufsize":	0,
		"sndbuf_actual":	16384,
		"rcvbuf_actual":	131072,
		"test_start":	{
			"protocol":	"TCP",
			"num_streams":	1,
			"blksize":	131072,
			"omit":	0,
			"duration":	10,
			"bytes":	0,
			"blocks":	0,
			"reverse":	0,
			"tos":	0,
			"target_bitrate":	0
		}
	},
	"intervals":	[{
			"streams":	[{
					"socket":	5,
					"start":	0,
					"end":	1.0004,
					"seconds":	1.0003999471664429,
					"bytes":	1239488,
					"bits_per_second":	9911939.74778392,
					"retransmits":	17,
					"snd_cwnd":	27512,
					"snd_wnd":	1564928,
					"rtt":	40228,
					"rttvar":	820,
					"pmtu":	1500,
					"omitted":	false,
					"sender":	true
				}],
			"sum":	{
				"start":	0,
				"end":	1.0004,
				"seconds":	1.0003999471664429,
				"bytes":	1239488,
				"bits_per_second":	9911939.74778392,
				"retransmits":	17,
				"omitted":	false,
				"sender":	true
			}
		}, {
			"streams":	[{
					"socket":	5,
					"start":	1.0004,
					"end":	2.000461,
					"seconds":	1.00006103515625,
					"bytes":	716760,
					"bits_per_second":	5733730.04089106,
					"retransmits":	12,
					"snd_cwnd":	20272,
					"snd_wnd":	2769920,
					"rtt":	44306,
					"rttvar":	10985,
					"pmtu":	1500,
					"omitted":	false,
					"sender":	true
				}],
			"sum":	{
				"start":	1.0004,
				"end":	2.000461,
				"seconds":	1.00006103515625,
				"bytes":	716760,
				"bits_per_second":	5733730.04089106,
				"retransmits":	12,
				"omitted":	false,
				"sender":	true
			}
		}, {
			"streams":	[{
					"socket":	5,
					"start":	2.000461,
					"end":	3.001064,
					"seconds":	1.0006029605865479,
					"bytes":	0,
					"bits_per_second":	0,
					"retransmits":	15,
					"snd_cwnd":	1448,
					"snd_wnd":	2767232,
					"rtt":	47826,
					"rttvar":	13570,
					"pmtu":	1500,
					"omitted":	false,
					"sender":	true
				}],
			"sum":	{
				"start":	2.000461,
				"end":	3.001064,
				"seconds":	1.0006029605865479,
				"bytes":	0,
				"bits_per_second":	0,
				"retransmits":	15,
				"omitted":	false,
				"sender":	true
			}
		}, {
			"streams":	[{
					"socket":	5,
					"start":	3.001064,
					"end":	4.000741,
					"seconds":	0.999677002429962,
					"bytes":	260640,
					"bits_per_second":	2085793.7062987348,
					"retransmits":	14,
					"snd_cwnd":	2896,
					"snd_wnd":	2767232,
					"rtt":	46485,
					"rttvar":	9944,
					"pmtu":	1500,
					"omitted":	false,
					"sender":	true
				}],
			"sum":	{
				"start":	3.001064,
				"end":	4.000741,
				"seconds":	0.999677002429962,
				"bytes":	260640,
				"bits_per_second":	2085793.7062987348,
				"retransmits":	14,
				"omitted":	false,
				"sender":	true
			}
		}, {
			"streams":	[{
					"socket":	5,
					"start":	4.000741,
					"end":	5.001082,
					"seconds":	1.0003410577774048,
					"bytes":	0,
					"bits_per_second":	0,
					"retransmits":	10,
					"snd_cwnd":	5792,
					"snd_wnd":	2767232,
					"rtt":	48923,
					"rttvar":	12933,
					"pmtu":	1500,
					"omitted":	false,
					"sender":	true
				}],
			"sum":	{
				"start":	4.000741,
				"end":	5.001082,
				"seconds":	1.0003410577774048,
				"bytes":	0,
				"bits_per_second":	0,
				"retransmits":	10,
				"omitted":	false,
				"sender":	true
			}
		}, {
			"streams":	[{
					"socket":	5,
					"start":	5.001082,
					"end":	6.001063,
					"seconds":	0.99998098611831665,
					"bytes":	0,
					"bits_per_second":	0,
					"retransmits":	11,
					"snd_cwnd":	4344,
					"snd_wnd":	2769920,
					"rtt":	48018,
					"rttvar":	12925,
					"pmtu":	1500,
					"omitted":	false,
					"sender":	true
				}],
			"sum":	{
				"start":	5.001082,
				"end":	6.001063,
				"seconds":	0.99998098611831665,
				"bytes":	0,
				"bits_per_second":	0,
				"retransmits":	11,
				"omitted":	false,
				"sender":	true
			}
		}, {
			"streams":	[{
					"socket":	5,
					"start":	6.001063,
					"end":	7.001059,
					"seconds":	0.9999960064888,
					"bytes":	0,
					"bits_per_second":	0,
					"retransmits":	10,
					"snd_cwnd":	5792,
					"snd_wnd":	2767232,
					"rtt":	48367,
					"rttvar":	12208,
					"pmtu":	1500,
					"omitted":	false,
					"sender":	true
				}],
			"sum":	{
				"start":	6.001063,
				"end":	7.001059,
				"seconds":	0.9999960064888,
				"bytes":	0,
				"bits_per_second":	0,
				"retransmits":	10,
				"omitted":	false,
				"sender":	true
			}
		}, {
			"streams":	[{
					"socket":	5,
					"start":	7.001059,
					"end":	8.001058,
					"seconds":	0.99999898672103882,
					"bytes":	0,
					"bits_per_second":	0,
					"retransmits":	14,
					"snd_cwnd":	2896,
					"snd_wnd":	2768512,
					"rtt":	49902,
					"rttvar":	13799,
					"pmtu":	1500,
					"omitted":	false,
					"sender":	true
				}],
			"sum":	{
				"start":	7.001059,
				"end":	8.001058,
				"seconds":	0.99999898672103882,
				"bytes":	0,
				"bits_per_second":	0,
				"retransmits":	14,
				"omitted":	false,
				"sender":	true
			}
		}, {
			"streams":	[{
					"socket":	5,
					"start":	8.001058,
					"end":	9.001061,
					"seconds":	1.0000029802322388,
					"bytes":	0,
					"bits_per_second":	0,
					"retransmits":	11,
					"snd_cwnd":	2896,
					"snd_wnd":	2765824,
					"rtt":	49823,
					"rttvar":	12875,
					"pmtu":	1500,
					"omitted":	false,
					"sender":	true
				}],
			"sum":	{
				"start":	8.001058,
				"end":	9.001061,
				"seconds":	1.0000029802322388,
				"bytes":	0,
				"bits_per_second":	0,
				"retransmits":	11,
				"omitted":	false,
				"sender":	true
			}
		}, {
			"streams":	[{
					"socket":	5,
					"start":	9.001061,
					"end":	10.001091,
					"seconds":	1.0000300407409668,
					"bytes":	0,
					"bits_per_second":	0,
					"retransmits":	10,
					"snd_cwnd":	5792,
					"snd_wnd":	2767232,
					"rtt":	46025,
					"rttvar":	11349,
					"pmtu":	1500,
					"omitted":	false,
					"sender":	true
				}],
			"sum":	{
				"start":	9.001061,
				"end":	10.001091,
				"seconds":	1.0000300407409668,
				"bytes":	0,
				"bits_per_second":	0,
				"retransmits":	10,
				"omitted":	false,
				"sender":	true
			}
		}],
	"end":	{
		"streams":	[{
				"sender":	{
					"socket":	5,
					"start":	0,
					"end":	10.001091,
					"seconds":	10.001091,
					"bytes":	2216888,
					"bits_per_second":	1773316.9311228143,
					"retransmits":	124,
					"max_snd_cwnd":	27512,
					"max_snd_wnd":	2769920,
					"max_rtt":	49902,
					"min_rtt":	40228,
					"mean_rtt":	46990,
					"sender":	true
				},
				"receiver":	{
					"socket":	5,
					"start":	0,
					"end":	10.064206,
					"seconds":	10.001091,
					"bytes":	1703936,
					"bits_per_second":	1354452.4029019277,
					"sender":	true
				}
			}],
		"sum_sent":	{
			"start":	0,
			"end":	10.001091,
			"seconds":	10.001091,
			"bytes":	2216888,
			"bits_per_second":	1773316.9311228143,
			"retransmits":	124,
			"sender":	true
		},
		"sum_received":	{
			"start":	0,
			"end":	10.064206,
			"seconds":	10.064206,
			"bytes":	1703936,
			"bits_per_second":	1354452.4029019277,
			"sender":	true
		},
		"cpu_utilization_percent":	{
			"host_total":	0.46114300166609423,
			"host_user":	0.040653486841004616,
			"host_system":	0.420499355901546,
			"remote_total":	0.14114329546990134,
			"remote_user":	0.023210893221942242,
			"remote_system":	0.11792246607791547
		},
		"sender_tcp_congestion":	"cubic",
		"receiver_tcp_congestion":	"cubic"
	}
}
