{
	"start":	{
		"connected":	[{
				"socket":	5,
				"local_host":	"129.93.240.12",
				"local_port":	52056,
				"remote_host":	"129.93.208.46",
				"remote_port":	57000
			}],
		"version":	"iperf 3.12",
		"system_info":	"Linux rpi2 6.6.74+rpt-rpi-v8 #1 SMP PREEMPT Debian 1:6.6.74-1+rpt1 (2025-01-27) aarch64",
		"timestamp":	{
			"time":	"Sun, 11 May 2025 23:16:29 GMT",
			"timesecs":	1747005389
		},
		"connecting_to":	{
			"host":	"129.93.208.46",
			"port":	57000
		},
		"cookie":	"oh3tn5rfi4z2lbothv2nve4nhly7adzghi7m",
		"tcp_mss_default":	1448,
		"target_bitrate":	0,
		"sock_bufsize":	0,
		"sndbuf_actual":	16384,
		"rcvbuf_actual":	131072,
		"test_start":	{
			"protocol":	"TCP",
			"num_streams":	1,
			"blksize":	131072,
			"omit":	0,
			"duration":	10,
			"bytes":	0,
			"blocks":	0,
			"reverse":	0,
			"tos":	0,
			"target_bitrate":	0
		}
	},
	"intervals":	[{
			"streams":	[{
					"socket":	5,
					"start":	0,
					"end":	1.0001,
					"seconds":	1.0001000165939331,
					"bytes":	868800,
					"bits_per_second":	6949704.9141856432,
					"retransmits":	50,
					"snd_cwnd":	59368,
					"snd_wnd":	389376,
					"rtt":	32501,
					"rttvar":	3565,
					"pmtu":	1500,
					"omitted":	false,
					"sender":	true
				}],
			"sum":	{
				"start":	0,
				"end":	1.0001,
				"seconds":	1.0001000165939331,
				"bytes":	868800,
				"bits_per_second":	6949704.9141856432,
				"retransmits":	50,
				"omitted":	false,
				"sender":	true
			}
		}, {
			"streams":	[{
					"socket":	5,
					"start":	1.0001,
					"end":	2.000503,
					"seconds":	1.0004030466079712,
					"bytes":	586440,
					"bits_per_second":	4689629.8605920477,
					"retransmits":	42,
					"snd_cwnd":	66608,
					"snd_wnd":	390784,
					"rtt":	39370,
					"rttvar":	4045,
					"pmtu":	1500,
					"omitted":	false,
					"sender":	true
				}],
			"sum":	{
				"start":	1.0001,
				"end":	2.000503,
				"seconds":	1.0004030466079712,
				"bytes":	586440,
				"bits_per_second":	4689629.8605920477,
				"retransmits":	42,
				"omitted":	false,
				"sender":	true
			}
		}, {
			"streams":	[{
					"socket":	5,
					"start":	2.000503,
					"end":	3.000208,
					"seconds":	0.99970501661300659,
					"bytes":	586440,
					"bits_per_second":	4692904.32881375,
					"retransmits":	14,
					"snd_cwnd":	31856,
					"snd_wnd":	694656,
					"rtt":	41164,
					"rttvar":	1259,
					"pmtu":	1500,
					"omitted":	false,
					"sender":	true
				}],
			"sum":	{
				"start":	2.000503,
				"end":	3.000208,
				"seconds":	0.99970501661300659,
				"bytes":	586440,
				"bits_per_second":	4692904.32881375,
				"retransmits":	14,
				"omitted":	false,
				"sender":	true
			}
		}, {
			"streams":	[{
					"socket":	5,
					"start":	3.000208,
					"end":	4.000276,
					"seconds":	1.0000679492950439,
					"bytes":	586440,
					"bits_per_second":	4691201.236183092,
					"retransmits":	8,
					"snd_cwnd":	15928,
					"snd_wnd":	692096,
					"rtt":	45507,
					"rttvar":	7679,
					"pmtu":	1500,
					"omitted":	false,
					"sender":	true
				}],
			"sum":	{
				"start":	3.000208,
				"end":	4.000276,
				"seconds":	1.0000679492950439,
				"bytes":	586440,
				"bits_per_second":	4691201.236183092,
				"retransmits":	8,
				"omitted":	false,
				"sender":	true
			}
		}, {
			"streams":	[{
					"socket":	5,
					"start":	4.000276,
					"end":	5.001052,
					"seconds":	1.0007760524749756,
					"bytes":	0,
					"bits_per_second":	0,
					"retransmits":	15,
					"snd_cwnd":	10136,
					"snd_wnd":	696064,
					"rtt":	46016,
					"rttvar":	11521,
					"pmtu":	1500,
					"omitted":	false,
					"sender":	true
				}],
			"sum":	{
				"start":	4.000276,
				"end":	5.001052,
				"seconds":	1.0007760524749756,
				"bytes":	0,
				"bits_per_second":	0,
				"retransmits":	15,
				"omitted":	false,
				"sender":	true
			}
		}, {
			"streams":	[{
					"socket":	5,
					"start":	5.001052,
					"end":	6.000206,
					"seconds":	0.999153971672058,
					"bytes":	195480,
					"bits_per_second":	1565164.173228431,
					"retransmits":	15,
					"snd_cwnd":	7240,
					"snd_wnd":	696064,
					"rtt":	40642,
					"rttvar":	3664,
					"pmtu":	1500,
					"omitted":	false,
					"sender":	true
				}],
			"sum":	{
				"start":	5.001052,
				"end":	6.000206,
				"seconds":	0.999153971672058,
				"bytes":	195480,
				"bits_per_second":	1565164.173228431,
				"retransmits":	15,
				"omitted":	false,
				"sender":	true
			}
		}, {
			"streams":	[{
					"socket":	5,
					"start":	6.000206,
					"end":	7.001061,
					"seconds":	1.0008549690246582,
					"bytes":	0,
					"bits_per_second":	0,
					"retransmits":	12,
					"snd_cwnd":	4344,
					"snd_wnd":	691840,
					"rtt":	50052,
					"rttvar":	14045,
					"pmtu":	1500,
					"omitted":	false,
					"sender":	true
				}],
			"sum":	{
				"start":	6.000206,
				"end":	7.001061,
				"seconds":	1.0008549690246582,
				"bytes":	0,
				"bits_per_second":	0,
				"retransmits":	12,
				"omitted":	false,
				"sender":	true
			}
		}, {
			"streams":	[{
					"socket":	5,
					"start":	7.001061,
					"end":	8.000272,
					"seconds":	0.999211013317108,
					"bytes":	195480,
					"bits_per_second":	1565074.8231932288,
					"retransmits":	7,
					"snd_cwnd":	8688,
					"snd_wnd":	696064,
					"rtt":	50547,
					"rttvar":	16430,
					"pmtu":	1500,
					"omitted":	false,
					"sender":	true
				}],
			"sum":	{
				"start":	7.001061,
				"end":	8.000272,
				"seconds":	0.999211013317108,
				"bytes":	195480,
				"bits_per_second":	1565074.8231932288,
				"retransmits":	7,
				"omitted":	false,
				"sender":	true
			}
		}, {
			"streams":	[{
					"socket":	5,
					"start":	8.000272,
					"end":	9.001072,
					"seconds":	1.0008000135421753,
					"bytes":	0,
					"bits_per_second":	0,
					"retransmits":	12,
					"snd_cwnd":	5792,
					"snd_wnd":	686976,
					"rtt":	49432,
					"rttvar":	10773,
					"pmtu":	1500,
					"omitted":	false,
					"sender":	true
				}],
			"sum":	{
				"start":	8.000272,
				"end":	9.001072,
				"seconds":	1.0008000135421753,
				"bytes":	0,
				"bits_per_second":	0,
				"retransmits":	12,
				"omitted":	false,
				"sender":	true
			}
		}, {
			"streams":	[{
					"socket":	5,
					"start":	9.001072,
					"end":	10.00088,
					"seconds":	0.99980801343917847,
					"bytes":	195480,
					"bits_per_second":	1564140.2939156713,
					"retransmits":	6,
					"snd_cwnd":	10136,
					"snd_wnd":	696064,
					"rtt":	48005,
					"rttvar":	14175,
					"pmtu":	1500,
					"omitted":	false,
					"sender":	true
				}],
			"sum":	{
				"start":	9.001072,
				"end":	10.00088,
				"seconds":	0.99980801343917847,
				"bytes":	195480,
				"bits_per_second":	1564140.2939156713,
				"retransmits":	6,
				"omitted":	false,
				"sender":	true
			}
		}],
	"end":	{
		"streams":	[{
				"sender":	{
					"socket":	5,
					"start":	0,
					"end":	10.00088,
					"seconds":	10.00088,
					"bytes":	3214560,
					"bits_per_second":	2571421.71488909,
					"retransmits":	181,
					"max_snd_cwnd":	66608,
					"max_snd_wnd":	696064,
					"max_rtt":	50547,
					"min_rtt":	32501,
					"mean_rtt":	44323,
					"sender":	true
				},
				"receiver":	{
					"socket":	5,
					"start":	0,
					"end":	10.039256,
					"seconds":	10.00088,
					"bytes":	2752512,
					"bits_per_second":	2193399.1921313689,
					"sender":	true
				}
			}],
		"sum_sent":	{
			"start":	0,
			"end":	10.00088,
			"seconds":	10.00088,
			"bytes":	3214560,
			"bits_per_second":	2571421.71488909,
			"retransmits":	181,
			"sender":	true
		},
		"sum_received":	{
			"start":	0,
			"end":	10.039256,
			"seconds":	10.039256,
			"bytes":	2752512,
			"bits_per_second":	2193399.1921313689,
			"sender":	true
		},
		"cpu_utilization_percent":	{
			"host_total":	0.29068635016782884,
			"host_user":	0.0036884374881346223,
			"host_system":	0.28700777481201545,
			"remote_total":	0.31637704948568557,
			"remote_user":	0.015230165249783175,
			"remote_system":	0.30116680596938811
		},
		"sender_tcp_congestion":	"cubic",
		"receiver_tcp_congestion":	"cubic"
	}
}
