{
	"start":	{
		"connected":	[{
				"socket":	5,
				"local_host":	"129.93.240.12",
				"local_port":	55194,
				"remote_host":	"129.93.208.46",
				"remote_port":	57000
			}],
		"version":	"iperf 3.12",
		"system_info":	"Linux rpi2 6.6.74+rpt-rpi-v8 #1 SMP PREEMPT Debian 1:6.6.74-1+rpt1 (2025-01-27) aarch64",
		"timestamp":	{
			"time":	"Sun, 11 May 2025 23:16:43 GMT",
			"timesecs":	1747005403
		},
		"connecting_to":	{
			"host":	"129.93.208.46",
			"port":	57000
		},
		"cookie":	"4o2yrasdr4n6kcl2piqmoez4cuqywtwt67zt",
		"tcp_mss_default":	1448,
		"target_bitrate":	0,
		"sock_bufsize":	0,
		"sndbuf_actual":	16384,
		"rcvbuf_actual":	131072,
		"test_start":	{
			"protocol":	"TCP",
			"num_streams":	1,
			"blksize":	131072,
			"omit":	0,
			"duration":	10,
			"bytes":	0,
			"blocks":	0,
			"reverse":	0,
			"tos":	0,
			"target_bitrate":	0
		}
	},
	"intervals":	[{
			"streams":	[{
					"socket":	5,
					"start":	0,
					"end":	1.000426,
					"seconds":	1.0004260540008545,
					"bytes":	589336,
					"bits_per_second":	4712680.14377,
					"retransmits":	32,
					"snd_cwnd":	8688,
					"snd_wnd":	608256,
					"rtt":	59759,
					"rttvar":	17193,
					"pmtu":	1500,
					"omitted":	false,
					"sender":	true
				}],
			"sum":	{
				"start":	0,
				"end":	1.000426,
				"seconds":	1.0004260540008545,
				"bytes":	589336,
				"bits_per_second":	4712680.14377,
				"retransmits":	32,
				"omitted":	false,
				"sender":	true
			}
		}, {
			"streams":	[{
					"socket":	5,
					"start":	1.000426,
					"end":	2.000498,
					"seconds":	1.0000720024108887,
					"bytes":	130320,
					"bits_per_second":	1042484.9385711078,
					"retransmits":	15,
					"snd_cwnd":	4344,
					"snd_wnd":	604032,
					"rtt":	42448,
					"rttvar":	8207,
					"pmtu":	1500,
					"omitted":	false,
					"sender":	true
				}],
			"sum":	{
				"start":	1.000426,
				"end":	2.000498,
				"seconds":	1.0000720024108887,
				"bytes":	130320,
				"bits_per_second":	1042484.9385711078,
				"retransmits":	15,
				"omitted":	false,
				"sender":	true
			}
		}, {
			"streams":	[{
					"socket":	5,
					"start":	2.000498,
					"end":	3.001122,
					"seconds":	1.0006239414215088,
					"bytes":	0,
					"bits_per_second":	0,
					"retransmits":	12,
					"snd_cwnd":	7240,
					"snd_wnd":	605440,
					"rtt":	52121,
					"rttvar":	16640,
					"pmtu":	1500,
					"omitted":	false,
					"sender":	true
				}],
			"sum":	{
				"start":	2.000498,
				"end":	3.001122,
				"seconds":	1.0006239414215088,
				"bytes":	0,
				"bits_per_second":	0,
				"retransmits":	12,
				"omitted":	false,
				"sender":	true
			}
		}, {
			"streams":	[{
					"socket":	5,
					"start":	3.001122,
					"end":	4.000148,
					"seconds":	0.99902600049972534,
					"bytes":	390960,
					"bits_per_second":	3130729.3288017483,
					"retransmits":	4,
					"snd_cwnd":	14480,
					"snd_wnd":	608256,
					"rtt":	43345,
					"rttvar":	5305,
					"pmtu":	1500,
					"omitted":	false,
					"sender":	true
				}],
			"sum":	{
				"start":	3.001122,
				"end":	4.000148,
				"seconds":	0.99902600049972534,
				"bytes":	390960,
				"bits_per_second":	3130729.3288017483,
				"retransmits":	4,
				"omitted":	false,
				"sender":	true
			}
		}, {
			"streams":	[{
					"socket":	5,
					"start":	4.000148,
					"end":	5.000292,
					"seconds":	1.0001440048217773,
					"bytes":	260640,
					"bits_per_second":	2084819.7758997336,
					"retransmits":	14,
					"snd_cwnd":	4344,
					"snd_wnd":	604288,
					"rtt":	47094,
					"rttvar":	10237,
					"pmtu":	1500,
					"omitted":	false,
					"sender":	true
				}],
			"sum":	{
				"start":	4.000148,
				"end":	5.000292,
				"seconds":	1.0001440048217773,
				"bytes":	260640,
				"bits_per_second":	2084819.7758997336,
				"retransmits":	14,
				"omitted":	false,
				"sender":	true
			}
		}, {
			"streams":	[{
					"socket":	5,
					"start":	5.000292,
					"end":	6.001109,
					"seconds":	1.0008169412612915,
					"bytes":	0,
					"bits_per_second":	0,
					"retransmits":	13,
					"snd_cwnd":	2896,
					"snd_wnd":	605312,
					"rtt":	43741,
					"rttvar":	7108,
					"pmtu":	1500,
					"omitted":	false,
					"sender":	true
				}],
			"sum":	{
				"start":	5.000292,
				"end":	6.001109,
				"seconds":	1.0008169412612915,
				"bytes":	0,
				"bits_per_second":	0,
				"retransmits":	13,
				"omitted":	false,
				"sender":	true
			}
		}, {
			"streams":	[{
					"socket":	5,
					"start":	6.001109,
					"end":	7.000892,
					"seconds":	0.9997829794883728,
					"bytes":	130320,
					"bits_per_second":	1042786.30601765,
					"retransmits":	9,
					"snd_cwnd":	10136,
					"snd_wnd":	608256,
					"rtt":	40301,
					"rttvar":	1031,
					"pmtu":	1500,
					"omitted":	false,
					"sender":	true
				}],
			"sum":	{
				"start":	6.001109,
				"end":	7.000892,
				"seconds":	0.9997829794883728,
				"bytes":	130320,
				"bits_per_second":	1042786.30601765,
				"retransmits":	9,
				"omitted":	false,
				"sender":	true
			}
		}, {
			"streams":	[{
					"socket":	5,
					"start":	7.000892,
					"end":	8.000765,
					"seconds":	0.99987298250198364,
					"bytes":	130320,
					"bits_per_second":	1042692.4401849528,
					"retransmits":	13,
					"snd_cwnd":	5792,
					"snd_wnd":	603008,
					"rtt":	40941,
					"rttvar":	1886,
					"pmtu":	1500,
					"omitted":	false,
					"sender":	true
				}],
			"sum":	{
				"start":	7.000892,
				"end":	8.000765,
				"seconds":	0.99987298250198364,
				"bytes":	130320,
				"bits_per_second":	1042692.4401849528,
				"retransmits":	13,
				"omitted":	false,
				"sender":	true
			}
		}, {
			"streams":	[{
					"socket":	5,
					"start":	8.000765,
					"end":	9.000234,
					"seconds":	0.999468982219696,
					"bytes":	260640,
					"bits_per_second":	2086227.8240683451,
					"retransmits":	4,
					"snd_cwnd":	15928,
					"snd_wnd":	608256,
					"rtt":	43186,
					"rttvar":	5115,
					"pmtu":	1500,
					"omitted":	false,
					"sender":	true
				}],
			"sum":	{
				"start":	8.000765,
				"end":	9.000234,
				"seconds":	0.999468982219696,
				"bytes":	260640,
				"bits_per_second":	2086227.8240683451,
				"retransmits":	4,
				"omitted":	false,
				"sender":	true
			}
		}, {
			"streams":	[{
					"socket":	5,
					"start":	9.000234,
					"end":	10.000554,
					"seconds":	1.0003199577331543,
					"bytes":	260640,
					"bits_per_second":	2084453.0631230567,
					"retransmits":	13,
					"snd_cwnd":	11584,
					"snd_wnd":	608256,
					"rtt":	55778,
					"rttvar":	19298,
					"pmtu":	1500,
					"omitted":	false,
					"sender":	true
				}],
			"sum":	{
				"start":	9.000234,
				"end":	10.000554,
				"seconds":	1.0003199577331543,
				"bytes":	260640,
				"bits_per_second":	2084453.0631230567,
				"retransmits":	13,
				"omitted":	false,
				"sender":	true
			}
		}],
	"end":	{
		"streams":	[{
				"sender":	{
					"socket":	5,
					"start":	0,
					"end":	10.000554,
					"seconds":	10.000554,
					"bytes":	2153176,
					"bits_per_second":	1722445.3765261406,
					"retransmits":	129,
					"max_snd_cwnd":	15928,
					"max_snd_wnd":	608256,
					"max_rtt":	59759,
					"min_rtt":	40301,
					"mean_rtt":	46871,
					"sender":	true
				},
				"receiver":	{
					"socket":	5,
					"start":	0,
					"end":	10.029956,
					"seconds":	10.000554,
					"bytes":	1966080,
					"bits_per_second":	1568166.4007299733,
					"sender":	true
				}
			}],
		"sum_sent":	{
			"start":	0,
			"end":	10.000554,
			"seconds":	10.000554,
			"bytes":	2153176,
			"bits_per_second":	1722445.3765261406,
			"retransmits":	129,
			"sender":	true
		},
		"sum_received":	{
			"start":	0,
			"end":	10.029956,
			"seconds":	10.029956,
			"bytes":	1966080,
			"bits_per_second":	1568166.4007299733,
			"sender":	true
		},
		"cpu_utilization_percent":	{
			"host_total":	0.28220917564723691,
			"host_user":	0.0072020480005587041,
			"host_system":	0.27498728729405963,
			"remote_total":	0.22148569794615008,
			"remote_user":	0.014327028942093978,
			"remote_system":	0.20714869890736715
		},
		"sender_tcp_congestion":	"cubic",
		"receiver_tcp_congestion":	"cubic"
	}
}
