{
	"start":	{
		"connected":	[{
				"socket":	5,
				"local_host":	"129.93.240.12",
				"local_port":	44802,
				"remote_host":	"129.93.208.46",
				"remote_port":	57000
			}],
		"version":	"iperf 3.12",
		"system_info":	"Linux rpi2 6.6.74+rpt-rpi-v8 #1 SMP PREEMPT Debian 1:6.6.74-1+rpt1 (2025-01-27) aarch64",
		"timestamp":	{
			"time":	"Sun, 11 May 2025 22:46:17 GMT",
			"timesecs":	1747003577
		},
		"connecting_to":	{
			"host":	"129.93.208.46",
			"port":	57000
		},
		"cookie":	"e5og2xugt2rqkqr6uhp7dbjhoc5vss4s45yz",
		"tcp_mss_default":	1448,
		"target_bitrate":	0,
		"sock_bufsize":	0,
		"sndbuf_actual":	16384,
		"rcvbuf_actual":	131072,
		"test_start":	{
			"protocol":	"TCP",
			"num_streams":	1,
			"blksize":	131072,
			"omit":	0,
			"duration":	10,
			"bytes":	0,
			"blocks":	0,
			"reverse":	0,
			"tos":	0,
			"target_bitrate":	0
		}
	},
	"intervals":	[{
			"streams":	[{
					"socket":	5,
					"start":	0,
					"end":	1.000153,
					"seconds":	1.0001529455184937,
					"bytes":	3273928,
					"bits_per_second":	26187418.751661018,
					"retransmits":	0,
					"snd_cwnd":	189688,
					"snd_wnd":	524800,
					"rtt":	65011,
					"rttvar":	1091,
					"pmtu":	1500,
					"omitted":	false,
					"sender":	true
				}],
			"sum":	{
				"start":	0,
				"end":	1.000153,
				"seconds":	1.0001529455184937,
				"bytes":	3273928,
				"bits_per_second":	26187418.751661018,
				"retransmits":	0,
				"omitted":	false,
				"sender":	true
			}
		}, {
			"streams":	[{
					"socket":	5,
					"start":	1.000153,
					"end":	2.000103,
					"seconds":	0.99994999170303345,
					"bytes":	3648960,
					"bits_per_second":	29193139.899209466,
					"retransmits":	3,
					"snd_cwnd":	211408,
					"snd_wnd":	629632,
					"rtt":	79616,
					"rttvar":	2900,
					"pmtu":	1500,
					"omitted":	false,
					"sender":	true
				}],
			"sum":	{
				"start":	1.000153,
				"end":	2.000103,
				"seconds":	0.99994999170303345,
				"bytes":	3648960,
				"bits_per_second":	29193139.899209466,
				"retransmits":	3,
				"omitted":	false,
				"sender":	true
			}
		}, {
			"streams":	[{
					"socket":	5,
					"start":	2.000103,
					"end":	3.000152,
					"seconds":	1.0000489950180054,
					"bytes":	2606400,
					"bits_per_second":	20850178.445131667,
					"retransmits":	0,
					"snd_cwnd":	251952,
					"snd_wnd":	2225280,
					"rtt":	90814,
					"rttvar":	651,
					"pmtu":	1500,
					"omitted":	false,
					"sender":	true
				}],
			"sum":	{
				"start":	2.000103,
				"end":	3.000152,
				"seconds":	1.0000489950180054,
				"bytes":	2606400,
				"bits_per_second":	20850178.445131667,
				"retransmits":	0,
				"omitted":	false,
				"sender":	true
			}
		}, {
			"streams":	[{
					"socket":	5,
					"start":	3.000152,
					"end":	4.000179,
					"seconds":	1.0000269412994385,
					"bytes":	2606400,
					"bits_per_second":	20850638.256711241,
					"retransmits":	0,
					"snd_cwnd":	279464,
					"snd_wnd":	2225280,
					"rtt":	101043,
					"rttvar":	953,
					"pmtu":	1500,
					"omitted":	false,
					"sender":	true
				}],
			"sum":	{
				"start":	3.000152,
				"end":	4.000179,
				"seconds":	1.0000269412994385,
				"bytes":	2606400,
				"bits_per_second":	20850638.256711241,
				"retransmits":	0,
				"omitted":	false,
				"sender":	true
			}
		}, {
			"streams":	[{
					"socket":	5,
					"start":	4.000179,
					"end":	5.000237,
					"seconds":	1.0000580549240112,
					"bytes":	2606400,
					"bits_per_second":	20849989.555440724,
					"retransmits":	2,
					"snd_cwnd":	211408,
					"snd_wnd":	2225280,
					"rtt":	75736,
					"rttvar":	1024,
					"pmtu":	1500,
					"omitted":	false,
					"sender":	true
				}],
			"sum":	{
				"start":	4.000179,
				"end":	5.000237,
				"seconds":	1.0000580549240112,
				"bytes":	2606400,
				"bits_per_second":	20849989.555440724,
				"retransmits":	2,
				"omitted":	false,
				"sender":	true
			}
		}, {
			"streams":	[{
					"socket":	5,
					"start":	5.000237,
					"end":	6.000294,
					"seconds":	1.0000569820404053,
					"bytes":	2606400,
					"bits_per_second":	20850011.923778109,
					"retransmits":	0,
					"snd_cwnd":	230232,
					"snd_wnd":	2231168,
					"rtt":	83739,
					"rttvar":	834,
					"pmtu":	1500,
					"omitted":	false,
					"sender":	true
				}],
			"sum":	{
				"start":	5.000237,
				"end":	6.000294,
				"seconds":	1.0000569820404053,
				"bytes":	2606400,
				"bits_per_second":	20850011.923778109,
				"retransmits":	0,
				"omitted":	false,
				"sender":	true
			}
		}, {
			"streams":	[{
					"socket":	5,
					"start":	6.000294,
					"end":	7.000098,
					"seconds":	0.99980401992797852,
					"bytes":	3258000,
					"bits_per_second":	26069109.025864426,
					"retransmits":	0,
					"snd_cwnd":	240368,
					"snd_wnd":	2231168,
					"rtt":	87943,
					"rttvar":	456,
					"pmtu":	1500,
					"omitted":	false,
					"sender":	true
				}],
			"sum":	{
				"start":	6.000294,
				"end":	7.000098,
				"seconds":	0.99980401992797852,
				"bytes":	3258000,
				"bits_per_second":	26069109.025864426,
				"retransmits":	0,
				"omitted":	false,
				"sender":	true
			}
		}, {
			"streams":	[{
					"socket":	5,
					"start":	7.000098,
					"end":	8.000142,
					"seconds":	1.0000439882278442,
					"bytes":	2606400,
					"bits_per_second":	20850282.833008125,
					"retransmits":	0,
					"snd_cwnd":	243264,
					"snd_wnd":	2231168,
					"rtt":	88977,
					"rttvar":	1328,
					"pmtu":	1500,
					"omitted":	false,
					"sender":	true
				}],
			"sum":	{
				"start":	7.000098,
				"end":	8.000142,
				"seconds":	1.0000439882278442,
				"bytes":	2606400,
				"bits_per_second":	20850282.833008125,
				"retransmits":	0,
				"omitted":	false,
				"sender":	true
			}
		}, {
			"streams":	[{
					"socket":	5,
					"start":	8.000142,
					"end":	9.000194,
					"seconds":	1.0000519752502441,
					"bytes":	2606400,
					"bits_per_second":	20850116.309987169,
					"retransmits":	0,
					"snd_cwnd":	243264,
					"snd_wnd":	2231168,
					"rtt":	88733,
					"rttvar":	995,
					"pmtu":	1500,
					"omitted":	false,
					"sender":	true
				}],
			"sum":	{
				"start":	8.000142,
				"end":	9.000194,
				"seconds":	1.0000519752502441,
				"bytes":	2606400,
				"bits_per_second":	20850116.309987169,
				"retransmits":	0,
				"omitted":	false,
				"sender":	true
			}
		}, {
			"streams":	[{
					"socket":	5,
					"start":	9.000194,
					"end":	10.000255,
					"seconds":	1.00006103515625,
					"bytes":	2606400,
					"bits_per_second":	20849927.421422031,
					"retransmits":	0,
					"snd_cwnd":	247608,
					"snd_wnd":	2231168,
					"rtt":	90630,
					"rttvar":	561,
					"pmtu":	1500,
					"omitted":	false,
					"sender":	true
				}],
			"sum":	{
				"start":	9.000194,
				"end":	10.000255,
				"seconds":	1.00006103515625,
				"bytes":	2606400,
				"bits_per_second":	20849927.421422031,
				"retransmits":	0,
				"omitted":	false,
				"sender":	true
			}
		}],
	"end":	{
		"streams":	[{
				"sender":	{
					"socket":	5,
					"start":	0,
					"end":	10.000255,
					"seconds":	10.000255,
					"bytes":	28425688,
					"bits_per_second":	22739970.530751467,
					"retransmits":	5,
					"max_snd_cwnd":	279464,
					"max_snd_wnd":	2231168,
					"max_rtt":	101043,
					"min_rtt":	65011,
					"mean_rtt":	85224,
					"sender":	true
				},
				"receiver":	{
					"socket":	5,
					"start":	0,
					"end":	10.090227,
					"seconds":	10.000255,
					"bytes":	27262976,
					"bits_per_second":	21615351.9638359,
					"sender":	true
				}
			}],
		"sum_sent":	{
			"start":	0,
			"end":	10.000255,
			"seconds":	10.000255,
			"bytes":	28425688,
			"bits_per_second":	22739970.530751467,
			"retransmits":	5,
			"sender":	true
		},
		"sum_received":	{
			"start":	0,
			"end":	10.090227,
			"seconds":	10.090227,
			"bytes":	27262976,
			"bits_per_second":	21615351.9638359,
			"sender":	true
		},
		"cpu_utilization_percent":	{
			"host_total":	0.529133112362868,
			"host_user":	0.0826411587623093,
			"host_system":	0.44648205289865822,
			"remote_total":	1.3276693770751493,
			"remote_user":	0,