{
	"start":	{
		"connected":	[{
				"socket":	5,
				"local_host":	"129.93.240.12",
				"local_port":	55707,
				"remote_host":	"10.53.1.3",
				"remote_port":	55002
			}],
		"version":	"iperf 3.12",
		"system_info":	"Linux rpi2 6.6.74+rpt-rpi-v8 #1 SMP PREEMPT Debian 1:6.6.74-1+rpt1 (2025-01-27) aarch64",
		"timestamp":	{
			"time":	"Wed, 21 May 2025 21:02:40 GMT",
			"timesecs":	1747861360
		},
		"connecting_to":	{
			"host":	"10.53.1.3",
			"port":	55002
		},
		"cookie":	"hoqvb27qicsoozcl52eoxqe7gmhegp2opxzk",
		"target_bitrate":	200000000,
		"sock_bufsize":	0,
		"sndbuf_actual":	212992,
		"rcvbuf_actual":	212992,
		"test_start":	{
			"protocol":	"UDP",
			"num_streams":	1,
			"blksize":	1448,
			"omit":	0,
			"duration":	10,
			"bytes":	0,
			"blocks":	0,
			"reverse":	0,
			"tos":	0,
			"target_bitrate":	200000000
		}
	},
	"intervals":	[{
			"streams":	[{
					"socket":	5,
					"start":	0,
					"end":	1.000111,
					"seconds":	1.0001109838485718,
					"bytes":	1471168,
					"bits_per_second":	11768037.937859518,
					"packets":	1016,
					"omitted":	false,
					"sender":	true
				}],
			"sum":	{
				"start":	0,
				"end":	1.000111,
				"seconds":	1.0001109838485718,
				"bytes":	1471168,
				"bits_per_second":	11768037.937859518,
				"packets":	1016,
				"omitted":	false,
				"sender":	true
			}
		}, {
			"streams":	[{
					"socket":	5,
					"start":	1.000111,
					"end":	2.00011,
					"seconds":	0.99999898672103882,
					"bytes":	1013600,
					"bits_per_second":	8108808.2164847665,
					"packets":	700,
					"omitted":	false,
					"sender":	true
				}],
			"sum":	{
				"start":	1.000111,
				"end":	2.00011,
				"seconds":	0.99999898672103882,
				"bytes":	1013600,
				"bits_per_second":	8108808.2164847665,
				"packets":	700,
				"omitted":	false,
				"sender":	true
			}
		}, {
			"streams":	[{
					"socket":	5,
					"start":	2.00011,
					"end":	3.000111,
					"seconds":	1.0000009536743164,
					"bytes":	1032424,
					"bits_per_second":	8259384.1232374925,
					"packets":	713,
					"omitted":	false,
					"sender":	true
				}],
			"sum":	{
				"start":	2.00011,
				"end":	3.000111,
				"seconds":	1.0000009536743164,
				"bytes":	1032424,
				"bits_per_second":	8259384.1232374925,
				"packets":	713,
				"omitted":	false,
				"sender":	true
			}
		}, {
			"streams":	[{
					"socket":	5,
					"start":	3.000111,
					"end":	4.00011,
					"seconds":	0.99999898672103882,
					"bytes":	803640,
					"bits_per_second":	6429126.5144986361,
					"packets":	555,
					"omitted":	false,
					"sender":	true
				}],
			"sum":	{
				"start":	3.000111,
				"end":	4.00011,
				"seconds":	0.99999898672103882,
				"bytes":	803640,
				"bits_per_second":	6429126.5144986361,
				"packets":	555,
				"omitted":	false,
				"sender":	true
			}
		}, {
			"streams":	[{
					"socket":	5,
					"start":	4.00011,
					"end":	5.00011,
					"seconds":	1,
					"bytes":	928168,
					"bits_per_second":	7425344,
					"packets":	641,
					"omitted":	false,
					"sender":	true
				}],
			"sum":	{
				"start":	4.00011,
				"end":	5.00011,
				"seconds":	1,
				"bytes":	928168,
				"bits_per_second":	7425344,
				"packets":	641,
				"omitted":	false,
				"sender":	true
			}
		}, {
			"streams":	[{
					"socket":	5,
					"start":	5.00011,
					"end":	6.000108,
					"seconds":	0.99999797344207764,
					"bytes":	1314784,
					"bits_per_second":	10518293.31593065,
					"packets":	908,
					"omitted":	false,
					"sender":	true
				}],
			"sum":	{
				"start":	5.00011,
				"end":	6.000108,
				"seconds":	0.99999797344207764,
				"bytes":	1314784,
				"bits_per_second":	10518293.31593065,
				"packets":	908,
				"omitted":	false,
				"sender":	true
			}
		}, {
			"streams":	[{
					"socket":	5,
					"start":	6.000108,
					"end":	7.000107,
					"seconds":	0.99999898672103882,
					"bytes":	1308992,
					"bits_per_second":	10471946.611003183,
					"packets":	904,
					"omitted":	false,
					"sender":	true
				}],
			"sum":	{
				"start":	6.000108,
				"end":	7.000107,
				"seconds":	0.99999898672103882,
				"bytes":	1308992,
				"bits_per_second":	10471946.611003183,
				"packets":	904,
				"omitted":	false,
				"sender":	true
			}
		}, {
			"streams":	[{
					"socket":	5,
					"start":	7.000107,
					"end":	8.000108,
					"seconds":	1.0000009536743164,
					"bytes":	1348088,
					"bits_per_second":	10784693.714914594,
					"packets":	931,
					"omitted":	false,
					"sender":	true
				}],
			"sum":	{
				"start":	7.000107,
				"end":	8.000108,
				"seconds":	1.0000009536743164,
				"bytes":	1348088,
				"bits_per_second":	10784693.714914594,
				"packets":	931,
				"omitted":	false,
				"sender":	true
			}
		}, {
			"streams":	[{
					"socket":	5,
					"start":	8.000108,
					"end":	9.000111,
					"seconds":	1.0000029802322388,
					"bytes":	1156952,
					"bits_per_second":	9255588.4161970131,
					"packets":	799,
					"omitted":	false,
					"sender":	true
				}],
			"sum":	{
				"start":	8.000108,
				"end":	9.000111,
				"seconds":	1.0000029802322388,
				"bytes":	1156952,
				"bits_per_second":	9255588.4161970131,
				"packets":	799,
				"omitted":	false,
				"sender":	true
			}
		}, {
			"streams":	[{
					"socket":	5,
					"start":	9.000111,
					"end":	10.00013,
					"seconds":	1.0000189542770386,
					"bytes":	596576,
					"bits_per_second":	4772517.540380368,
					"packets":	412,
					"omitted":	false,
					"sender":	true
				}],
			"sum":	{
				"start":	9.000111,
				"end":	10.00013,
				"seconds":	1.0000189542770386,
				"bytes":	596576,
				"bits_per_second":	4772517.540380368,
				"packets":	412,
				"omitted":	false,
				"sender":	true
			}
		}],
	"end":	{
		"streams":	[{
				"udp":	{
					"socket":	5,
					"start":	0,
					"end":	10.00013,
					"seconds":	10.00013,
					"bytes":	10974392,
					"bits_per_second":	8779399.46780692,
					"jitter_ms":	0.99616102786349969,
					"lost_packets":	0,
					"packets":	7579,
					"lost_percent":	0,
					"out_of_order":	0,
					"sender":	true
				}
			}],
		"sum":	{
			"start":	0,
			"end":	10.689878,
			"seconds":	10.689878,
			"bytes":	10974392,
			"bits_per_second":	8779399.46780692,
			"jitter_ms":	0.99616102786349969,
			"lost_packets":	0,
			"packets":	7579,
			"lost_percent":	0,
			"sender":	true
		},
		"sum_sent":	{
			"start":	0,
			"end":	10.00013,
			"seconds":	10.00013,
			"bytes":	10974392,
			"bits_per_second":	8779399.46780692,
			"jitter_ms":	0,
			"lost_packets":	0,
			"packets":	7579,
			"lost_percent":	0,
			"sender":	true
		},
		"sum_received":	{
			"start":	0,
			"end":	10.689878,
			"seconds":	10.689878,
			"bytes":	10974392,
			"bits_per_second":	8212922.1680546775,
			"jitter_ms":	0.99616102786349969,
			"lost_packets":	0,
			"packets":	7579,
			"lost_percent":	0,
			"sender":	false
		},
		"cpu_utilization_percent":	{
			"host_total":	5.8865472967958716,
			"host_user":	0.57423220414922671,
			"host_system":	5.3123150926466449,
			"remote_total":	0.573177086013046,
			"remote_user":	0,
			"remote_system":	0.573177086013046
		}
	}
}
