{
	"start":	{
		"connected":	[{
				"socket":	5,
				"local_host":	"129.93.240.12",
				"local_port":	35672,
				"remote_host":	"10.53.1.3",
				"remote_port":	55002
			}],
		"version":	"iperf 3.12",
		"system_info":	"Linux rpi2 6.6.74+rpt-rpi-v8 #1 SMP PREEMPT Debian 1:6.6.74-1+rpt1 (2025-01-27) aarch64",
		"timestamp":	{
			"time":	"Wed, 21 May 2025 21:02:58 GMT",
			"timesecs":	1747861378
		},
		"connecting_to":	{
			"host":	"10.53.1.3",
			"port":	55002
		},
		"cookie":	"khqwpg7amwlqdf6e6g4deiiwkjyaqprl3sdt",
		"target_bitrate":	200000000,
		"sock_bufsize":	0,
		"sndbuf_actual":	212992,
		"rcvbuf_actual":	212992,
		"test_start":	{
			"protocol":	"UDP",
			"num_streams":	1,
			"blksize":	1448,
			"omit":	0,
			"duration":	10,
			"bytes":	0,
			"blocks":	0,
			"reverse":	0,
			"tos":	0,
			"target_bitrate":	200000000
		}
	},
	"intervals":	[{
			"streams":	[{
					"socket":	5,
					"start":	0,
					"end":	1.00008,
					"seconds":	1.0000799894332886,
					"bytes":	1320576,
					"bits_per_second":	10563763.01058339,
					"packets":	912,
					"omitted":	false,
					"sender":	true
				}],
			"sum":	{
				"start":	0,
				"end":	1.00008,
				"seconds":	1.0000799894332886,
				"bytes":	1320576,
				"bits_per_second":	10563763.01058339,
				"packets":	912,
				"omitted":	false,
				"sender":	true
			}
		}, {
			"streams":	[{
					"socket":	5,
					"start":	1.00008,
					"end":	2.000078,
					"seconds":	0.99999797344207764,
					"bytes":	965816,
					"bits_per_second":	7726543.6582882628,
					"packets":	667,
					"omitted":	false,
					"sender":	true
				}],
			"sum":	{
				"start":	1.00008,
				"end":	2.000078,
				"seconds":	0.99999797344207764,
				"bytes":	965816,
				"bits_per_second":	7726543.6582882628,
				"packets":	667,
				"omitted":	false,
				"sender":	true
			}
		}, {
			"streams":	[{
					"socket":	5,
					"start":	2.000078,
					"end":	3.000079,
					"seconds":	1.0000009536743164,
					"bytes":	910792,
					"bits_per_second":	7286329.0512151234,
					"packets":	629,
					"omitted":	false,
					"sender":	true
				}],
			"sum":	{
				"start":	2.000078,
				"end":	3.000079,
				"seconds":	1.0000009536743164,
				"bytes":	910792,
				"bits_per_second":	7286329.0512151234,
				"packets":	629,
				"omitted":	false,
				"sender":	true
			}
		}, {
			"streams":	[{
					"socket":	5,
					"start":	3.000079,
					"end":	4.00008,
					"seconds":	1.0000009536743164,
					"bytes":	971608,
					"bits_per_second":	7772856.587226308,
					"packets":	671,
					"omitted":	false,
					"sender":	true
				}],
			"sum":	{
				"start":	3.000079,
				"end":	4.00008,
				"seconds":	1.0000009536743164,
				"bytes":	971608,
				"bits_per_second":	7772856.587226308,
				"packets":	671,
				"omitted":	false,
				"sender":	true
			}
		}, {
			"streams":	[{
					"socket":	5,
					"start":	4.00008,
					"end":	5.000079,
					"seconds":	0.99999898672103882,
					"bytes":	1078760,
					"bits_per_second":	8630088.74468736,
					"packets":	745,
					"omitted":	false,
					"sender":	true
				}],
			"sum":	{
				"start":	4.00008,
				"end":	5.000079,
				"seconds":	0.99999898672103882,
				"bytes":	1078760,
				"bits_per_second":	8630088.74468736,
				"packets":	745,
				"omitted":	false,
				"sender":	true
			}
		}, {
			"streams":	[{
					"socket":	5,
					"start":	5.000079,
					"end":	6.000078,
					"seconds":	0.99999898672103882,
					"bytes":	1203288,
					"bits_per_second":	9626313.7541412,
					"packets":	831,
					"omitted":	false,
					"sender":	true
				}],
			"sum":	{
				"start":	5.000079,
				"end":	6.000078,
				"seconds":	0.99999898672103882,
				"bytes":	1203288,
				"bits_per_second":	9626313.7541412,
				"packets":	831,
				"omitted":	false,
				"sender":	true
			}
		}, {
			"streams":	[{
					"socket":	5,
					"start":	6.000078,
					"end":	7.000078,
					"seconds":	1,
					"bytes":	1206184,
					"bits_per_second":	9649472,
					"packets":	833,
					"omitted":	false,
					"sender":	true
				}],
			"sum":	{
				"start":	6.000078,
				"end":	7.000078,
				"seconds":	1,
				"bytes":	1206184,
				"bits_per_second":	9649472,
				"packets":	833,
				"omitted":	false,
				"sender":	true
			}
		}, {
			"streams":	[{
					"socket":	5,
					"start":	7.000078,
					"end":	8.000079,
					"seconds":	1.0000009536743164,
					"bytes":	1035320,
					"bits_per_second":	8282552.1011427864,
					"packets":	715,
					"omitted":	false,
					"sender":	true
				}],
			"sum":	{
				"start":	7.000078,
				"end":	8.000079,
				"seconds":	1.0000009536743164,
				"bytes":	1035320,
				"bits_per_second":	8282552.1011427864,
				"packets":	715,
				"omitted":	false,
				"sender":	true
			}
		}, {
			"streams":	[{
					"socket":	5,
					"start":	8.000079,
					"end":	9.000078,
					"seconds":	0.99999898672103882,
					"bytes":	900656,
					"bits_per_second":	7205255.300933606,
					"packets":	622,
					"omitted":	false,
					"sender":	true
				}],
			"sum":	{
				"start":	8.000079,
				"end":	9.000078,
				"seconds":	0.99999898672103882,
				"bytes":	900656,
				"bits_per_second":	7205255.300933606,
				"packets":	622,
				"omitted":	false,
				"sender":	true
			}
		}, {
			"streams":	[{
					"socket":	5,
					"start":	9.000078,
					"end":	10.000097,
					"seconds":	1.0000189542770386,
					"bytes":	1213424,
					"bits_per_second":	9707208.0068901666,
					"packets":	838,
					"omitted":	false,
					"sender":	true
				}],
			"sum":	{
				"start":	9.000078,
				"end":	10.000097,
				"seconds":	1.0000189542770386,
				"bytes":	1213424,
				"bits_per_second":	9707208.0068901666,
				"packets":	838,
				"omitted":	false,
				"sender":	true
			}
		}],
	"end":	{
		"streams":	[{
				"udp":	{
					"socket":	5,
					"start":	0,
					"end":	10.000097,
					"seconds":	10.000097,
					"bytes":	10806424,
					"bits_per_second":	8645055.34296317,
					"jitter_ms":	0.95159139935491566,
					"lost_packets":	0,
					"packets":	7463,
					"lost_percent":	0,
					"out_of_order":	0,
					"sender":	true
				}
			}],
		"sum":	{
			"start":	0,
			"end":	10.327887,
			"seconds":	10.327887,
			"bytes":	10806424,
			"bits_per_second":	8645055.34296317,
			"jitter_ms":	0.95159139935491566,
			"lost_packets":	0,
			"packets":	7463,
			"lost_percent":	0,
			"sender":	true
		},
		"sum_sent":	{
			"start":	0,
			"end":	10.000097,
			"seconds":	10.000097,
			"bytes":	10806424,
			"bits_per_second":	8645055.34296317,
			"jitter_ms":	0,
			"lost_packets":	0,
			"packets":	7463,
			"lost_percent":	0,
			"sender":	true
		},
		"sum_received":	{
			"start":	0,
			"end":	10.327887,
			"seconds":	10.327887,
			"bytes":	10806424,
			"bits_per_second":	8370675.6280350471,
			"jitter_ms":	0.95159139935491566,
			"lost_packets":	0,
			"packets":	7463,
			"lost_percent":	0,
			"sender":	false
		},
		"cpu_utilization_percent":	{
			"host_total":	5.096875078131414,
			"host_user":	0.52047579496190921,
			"host_system":	4.5763697531864329,
			"remote_total":	0.586024434596898,
			"remote_user":	0.32456752812310191,
			"remote_system":	0.26145690647379616
		}
	}
}
