{
	"start":	{
		"connected":	[{
				"socket":	5,
				"local_host":	"129.93.240.12",
				"local_port":	46471,
				"remote_host":	"10.53.1.3",
				"remote_port":	55002
			}],
		"version":	"iperf 3.12",
		"system_info":	"Linux rpi2 6.6.74+rpt-rpi-v8 #1 SMP PREEMPT Debian 1:6.6.74-1+rpt1 (2025-01-27) aarch64",
		"timestamp":	{
			"time":	"Wed, 21 May 2025 20:56:59 GMT",
			"timesecs":	1747861019
		},
		"connecting_to":	{
			"host":	"10.53.1.3",
			"port":	55002
		},
		"cookie":	"6ggfpxeiiw4sopfhmb574cdlx4vrwddufzbr",
		"target_bitrate":	200000000,
		"sock_bufsize":	0,
		"sndbuf_actual":	212992,
		"rcvbuf_actual":	212992,
		"test_start":	{
			"protocol":	"UDP",
			"num_streams":	1,
			"blksize":	1448,
			"omit":	0,
			"duration":	10,
			"bytes":	0,
			"blocks":	0,
			"reverse":	0,
			"tos":	0,
			"target_bitrate":	200000000
		}
	},
	"intervals":	[{
			"streams":	[{
					"socket":	5,
					"start":	0,
					"end":	1.000085,
					"seconds":	1.00008499622345,
					"bytes":	1316232,
					"bits_per_second":	10528961.078071514,
					"packets":	909,
					"omitted":	false,
					"sender":	true
				}],
			"sum":	{
				"start":	0,
				"end":	1.000085,
				"seconds":	1.00008499622345,
				"bytes":	1316232,
				"bits_per_second":	10528961.078071514,
				"packets":	909,
				"omitted":	false,
				"sender":	true
			}
		}, {
			"streams":	[{
					"socket":	5,
					"start":	1.000085,
					"end":	2.000081,
					"seconds":	0.9999960064888,
					"bytes":	964368,
					"bits_per_second":	7714974.80983831,
					"packets":	666,
					"omitted":	false,
					"sender":	true
				}],
			"sum":	{
				"start":	1.000085,
				"end":	2.000081,
				"seconds":	0.9999960064888,
				"bytes":	964368,
				"bits_per_second":	7714974.80983831,
				"packets":	666,
				"omitted":	false,
				"sender":	true
			}
		}, {
			"streams":	[{
					"socket":	5,
					"start":	2.000081,
					"end":	3.000085,
					"seconds":	1.0000040531158447,
					"bytes":	1049800,
					"bits_per_second":	8398365.9604498558,
					"packets":	725,
					"omitted":	false,
					"sender":	true
				}],
			"sum":	{
				"start":	2.000081,
				"end":	3.000085,
				"seconds":	1.0000040531158447,
				"bytes":	1049800,
				"bits_per_second":	8398365.9604498558,
				"packets":	725,
				"omitted":	false,
				"sender":	true
			}
		}, {
			"streams":	[{
					"socket":	5,
					"start":	3.000085,
					"end":	4.000085,
					"seconds":	1,
					"bytes":	970160,
					"bits_per_second":	7761280,
					"packets":	670,
					"omitted":	false,
					"sender":	true
				}],
			"sum":	{
				"start":	3.000085,
				"end":	4.000085,
				"seconds":	1,
				"bytes":	970160,
				"bits_per_second":	7761280,
				"packets":	670,
				"omitted":	false,
				"sender":	true
			}
		}, {
			"streams":	[{
					"socket":	5,
					"start":	4.000085,
					"end":	5.000084,
					"seconds":	0.99999898672103882,
					"bytes":	1020840,
					"bits_per_second":	8166728.2751739426,
					"packets":	705,
					"omitted":	false,
					"sender":	true
				}],
			"sum":	{
				"start":	4.000085,
				"end":	5.000084,
				"seconds":	0.99999898672103882,
				"bytes":	1020840,
				"bits_per_second":	8166728.2751739426,
				"packets":	705,
				"omitted":	false,
				"sender":	true
			}
		}, {
			"streams":	[{
					"socket":	5,
					"start":	5.000084,
					"end":	6.000084,
					"seconds":	1,
					"bytes":	1086000,
					"bits_per_second":	8688000,
					"packets":	750,
					"omitted":	false,
					"sender":	true
				}],
			"sum":	{
				"start":	5.000084,
				"end":	6.000084,
				"seconds":	1,
				"bytes":	1086000,
				"bits_per_second":	8688000,
				"packets":	750,
				"omitted":	false,
				"sender":	true
			}
		}, {
			"streams":	[{
					"socket":	5,
					"start":	6.000084,
					"end":	7.000083,
					"seconds":	0.99999898672103882,
					"bytes":	1230800,
					"bits_per_second":	9846409.9771600738,
					"packets":	850,
					"omitted":	false,
					"sender":	true
				}],
			"sum":	{
				"start":	6.000084,
				"end":	7.000083,
				"seconds":	0.99999898672103882,
				"bytes":	1230800,
				"bits_per_second":	9846409.9771600738,
				"packets":	850,
				"omitted":	false,
				"sender":	true
			}
		}, {
			"streams":	[{
					"socket":	5,
					"start":	7.000083,
					"end":	8.000084,
					"seconds":	1.0000009536743164,
					"bytes":	1259760,
					"bits_per_second":	10078070.388803111,
					"packets":	870,
					"omitted":	false,
					"sender":	true
				}],
			"sum":	{
				"start":	7.000083,
				"end":	8.000084,
				"seconds":	1.0000009536743164,
				"bytes":	1259760,
				"bits_per_second":	10078070.388803111,
				"packets":	870,
				"omitted":	false,
				"sender":	true
			}
		}, {
			"streams":	[{
					"socket":	5,
					"start":	8.000084,
					"end":	9.000085,
					"seconds":	1.0000009536743164,
					"bytes":	1340848,
					"bits_per_second":	10726773.770151358,
					"packets":	926,
					"omitted":	false,
					"sender":	true
				}],
			"sum":	{
				"start":	8.000084,
				"end":	9.000085,
				"seconds":	1.0000009536743164,
				"bytes":	1340848,
				"bits_per_second":	10726773.770151358,
				"packets":	926,
				"omitted":	false,
				"sender":	true
			}
		}, {
			"streams":	[{
					"socket":	5,
					"start":	9.000085,
					"end":	10.0001,
					"seconds":	1.0000150203704834,
					"bytes":	1598592,
					"bits_per_second":	12788543.911332509,
					"packets":	1104,
					"omitted":	false,
					"sender":	true
				}],
			"sum":	{
				"start":	9.000085,
				"end":	10.0001,
				"seconds":	1.0000150203704834,
				"bytes":	1598592,
				"bits_per_second":	12788543.911332509,
				"packets":	1104,
				"omitted":	false,
				"sender":	true
			}
		}],
	"end":	{
		"streams":	[{
				"udp":	{
					"socket":	5,
					"start":	0,
					"end":	10.0001,
					"seconds":	10.0001,
					"bytes":	11837400,
					"bits_per_second":	9469825.3017469831,
					"jitter_ms":	0.44129485390818912,
					"lost_packets":	0,
					"packets":	8175,
					"lost_percent":	0,
					"out_of_order":	0,
					"sender":	true
				}
			}],
		"sum":	{
			"start":	0,
			"end":	10.302014,
			"seconds":	10.302014,
			"bytes":	11837400,
			"bits_per_second":	9469825.3017469831,
			"jitter_ms":	0.44129485390818912,
			"lost_packets":	0,
			"packets":	8175,
			"lost_percent":	0,
			"sender":	true
		},
		"sum_sent":	{
			"start":	0,
			"end":	10.0001,
			"seconds":	10.0001,
			"bytes":	11837400,
			"bits_per_second":	9469825.3017469831,
			"jitter_ms":	0,
			"lost_packets":	0,
			"packets":	8175,
			"lost_percent":	0,
			"sender":	true
		},
		"sum_received":	{
			"start":	0,
			"end":	10.302014,
			"seconds":	10.302014,
			"bytes":	11837400,
			"bits_per_second":	9192299.68043142,
			"jitter_ms":	0.44129485390818912,
			"lost_packets":	0,
			"packets":	8175,
			"lost_percent":	0,
			"sender":	false
		},
		"cpu_utilization_percent":	{
			"host_total":	5.3896903105521785,
			"host_user":	0.42626640741017935,
			"host_system":	4.9634139638502,
			"remote_total":	0.60084303814055973,
			"remote_user":	0,
			"remote_system":	0.60083333131107719
		}
	}
}
