{
	"start":	{
		"connected":	[{
				"socket":	5,
				"local_host":	"129.93.240.12",
				"local_port":	56130,
				"remote_host":	"10.53.1.3",
				"remote_port":	55002
			}],
		"version":	"iperf 3.12",
		"system_info":	"Linux rpi2 6.6.74+rpt-rpi-v8 #1 SMP PREEMPT Debian 1:6.6.74-1+rpt1 (2025-01-27) aarch64",
		"timestamp":	{
			"time":	"Thu, 22 May 2025 23:38:14 GMT",
			"timesecs":	1747957094
		},
		"connecting_to":	{
			"host":	"10.53.1.3",
			"port":	55002
		},
		"cookie":	"nw2r5mi5vn4qdbw6rwe6rcmkze5zkriwqscj",
		"tcp_mss_default":	1448,
		"target_bitrate":	0,
		"sock_bufsize":	0,
		"sndbuf_actual":	16384,
		"rcvbuf_actual":	131072,
		"test_start":	{
			"protocol":	"TCP",
			"num_streams":	1,
			"blksize":	131072,
			"omit":	0,
			"duration":	10,
			"bytes":	0,
			"blocks":	0,
			"reverse":	0,
			"tos":	0,
			"target_bitrate":	0
		}
	},
	"intervals":	[{
			"streams":	[{
					"socket":	5,
					"start":	0,
					"end":	1.000113,
					"seconds":	1.0001130104064941,
					"bytes":	1323472,
					"bits_per_second":	10586579.606335305,
					"retransmits":	1,
					"snd_cwnd":	99912,
					"snd_wnd":	1162368,
					"rtt":	87858,
					"rttvar":	2695,
					"pmtu":	1500,
					"omitted":	false,
					"sender":	true
				}],
			"sum":	{
				"start":	0,
				"end":	1.000113,
				"seconds":	1.0001130104064941,
				"bytes":	1323472,
				"bits_per_second":	10586579.606335305,
				"retransmits":	1,
				"omitted":	false,
				"sender":	true
			}
		}, {
			"streams":	[{
					"socket":	5,
					"start":	1.000113,
					"end":	2.000131,
					"seconds":	1.0000180006027222,
					"bytes":	1433520,
					"bits_per_second":	11467953.569923751,
					"retransmits":	0,
					"snd_cwnd":	156384,
					"snd_wnd":	1162368,
					"rtt":	123215,
					"rttvar":	3083,
					"pmtu":	1500,
					"omitted":	false,
					"sender":	true
				}],
			"sum":	{
				"start":	1.000113,
				"end":	2.000131,
				"seconds":	1.0000180006027222,
				"bytes":	1433520,
				"bits_per_second":	11467953.569923751,
				"retransmits":	0,
				"omitted":	false,
				"sender":	true
			}
		}, {
			"streams":	[{
					"socket":	5,
					"start":	2.000131,
					"end":	3.000343,
					"seconds":	1.0002119541168213,
					"bytes":	1238040,
					"bits_per_second":	9902221.18345449,
					"retransmits":	0,
					"snd_cwnd":	215752,
					"snd_wnd":	1162368,
					"rtt":	166643,
					"rttvar":	1271,
					"pmtu":	1500,
					"omitted":	false,
					"sender":	true
				}],
			"sum":	{
				"start":	2.000131,
				"end":	3.000343,
				"seconds":	1.0002119541168213,
				"bytes":	1238040,
				"bits_per_second":	9902221.18345449,
				"retransmits":	0,
				"omitted":	false,
				"sender":	true
			}
		}, {
			"streams":	[{
					"socket":	5,
					"start":	3.000343,
					"end":	4.000361,
					"seconds":	1.0000180006027222,
					"bytes":	1498680,
					"bits_per_second":	11989224.186738467,
					"retransmits":	0,
					"snd_cwnd":	279464,
					"snd_wnd":	1162368,
					"rtt":	205068,
					"rttvar":	765,
					"pmtu":	1500,
					"omitted":	false,
					"sender":	true
				}],
			"sum":	{
				"start":	3.000343,
				"end":	4.000361,
				"seconds":	1.0000180006027222,
				"bytes":	1498680,
				"bits_per_second":	11989224.186738467,
				"retransmits":	0,
				"omitted":	false,
				"sender":	true
			}
		}, {
			"streams":	[{
					"socket":	5,
					"start":	4.000361,
					"end":	5.000266,
					"seconds":	0.999904990196228,
					"bytes":	1954800,
					"bits_per_second":	15639885.942494413,
					"retransmits":	0,
					"snd_cwnd":	348968,
					"snd_wnd":	1162368,
					"rtt":	229125,
					"rttvar":	2590,
					"pmtu":	1500,
					"omitted":	false,
					"sender":	true
				}],
			"sum":	{
				"start":	4.000361,
				"end":	5.000266,
				"seconds":	0.999904990196228,
				"bytes":	1954800,
				"bits_per_second":	15639885.942494413,
				"retransmits":	0,
				"omitted":	false,
				"sender":	true
			}
		}, {
			"streams":	[{
					"socket":	5,
					"start":	5.000266,
					"end":	6.000402,
					"seconds":	1.0001360177993774,
					"bytes":	1629000,
					"bits_per_second":	13030227.657108692,
					"retransmits":	0,
					"snd_cwnd":	424264,
					"snd_wnd":	1162368,
					"rtt":	260628,
					"rttvar":	2727,
					"pmtu":	1500,
					"omitted":	false,
					"sender":	true
				}],
			"sum":	{
				"start":	5.000266,
				"end":	6.000402,
				"seconds":	1.0001360177993774,
				"bytes":	1629000,
				"bits_per_second":	13030227.657108692,
				"retransmits":	0,
				"omitted":	false,
				"sender":	true
			}
		}, {
			"streams":	[{
					"socket":	5,
					"start":	6.000402,
					"end":	7.00045,
					"seconds":	1.000048041343689,
					"bytes":	1889640,
					"bits_per_second":	15116393.788130688,
					"retransmits":	0,
					"snd_cwnd":	502456,
					"snd_wnd":	1162368,
					"rtt":	295901,
					"rttvar":	2896,
					"pmtu":	1500,
					"omitted":	false,
					"sender":	true
				}],
			"sum":	{
				"start":	6.000402,
				"end":	7.00045,
				"seconds":	1.000048041343689,
				"bytes":	1889640,
				"bits_per_second":	15116393.788130688,
				"retransmits":	0,
				"omitted":	false,
				"sender":	true
			}
		}, {
			"streams":	[{
					"socket":	5,
					"start":	7.00045,
					"end":	8.000423,
					"seconds":	0.99997299909591675,
					"bytes":	2150280,
					"bits_per_second":	17202704.488573868,
					"retransmits":	0,
					"snd_cwnd":	579200,
					"snd_wnd":	1162368,
					"rtt":	230501,
					"rttvar":	11934,
					"pmtu":	1500,
					"omitted":	false,
					"sender":	true
				}],
			"sum":	{
				"start":	7.00045,
				"end":	8.000423,
				"seconds":	0.99997299909591675,
				"bytes":	2150280,
				"bits_per_second":	17202704.488573868,
				"retransmits":	0,
				"omitted":	false,
				"sender":	true
			}
		}, {
			"streams":	[{
					"socket":	5,
					"start":	8.000423,
					"end":	9.00013,
					"seconds":	0.99970698356628418,
					"bytes":	2345760,
					"bits_per_second":	18771580.381538607,
					"retransmits":	0,
					"snd_cwnd":	579200,
					"snd_wnd":	1162368,
					"rtt":	279883,
					"rttvar":	12339,
					"pmtu":	1500,
					"omitted":	false,
					"sender":	true
				}],
			"sum":	{
				"start":	8.000423,
				"end":	9.00013,
				"seconds":	0.99970698356628418,
				"bytes":	2345760,
				"bits_per_second":	18771580.381538607,
				"retransmits":	0,
				"omitted":	false,
				"sender":	true
			}
		}, {
			"streams":	[{
					"socket":	5,
					"start":	9.00013,
					"end":	10.000502,
					"seconds":	1.000372052192688,
					"bytes":	1172880,
					"bits_per_second":	9379550.31773786,
					"retransmits":	0,
					"snd_cwnd":	579200,
					"snd_wnd":	1162368,
					"rtt":	306405,
					"rttvar":	16140,
					"pmtu":	1500,
					"omitted":	false,
					"sender":	true
				}],
			"sum":	{
				"start":	9.00013,
				"end":	10.000502,
				"seconds":	1.000372052192688,
				"bytes":	1172880,
				"bits_per_second":	9379550.31773786,
				"retransmits":	0,
				"omitted":	false,
				"sender":	true
			}
		}],
	"end":	{
		"streams":	[{
				"sender":	{
					"socket":	5,
					"start":	0,
					"end":	10.000502,
					"seconds":	10.000502,
					"bytes":	16636072,
					"bits_per_second":	13308189.528885651,
					"retransmits":	1,
					"max_snd_cwnd":	579200,
					"max_snd_wnd":	1162368,
					"max_rtt":	306405,
					"min_rtt":	87858,
					"mean_rtt":	218522,
					"sender":	true
				},
				"receiver":	{
					"socket":	5,
					"start":	0,
					"end":	10.289782,
					"seconds":	10.000502,
					"bytes":	14155776,
					"bits_per_second":	11005695.553122506,
					"sender":	true
				}
			}],
		"sum_sent":	{
			"start":	0,
			"end":	10.000502,
			"seconds":	10.000502,
			"bytes":	16636072,
			"bits_per_second":	13308189.528885651,
			"retransmits":	1,
			"sender":	true
		},
		"sum_received":	{
			"start":	0,
			"end":	10.289782,
			"seconds":	10.289782,
			"bytes":	14155776,
			"bits_per_second":	11005695.553122506,
			"sender":	true
		},
		"cpu_utilization_percent":	{
			"host_total":	0.41626611391135832,
			"host_user":	0.14026016070071626,
			"host_system":	0.27599696044532174,
			"remote_total":	0.40777290434134944,
			"remote_user":	0.032517651467531522,