{
	"start":	{
		"connected":	[{
				"socket":	5,
				"local_host":	"192.168.225.48",
				"local_port":	51037,
				"remote_host":	"192.168.26.3",
				"remote_port":	55006
			}],
		"version":	"iperf 3.12",
		"system_info":	"Linux rpi2 6.6.74+rpt-rpi-v8 #1 SMP PREEMPT Debian 1:6.6.74-1+rpt1 (2025-01-27) aarch64",
		"timestamp":	{
			"time":	"Thu, 22 May 2025 01:58:10 GMT",
			"timesecs":	1747879090
		},
		"connecting_to":	{
			"host":	"192.168.26.3",
			"port":	55006
		},
		"cookie":	"llwp2mirdfrnvexdwellwyp6jzawth2x2qqs",
		"target_bitrate":	200000000,
		"sock_bufsize":	0,
		"sndbuf_actual":	212992,
		"rcvbuf_actual":	212992,
		"test_start":	{
			"protocol":	"UDP",
			"num_streams":	1,
			"blksize":	1448,
			"omit":	0,
			"duration":	10,
			"bytes":	0,
			"blocks":	0,
			"reverse":	0,
			"tos":	0,
			"target_bitrate":	200000000
		}
	},
	"intervals":	[{
			"streams":	[{
					"socket":	5,
					"start":	0,
					"end":	1.000075,
					"seconds":	1.0000749826431274,
					"bytes":	8919680,
					"bits_per_second":	71352089.831711754,
					"packets":	6160,
					"omitted":	false,
					"sender":	true
				}],
			"sum":	{
				"start":	0,
				"end":	1.000075,
				"seconds":	1.0000749826431274,
				"bytes":	8919680,
				"bits_per_second":	71352089.831711754,
				"packets":	6160,
				"omitted":	false,
				"sender":	true
			}
		}, {
			"streams":	[{
					"socket":	5,
					"start":	1.000075,
					"end":	2.000079,
					"seconds":	1.0000040531158447,
					"bytes":	8134864,
					"bits_per_second":	65078648.228699714,
					"packets":	5618,
					"omitted":	false,
					"sender":	true
				}],
			"sum":	{
				"start":	1.000075,
				"end":	2.000079,
				"seconds":	1.0000040531158447,
				"bytes":	8134864,
				"bits_per_second":	65078648.228699714,
				"packets":	5618,
				"omitted":	false,
				"sender":	true
			}
		}, {
			"streams":	[{
					"socket":	5,
					"start":	2.000079,
					"end":	3.000076,
					"seconds":	0.99999701976776123,
					"bytes":	8866104,
					"bits_per_second":	70929043.385021761,
					"packets":	6123,
					"omitted":	false,
					"sender":	true
				}],
			"sum":	{
				"start":	2.000079,
				"end":	3.000076,
				"seconds":	0.99999701976776123,
				"bytes":	8866104,
				"bits_per_second":	70929043.385021761,
				"packets":	6123,
				"omitted":	false,
				"sender":	true
			}
		}, {
			"streams":	[{
					"socket":	5,
					"start":	3.000076,
					"end":	4.000037,
					"seconds":	0.999961018562317,
					"bytes":	8181200,
					"bits_per_second":	65452151.418961763,
					"packets":	5650,
					"omitted":	false,
					"sender":	true
				}],
			"sum":	{
				"start":	3.000076,
				"end":	4.000037,
				"seconds":	0.999961018562317,
				"bytes":	8181200,
				"bits_per_second":	65452151.418961763,
				"packets":	5650,
				"omitted":	false,
				"sender":	true
			}
		}, {
			"streams":	[{
					"socket":	5,
					"start":	4.000037,
					"end":	5.000106,
					"seconds":	1.00006902217865,
					"bytes":	8966016,
					"bits_per_second":	71723177.510028571,
					"packets":	6192,
					"omitted":	false,
					"sender":	true
				}],
			"sum":	{
				"start":	4.000037,
				"end":	5.000106,
				"seconds":	1.00006902217865,
				"bytes":	8966016,
				"bits_per_second":	71723177.510028571,
				"packets":	6192,
				"omitted":	false,
				"sender":	true
			}
		}, {
			"streams":	[{
					"socket":	5,
					"start":	5.000106,
					"end":	6.00008,
					"seconds":	0.999974012374878,
					"bytes":	8712616,
					"bits_per_second":	69702739.408661738,
					"packets":	6017,
					"omitted":	false,
					"sender":	true
				}],
			"sum":	{
				"start":	5.000106,
				"end":	6.00008,
				"seconds":	0.999974012374878,
				"bytes":	8712616,
				"bits_per_second":	69702739.408661738,
				"packets":	6017,
				"omitted":	false,
				"sender":	true
			}
		}, {
			"streams":	[{
					"socket":	5,
					"start":	6.00008,
					"end":	7.000079,
					"seconds":	0.99999898672103882,
					"bytes":	8379576,
					"bits_per_second":	67036675.926853344,
					"packets":	5787,
					"omitted":	false,
					"sender":	true
				}],
			"sum":	{
				"start":	6.00008,
				"end":	7.000079,
				"seconds":	0.99999898672103882,
				"bytes":	8379576,
				"bits_per_second":	67036675.926853344,
				"packets":	5787,
				"omitted":	false,
				"sender":	true
			}
		}, {
			"streams":	[{
					"socket":	5,
					"start":	7.000079,
					"end":	8.000076,
					"seconds":	0.99999701976776123,
					"bytes":	8605464,
					"bits_per_second":	68843917.1708614,
					"packets":	5943,
					"omitted":	false,
					"sender":	true
				}],
			"sum":	{
				"start":	7.000079,
				"end":	8.000076,
				"seconds":	0.99999701976776123,
				"bytes":	8605464,
				"bits_per_second":	68843917.1708614,
				"packets":	5943,
				"omitted":	false,
				"sender":	true
			}
		}, {
			"streams":	[{
					"socket":	5,
					"start":	8.000076,
					"end":	9.000102,
					"seconds":	1.0000259876251221,
					"bytes":	8716960,
					"bits_per_second":	69733867.782385767,
					"packets":	6020,
					"omitted":	false,
					"sender":	true
				}],
			"sum":	{
				"start":	8.000076,
				"end":	9.000102,
				"seconds":	1.0000259876251221,
				"bytes":	8716960,
				"bits_per_second":	69733867.782385767,
				"packets":	6020,
				"omitted":	false,
				"sender":	true
			}
		}, {
			"streams":	[{
					"socket":	5,
					"start":	9.000102,
					"end":	10.000094,
					"seconds":	0.9999920129776,
					"bytes":	8333240,
					"bits_per_second":	66666452.466449171,
					"packets":	5755,
					"omitted":	false,
					"sender":	true
				}],
			"sum":	{
				"start":	9.000102,
				"end":	10.000094,
				"seconds":	0.9999920129776,
				"bytes":	8333240,
				"bits_per_second":	66666452.466449171,
				"packets":	5755,
				"omitted":	false,
				"sender":	true
			}
		}],
	"end":	{
		"streams":	[{
				"udp":	{
					"socket":	5,
					"start":	0,
					"end":	10.000094,
					"seconds":	10.000094,
					"bytes":	85815720,
					"bits_per_second":	68651930.6718517,
					"jitter_ms":	1.2590478445667024,
					"lost_packets":	51173,
					"packets":	59265,
					"lost_percent":	86.346072724204845,
					"out_of_order":	0,
					"sender":	true
				}
			}],
		"sum":	{
			"start":	0,
			"end":	10.319738,
			"seconds":	10.319738,
			"bytes":	85815720,
			"bits_per_second":	68651930.6718517,
			"jitter_ms":	1.2590478445667024,
			"lost_packets":	51173,
			"packets":	59265,
			"lost_percent":	86.346072724204845,
			"sender":	true
		},
		"sum_sent":	{
			"start":	0,
			"end":	10.000094,
			"seconds":	10.000094,
			"bytes":	85815720,
			"bits_per_second":	68651930.6718517,
			"jitter_ms":	0,
			"lost_packets":	0,
			"packets":	59265,
			"lost_percent":	0,
			"sender":	true
		},
		"sum_received":	{
			"start":	0,
			"end":	10.319738,
			"seconds":	10.319738,
			"bytes":	11605720,
			"bits_per_second":	8996910.58048179,
			"jitter_ms":	1.2590478445667024,
			"lost_packets":	51173,
			"packets":	59188,
			"lost_percent":	86.346072724204845,
			"sender":	false
		},
		"cpu_utilization_percent":	{
			"host_total":	27.087023922597282,
			"host_user":	2.5447521370886381,
			"host_system":	24.542232414848645,
			"remote_total":	0.18294829851686231,
			"remote_user":	0.028813419119625507,
			"remote_system":	0.15414102954005848
		}
	}
}
