{
	"start":	{
		"connected":	[{
				"socket":	5,
				"local_host":	"192.168.225.48",
				"local_port":	60637,
				"remote_host":	"192.168.26.3",
				"remote_port":	55001
			}],
		"version":	"iperf 3.12",
		"system_info":	"Linux rpi2 6.6.74+rpt-rpi-v8 #1 SMP PREEMPT Debian 1:6.6.74-1+rpt1 (2025-01-27) aarch64",
		"timestamp":	{
			"time":	"Thu, 22 May 2025 02:03:47 GMT",
			"timesecs":	1747879427
		},
		"connecting_to":	{
			"host":	"192.168.26.3",
			"port":	55001
		},
		"cookie":	"gboui6nr46oz7bj4sn7nlk7ud52gvb4txt22",
		"target_bitrate":	200000000,
		"sock_bufsize":	0,
		"sndbuf_actual":	212992,
		"rcvbuf_actual":	212992,
		"test_start":	{
			"protocol":	"UDP",
			"num_streams":	1,
			"blksize":	1448,
			"omit":	0,
			"duration":	10,
			"bytes":	0,
			"blocks":	0,
			"reverse":	0,
			"tos":	0,
			"target_bitrate":	200000000
		}
	},
	"intervals":	[{
			"streams":	[{
					"socket":	5,
					"start":	0,
					"end":	1.000109,
					"seconds":	1.0001089572906494,
					"bytes":	7551320,
					"bits_per_second":	60403978.546153165,
					"packets":	5215,
					"omitted":	false,
					"sender":	true
				}],
			"sum":	{
				"start":	0,
				"end":	1.000109,
				"seconds":	1.0001089572906494,
				"bytes":	7551320,
				"bits_per_second":	60403978.546153165,
				"packets":	5215,
				"omitted":	false,
				"sender":	true
			}
		}, {
			"streams":	[{
					"socket":	5,
					"start":	1.000109,
					"end":	2.000075,
					"seconds":	0.999966025352478,
					"bytes":	7295024,
					"bits_per_second":	58362174.8343186,
					"packets":	5038,
					"omitted":	false,
					"sender":	true
				}],
			"sum":	{
				"start":	1.000109,
				"end":	2.000075,
				"seconds":	0.999966025352478,
				"bytes":	7295024,
				"bits_per_second":	58362174.8343186,
				"packets":	5038,
				"omitted":	false,
				"sender":	true
			}
		}, {
			"streams":	[{
					"socket":	5,
					"start":	2.000075,
					"end":	3.000014,
					"seconds":	0.99993902444839478,
					"bytes":	7720736,
					"bits_per_second":	61769654.438751869,
					"packets":	5332,
					"omitted":	false,
					"sender":	true
				}],
			"sum":	{
				"start":	2.000075,
				"end":	3.000014,
				"seconds":	0.99993902444839478,
				"bytes":	7720736,
				"bits_per_second":	61769654.438751869,
				"packets":	5332,
				"omitted":	false,
				"sender":	true
			}
		}, {
			"streams":	[{
					"socket":	5,
					"start":	3.000014,
					"end":	4.000035,
					"seconds":	1.0000209808349609,
					"bytes":	7289232,
					"bits_per_second":	58312632.552280284,
					"packets":	5034,
					"omitted":	false,
					"sender":	true
				}],
			"sum":	{
				"start":	3.000014,
				"end":	4.000035,
				"seconds":	1.0000209808349609,
				"bytes":	7289232,
				"bits_per_second":	58312632.552280284,
				"packets":	5034,
				"omitted":	false,
				"sender":	true
			}
		}, {
			"streams":	[{
					"socket":	5,
					"start":	4.000035,
					"end":	5.000069,
					"seconds":	1.000033974647522,
					"bytes":	7893048,
					"bits_per_second":	63142238.764694221,
					"packets":	5451,
					"omitted":	false,
					"sender":	true
				}],
			"sum":	{
				"start":	4.000035,
				"end":	5.000069,
				"seconds":	1.000033974647522,
				"bytes":	7893048,
				"bits_per_second":	63142238.764694221,
				"packets":	5451,
				"omitted":	false,
				"sender":	true
			}
		}, {
			"streams":	[{
					"socket":	5,
					"start":	5.000069,
					"end":	6.000069,
					"seconds":	1,
					"bytes":	7384800,
					"bits_per_second":	59078400,
					"packets":	5100,
					"omitted":	false,
					"sender":	true
				}],
			"sum":	{
				"start":	5.000069,
				"end":	6.000069,
				"seconds":	1,
				"bytes":	7384800,
				"bits_per_second":	59078400,
				"packets":	5100,
				"omitted":	false,
				"sender":	true
			}
		}, {
			"streams":	[{
					"socket":	5,
					"start":	6.000069,
					"end":	7.000086,
					"seconds":	1.0000170469284058,
					"bytes":	7911872,
					"bits_per_second":	63293897.033468746,
					"packets":	5464,
					"omitted":	false,
					"sender":	true
				}],
			"sum":	{
				"start":	6.000069,
				"end":	7.000086,
				"seconds":	1.0000170469284058,
				"bytes":	7911872,
				"bits_per_second":	63293897.033468746,
				"packets":	5464,
				"omitted":	false,
				"sender":	true
			}
		}, {
			"streams":	[{
					"socket":	5,
					"start":	7.000086,
					"end":	8.000076,
					"seconds":	0.99998998641967773,
					"bytes":	7613584,
					"bits_per_second":	60909281.919986874,
					"packets":	5258,
					"omitted":	false,
					"sender":	true
				}],
			"sum":	{
				"start":	7.000086,
				"end":	8.000076,
				"seconds":	0.99998998641967773,
				"bytes":	7613584,
				"bits_per_second":	60909281.919986874,
				"packets":	5258,
				"omitted":	false,
				"sender":	true
			}
		}, {
			"streams":	[{
					"socket":	5,
					"start":	8.000076,
					"end":	9.000068,
					"seconds":	0.9999920129776,
					"bytes":	8123280,
					"bits_per_second":	64986759.050700232,
					"packets":	5610,
					"omitted":	false,
					"sender":	true
				}],
			"sum":	{
				"start":	8.000076,
				"end":	9.000068,
				"seconds":	0.9999920129776,
				"bytes":	8123280,
				"bits_per_second":	64986759.050700232,
				"packets":	5610,
				"omitted":	false,
				"sender":	true
			}
		}, {
			"streams":	[{
					"socket":	5,
					"start":	9.000068,
					"end":	10.00008,
					"seconds":	1.0000120401382446,
					"bytes":	7384800,
					"bits_per_second":	59077688.696460925,
					"packets":	5100,
					"omitted":	false,
					"sender":	true
				}],
			"sum":	{
				"start":	9.000068,
				"end":	10.00008,
				"seconds":	1.0000120401382446,
				"bytes":	7384800,
				"bits_per_second":	59077688.696460925,
				"packets":	5100,
				"omitted":	false,
				"sender":	true
			}
		}],
	"end":	{
		"streams":	[{
				"udp":	{
					"socket":	5,
					"start":	0,
					"end":	10.00008,
					"seconds":	10.00008,
					"bytes":	76167696,
					"bits_per_second":	60933669.330645353,
					"jitter_ms":	0.45931182161786,
					"lost_packets":	41411,
					"packets":	52602,
					"lost_percent":	78.725143530664226,
					"out_of_order":	0,
					"sender":	true
				}
			}],
		"sum":	{
			"start":	0,
			"end":	10.319709,
			"seconds":	10.319709,
			"bytes":	76167696,
			"bits_per_second":	60933669.330645353,
			"jitter_ms":	0.45931182161786,
			"lost_packets":	41411,
			"packets":	52602,
			"lost_percent":	78.725143530664226,
			"sender":	true
		},
		"sum_sent":	{
			"start":	0,
			"end":	10.00008,
			"seconds":	10.00008,
			"bytes":	76167696,
			"bits_per_second":	60933669.330645353,
			"jitter_ms":	0,
			"lost_packets":	0,
			"packets":	52602,
			"lost_percent":	0,
			"sender":	true
		},
		"sum_received":	{
			"start":	0,
			"end":	10.319709,
			"seconds":	10.319709,
			"bytes":	15855600,
			"bits_per_second":	12291509.382677361,
			"jitter_ms":	0.45931182161786,
			"lost_packets":	41411,
			"packets":	52361,
			"lost_percent":	78.725143530664226,
			"sender":	false
		},
		"cpu_utilization_percent":	{
			"host_total":	18.893218844546215,
			"host_user":	1.793288669346401,
			"host_system":	17.099900646809544,
			"remote_total":	0.04495420059055396,
			"remote_user":	0.0070062661929281818,
			"remote_system":	0.037947934397625775
		}
	}
}
