{
	"start":	{
		"connected":	[{
				"socket":	5,
				"local_host":	"192.168.225.48",
				"local_port":	35909,
				"remote_host":	"192.168.26.3",
				"remote_port":	55001
			}],
		"version":	"iperf 3.12",
		"system_info":	"Linux rpi2 6.6.74+rpt-rpi-v8 #1 SMP PREEMPT Debian 1:6.6.74-1+rpt1 (2025-01-27) aarch64",
		"timestamp":	{
			"time":	"Thu, 22 May 2025 02:04:19 GMT",
			"timesecs":	1747879459
		},
		"connecting_to":	{
			"host":	"192.168.26.3",
			"port":	55001
		},
		"cookie":	"uvxapbgeelebxyecenie3lsrggayw3g6kteb",
		"target_bitrate":	200000000,
		"sock_bufsize":	0,
		"sndbuf_actual":	212992,
		"rcvbuf_actual":	212992,
		"test_start":	{
			"protocol":	"UDP",
			"num_streams":	1,
			"blksize":	1448,
			"omit":	0,
			"duration":	10,
			"bytes":	0,
			"blocks":	0,
			"reverse":	0,
			"tos":	0,
			"target_bitrate":	200000000
		}
	},
	"intervals":	[{
			"streams":	[{
					"socket":	5,
					"start":	0,
					"end":	1.000078,
					"seconds":	1.0000779628753662,
					"bytes":	8179752,
					"bits_per_second":	65432914.661829375,
					"packets":	5649,
					"omitted":	false,
					"sender":	true
				}],
			"sum":	{
				"start":	0,
				"end":	1.000078,
				"seconds":	1.0000779628753662,
				"bytes":	8179752,
				"bits_per_second":	65432914.661829375,
				"packets":	5649,
				"omitted":	false,
				"sender":	true
			}
		}, {
			"streams":	[{
					"socket":	5,
					"start":	1.000078,
					"end":	2.000079,
					"seconds":	1.0000009536743164,
					"bytes":	7396384,
					"bits_per_second":	59171015.570122175,
					"packets":	5108,
					"omitted":	false,
					"sender":	true
				}],
			"sum":	{
				"start":	1.000078,
				"end":	2.000079,
				"seconds":	1.0000009536743164,
				"bytes":	7396384,
				"bits_per_second":	59171015.570122175,
				"packets":	5108,
				"omitted":	false,
				"sender":	true
			}
		}, {
			"streams":	[{
					"socket":	5,
					"start":	2.000079,
					"end":	3.000104,
					"seconds":	1.0000250339508057,
					"bytes":	7591864,
					"bits_per_second":	60733391.603262343,
					"packets":	5243,
					"omitted":	false,
					"sender":	true
				}],
			"sum":	{
				"start":	2.000079,
				"end":	3.000104,
				"seconds":	1.0000250339508057,
				"bytes":	7591864,
				"bits_per_second":	60733391.603262343,
				"packets":	5243,
				"omitted":	false,
				"sender":	true
			}
		}, {
			"streams":	[{
					"socket":	5,
					"start":	3.000104,
					"end":	4.000074,
					"seconds":	0.999970018863678,
					"bytes":	7687432,
					"bits_per_second":	61501299.878855653,
					"packets":	5309,
					"omitted":	false,
					"sender":	true
				}],
			"sum":	{
				"start":	3.000104,
				"end":	4.000074,
				"seconds":	0.999970018863678,
				"bytes":	7687432,
				"bits_per_second":	61501299.878855653,
				"packets":	5309,
				"omitted":	false,
				"sender":	true
			}
		}, {
			"streams":	[{
					"socket":	5,
					"start":	4.000074,
					"end":	5.000071,
					"seconds":	0.99999701976776123,
					"bytes":	7613584,
					"bits_per_second":	60908853.5225289,
					"packets":	5258,
					"omitted":	false,
					"sender":	true
				}],
			"sum":	{
				"start":	4.000074,
				"end":	5.000071,
				"seconds":	0.99999701976776123,
				"bytes":	7613584,
				"bits_per_second":	60908853.5225289,
				"packets":	5258,
				"omitted":	false,
				"sender":	true
			}
		}, {
			"streams":	[{
					"socket":	5,
					"start":	5.000071,
					"end":	6.000072,
					"seconds":	1.0000009536743164,
					"bytes":	7384800,
					"bits_per_second":	59078343.658501,
					"packets":	5100,
					"omitted":	false,
					"sender":	true
				}],
			"sum":	{
				"start":	5.000071,
				"end":	6.000072,
				"seconds":	1.0000009536743164,
				"bytes":	7384800,
				"bits_per_second":	59078343.658501,
				"packets":	5100,
				"omitted":	false,
				"sender":	true
			}
		}, {
			"streams":	[{
					"socket":	5,
					"start":	6.000072,
					"end":	7.000074,
					"seconds":	1.0000020265579224,
					"bytes":	7858296,
					"bits_per_second":	62866240.597922064,
					"packets":	5427,
					"omitted":	false,
					"sender":	true
				}],
			"sum":	{
				"start":	6.000072,
				"end":	7.000074,
				"seconds":	1.0000020265579224,
				"bytes":	7858296,
				"bits_per_second":	62866240.597922064,
				"packets":	5427,
				"omitted":	false,
				"sender":	true
			}
		}, {
			"streams":	[{
					"socket":	5,
					"start":	7.000074,
					"end":	8.000073,
					"seconds":	0.99999898672103882,
					"bytes":	7554216,
					"bits_per_second":	60433789.236287177,
					"packets":	5217,
					"omitted":	false,
					"sender":	true
				}],
			"sum":	{
				"start":	7.000074,
				"end":	8.000073,
				"seconds":	0.99999898672103882,
				"bytes":	7554216,
				"bits_per_second":	60433789.236287177,
				"packets":	5217,
				"omitted":	false,
				"sender":	true
			}
		}, {
			"streams":	[{
					"socket":	5,
					"start":	8.000073,
					"end":	9.000072,
					"seconds":	0.99999898672103882,
					"bytes":	7480368,
					"bits_per_second":	59843004.637657575,
					"packets":	5166,
					"omitted":	false,
					"sender":	true
				}],
			"sum":	{
				"start":	8.000073,
				"end":	9.000072,
				"seconds":	0.99999898672103882,
				"bytes":	7480368,
				"bits_per_second":	59843004.637657575,
				"packets":	5166,
				"omitted":	false,
				"sender":	true
			}
		}, {
			"streams":	[{
					"socket":	5,
					"start":	9.000072,
					"end":	10.000082,
					"seconds":	1.0000100135803223,
					"bytes":	7393488,
					"bits_per_second":	59147311.7236432,
					"packets":	5106,
					"omitted":	false,
					"sender":	true
				}],
			"sum":	{
				"start":	9.000072,
				"end":	10.000082,
				"seconds":	1.0000100135803223,
				"bytes":	7393488,
				"bits_per_second":	59147311.7236432,
				"packets":	5106,
				"omitted":	false,
				"sender":	true
			}
		}],
	"end":	{
		"streams":	[{
				"udp":	{
					"socket":	5,
					"start":	0,
					"end":	10.000082,
					"seconds":	10.000082,
					"bytes":	76140184,
					"bits_per_second":	60911647.724488653,
					"jitter_ms":	0.59538295342551972,
					"lost_packets":	42401,
					"packets":	52583,
					"lost_percent":	80.6363273301257,
					"out_of_order":	0,
					"sender":	true
				}
			}],
		"sum":	{
			"start":	0,
			"end":	10.31191,
			"seconds":	10.31191,
			"bytes":	76140184,
			"bits_per_second":	60911647.724488653,
			"jitter_ms":	0.59538295342551972,
			"lost_packets":	42401,
			"packets":	52583,
			"lost_percent":	80.6363273301257,
			"sender":	true
		},
		"sum_sent":	{
			"start":	0,
			"end":	10.000082,
			"seconds":	10.000082,
			"bytes":	76140184,
			"bits_per_second":	60911647.724488653,
			"jitter_ms":	0,
			"lost_packets":	0,
			"packets":	52583,
			"lost_percent":	0,
			"sender":	true
		},
		"sum_received":	{
			"start":	0,
			"end":	10.31191,
			"seconds":	10.31191,
			"bytes":	14743536,
			"bits_per_second":	11438064.141366635,
			"jitter_ms":	0.59538295342551972,
			"lost_packets":	42401,
			"packets":	52583,
			"lost_percent":	80.6363273301257,
			"sender":	false
		},
		"cpu_utilization_percent":	{
			"host_total":	20.179644307931806,
			"host_user":	1.59882981291948,
			"host_system":	18.580775123937681,
			"remote_total":	0.236988596885601,
			"remote_user":	0.0415383986594188,
			"remote_system":	0.19545019822618223
		}
	}
}
