{
	"start":	{
		"connected":	[{
				"socket":	5,
				"local_host":	"192.168.225.48",
				"local_port":	44573,
				"remote_host":	"192.168.26.3",
				"remote_port":	55001
			}],
		"version":	"iperf 3.12",
		"system_info":	"Linux rpi2 6.6.74+rpt-rpi-v8 #1 SMP PREEMPT Debian 1:6.6.74-1+rpt1 (2025-01-27) aarch64",
		"timestamp":	{
			"time":	"Thu, 22 May 2025 02:10:55 GMT",
			"timesecs":	1747879855
		},
		"connecting_to":	{
			"host":	"192.168.26.3",
			"port":	55001
		},
		"cookie":	"5oufopxwo6r4tdus3ckmsjkvpv7pwr33etju",
		"target_bitrate":	200000000,
		"sock_bufsize":	0,
		"sndbuf_actual":	212992,
		"rcvbuf_actual":	212992,
		"test_start":	{
			"protocol":	"UDP",
			"num_streams":	1,
			"blksize":	1448,
			"omit":	0,
			"duration":	10,
			"bytes":	0,
			"blocks":	0,
			"reverse":	0,
			"tos":	0,
			"target_bitrate":	200000000
		}
	},
	"intervals":	[{
			"streams":	[{
					"socket":	5,
					"start":	0,
					"end":	1.000048,
					"seconds":	1.000048041343689,
					"bytes":	9122400,
					"bits_per_second":	72975694.149596423,
					"packets":	6300,
					"omitted":	false,
					"sender":	true
				}],
			"sum":	{
				"start":	0,
				"end":	1.000048,
				"seconds":	1.000048041343689,
				"bytes":	9122400,
				"bits_per_second":	72975694.149596423,
				"packets":	6300,
				"omitted":	false,
				"sender":	true
			}
		}, {
			"streams":	[{
					"socket":	5,
					"start":	1.000048,
					"end":	2.000091,
					"seconds":	1.0000430345535278,
					"bytes":	10221432,
					"bits_per_second":	81767937.1533317,
					"packets":	7059,
					"omitted":	false,
					"sender":	true
				}],
			"sum":	{
				"start":	1.000048,
				"end":	2.000091,
				"seconds":	1.0000430345535278,
				"bytes":	10221432,
				"bits_per_second":	81767937.1533317,
				"packets":	7059,
				"omitted":	false,
				"sender":	true
			}
		}, {
			"streams":	[{
					"socket":	5,
					"start":	2.000091,
					"end":	3.000092,
					"seconds":	1.0000009536743164,
					"bytes":	10338720,
					"bits_per_second":	82709681.1219014,
					"packets":	7140,
					"omitted":	false,
					"sender":	true
				}],
			"sum":	{
				"start":	2.000091,
				"end":	3.000092,
				"seconds":	1.0000009536743164,
				"bytes":	10338720,
				"bits_per_second":	82709681.1219014,
				"packets":	7140,
				"omitted":	false,
				"sender":	true
			}
		}, {
			"streams":	[{
					"socket":	5,
					"start":	3.000092,
					"end":	4.000091,
					"seconds":	0.99999898672103882,
					"bytes":	10247496,
					"bits_per_second":	81980051.068661,
					"packets":	7077,
					"omitted":	false,
					"sender":	true
				}],
			"sum":	{
				"start":	3.000092,
				"end":	4.000091,
				"seconds":	0.99999898672103882,
				"bytes":	10247496,
				"bits_per_second":	81980051.068661,
				"packets":	7077,
				"omitted":	false,
				"sender":	true
			}
		}, {
			"streams":	[{
					"socket":	5,
					"start":	4.000091,
					"end":	5.000091,
					"seconds":	1,
					"bytes":	10079528,
					"bits_per_second":	80636224,
					"packets":	6961,
					"omitted":	false,
					"sender":	true
				}],
			"sum":	{
				"start":	4.000091,
				"end":	5.000091,
				"seconds":	1,
				"bytes":	10079528,
				"bits_per_second":	80636224,
				"packets":	6961,
				"omitted":	false,
				"sender":	true
			}
		}, {
			"streams":	[{
					"socket":	5,
					"start":	5.000091,
					"end":	6.000097,
					"seconds":	1.0000059604644775,
					"bytes":	9950656,
					"bits_per_second":	79604773.5185752,
					"packets":	6872,
					"omitted":	false,
					"sender":	true
				}],
			"sum":	{
				"start":	5.000091,
				"end":	6.000097,
				"seconds":	1.0000059604644775,
				"bytes":	9950656,
				"bits_per_second":	79604773.5185752,
				"packets":	6872,
				"omitted":	false,
				"sender":	true
			}
		}, {
			"streams":	[{
					"socket":	5,
					"start":	6.000097,
					"end":	7.000092,
					"seconds":	0.999994993209839,
					"bytes":	10337272,
					"bits_per_second":	82698590.054487,
					"packets":	7139,
					"omitted":	false,
					"sender":	true
				}],
			"sum":	{
				"start":	6.000097,
				"end":	7.000092,
				"seconds":	0.999994993209839,
				"bytes":	10337272,
				"bits_per_second":	82698590.054487,
				"packets":	7139,
				"omitted":	false,
				"sender":	true
			}
		}, {
			"streams":	[{
					"socket":	5,
					"start":	7.000092,
					"end":	8.000063,
					"seconds":	0.99997097253799438,
					"bytes":	10164960,
					"bits_per_second":	81322040.572442934,
					"packets":	7020,
					"omitted":	false,
					"sender":	true
				}],
			"sum":	{
				"start":	7.000092,
				"end":	8.000063,
				"seconds":	0.99997097253799438,
				"bytes":	10164960,
				"bits_per_second":	81322040.572442934,
				"packets":	7020,
				"omitted":	false,
				"sender":	true
			}
		}, {
			"streams":	[{
					"socket":	5,
					"start":	8.000063,
					"end":	9.000057,
					"seconds":	0.99999397993087769,
					"bytes":	9996992,
					"bits_per_second":	79976417.4635613,
					"packets":	6904,
					"omitted":	false,
					"sender":	true
				}],
			"sum":	{
				"start":	8.000063,
				"end":	9.000057,
				"seconds":	0.99999397993087769,
				"bytes":	9996992,
				"bits_per_second":	79976417.4635613,
				"packets":	6904,
				"omitted":	false,
				"sender":	true
			}
		}, {
			"streams":	[{
					"socket":	5,
					"start":	9.000057,
					"end":	10.000102,
					"seconds":	1.0000449419021606,
					"bytes":	10118624,
					"bits_per_second":	80945354.1618129,
					"packets":	6988,
					"omitted":	false,
					"sender":	true
				}],
			"sum":	{
				"start":	9.000057,
				"end":	10.000102,
				"seconds":	1.0000449419021606,
				"bytes":	10118624,
				"bits_per_second":	80945354.1618129,
				"packets":	6988,
				"omitted":	false,
				"sender":	true
			}
		}],
	"end":	{
		"streams":	[{
				"udp":	{
					"socket":	5,
					"start":	0,
					"end":	10.000102,
					"seconds":	10.000102,
					"bytes":	100578080,
					"bits_per_second":	80461643.291238427,
					"jitter_ms":	0.62526183077840625,
					"lost_packets":	46920,
					"packets":	69460,
					"lost_percent":	67.5496688741722,
					"out_of_order":	0,
					"sender":	true
				}
			}],
		"sum":	{
			"start":	0,
			"end":	10.31969,
			"seconds":	10.31969,
			"bytes":	100578080,
			"bits_per_second":	80461643.291238427,
			"jitter_ms":	0.62526183077840625,
			"lost_packets":	46920,
			"packets":	69460,
			"lost_percent":	67.5496688741722,
			"sender":	true
		},
		"sum_sent":	{
			"start":	0,
			"end":	10.000102,
			"seconds":	10.000102,
			"bytes":	100578080,
			"bits_per_second":	80461643.291238427,
			"jitter_ms":	0,
			"lost_packets":	0,
			"packets":	69460,
			"lost_percent":	0,
			"sender":	true
		},
		"sum_received":	{
			"start":	0,
			"end":	10.31969,
			"seconds":	10.31969,
			"bytes":	32248408,
			"bits_per_second":	24999516.84595177,
			"jitter_ms":	0.62526183077840625,
			"lost_packets":	46920,
			"packets":	69191,
			"lost_percent":	67.5496688741722,
			"sender":	false
		},
		"cpu_utilization_percent":	{
			"host_total":	22.248387721317059,
			"host_user":	1.829504820472359,
			"host_system":	20.41883368673982,
			"remote_total":	0.46453742338122161,
			"remote_user":	0.056952571445754323,
			"remote_system":	0.40758485193546728
		}
	}
}
