{
	"start":	{
		"connected":	[{
				"socket":	5,
				"local_host":	"192.168.225.54",
				"local_port":	48032,
				"remote_host":	"192.168.26.3",
				"remote_port":	55001
			}],
		"version":	"iperf 3.12",
		"system_info":	"Linux rpi1 6.6.51+rpt-rpi-v8 #1 SMP PREEMPT Debian 1:6.6.51-1+rpt3 (2024-10-08) aarch64",
		"timestamp":	{
			"time":	"Fri, 23 May 2025 00:16:24 GMT",
			"timesecs":	1747959384
		},
		"connecting_to":	{
			"host":	"192.168.26.3",
			"port":	55001
		},
		"cookie":	"m23wbqbtykvimugcpou5xd3qtrr7awpjdvvk",
		"tcp_mss_default":	1448,
		"target_bitrate":	0,
		"sock_bufsize":	0,
		"sndbuf_actual":	16384,
		"rcvbuf_actual":	131072,
		"test_start":	{
			"protocol":	"TCP",
			"num_streams":	1,
			"blksize":	131072,
			"omit":	0,
			"duration":	10,
			"bytes":	0,
			"blocks":	0,
			"reverse":	0,
			"tos":	0,
			"target_bitrate":	0
		}
	},
	"intervals":	[{
			"streams":	[{
					"socket":	5,
					"start":	0,
					"end":	1.00042,
					"seconds":	1.0004199743270874,
					"bytes":	658840,
					"bits_per_second":	5268507.36216582,
					"retransmits":	30,
					"snd_cwnd":	13032,
					"snd_wnd":	706048,
					"rtt":	42435,
					"rttvar":	3144,
					"pmtu":	1500,
					"omitted":	false,
					"sender":	true
				}],
			"sum":	{
				"start":	0,
				"end":	1.00042,
				"seconds":	1.0004199743270874,
				"bytes":	658840,
				"bits_per_second":	5268507.36216582,
				"retransmits":	30,
				"omitted":	false,
				"sender":	true
			}
		}, {
			"streams":	[{
					"socket":	5,
					"start":	1.00042,
					"end":	2.000418,
					"seconds":	0.99999797344207764,
					"bytes":	390960,
					"bits_per_second":	3127686.3384375279,
					"retransmits":	14,
					"snd_cwnd":	11584,
					"snd_wnd":	1423616,
					"rtt":	57390,
					"rttvar":	22926,
					"pmtu":	1500,
					"omitted":	false,
					"sender":	true
				}],
			"sum":	{
				"start":	1.00042,
				"end":	2.000418,
				"seconds":	0.99999797344207764,
				"bytes":	390960,
				"bits_per_second":	3127686.3384375279,
				"retransmits":	14,
				"omitted":	false,
				"sender":	true
			}
		}, {
			"streams":	[{
					"socket":	5,
					"start":	2.000418,
					"end":	3.000212,
					"seconds":	0.99979400634765625,
					"bytes":	390960,
					"bits_per_second":	3128324.4149719561,
					"retransmits":	1,
					"snd_cwnd":	18824,
					"snd_wnd":	1427968,
					"rtt":	64102,
					"rttvar":	27020,
					"pmtu":	1500,
					"omitted":	false,
					"sender":	true
				}],
			"sum":	{
				"start":	2.000418,
				"end":	3.000212,
				"seconds":	0.99979400634765625,
				"bytes":	390960,
				"bits_per_second":	3128324.4149719561,
				"retransmits":	1,
				"omitted":	false,
				"sender":	true
			}
		}, {
			"streams":	[{
					"socket":	5,
					"start":	3.000212,
					"end":	4.000592,
					"seconds":	1.0003800392150879,
					"bytes":	325800,
					"bits_per_second":	2605409.84208863,
					"retransmits":	15,
					"snd_cwnd":	8688,
					"snd_wnd":	1429376,
					"rtt":	44259,
					"rttvar":	4931,
					"pmtu":	1500,
					"omitted":	false,
					"sender":	true
				}],
			"sum":	{
				"start":	3.000212,
				"end":	4.000592,
				"seconds":	1.0003800392150879,
				"bytes":	325800,
				"bits_per_second":	2605409.84208863,
				"retransmits":	15,
				"omitted":	false,
				"sender":	true
			}
		}, {
			"streams":	[{
					"socket":	5,
					"start":	4.000592,
					"end":	5.000389,
					"seconds":	0.999796986579895,
					"bytes":	260640,
					"bits_per_second":	2085543.3932970506,
					"retransmits":	2,
					"snd_cwnd":	13032,
					"snd_wnd":	1429376,
					"rtt":	39740,
					"rttvar":	6710,
					"pmtu":	1500,
					"omitted":	false,
					"sender":	true
				}],
			"sum":	{
				"start":	4.000592,
				"end":	5.000389,
				"seconds":	0.999796986579895,
				"bytes":	260640,
				"bits_per_second":	2085543.3932970506,
				"retransmits":	2,
				"omitted":	false,
				"sender":	true
			}
		}, {
			"streams":	[{
					"socket":	5,
					"start":	5.000389,
					"end":	6.000303,
					"seconds":	0.999913990497589,
					"bytes":	390960,
					"bits_per_second":	3127949.0333399242,
					"retransmits":	6,
					"snd_cwnd":	14480,
					"snd_wnd":	1429376,
					"rtt":	43304,
					"rttvar":	5319,
					"pmtu":	1500,
					"omitted":	false,
					"sender":	true
				}],
			"sum":	{
				"start":	5.000389,
				"end":	6.000303,
				"seconds":	0.999913990497589,
				"bytes":	390960,
				"bits_per_second":	3127949.0333399242,
				"retransmits":	6,
				"omitted":	false,
				"sender":	true
			}
		}, {
			"streams":	[{
					"socket":	5,
					"start":	6.000303,
					"end":	7.000774,
					"seconds":	1.0004709959030151,
					"bytes":	195480,
					"bits_per_second":	1563103.7845215029,
					"retransmits":	7,
					"snd_cwnd":	1448,
					"snd_wnd":	1429376,
					"rtt":	62217,
					"rttvar":	30206,
					"pmtu":	1500,
					"omitted":	false,
					"sender":	true
				}],
			"sum":	{
				"start":	6.000303,
				"end":	7.000774,
				"seconds":	1.0004709959030151,
				"bytes":	195480,
				"bits_per_second":	1563103.7845215029,
				"retransmits":	7,
				"omitted":	false,
				"sender":	true
			}
		}, {
			"streams":	[{
					"socket":	5,
					"start":	7.000774,
					"end":	8.000457,
					"seconds":	0.99968302249908447,
					"bytes":	130320,
					"bits_per_second":	1042890.5728475095,
					"retransmits":	10,
					"snd_cwnd":	11584,
					"snd_wnd":	1429376,
					"rtt":	44483,
					"rttvar":	8027,
					"pmtu":	1500,
					"omitted":	false,
					"sender":	true
				}],
			"sum":	{
				"start":	7.000774,
				"end":	8.000457,
				"seconds":	0.99968302249908447,
				"bytes":	130320,
				"bits_per_second":	1042890.5728475095,
				"retransmits":	10,
				"omitted":	false,
				"sender":	true
			}
		}, {
			"streams":	[{
					"socket":	5,
					"start":	8.000457,
					"end":	9.000364,
					"seconds":	0.99990701675415039,
					"bytes":	260640,
					"bits_per_second":	2085313.8992549679,
					"retransmits":	1,
					"snd_cwnd":	20272,
					"snd_wnd":	1429376,
					"rtt":	42294,
					"rttvar":	3220,
					"pmtu":	1500,
					"omitted":	false,
					"sender":	true
				}],
			"sum":	{
				"start":	8.000457,
				"end":	9.000364,
				"seconds":	0.99990701675415039,
				"bytes":	260640,
				"bits_per_second":	2085313.8992549679,
				"retransmits":	1,
				"omitted":	false,
				"sender":	true
			}
		}, {
			"streams":	[{
					"socket":	5,
					"start":	9.000364,
					"end":	10.000366,
					"seconds":	1.0000020265579224,
					"bytes":	521280,
					"bits_per_second":	4170231.5487842169,
					"retransmits":	3,
					"snd_cwnd":	24616,
					"snd_wnd":	1429376,
					"rtt":	42899,
					"rttvar":	9702,
					"pmtu":	1500,
					"omitted":	false,
					"sender":	true
				}],
			"sum":	{
				"start":	9.000364,
				"end":	10.000366,
				"seconds":	1.0000020265579224,
				"bytes":	521280,
				"bits_per_second":	4170231.5487842169,
				"retransmits":	3,
				"omitted":	false,
				"sender":	true
			}
		}],
	"end":	{
		"streams":	[{
				"sender":	{
					"socket":	5,
					"start":	0,
					"end":	10.000366,
					"seconds":	10.000366,
					"bytes":	3525880,
					"bits_per_second":	2820600.7660119641,
					"retransmits":	89,
					"max_snd_cwnd":	24616,
					"max_snd_wnd":	1429376,
					"max_rtt":	64102,
					"min_rtt":	39740,
					"mean_rtt":	48312,
					"sender":	true
				},
				"receiver":	{
					"socket":	5,
					"start":	0,
					"end":	10.248482,
					"seconds":	10.000366,
					"bytes":	3165328,
					"bits_per_second":	2470865.8316421886,
					"sender":	true
				}
			}],
		"sum_sent":	{
			"start":	0,
			"end":	10.000366,
			"seconds":	10.000366,
			"bytes":	3525880,
			"bits_per_second":	2820600.7660119641,
			"retransmits":	89,
			"sender":	true
		},
		"sum_received":	{
			"start":	0,
			"end":	10.248482,
			"seconds":	10.248482,
			"bytes":	3165328,
			"bits_per_second":	2470865.8316421886,
			"sender":	true
		},
		"cpu_utilization_percent":	{
			"host_total":	0.89052457170854682,
			"host_user":	0.176701381947916,
			"host_system":	0.713833032203785,
			"remote_total":	0.11338785949344117,
			"remote_user":	0,
			"remote_system":	0.11338168233831514
		},