{
	"start":	{
		"connected":	[{
				"socket":	5,
				"local_host":	"192.168.225.54",
				"local_port":	52542,
				"remote_host":	"192.168.26.3",
				"remote_port":	55001
			}],
		"version":	"iperf 3.12",
		"system_info":	"Linux rpi1 6.6.51+rpt-rpi-v8 #1 SMP PREEMPT Debian 1:6.6.51-1+rpt3 (2024-10-08) aarch64",
		"timestamp":	{
			"time":	"Fri, 23 May 2025 00:15:35 GMT",
			"timesecs":	1747959335
		},
		"connecting_to":	{
			"host":	"192.168.26.3",
			"port":	55001
		},
		"cookie":	"lmtu2euqhztn4ga6rbljp6sfrxtaiuwriunq",
		"tcp_mss_default":	1448,
		"target_bitrate":	0,
		"sock_bufsize":	0,
		"sndbuf_actual":	16384,
		"rcvbuf_actual":	131072,
		"test_start":	{
			"protocol":	"TCP",
			"num_streams":	1,
			"blksize":	131072,
			"omit":	0,
			"duration":	10,
			"bytes":	0,
			"blocks":	0,
			"reverse":	0,
			"tos":	0,
			"target_bitrate":	0
		}
	},
	"intervals":	[{
			"streams":	[{
					"socket":	5,
					"start":	0,
					"end":	1.000306,
					"seconds":	1.0003060102462769,
					"bytes":	1193152,
					"bits_per_second":	9542295.9596633371,
					"retransmits":	24,
					"snd_cwnd":	37648,
					"snd_wnd":	1060608,
					"rtt":	37890,
					"rttvar":	4997,
					"pmtu":	1500,
					"omitted":	false,
					"sender":	true
				}],
			"sum":	{
				"start":	0,
				"end":	1.000306,
				"seconds":	1.0003060102462769,
				"bytes":	1193152,
				"bits_per_second":	9542295.9596633371,
				"retransmits":	24,
				"omitted":	false,
				"sender":	true
			}
		}, {
			"streams":	[{
					"socket":	5,
					"start":	1.000306,
					"end":	2.00012,
					"seconds":	0.999813973903656,
					"bytes":	781920,
					"bits_per_second":	6256523.8767134678,
					"retransmits":	8,
					"snd_cwnd":	27512,
					"snd_wnd":	1060608,
					"rtt":	40526,
					"rttvar":	2284,
					"pmtu":	1500,
					"omitted":	false,
					"sender":	true
				}],
			"sum":	{
				"start":	1.000306,
				"end":	2.00012,
				"seconds":	0.999813973903656,
				"bytes":	781920,
				"bits_per_second":	6256523.8767134678,
				"retransmits":	8,
				"omitted":	false,
				"sender":	true
			}
		}, {
			"streams":	[{
					"socket":	5,
					"start":	2.00012,
					"end":	3.000101,
					"seconds":	0.99998098611831665,
					"bytes":	521280,
					"bits_per_second":	4170319.2939576372,
					"retransmits":	6,
					"snd_cwnd":	21720,
					"snd_wnd":	1060608,
					"rtt":	40634,
					"rttvar":	3323,
					"pmtu":	1500,
					"omitted":	false,
					"sender":	true
				}],
			"sum":	{
				"start":	2.00012,
				"end":	3.000101,
				"seconds":	0.99998098611831665,
				"bytes":	521280,
				"bits_per_second":	4170319.2939576372,
				"retransmits":	6,
				"omitted":	false,
				"sender":	true
			}
		}, {
			"streams":	[{
					"socket":	5,
					"start":	3.000101,
					"end":	4.00054,
					"seconds":	1.0004390478134155,
					"bytes":	260640,
					"bits_per_second":	2084204.93438085,
					"retransmits":	5,
					"snd_cwnd":	18824,
					"snd_wnd":	1060608,
					"rtt":	39651,
					"rttvar":	2511,
					"pmtu":	1500,
					"omitted":	false,
					"sender":	true
				}],
			"sum":	{
				"start":	3.000101,
				"end":	4.00054,
				"seconds":	1.0004390478134155,
				"bytes":	260640,
				"bits_per_second":	2084204.93438085,
				"retransmits":	5,
				"omitted":	false,
				"sender":	true
			}
		}, {
			"streams":	[{
					"socket":	5,
					"start":	4.00054,
					"end":	5.000182,
					"seconds":	0.999642014503479,
					"bytes":	521280,
					"bits_per_second":	4171733.4200597331,
					"retransmits":	8,
					"snd_cwnd":	11584,
					"snd_wnd":	1060608,
					"rtt":	42289,
					"rttvar":	3376,
					"pmtu":	1500,
					"omitted":	false,
					"sender":	true
				}],
			"sum":	{
				"start":	4.00054,
				"end":	5.000182,
				"seconds":	0.999642014503479,
				"bytes":	521280,
				"bits_per_second":	4171733.4200597331,
				"retransmits":	8,
				"omitted":	false,
				"sender":	true
			}
		}, {
			"streams":	[{
					"socket":	5,
					"start":	5.000182,
					"end":	6.000107,
					"seconds":	0.99992501735687256,
					"bytes":	521280,
					"bits_per_second":	4170552.719066178,
					"retransmits":	0,
					"snd_cwnd":	31856,
					"snd_wnd":	1060608,
					"rtt":	28221,
					"rttvar":	2476,
					"pmtu":	1500,
					"omitted":	false,
					"sender":	true
				}],
			"sum":	{
				"start":	5.000182,
				"end":	6.000107,
				"seconds":	0.99992501735687256,
				"bytes":	521280,
				"bits_per_second":	4170552.719066178,
				"retransmits":	0,
				"omitted":	false,
				"sender":	true
			}
		}, {
			"streams":	[{
					"socket":	5,
					"start":	6.000107,
					"end":	7.000158,
					"seconds":	1.0000510215759277,
					"bytes":	521280,
					"bits_per_second":	4170027.2386386232,
					"retransmits":	5,
					"snd_cwnd":	17376,
					"snd_wnd":	1060608,
					"rtt":	48468,
					"rttvar":	21097,
					"pmtu":	1500,
					"omitted":	false,
					"sender":	true
				}],
			"sum":	{
				"start":	6.000107,
				"end":	7.000158,
				"seconds":	1.0000510215759277,
				"bytes":	521280,
				"bits_per_second":	4170027.2386386232,
				"retransmits":	5,
				"omitted":	false,
				"sender":	true
			}
		}, {
			"streams":	[{
					"socket":	5,
					"start":	7.000158,
					"end":	8.000249,
					"seconds":	1.0000909566879272,
					"bytes":	521280,
					"bits_per_second":	4169860.7232794925,
					"retransmits":	0,
					"snd_cwnd":	36200,
					"snd_wnd":	1060608,
					"rtt":	26447,
					"rttvar":	3247,
					"pmtu":	1500,
					"omitted":	false,
					"sender":	true
				}],
			"sum":	{
				"start":	7.000158,
				"end":	8.000249,
				"seconds":	1.0000909566879272,
				"bytes":	521280,
				"bits_per_second":	4169860.7232794925,
				"retransmits":	0,
				"omitted":	false,
				"sender":	true
			}
		}, {
			"streams":	[{
					"socket":	5,
					"start":	8.000249,
					"end":	9.00018,
					"seconds":	0.99993097782135,
					"bytes":	781920,
					"bits_per_second":	6255791.7883784138,
					"retransmits":	6,
					"snd_cwnd":	28960,
					"snd_wnd":	1060608,
					"rtt":	37617,
					"rttvar":	8225,
					"pmtu":	1500,
					"omitted":	false,
					"sender":	true
				}],
			"sum":	{
				"start":	8.000249,
				"end":	9.00018,
				"seconds":	0.99993097782135,
				"bytes":	781920,
				"bits_per_second":	6255791.7883784138,
				"retransmits":	6,
				"omitted":	false,
				"sender":	true
			}
		}, {
			"streams":	[{
					"socket":	5,
					"start":	9.00018,
					"end":	10.000769,
					"seconds":	1.0005890130996704,
					"bytes":	260640,
					"bits_per_second":	2083892.5599838637,
					"retransmits":	2,
					"snd_cwnd":	1448,
					"snd_wnd":	1059200,
					"rtt":	84318,
					"rttvar":	87159,
					"pmtu":	1500,
					"omitted":	false,
					"sender":	true
				}],
			"sum":	{
				"start":	9.00018,
				"end":	10.000769,
				"seconds":	1.0005890130996704,
				"bytes":	260640,
				"bits_per_second":	2083892.5599838637,
				"retransmits":	2,
				"omitted":	false,
				"sender":	true
			}
		}],
	"end":	{
		"streams":	[{
				"sender":	{
					"socket":	5,
					"start":	0,
					"end":	10.000769,
					"seconds":	10.000769,
					"bytes":	5884672,
					"bits_per_second":	4707375.6028161431,
					"retransmits":	64,
					"max_snd_cwnd":	37648,
					"max_snd_wnd":	1060608,
					"max_rtt":	84318,
					"min_rtt":	26447,
					"mean_rtt":	42606,
					"sender":	true
				},
				"receiver":	{
					"socket":	5,
					"start":	0,
					"end":	10.028365,
					"seconds":	10.000769,
					"bytes":	5319952,
					"bits_per_second":	4243923.7103954628,
					"sender":	true
				}
			}],
		"sum_sent":	{
			"start":	0,
			"end":	10.000769,
			"seconds":	10.000769,
			"bytes":	5884672,
			"bits_per_second":	4707375.6028161431,
			"retransmits":	64,
			"sender":	true
		},
		"sum_received":	{
			"start":	0,
			"end":	10.028365,
			"seconds":	10.028365,
			"bytes":	5319952,
			"bits_per_second":	4243923.7103954628,
			"sender":	true
		},
		"cpu_utilization_percent":	{
			"host_total":	0.89833224091471853,
			"host_user":	0.12570687357665727,
			"host_system":	0.77264505055634625,
			"remote_total":	0.1174955034069471,
			"remote_user":	0,
			"remote_system":	0.11749999808975981
		},