{
	"start":	{
		"connected":	[{
				"socket":	5,
				"local_host":	"192.168.225.54",
				"local_port":	35006,
				"remote_host":	"192.168.26.3",
				"remote_port":	55001
			}],
		"version":	"iperf 3.12",
		"system_info":	"Linux rpi1 6.6.51+rpt-rpi-v8 #1 SMP PREEMPT Debian 1:6.6.51-1+rpt3 (2024-10-08) aarch64",
		"timestamp":	{
			"time":	"Fri, 23 May 2025 00:10:43 GMT",
			"timesecs":	1747959043
		},
		"connecting_to":	{
			"host":	"192.168.26.3",
			"port":	55001
		},
		"cookie":	"3ck4qbajy6ponh656jjq23ysfakzsraiehak",
		"tcp_mss_default":	1448,
		"target_bitrate":	0,
		"sock_bufsize":	0,
		"sndbuf_actual":	16384,
		"rcvbuf_actual":	131072,
		"test_start":	{
			"protocol":	"TCP",
			"num_streams":	1,
			"blksize":	131072,
			"omit":	0,
			"duration":	10,
			"bytes":	0,
			"blocks":	0,
			"reverse":	0,
			"tos":	0,
			"target_bitrate":	0
		}
	},
	"intervals":	[{
			"streams":	[{
					"socket":	5,
					"start":	0,
					"end":	1.000217,
					"seconds":	1.0002169609069824,
					"bytes":	593680,
					"bits_per_second":	4748409.7807072531,
					"retransmits":	25,
					"snd_cwnd":	30408,
					"snd_wnd":	502912,
					"rtt":	88580,
					"rttvar":	1849,
					"pmtu":	1500,
					"omitted":	false,
					"sender":	true
				}],
			"sum":	{
				"start":	0,
				"end":	1.000217,
				"seconds":	1.0002169609069824,
				"bytes":	593680,
				"bits_per_second":	4748409.7807072531,
				"retransmits":	25,
				"omitted":	false,
				"sender":	true
			}
		}, {
			"streams":	[{
					"socket":	5,
					"start":	1.000217,
					"end":	2.000079,
					"seconds":	0.999862015247345,
					"bytes":	390960,
					"bits_per_second":	3128111.6317097787,
					"retransmits":	0,
					"snd_cwnd":	37648,
					"snd_wnd":	502912,
					"rtt":	98954,
					"rttvar":	2687,
					"pmtu":	1500,
					"omitted":	false,
					"sender":	true
				}],
			"sum":	{
				"start":	1.000217,
				"end":	2.000079,
				"seconds":	0.999862015247345,
				"bytes":	390960,
				"bits_per_second":	3128111.6317097787,
				"retransmits":	0,
				"omitted":	false,
				"sender":	true
			}
		}, {
			"streams":	[{
					"socket":	5,
					"start":	2.000079,
					"end":	3.000289,
					"seconds":	1.0002100467681885,
					"bytes":	260640,
					"bits_per_second":	2084682.1192581495,
					"retransmits":	2,
					"snd_cwnd":	34752,
					"snd_wnd":	504320,
					"rtt":	99798,
					"rttvar":	1352,
					"pmtu":	1500,
					"omitted":	false,
					"sender":	true
				}],
			"sum":	{
				"start":	2.000079,
				"end":	3.000289,
				"seconds":	1.0002100467681885,
				"bytes":	260640,
				"bits_per_second":	2084682.1192581495,
				"retransmits":	2,
				"omitted":	false,
				"sender":	true
			}
		}, {
			"streams":	[{
					"socket":	5,
					"start":	3.000289,
					"end":	4.000079,
					"seconds":	0.9997900128364563,
					"bytes":	390960,
					"bits_per_second":	3128336.9105944647,
					"retransmits":	1,
					"snd_cwnd":	30408,
					"snd_wnd":	504320,
					"rtt":	92477,
					"rttvar":	2297,
					"pmtu":	1500,
					"omitted":	false,
					"sender":	true
				}],
			"sum":	{
				"start":	3.000289,
				"end":	4.000079,
				"seconds":	0.9997900128364563,
				"bytes":	390960,
				"bits_per_second":	3128336.9105944647,
				"retransmits":	1,
				"omitted":	false,
				"sender":	true
			}
		}, {
			"streams":	[{
					"socket":	5,
					"start":	4.000079,
					"end":	5.000248,
					"seconds":	1.000169038772583,
					"bytes":	260640,
					"bits_per_second":	2084767.5934448834,
					"retransmits":	2,
					"snd_cwnd":	24616,
					"snd_wnd":	502912,
					"rtt":	99048,
					"rttvar":	1939,
					"pmtu":	1500,
					"omitted":	false,
					"sender":	true
				}],
			"sum":	{
				"start":	4.000079,
				"end":	5.000248,
				"seconds":	1.000169038772583,
				"bytes":	260640,
				"bits_per_second":	2084767.5934448834,
				"retransmits":	2,
				"omitted":	false,
				"sender":	true
			}
		}, {
			"streams":	[{
					"socket":	5,
					"start":	5.000248,
					"end":	6.000102,
					"seconds":	0.999854028224945,
					"bytes":	390960,
					"bits_per_second":	3128136.6196549851,
					"retransmits":	0,
					"snd_cwnd":	34752,
					"snd_wnd":	504320,
					"rtt":	101579,
					"rttvar":	4000,
					"pmtu":	1500,
					"omitted":	false,
					"sender":	true
				}],
			"sum":	{
				"start":	5.000248,
				"end":	6.000102,
				"seconds":	0.999854028224945,
				"bytes":	390960,
				"bits_per_second":	3128136.6196549851,
				"retransmits":	0,
				"omitted":	false,
				"sender":	true
			}
		}, {
			"streams":	[{
					"socket":	5,
					"start":	6.000102,
					"end":	7.000309,
					"seconds":	1.00020694732666,
					"bytes":	260640,
					"bits_per_second":	2084688.5792716008,
					"retransmits":	1,
					"snd_cwnd":	28960,
					"snd_wnd":	504320,
					"rtt":	79318,
					"rttvar":	4134,
					"pmtu":	1500,
					"omitted":	false,
					"sender":	true
				}],
			"sum":	{
				"start":	6.000102,
				"end":	7.000309,
				"seconds":	1.00020694732666,
				"bytes":	260640,
				"bits_per_second":	2084688.5792716008,
				"retransmits":	1,
				"omitted":	false,
				"sender":	true
			}
		}, {
			"streams":	[{
					"socket":	5,
					"start":	7.000309,
					"end":	8.00011,
					"seconds":	0.999800980091095,
					"bytes":	390960,
					"bits_per_second":	3128302.594497384,
					"retransmits":	0,
					"snd_cwnd":	36200,
					"snd_wnd":	504320,
					"rtt":	104303,
					"rttvar":	2399,
					"pmtu":	1500,
					"omitted":	false,
					"sender":	true
				}],
			"sum":	{
				"start":	7.000309,
				"end":	8.00011,
				"seconds":	0.999800980091095,
				"bytes":	390960,
				"bits_per_second":	3128302.594497384,
				"retransmits":	0,
				"omitted":	false,
				"sender":	true
			}
		}, {
			"streams":	[{
					"socket":	5,
					"start":	8.00011,
					"end":	9.000103,
					"seconds":	0.99999302625656128,
					"bytes":	325800,
					"bits_per_second":	2606418.1764916568,
					"retransmits":	5,
					"snd_cwnd":	23168,
					"snd_wnd":	504320,
					"rtt":	66708,
					"rttvar":	3245,
					"pmtu":	1500,
					"omitted":	false,
					"sender":	true
				}],
			"sum":	{
				"start":	8.00011,
				"end":	9.000103,
				"seconds":	0.99999302625656128,
				"bytes":	325800,
				"bits_per_second":	2606418.1764916568,
				"retransmits":	5,
				"omitted":	false,
				"sender":	true
			}
		}, {
			"streams":	[{
					"socket":	5,
					"start":	9.000103,
					"end":	10.000314,
					"seconds":	1.0002110004425049,
					"bytes":	260640,
					"bits_per_second":	2084680.1315697576,
					"retransmits":	1,
					"snd_cwnd":	24616,
					"snd_wnd":	504320,
					"rtt":	68191,
					"rttvar":	2411,
					"pmtu":	1500,
					"omitted":	false,
					"sender":	true
				}],
			"sum":	{
				"start":	9.000103,
				"end":	10.000314,
				"seconds":	1.0002110004425049,
				"bytes":	260640,
				"bits_per_second":	2084680.1315697576,
				"retransmits":	1,
				"omitted":	false,
				"sender":	true
			}
		}],
	"end":	{
		"streams":	[{
				"sender":	{
					"socket":	5,
					"start":	0,
					"end":	10.000314,
					"seconds":	10.000314,
					"bytes":	3525880,
					"bits_per_second":	2820615.4326754143,
					"retransmits":	37,
					"max_snd_cwnd":	37648,
					"max_snd_wnd":	504320,
					"max_rtt":	104303,
					"min_rtt":	66708,
					"mean_rtt":	89895,
					"sender":	true
				},
				"receiver":	{
					"socket":	5,
					"start":	0,
					"end":	10.070489,
					"seconds":	10.000314,
					"bytes":	3268136,
					"bits_per_second":	2596208.3867029692,
					"sender":	true
				}
			}],
		"sum_sent":	{
			"start":	0,
			"end":	10.000314,
			"seconds":	10.000314,
			"bytes":	3525880,
			"bits_per_second":	2820615.4326754143,
			"retransmits":	37,
			"sender":	true
		},
		"sum_received":	{
			"start":	0,
			"end":	10.070489,
			"seconds":	10.070489,
			"bytes":	3268136,
			"bits_per_second":	2596208.3867029692,
			"sender":	true
		},
		"cpu_utilization_percent":	{
			"host_total":	0.689475547099616,
			"host_user":	0.1156029345906525,
			"host_system":	0.57385288841160964,
			"remote_total":	0.10393294565144394,
			"remote_user":	0,
			"remote_system":	0.10393294565144394
		},
		"sender_tcp_congestion":	"cubic",