{
	"start":	{
		"connected":	[{
				"socket":	5,
				"local_host":	"192.168.225.54",
				"local_port":	41534,
				"remote_host":	"192.168.26.3",
				"remote_port":	55001
			}],
		"version":	"iperf 3.12",
		"system_info":	"Linux rpi1 6.6.51+rpt-rpi-v8 #1 SMP PREEMPT Debian 1:6.6.51-1+rpt3 (2024-10-08) aarch64",
		"timestamp":	{
			"time":	"Fri, 23 May 2025 00:10:28 GMT",
			"timesecs":	1747959028
		},
		"connecting_to":	{
			"host":	"192.168.26.3",
			"port":	55001
		},
		"cookie":	"r5ncdrcvvgoos5zy6evsvsdbhbn3drfdnbei",
		"tcp_mss_default":	1448,
		"target_bitrate":	0,
		"sock_bufsize":	0,
		"sndbuf_actual":	16384,
		"rcvbuf_actual":	131072,
		"test_start":	{
			"protocol":	"TCP",
			"num_streams":	1,
			"blksize":	131072,
			"omit":	0,
			"duration":	10,
			"bytes":	0,
			"blocks":	0,
			"reverse":	0,
			"tos":	0,
			"target_bitrate":	0
		}
	},
	"intervals":	[{
			"streams":	[{
					"socket":	5,
					"start":	0,
					"end":	1.000207,
					"seconds":	1.00020694732666,
					"bytes":	593680,
					"bits_per_second":	4748457.31945198,
					"retransmits":	22,
					"snd_cwnd":	30408,
					"snd_wnd":	496256,
					"rtt":	96827,
					"rttvar":	3173,
					"pmtu":	1500,
					"omitted":	false,
					"sender":	true
				}],
			"sum":	{
				"start":	0,
				"end":	1.000207,
				"seconds":	1.00020694732666,
				"bytes":	593680,
				"bits_per_second":	4748457.31945198,
				"retransmits":	22,
				"omitted":	false,
				"sender":	true
			}
		}, {
			"streams":	[{
					"socket":	5,
					"start":	1.000207,
					"end":	2.0004,
					"seconds":	1.0001929998397827,
					"bytes":	260640,
					"bits_per_second":	2084717.6498275911,
					"retransmits":	3,
					"snd_cwnd":	24616,
					"snd_wnd":	481792,
					"rtt":	103585,
					"rttvar":	2422,
					"pmtu":	1500,
					"omitted":	false,
					"sender":	true
				}],
			"sum":	{
				"start":	1.000207,
				"end":	2.0004,
				"seconds":	1.0001929998397827,
				"bytes":	260640,
				"bits_per_second":	2084717.6498275911,
				"retransmits":	3,
				"omitted":	false,
				"sender":	true
			}
		}, {
			"streams":	[{
					"socket":	5,
					"start":	2.0004,
					"end":	3.000131,
					"seconds":	0.99973100423812866,
					"bytes":	390960,
					"bits_per_second":	3128521.5590403047,
					"retransmits":	0,
					"snd_cwnd":	33304,
					"snd_wnd":	497664,
					"rtt":	104747,
					"rttvar":	4879,
					"pmtu":	1500,
					"omitted":	false,
					"sender":	true
				}],
			"sum":	{
				"start":	2.0004,
				"end":	3.000131,
				"seconds":	0.99973100423812866,
				"bytes":	390960,
				"bits_per_second":	3128521.5590403047,
				"retransmits":	0,
				"omitted":	false,
				"sender":	true
			}
		}, {
			"streams":	[{
					"socket":	5,
					"start":	3.000131,
					"end":	4.0003,
					"seconds":	1.000169038772583,
					"bytes":	260640,
					"bits_per_second":	2084767.5934448834,
					"retransmits":	1,
					"snd_cwnd":	28960,
					"snd_wnd":	497664,
					"rtt":	85834,
					"rttvar":	1677,
					"pmtu":	1500,
					"omitted":	false,
					"sender":	true
				}],
			"sum":	{
				"start":	3.000131,
				"end":	4.0003,
				"seconds":	1.000169038772583,
				"bytes":	260640,
				"bits_per_second":	2084767.5934448834,
				"retransmits":	1,
				"omitted":	false,
				"sender":	true
			}
		}, {
			"streams":	[{
					"socket":	5,
					"start":	4.0003,
					"end":	5.000074,
					"seconds":	0.99977397918701172,
					"bytes":	390960,
					"bits_per_second":	3128387.0805912972,
					"retransmits":	0,
					"snd_cwnd":	36200,
					"snd_wnd":	497664,
					"rtt":	107038,
					"rttvar":	1249,
					"pmtu":	1500,
					"omitted":	false,
					"sender":	true
				}],
			"sum":	{
				"start":	4.0003,
				"end":	5.000074,
				"seconds":	0.99977397918701172,
				"bytes":	390960,
				"bits_per_second":	3128387.0805912972,
				"retransmits":	0,
				"omitted":	false,
				"sender":	true
			}
		}, {
			"streams":	[{
					"socket":	5,
					"start":	5.000074,
					"end":	6.000264,
					"seconds":	1.0001900196075439,
					"bytes":	260640,
					"bits_per_second":	2084723.8615899831,
					"retransmits":	1,
					"snd_cwnd":	33304,
					"snd_wnd":	497664,
					"rtt":	95696,
					"rttvar":	2083,
					"pmtu":	1500,
					"omitted":	false,
					"sender":	true
				}],
			"sum":	{
				"start":	5.000074,
				"end":	6.000264,
				"seconds":	1.0001900196075439,
				"bytes":	260640,
				"bits_per_second":	2084723.8615899831,
				"retransmits":	1,
				"omitted":	false,
				"sender":	true
			}
		}, {
			"streams":	[{
					"socket":	5,
					"start":	6.000264,
					"end":	7.000092,
					"seconds":	0.99982798099517822,
					"bytes":	390960,
					"bits_per_second":	3128218.1129666581,
					"retransmits":	2,
					"snd_cwnd":	27512,
					"snd_wnd":	497664,
					"rtt":	84263,
					"rttvar":	4486,
					"pmtu":	1500,
					"omitted":	false,
					"sender":	true
				}],
			"sum":	{
				"start":	6.000264,
				"end":	7.000092,
				"seconds":	0.99982798099517822,
				"bytes":	390960,
				"bits_per_second":	3128218.1129666581,
				"retransmits":	2,
				"omitted":	false,
				"sender":	true
			}
		}, {
			"streams":	[{
					"socket":	5,
					"start":	7.000092,
					"end":	8.000258,
					"seconds":	1.0001660585403442,
					"bytes":	260640,
					"bits_per_second":	2084773.80550491,
					"retransmits":	0,
					"snd_cwnd":	34752,
					"snd_wnd":	497664,
					"rtt":	105823,
					"rttvar":	2690,
					"pmtu":	1500,
					"omitted":	false,
					"sender":	true
				}],
			"sum":	{
				"start":	7.000092,
				"end":	8.000258,
				"seconds":	1.0001660585403442,
				"bytes":	260640,
				"bits_per_second":	2084773.80550491,
				"retransmits":	0,
				"omitted":	false,
				"sender":	true
			}
		}, {
			"streams":	[{
					"socket":	5,
					"start":	8.000258,
					"end":	9.000436,
					"seconds":	1.0001779794692993,
					"bytes":	260640,
					"bits_per_second":	2084748.9574869242,
					"retransmits":	1,
					"snd_cwnd":	30408,
					"snd_wnd":	497664,
					"rtt":	90804,
					"rttvar":	1087,
					"pmtu":	1500,
					"omitted":	false,
					"sender":	true
				}],
			"sum":	{
				"start":	8.000258,
				"end":	9.000436,
				"seconds":	1.0001779794692993,
				"bytes":	260640,
				"bits_per_second":	2084748.9574869242,
				"retransmits":	1,
				"omitted":	false,
				"sender":	true
			}
		}, {
			"streams":	[{
					"socket":	5,
					"start":	9.000436,
					"end":	10.000185,
					"seconds":	0.99974900484085083,
					"bytes":	390960,
					"bits_per_second":	3128465.229628203,
					"retransmits":	2,
					"snd_cwnd":	26064,
					"snd_wnd":	497664,
					"rtt":	81866,
					"rttvar":	2984,
					"pmtu":	1500,
					"omitted":	false,
					"sender":	true
				}],
			"sum":	{
				"start":	9.000436,
				"end":	10.000185,
				"seconds":	0.99974900484085083,
				"bytes":	390960,
				"bits_per_second":	3128465.229628203,
				"retransmits":	2,
				"omitted":	false,
				"sender":	true
			}
		}],
	"end":	{
		"streams":	[{
				"sender":	{
					"socket":	5,
					"start":	0,
					"end":	10.000185,
					"seconds":	10.000185,
					"bytes":	3460720,
					"bits_per_second":	2768524.7822915274,
					"retransmits":	32,
					"max_snd_cwnd":	36200,
					"max_snd_wnd":	497664,
					"max_rtt":	107038,
					"min_rtt":	81866,
					"mean_rtt":	95648,
					"sender":	true
				},
				"receiver":	{
					"socket":	5,
					"start":	0,
					"end":	10.093349,
					"seconds":	10.000185,
					"bytes":	3169672,
					"bits_per_second":	2512285.6645499924,
					"sender":	true
				}
			}],
		"sum_sent":	{
			"start":	0,
			"end":	10.000185,
			"seconds":	10.000185,
			"bytes":	3460720,
			"bits_per_second":	2768524.7822915274,
			"retransmits":	32,
			"sender":	true
		},
		"sum_received":	{
			"start":	0,
			"end":	10.093349,
			"seconds":	10.093349,
			"bytes":	3169672,
			"bits_per_second":	2512285.6645499924,
			"sender":	true
		},
		"cpu_utilization_percent":	{
			"host_total":	0.885893848645086,
			"host_user":	0.12305229535543039,
			"host_system":	0.76284155328965575,
			"remote_total":	0.025870306977716463,
			"remote_user":	0,
			"remote_system":	0.025870306977716463
		},
		"sender_tcp_congestion":	"cubic",