{
	"start":	{
		"connected":	[{
				"socket":	5,
				"local_host":	"129.93.240.13",
				"local_port":	32838,
				"remote_host":	"10.53.1.3",
				"remote_port":	55001
			}],
		"version":	"iperf 3.12",
		"system_info":	"Linux rpi1 6.6.51+rpt-rpi-v8 #1 SMP PREEMPT Debian 1:6.6.51-1+rpt3 (2024-10-08) aarch64",
		"timestamp":	{
			"time":	"Thu, 22 May 2025 23:31:46 GMT",
			"timesecs":	1747956706
		},
		"connecting_to":	{
			"host":	"10.53.1.3",
			"port":	55001
		},
		"cookie":	"xnhdmrw474436sbw36kfuikb6vmfb42yjs3c",
		"tcp_mss_default":	1448,
		"target_bitrate":	0,
		"sock_bufsize":	0,
		"sndbuf_actual":	16384,
		"rcvbuf_actual":	131072,
		"test_start":	{
			"protocol":	"TCP",
			"num_streams":	1,
			"blksize":	131072,
			"omit":	0,
			"duration":	10,
			"bytes":	0,
			"blocks":	0,
			"reverse":	0,
			"tos":	0,
			"target_bitrate":	0
		}
	},
	"intervals":	[{
			"streams":	[{
					"socket":	5,
					"start":	0,
					"end":	1.000341,
					"seconds":	1.0003410577774048,
					"bytes":	456120,
					"bits_per_second":	3647715.9181163632,
					"retransmits":	0,
					"snd_cwnd":	46336,
					"snd_wnd":	218752,
					"rtt":	123018,
					"rttvar":	6883,
					"pmtu":	1500,
					"omitted":	false,
					"sender":	true
				}],
			"sum":	{
				"start":	0,
				"end":	1.000341,
				"seconds":	1.0003410577774048,
				"bytes":	456120,
				"bits_per_second":	3647715.9181163632,
				"retransmits":	0,
				"omitted":	false,
				"sender":	true
			}
		}, {
			"streams":	[{
					"socket":	5,
					"start":	1.000341,
					"end":	2.000661,
					"seconds":	1.0003199577331543,
					"bytes":	260640,
					"bits_per_second":	2084453.0631230567,
					"retransmits":	0,
					"snd_cwnd":	57920,
					"snd_wnd":	218752,
					"rtt":	331155,
					"rttvar":	39024,
					"pmtu":	1500,
					"omitted":	false,
					"sender":	true
				}],
			"sum":	{
				"start":	1.000341,
				"end":	2.000661,
				"seconds":	1.0003199577331543,
				"bytes":	260640,
				"bits_per_second":	2084453.0631230567,
				"retransmits":	0,
				"omitted":	false,
				"sender":	true
			}
		}, {
			"streams":	[{
					"socket":	5,
					"start":	2.000661,
					"end":	3.000185,
					"seconds":	0.99952399730682373,
					"bytes":	260640,
					"bits_per_second":	2086112.9954040824,
					"retransmits":	0,
					"snd_cwnd":	65160,
					"snd_wnd":	218752,
					"rtt":	389559,
					"rttvar":	6907,
					"pmtu":	1500,
					"omitted":	false,
					"sender":	true
				}],
			"sum":	{
				"start":	2.000661,
				"end":	3.000185,
				"seconds":	0.99952399730682373,
				"bytes":	260640,
				"bits_per_second":	2086112.9954040824,
				"retransmits":	0,
				"omitted":	false,
				"sender":	true
			}
		}, {
			"streams":	[{
					"socket":	5,
					"start":	3.000185,
					"end":	4.000349,
					"seconds":	1.0001640319824219,
					"bytes":	195480,
					"bits_per_second":	1563583.5222951558,
					"retransmits":	0,
					"snd_cwnd":	70952,
					"snd_wnd":	218752,
					"rtt":	604579,
					"rttvar":	91533,
					"pmtu":	1500,
					"omitted":	false,
					"sender":	true
				}],
			"sum":	{
				"start":	3.000185,
				"end":	4.000349,
				"seconds":	1.0001640319824219,
				"bytes":	195480,
				"bits_per_second":	1563583.5222951558,
				"retransmits":	0,
				"omitted":	false,
				"sender":	true
			}
		}, {
			"streams":	[{
					"socket":	5,
					"start":	4.000349,
					"end":	5.000094,
					"seconds":	0.999745011329651,
					"bytes":	195480,
					"bits_per_second":	1564238.8631878328,
					"retransmits":	0,
					"snd_cwnd":	85432,
					"snd_wnd":	218752,
					"rtt":	645324,
					"rttvar":	6982,
					"pmtu":	1500,
					"omitted":	false,
					"sender":	true
				}],
			"sum":	{
				"start":	4.000349,
				"end":	5.000094,
				"seconds":	0.999745011329651,
				"bytes":	195480,
				"bits_per_second":	1564238.8631878328,
				"retransmits":	0,
				"omitted":	false,
				"sender":	true
			}
		}, {
			"streams":	[{
					"socket":	5,
					"start":	5.000094,
					"end":	6.000091,
					"seconds":	0.99999701976776123,
					"bytes":	260640,
					"bits_per_second":	2085126.2141603653,
					"retransmits":	0,
					"snd_cwnd":	114392,
					"snd_wnd":	218752,
					"rtt":	866711,
					"rttvar":	79881,
					"pmtu":	1500,
					"omitted":	false,
					"sender":	true
				}],
			"sum":	{
				"start":	5.000094,
				"end":	6.000091,
				"seconds":	0.99999701976776123,
				"bytes":	260640,
				"bits_per_second":	2085126.2141603653,
				"retransmits":	0,
				"omitted":	false,
				"sender":	true
			}
		}, {
			"streams":	[{
					"socket":	5,
					"start":	6.000091,
					"end":	7.00009,
					"seconds":	0.99999898672103882,
					"bytes":	325800,
					"bits_per_second":	2606402.64101296,
					"retransmits":	0,
					"snd_cwnd":	166520,
					"snd_wnd":	267904,
					"rtt":	980217,
					"rttvar":	9570,
					"pmtu":	1500,
					"omitted":	false,
					"sender":	true
				}],
			"sum":	{
				"start":	6.000091,
				"end":	7.00009,
				"seconds":	0.99999898672103882,
				"bytes":	325800,
				"bits_per_second":	2606402.64101296,
				"retransmits":	0,
				"omitted":	false,
				"sender":	true
			}
		}, {
			"streams":	[{
					"socket":	5,
					"start":	7.00009,
					"end":	8.000091,
					"seconds":	1.0000009536743164,
					"bytes":	456120,
					"bits_per_second":	3648956.5200838852,
					"retransmits":	0,
					"snd_cwnd":	218648,
					"snd_wnd":	421120,
					"rtt":	1294243,
					"rttvar":	39288,
					"pmtu":	1500,
					"omitted":	false,
					"sender":	true
				}],
			"sum":	{
				"start":	7.00009,
				"end":	8.000091,
				"seconds":	1.0000009536743164,
				"bytes":	456120,
				"bits_per_second":	3648956.5200838852,
				"retransmits":	0,
				"omitted":	false,
				"sender":	true
			}
		}, {
			"streams":	[{
					"socket":	5,
					"start":	8.000091,
					"end":	9.000235,
					"seconds":	1.0001440048217773,
					"bytes":	651600,
					"bits_per_second":	5212049.439749334,
					"retransmits":	0,
					"snd_cwnd":	330144,
					"snd_wnd":	487424,
					"rtt":	1033928,
					"rttvar":	54719,
					"pmtu":	1500,
					"omitted":	false,
					"sender":	true
				}],
			"sum":	{
				"start":	8.000091,
				"end":	9.000235,
				"seconds":	1.0001440048217773,
				"bytes":	651600,
				"bits_per_second":	5212049.439749334,
				"retransmits":	0,
				"omitted":	false,
				"sender":	true
			}
		}, {
			"streams":	[{
					"socket":	5,
					"start":	9.000235,
					"end":	10.00051,
					"seconds":	1.0002750158309937,
					"bytes":	847080,
					"bits_per_second":	6774776.8291205429,
					"retransmits":	0,
					"snd_cwnd":	451776,
					"snd_wnd":	1168128,
					"rtt":	924288,
					"rttvar":	17306,
					"pmtu":	1500,
					"omitted":	false,
					"sender":	true
				}],
			"sum":	{
				"start":	9.000235,
				"end":	10.00051,
				"seconds":	1.0002750158309937,
				"bytes":	847080,
				"bits_per_second":	6774776.8291205429,
				"retransmits":	0,
				"omitted":	false,
				"sender":	true
			}
		}],
	"end":	{
		"streams":	[{
				"sender":	{
					"socket":	5,
					"start":	0,
					"end":	10.00051,
					"seconds":	10.00051,
					"bytes":	3909600,
					"bits_per_second":	3127520.4964546808,
					"retransmits":	0,
					"max_snd_cwnd":	451776,
					"max_snd_wnd":	1168128,
					"max_rtt":	1294243,
					"min_rtt":	123018,
					"mean_rtt":	719302,
					"sender":	true
				},
				"receiver":	{
					"socket":	5,
					"start":	0,
					"end":	10.921786,
					"seconds":	10.00051,
					"bytes":	2097152,
					"bits_per_second":	1536123.85373601,
					"sender":	true
				}
			}],
		"sum_sent":	{
			"start":	0,
			"end":	10.00051,
			"seconds":	10.00051,
			"bytes":	3909600,
			"bits_per_second":	3127520.4964546808,
			"retransmits":	0,
			"sender":	true
		},
		"sum_received":	{
			"start":	0,
			"end":	10.921786,
			"seconds":	10.921786,
			"bytes":	2097152,
			"bits_per_second":	1536123.85373601,
			"sender":	true
		},
		"cpu_utilization_percent":	{
			"host_total":	0.32821241136628082,
			"host_user":	0.04754164591808932,
			"host_system":	0.28071032579428518,
			"remote_total":	0.0838140540255467,
			"remote_user":	0.000860664308324382,