{
	"start":	{
		"connected":	[{
				"socket":	5,
				"local_host":	"129.93.240.13",
				"local_port":	43322,
				"remote_host":	"10.53.1.3",
				"remote_port":	55001
			}],
		"version":	"iperf 3.12",
		"system_info":	"Linux rpi1 6.6.51+rpt-rpi-v8 #1 SMP PREEMPT Debian 1:6.6.51-1+rpt3 (2024-10-08) aarch64",
		"timestamp":	{
			"time":	"Thu, 22 May 2025 23:38:14 GMT",
			"timesecs":	1747957094
		},
		"connecting_to":	{
			"host":	"10.53.1.3",
			"port":	55001
		},
		"cookie":	"ciddate22fj2p2skzkld56p7vuoup6p32onx",
		"tcp_mss_default":	1348,
		"target_bitrate":	0,
		"sock_bufsize":	0,
		"sndbuf_actual":	16384,
		"rcvbuf_actual":	131072,
		"test_start":	{
			"protocol":	"TCP",
			"num_streams":	1,
			"blksize":	131072,
			"omit":	0,
			"duration":	10,
			"bytes":	0,
			"blocks":	0,
			"reverse":	0,
			"tos":	0,
			"target_bitrate":	0
		}
	},
	"intervals":	[{
			"streams":	[{
					"socket":	5,
					"start":	0,
					"end":	1.000191,
					"seconds":	1.0001909732818604,
					"bytes":	485280,
					"bits_per_second":	3881498.7374475729,
					"retransmits":	0,
					"snd_cwnd":	44484,
					"snd_wnd":	324992,
					"rtt":	178267,
					"rttvar":	7813,
					"pmtu":	1400,
					"omitted":	false,
					"sender":	true
				}],
			"sum":	{
				"start":	0,
				"end":	1.000191,
				"seconds":	1.0001909732818604,
				"bytes":	485280,
				"bits_per_second":	3881498.7374475729,
				"retransmits":	0,
				"omitted":	false,
				"sender":	true
			}
		}, {
			"streams":	[{
					"socket":	5,
					"start":	1.000191,
					"end":	2.000698,
					"seconds":	1.0005069971084595,
					"bytes":	129408,
					"bits_per_second":	1034739.3901211994,
					"retransmits":	0,
					"snd_cwnd":	51224,
					"snd_wnd":	324992,
					"rtt":	414377,
					"rttvar":	31728,
					"pmtu":	1400,
					"omitted":	false,
					"sender":	true
				}],
			"sum":	{
				"start":	1.000191,
				"end":	2.000698,
				"seconds":	1.0005069971084595,
				"bytes":	129408,
				"bits_per_second":	1034739.3901211994,
				"retransmits":	0,
				"omitted":	false,
				"sender":	true
			}
		}, {
			"streams":	[{
					"socket":	5,
					"start":	2.000698,
					"end":	3.000739,
					"seconds":	1.0000410079956055,
					"bytes":	129408,
					"bits_per_second":	1035221.5476393237,
					"retransmits":	0,
					"snd_cwnd":	56616,
					"snd_wnd":	324992,
					"rtt":	460786,
					"rttvar":	6970,
					"pmtu":	1400,
					"omitted":	false,
					"sender":	true
				}],
			"sum":	{
				"start":	2.000698,
				"end":	3.000739,
				"seconds":	1.0000410079956055,
				"bytes":	129408,
				"bits_per_second":	1035221.5476393237,
				"retransmits":	0,
				"omitted":	false,
				"sender":	true
			}
		}, {
			"streams":	[{
					"socket":	5,
					"start":	3.000739,
					"end":	4.000815,
					"seconds":	1.0000760555267334,
					"bytes":	129408,
					"bits_per_second":	1035185.2684391421,
					"retransmits":	0,
					"snd_cwnd":	62008,
					"snd_wnd":	324992,
					"rtt":	512950,
					"rttvar":	18091,
					"pmtu":	1400,
					"omitted":	false,
					"sender":	true
				}],
			"sum":	{
				"start":	3.000739,
				"end":	4.000815,
				"seconds":	1.0000760555267334,
				"bytes":	129408,
				"bits_per_second":	1035185.2684391421,
				"retransmits":	0,
				"omitted":	false,
				"sender":	true
			}
		}, {
			"streams":	[{
					"socket":	5,
					"start":	4.000815,
					"end":	5.000867,
					"seconds":	1.0000519752502441,
					"bytes":	194112,
					"bits_per_second":	1552815.2920366134,
					"retransmits":	0,
					"snd_cwnd":	80880,
					"snd_wnd":	324992,
					"rtt":	570904,
					"rttvar":	16872,
					"pmtu":	1400,
					"omitted":	false,
					"sender":	true
				}],
			"sum":	{
				"start":	4.000815,
				"end":	5.000867,
				"seconds":	1.0000519752502441,
				"bytes":	194112,
				"bits_per_second":	1552815.2920366134,
				"retransmits":	0,
				"omitted":	false,
				"sender":	true
			}
		}, {
			"streams":	[{
					"socket":	5,
					"start":	5.000867,
					"end":	6.000097,
					"seconds":	0.9992300271987915,
					"bytes":	452928,
					"bits_per_second":	3626216.0877588792,
					"retransmits":	0,
					"snd_cwnd":	113232,
					"snd_wnd":	324992,
					"rtt":	733661,
					"rttvar":	34599,
					"pmtu":	1400,
					"omitted":	false,
					"sender":	true
				}],
			"sum":	{
				"start":	5.000867,
				"end":	6.000097,
				"seconds":	0.9992300271987915,
				"bytes":	452928,
				"bits_per_second":	3626216.0877588792,
				"retransmits":	0,
				"omitted":	false,
				"sender":	true
			}
		}, {
			"streams":	[{
					"socket":	5,
					"start":	6.000097,
					"end":	7.000163,
					"seconds":	1.0000660419464111,
					"bytes":	323520,
					"bits_per_second":	2587989.0841635913,
					"retransmits":	0,
					"snd_cwnd":	157716,
					"snd_wnd":	324992,
					"rtt":	946542,
					"rttvar":	48600,
					"pmtu":	1400,
					"omitted":	false,
					"sender":	true
				}],
			"sum":	{
				"start":	6.000097,
				"end":	7.000163,
				"seconds":	1.0000660419464111,
				"bytes":	323520,
				"bits_per_second":	2587989.0841635913,
				"retransmits":	0,
				"omitted":	false,
				"sender":	true
			}
		}, {
			"streams":	[{
					"socket":	5,
					"start":	7.000163,
					"end":	8.000189,
					"seconds":	1.0000259876251221,
					"bytes":	452928,
					"bits_per_second":	3623329.83826247,
					"retransmits":	0,
					"snd_cwnd":	212984,
					"snd_wnd":	420480,
					"rtt":	1214821,
					"rttvar":	39446,
					"pmtu":	1400,
					"omitted":	false,
					"sender":	true
				}],
			"sum":	{
				"start":	7.000163,
				"end":	8.000189,
				"seconds":	1.0000259876251221,
				"bytes":	452928,
				"bits_per_second":	3623329.83826247,
				"retransmits":	0,
				"omitted":	false,
				"sender":	true
			}
		}, {
			"streams":	[{
					"socket":	5,
					"start":	8.000189,
					"end":	9.001056,
					"seconds":	1.0008670091629028,
					"bytes":	0,
					"bits_per_second":	0,
					"retransmits":	0,
					"snd_cwnd":	270948,
					"snd_wnd":	449408,
					"rtt":	1553009,
					"rttvar":	43737,
					"pmtu":	1400,
					"omitted":	false,
					"sender":	true
				}],
			"sum":	{
				"start":	8.000189,
				"end":	9.001056,
				"seconds":	1.0008670091629028,
				"bytes":	0,
				"bits_per_second":	0,
				"retransmits":	0,
				"omitted":	false,
				"sender":	true
			}
		}, {
			"streams":	[{
					"socket":	5,
					"start":	9.001056,
					"end":	10.000267,
					"seconds":	0.999211013317108,
					"bytes":	905856,
					"bits_per_second":	7252570.1812897762,
					"retransmits":	0,
					"snd_cwnd":	324868,
					"snd_wnd":	634112,
					"rtt":	1874940,
					"rttvar":	44267,
					"pmtu":	1400,
					"omitted":	false,
					"sender":	true
				}],
			"sum":	{
				"start":	9.001056,
				"end":	10.000267,
				"seconds":	0.999211013317108,
				"bytes":	905856,
				"bits_per_second":	7252570.1812897762,
				"retransmits":	0,
				"omitted":	false,
				"sender":	true
			}
		}],
	"end":	{
		"streams":	[{
				"sender":	{
					"socket":	5,
					"start":	0,
					"end":	10.000267,
					"seconds":	10.000267,
					"bytes":	3202848,
					"bits_per_second":	2562209.9889932941,
					"retransmits":	0,
					"max_snd_cwnd":	324868,
					"max_snd_wnd":	634112,
					"max_rtt":	1874940,
					"min_rtt":	178267,
					"mean_rtt":	846025,
					"sender":	true
				},
				"receiver":	{
					"socket":	5,
					"start":	0,
					"end":	11.867755,
					"seconds":	10.000267,
					"bytes":	1572864,
					"bits_per_second":	1060260.5126243336,
					"sender":	true
				}
			}],
		"sum_sent":	{
			"start":	0,
			"end":	10.000267,
			"seconds":	10.000267,
			"bytes":	3202848,
			"bits_per_second":	2562209.9889932941,
			"retransmits":	0,
			"sender":	true
		},
		"sum_received":	{
			"start":	0,
			"end":	11.867755,
			"seconds":	11.867755,
			"bytes":	1572864,
			"bits_per_second":	1060260.5126243336,
			"sender":	true
		},
		"cpu_utilization_percent":	{
			"host_total":	0.306339584998617,
			"host_user":	0,
			"host_system":	0.30637918550083054,
			"remote_total":	0.0608033507904225,
			"remote_user":	0.0601124036223495,
			"remote_system":	0.000690947168072983
		},
		"sender_tcp_congestion":	"cubic",