{
	"start":	{
		"connected":	[{
				"socket":	5,
				"local_host":	"129.93.240.13",
				"local_port":	50436,
				"remote_host":	"10.53.1.3",
				"remote_port":	55001
			}],
		"version":	"iperf 3.12",
		"system_info":	"Linux rpi1 6.6.51+rpt-rpi-v8 #1 SMP PREEMPT Debian 1:6.6.51-1+rpt3 (2024-10-08) aarch64",
		"timestamp":	{
			"time":	"Thu, 22 May 2025 23:43:47 GMT",
			"timesecs":	1747957427
		},
		"connecting_to":	{
			"host":	"10.53.1.3",
			"port":	55001
		},
		"cookie":	"z2uvwz67bh4skdazciu4dgmlsmdc6cpkaox3",
		"tcp_mss_default":	1448,
		"target_bitrate":	0,
		"sock_bufsize":	0,
		"sndbuf_actual":	16384,
		"rcvbuf_actual":	131072,
		"test_start":	{
			"protocol":	"TCP",
			"num_streams":	1,
			"blksize":	131072,
			"omit":	0,
			"duration":	10,
			"bytes":	0,
			"blocks":	0,
			"reverse":	0,
			"tos":	0,
			"target_bitrate":	0
		}
	},
	"intervals":	[{
			"streams":	[{
					"socket":	5,
					"start":	0,
					"end":	1.000496,
					"seconds":	1.0004960298538208,
					"bytes":	419920,
					"bits_per_second":	3357694.4832962756,
					"retransmits":	0,
					"snd_cwnd":	56472,
					"snd_wnd":	208256,
					"rtt":	286798,
					"rttvar":	13548,
					"pmtu":	1500,
					"omitted":	false,
					"sender":	true
				}],
			"sum":	{
				"start":	0,
				"end":	1.000496,
				"seconds":	1.0004960298538208,
				"bytes":	419920,
				"bits_per_second":	3357694.4832962756,
				"retransmits":	0,
				"omitted":	false,
				"sender":	true
			}
		}, {
			"streams":	[{
					"socket":	5,
					"start":	1.000496,
					"end":	2.000233,
					"seconds":	0.999737024307251,
					"bytes":	275120,
					"bits_per_second":	2201538.9512308137,
					"retransmits":	0,
					"snd_cwnd":	65160,
					"snd_wnd":	274304,
					"rtt":	379712,
					"rttvar":	6744,
					"pmtu":	1500,
					"omitted":	false,
					"sender":	true
				}],
			"sum":	{
				"start":	1.000496,
				"end":	2.000233,
				"seconds":	0.999737024307251,
				"bytes":	275120,
				"bits_per_second":	2201538.9512308137,
				"retransmits":	0,
				"omitted":	false,
				"sender":	true
			}
		}, {
			"streams":	[{
					"socket":	5,
					"start":	2.000233,
					"end":	3.000529,
					"seconds":	1.0002959966659546,
					"bytes":	195480,
					"bits_per_second":	1563377.2455476886,
					"retransmits":	0,
					"snd_cwnd":	72400,
					"snd_wnd":	274304,
					"rtt":	423906,
					"rttvar":	3671,
					"pmtu":	1500,
					"omitted":	false,
					"sender":	true
				}],
			"sum":	{
				"start":	2.000233,
				"end":	3.000529,
				"seconds":	1.0002959966659546,
				"bytes":	195480,
				"bits_per_second":	1563377.2455476886,
				"retransmits":	0,
				"omitted":	false,
				"sender":	true
			}
		}, {
			"streams":	[{
					"socket":	5,
					"start":	3.000529,
					"end":	4.000479,
					"seconds":	0.99994999170303345,
					"bytes":	195480,
					"bits_per_second":	1563918.2088862213,
					"retransmits":	0,
					"snd_cwnd":	81088,
					"snd_wnd":	274304,
					"rtt":	468524,
					"rttvar":	9576,
					"pmtu":	1500,
					"omitted":	false,
					"sender":	true
				}],
			"sum":	{
				"start":	3.000529,
				"end":	4.000479,
				"seconds":	0.99994999170303345,
				"bytes":	195480,
				"bits_per_second":	1563918.2088862213,
				"retransmits":	0,
				"omitted":	false,
				"sender":	true
			}
		}, {
			"streams":	[{
					"socket":	5,
					"start":	4.000479,
					"end":	5.000523,
					"seconds":	1.0000439882278442,
					"bytes":	195480,
					"bits_per_second":	1563771.2124756093,
					"retransmits":	0,
					"snd_cwnd":	99912,
					"snd_wnd":	274304,
					"rtt":	515823,
					"rttvar":	14745,
					"pmtu":	1500,
					"omitted":	false,
					"sender":	true
				}],
			"sum":	{
				"start":	4.000479,
				"end":	5.000523,
				"seconds":	1.0000439882278442,
				"bytes":	195480,
				"bits_per_second":	1563771.2124756093,
				"retransmits":	0,
				"omitted":	false,
				"sender":	true
			}
		}, {
			"streams":	[{
					"socket":	5,
					"start":	5.000523,
					"end":	6.000794,
					"seconds":	1.0002709627151489,
					"bytes":	260640,
					"bits_per_second":	2084555.1632730819,
					"retransmits":	0,
					"snd_cwnd":	136112,
					"snd_wnd":	274304,
					"rtt":	657673,
					"rttvar":	23228,
					"pmtu":	1500,
					"omitted":	false,
					"sender":	true
				}],
			"sum":	{
				"start":	5.000523,
				"end":	6.000794,
				"seconds":	1.0002709627151489,
				"bytes":	260640,
				"bits_per_second":	2084555.1632730819,
				"retransmits":	0,
				"omitted":	false,
				"sender":	true
			}
		}, {
			"streams":	[{
					"socket":	5,
					"start":	6.000794,
					"end":	7.000902,
					"seconds":	1.000108003616333,
					"bytes":	325800,
					"bits_per_second":	2606118.5297741918,
					"retransmits":	0,
					"snd_cwnd":	185344,
					"snd_wnd":	374528,
					"rtt":	839051,
					"rttvar":	8415,
					"pmtu":	1500,
					"omitted":	false,
					"sender":	true
				}],
			"sum":	{
				"start":	6.000794,
				"end":	7.000902,
				"seconds":	1.000108003616333,
				"bytes":	325800,
				"bits_per_second":	2606118.5297741918,
				"retransmits":	0,
				"omitted":	false,
				"sender":	true
			}
		}, {
			"streams":	[{
					"socket":	5,
					"start":	7.000902,
					"end":	8.0009,
					"seconds":	0.99999797344207764,
					"bytes":	456120,
					"bits_per_second":	3648967.3948437823,
					"retransmits":	0,
					"snd_cwnd":	247608,
					"snd_wnd":	490368,
					"rtt":	1075897,
					"rttvar":	17850,
					"pmtu":	1500,
					"omitted":	false,
					"sender":	true
				}],
			"sum":	{
				"start":	7.000902,
				"end":	8.0009,
				"seconds":	0.99999797344207764,
				"bytes":	456120,
				"bits_per_second":	3648967.3948437823,
				"retransmits":	0,
				"omitted":	false,
				"sender":	true
			}
		}, {
			"streams":	[{
					"socket":	5,
					"start":	8.0009,
					"end":	9.000851,
					"seconds":	0.99995100498199463,
					"bytes":	586440,
					"bits_per_second":	4691749.8723694738,
					"retransmits":	0,
					"snd_cwnd":	335936,
					"snd_wnd":	501632,
					"rtt":	1286022,
					"rttvar":	21511,
					"pmtu":	1500,
					"omitted":	false,
					"sender":	true
				}],
			"sum":	{
				"start":	8.0009,
				"end":	9.000851,
				"seconds":	0.99995100498199463,
				"bytes":	586440,
				"bits_per_second":	4691749.8723694738,
				"retransmits":	0,
				"omitted":	false,
				"sender":	true
			}
		}, {
			"streams":	[{
					"socket":	5,
					"start":	9.000851,
					"end":	10.000476,
					"seconds":	0.999625027179718,
					"bytes":	912240,
					"bits_per_second":	7300657.5481507434,
					"retransmits":	0,
					"snd_cwnd":	425712,
					"snd_wnd":	815872,
					"rtt":	1529095,
					"rttvar":	28768,
					"pmtu":	1500,
					"omitted":	false,
					"sender":	true
				}],
			"sum":	{
				"start":	9.000851,
				"end":	10.000476,
				"seconds":	0.999625027179718,
				"bytes":	912240,
				"bits_per_second":	7300657.5481507434,
				"retransmits":	0,
				"omitted":	false,
				"sender":	true
			}
		}],
	"end":	{
		"streams":	[{
				"sender":	{
					"socket":	5,
					"start":	0,
					"end":	10.000476,
					"seconds":	10.000476,
					"bytes":	3822720,
					"bits_per_second":	3058030.4377511628,
					"retransmits":	0,
					"max_snd_cwnd":	425712,
					"max_snd_wnd":	815872,
					"max_rtt":	1529095,
					"min_rtt":	286798,
					"mean_rtt":	746250,
					"sender":	true
				},
				"receiver":	{
					"socket":	5,
					"start":	0,
					"end":	11.319685,
					"seconds":	10.000476,
					"bytes":	2097152,
					"bits_per_second":	1482127.4620274329,
					"sender":	true
				}
			}],
		"sum_sent":	{
			"start":	0,
			"end":	10.000476,
			"seconds":	10.000476,
			"bytes":	3822720,
			"bits_per_second":	3058030.4377511628,
			"retransmits":	0,
			"sender":	true
		},
		"sum_received":	{
			"start":	0,
			"end":	11.319685,
			"seconds":	11.319685,
			"bytes":	2097152,
			"bits_per_second":	1482127.4620274329,
			"sender":	true
		},
		"cpu_utilization_percent":	{
			"host_total":	0.33300758907237732,
			"host_user":	0.11099922967801809,
			"host_system":	0.22199845935603618,
			"remote_total":	0.078376656194949379,
			"remote_user":	0,
			"remote_system":	0.078376656194949379
		},