{
	"start":	{
		"connected":	[{
				"socket":	5,
				"local_host":	"129.93.240.21",
				"local_port":	45154,
				"remote_host":	"11.53.1.3",
				"remote_port":	55001
			}],
		"version":	"iperf 3.16",
		"system_info":	"Linux cse-ThinkPad-T14-Gen-5 6.11.0-26-generic #26~24.04.1-Ubuntu SMP PREEMPT_DYNAMIC Thu Apr 17 19:20:47 UTC 2 x86_64",
		"timestamp":	{
			"time":	"Mon, 07 Jul 2025 19:44:35 GMT",
			"timesecs":	1751917475
		},
		"connecting_to":	{
			"host":	"11.53.1.3",
			"port":	55001
		},
		"cookie":	"b4dqfqfhq44zbtmv6jnxeb44j37amg225nhp",
		"tcp_mss_default":	1348,
		"target_bitrate":	0,
		"fq_rate":	0,
		"sock_bufsize":	0,
		"sndbuf_actual":	16384,
		"rcvbuf_actual":	131072,
		"test_start":	{
			"protocol":	"TCP",
			"num_streams":	1,
			"blksize":	131072,
			"omit":	0,
			"duration":	100,
			"bytes":	0,
			"blocks":	0,
			"reverse":	0,
			"tos":	0,
			"target_bitrate":	0,
			"bidir":	0,
			"fqrate":	0
		}
	},
	"intervals":	[{
			"streams":	[{
					"socket":	5,
					"start":	0,
					"end":	1.001185,
					"seconds":	1.0011850595474243,
					"bytes":	1572864,
					"bits_per_second":	12568018.150099022,
					"retransmits":	0,
					"snd_cwnd":	107840,
					"snd_wnd":	399744,
					"rtt":	167551,
					"rttvar":	76737,
					"pmtu":	1400,
					"omitted":	false,
					"sender":	true
				}],
			"sum":	{
				"start":	0,
				"end":	1.001185,
				"seconds":	1.0011850595474243,
				"bytes":	1572864,
				"bits_per_second":	12568018.150099022,
				"retransmits":	0,
				"omitted":	false,
				"sender":	true
			}
		}, {
			"streams":	[{
					"socket":	5,
					"start":	1.001185,
					"end":	2.00113,
					"seconds":	0.99994498491287231,
					"bytes":	1310720,
					"bits_per_second":	10486336.906738574,
					"retransmits":	0,
					"snd_cwnd":	163108,
					"snd_wnd":	399744,
					"rtt":	152782,
					"rttvar":	2614,
					"pmtu":	1400,
					"omitted":	false,
					"sender":	true
				}],
			"sum":	{
				"start":	1.001185,
				"end":	2.00113,
				"seconds":	0.99994498491287231,
				"bytes":	1310720,
				"bits_per_second":	10486336.906738574,
				"retransmits":	0,
				"omitted":	false,
				"sender":	true
			}
		}, {
			"streams":	[{
					"socket":	5,
					"start":	2.00113,
					"end":	3.001131,
					"seconds":	1.0000009536743164,
					"bytes":	786432,
					"bits_per_second":	6291450.000005722,
					"retransmits":	0,
					"snd_cwnd":	200852,
					"snd_wnd":	474752,
					"rtt":	166928,
					"rttvar":	12627,
					"pmtu":	1400,
					"omitted":	false,
					"sender":	true
				}],
			"sum":	{
				"start":	2.00113,
				"end":	3.001131,
				"seconds":	1.0000009536743164,
				"bytes":	786432,
				"bits_per_second":	6291450.000005722,
				"retransmits":	0,
				"omitted":	false,
				"sender":	true
			}
		}, {
			"streams":	[{
					"socket":	5,
					"start":	3.001131,
					"end":	4.00131,
					"seconds":	1.0001790523529053,
					"bytes":	524288,
					"bits_per_second":	4193553.1344442447,
					"retransmits":	0,
					"snd_cwnd":	214332,
					"snd_wnd":	528384,
					"rtt":	618893,
					"rttvar":	10266,
					"pmtu":	1400,
					"omitted":	false,
					"sender":	true
				}],
			"sum":	{
				"start":	3.001131,
				"end":	4.00131,
				"seconds":	1.0001790523529053,
				"bytes":	524288,
				"bits_per_second":	4193553.1344442447,
				"retransmits":	0,
				"omitted":	false,
				"sender":	true
			}
		}, {
			"streams":	[{
					"socket":	5,
					"start":	4.00131,
					"end":	5.001065,
					"seconds":	0.999755024909973,
					"bytes":	524288,
					"bits_per_second":	4195331.7517735837,
					"retransmits":	0,
					"snd_cwnd":	233204,
					"snd_wnd":	528384,
					"rtt":	503777,
					"rttvar":	7134,
					"pmtu":	1400,
					"omitted":	false,
					"sender":	true
				}],
			"sum":	{
				"start":	4.00131,
				"end":	5.001065,
				"seconds":	0.999755024909973,
				"bytes":	524288,
				"bits_per_second":	4195331.7517735837,
				"retransmits":	0,
				"omitted":	false,
				"sender":	true
			}
		}, {
			"streams":	[{
					"socket":	5,
					"start":	5.001065,
					"end":	6.001457,
					"seconds":	1.000391960144043,
					"bytes":	524288,
					"bits_per_second":	4192660.6441300036,
					"retransmits":	0,
					"snd_cwnd":	258816,
					"snd_wnd":	568960,
					"rtt":	440321,
					"rttvar":	3299,
					"pmtu":	1400,
					"omitted":	false,
					"sender":	true
				}],
			"sum":	{
				"start":	5.001065,
				"end":	6.001457,
				"seconds":	1.000391960144043,
				"bytes":	524288,
				"bits_per_second":	4192660.6441300036,
				"retransmits":	0,
				"omitted":	false,
				"sender":	true
			}
		}, {
			"streams":	[{
					"socket":	5,
					"start":	6.001457,
					"end":	7.001287,
					"seconds":	0.99983000755310059,
					"bytes":	655360,
					"bits_per_second":	5243771.4015315278,
					"retransmits":	0,
					"snd_cwnd":	291168,
					"snd_wnd":	620544,
					"rtt":	363510,
					"rttvar":	3534,
					"pmtu":	1400,
					"omitted":	false,
					"sender":	true
				}],
			"sum":	{
				"start":	6.001457,
				"end":	7.001287,
				"seconds":	0.99983000755310059,
				"bytes":	655360,
				"bits_per_second":	5243771.4015315278,
				"retransmits":	0,
				"omitted":	false,
				"sender":	true
			}
		}, {
			"streams":	[{
					"socket":	5,
					"start":	7.001287,
					"end":	8.001261,
					"seconds":	0.999974012374878,
					"bytes":	655360,
					"bits_per_second":	5243016.2535409061,
					"retransmits":	0,
					"snd_cwnd":	322172,
					"snd_wnd":	742016,
					"rtt":	429602,
					"rttvar":	4436,
					"pmtu":	1400,
					"omitted":	false,
					"sender":	true
				}],
			"sum":	{
				"start":	7.001287,
				"end":	8.001261,
				"seconds":	0.999974012374878,
				"bytes":	655360,
				"bits_per_second":	5243016.2535409061,
				"retransmits":	0,
				"omitted":	false,
				"sender":	true
			}
		}, {
			"streams":	[{
					"socket":	5,
					"start":	8.001261,
					"end":	9.001356,
					"seconds":	1.000095009803772,
					"bytes":	1572864,
					"bits_per_second":	12581716.61357343,
					"retransmits":	0,
					"snd_cwnd":	393616,
					"snd_wnd":	742016,
					"rtt":	485434,
					"rttvar":	6919,
					"pmtu":	1400,
					"omitted":	false,
					"sender":	true
				}],
			"sum":	{
				"start":	8.001261,
				"end":	9.001356,
				"seconds":	1.000095009803772,
				"bytes":	1572864,
				"bits_per_second":	12581716.61357343,
				"retransmits":	0,
				"omitted":	false,
				"sender":	true
			}
		}, {
			"streams":	[{
					"socket":	5,
					"start":	9.001356,
					"end":	10.001389,
					"seconds":	1.0000330209732056,
					"bytes":	1048576,
					"bits_per_second":	8388331.0091465078,
					"retransmits":	0,
					"snd_cwnd":	504152,
					"snd_wnd":	1104256,
					"rtt":	627984,
					"rttvar":	3373,
					"pmtu":	1400,
					"omitted":	false,
					"sender":	true
				}],
			"sum":	{
				"start":	9.001356,
				"end":	10.001389,
				"seconds":	1.0000330209732056,
				"bytes":	1048576,
				"bits_per_second":	8388331.0091465078,
				"retransmits":	0,
				"omitted":	false,
				"sender":	true
			}
		}, {
			"streams":	[{
					"socket":	5,
					"start":	10.001389,
					"end":	11.001353,
					"seconds":	0.99996399879455566,
					"bytes":	1179648,
					"bits_per_second":	9437523.76223185,
					"retransmits":	0,
					"snd_cwnd":	630864,
					"snd_wnd":	1267968,
					"rtt":	739838,
					"rttvar":	30325,
					"pmtu":	1400,
					"omitted":	false,
					"sender":	true
				}],
			"sum":	{
				"start":	10.001389,
				"end":	11.001353,
				"seconds":	0.99996399879455566,
				"bytes":	1179648,
				"bits_per_second":	9437523.76223185,
				"retransmits":	0,
				"omitted":	false,
				"sender":	true
			}
		}, {
			"streams":	[{
					"socket":	5,
					"start":	11.001353,
					"end":	11.775067,
					"seconds":	0.773714005947113,
					"bytes":	0,
					"bits_per_second":	0,
					"retransmits":	0,
					"snd_cwnd":	690176,
					"snd_wnd":	1267968,
					"rtt":	623940,
					"rttvar":	29200,
					"pmtu":	1400,
					"omitted":	false,
					"sender":	true
				}],
			"sum":	{
				"start":	11.001353,
				"end":	11.775067,
				"seconds":	0.773714005947113,
				"bytes":	0,
				"bits_per_second":	0,
				"retransmits":	0,