{
	"start":	{
		"connected":	[{
				"socket":	5,
				"local_host":	"192.168.225.54",
				"local_port":	35850,
				"remote_host":	"192.168.26.3",
				"remote_port":	55001
			}],
		"version":	"iperf 3.12",
		"system_info":	"Linux rpi1 6.6.51+rpt-rpi-v8 #1 SMP PREEMPT Debian 1:6.6.51-1+rpt3 (2024-10-08) aarch64",
		"timestamp":	{
			"time":	"Fri, 23 May 2025 00:14:35 GMT",
			"timesecs":	1747959275
		},
		"connecting_to":	{
			"host":	"192.168.26.3",
			"port":	55001
		},
		"cookie":	"e5nuh2ryaxkxbu6ussisyuef4wg7lbo2e2ty",
		"tcp_mss_default":	1448,
		"target_bitrate":	0,
		"sock_bufsize":	0,
		"sndbuf_actual":	16384,
		"rcvbuf_actual":	131072,
		"test_start":	{
			"protocol":	"TCP",
			"num_streams":	1,
			"blksize":	131072,
			"omit":	0,
			"duration":	10,
			"bytes":	0,
			"blocks":	0,
			"reverse":	0,
			"tos":	0,
			"target_bitrate":	0
		}
	},
	"intervals":	[{
			"streams":	[{
					"socket":	5,
					"start":	0,
					"end":	1.000149,
					"seconds":	1.0001490116119385,
					"bytes":	2948128,
					"bits_per_second":	23581510.081170861,
					"retransmits":	0,
					"snd_cwnd":	205616,
					"snd_wnd":	618112,
					"rtt":	72834,
					"rttvar":	1435,
					"pmtu":	1500,
					"omitted":	false,
					"sender":	true
				}],
			"sum":	{
				"start":	0,
				"end":	1.000149,
				"seconds":	1.0001490116119385,
				"bytes":	2948128,
				"bits_per_second":	23581510.081170861,
				"retransmits":	0,
				"omitted":	false,
				"sender":	true
			}
		}, {
			"streams":	[{
					"socket":	5,
					"start":	1.000149,
					"end":	2.000088,
					"seconds":	0.99993902444839478,
					"bytes":	3388320,
					"bits_per_second":	27108212.938236941,
					"retransmits":	17,
					"snd_cwnd":	207064,
					"snd_wnd":	1707008,
					"rtt":	82051,
					"rttvar":	1483,
					"pmtu":	1500,
					"omitted":	false,
					"sender":	true
				}],
			"sum":	{
				"start":	1.000149,
				"end":	2.000088,
				"seconds":	0.99993902444839478,
				"bytes":	3388320,
				"bits_per_second":	27108212.938236941,
				"retransmits":	17,
				"omitted":	false,
				"sender":	true
			}
		}, {
			"streams":	[{
					"socket":	5,
					"start":	2.000088,
					"end":	3.000102,
					"seconds":	1.0000139474868774,
					"bytes":	2345760,
					"bits_per_second":	18765818.26399602,
					"retransmits":	0,
					"snd_cwnd":	243264,
					"snd_wnd":	2337664,
					"rtt":	90406,
					"rttvar":	891,
					"pmtu":	1500,
					"omitted":	false,
					"sender":	true
				}],
			"sum":	{
				"start":	2.000088,
				"end":	3.000102,
				"seconds":	1.0000139474868774,
				"bytes":	2345760,
				"bits_per_second":	18765818.26399602,
				"retransmits":	0,
				"omitted":	false,
				"sender":	true
			}
		}, {
			"streams":	[{
					"socket":	5,
					"start":	3.000102,
					"end":	4.000215,
					"seconds":	1.0001130104064941,
					"bytes":	2345760,
					"bits_per_second":	18763959.477312028,
					"retransmits":	0,
					"snd_cwnd":	264984,
					"snd_wnd":	2337664,
					"rtt":	98914,
					"rttvar":	1239,
					"pmtu":	1500,
					"omitted":	false,
					"sender":	true
				}],
			"sum":	{
				"start":	3.000102,
				"end":	4.000215,
				"seconds":	1.0001130104064941,
				"bytes":	2345760,
				"bits_per_second":	18763959.477312028,
				"retransmits":	0,
				"omitted":	false,
				"sender":	true
			}
		}, {
			"streams":	[{
					"socket":	5,
					"start":	4.000215,
					"end":	5.000106,
					"seconds":	0.99989098310470581,
					"bytes":	2932200,
					"bits_per_second":	23460157.5535396,
					"retransmits":	1,
					"snd_cwnd":	194032,
					"snd_wnd":	2339200,
					"rtt":	79911,
					"rttvar":	2139,
					"pmtu":	1500,
					"omitted":	false,
					"sender":	true
				}],
			"sum":	{
				"start":	4.000215,
				"end":	5.000106,
				"seconds":	0.99989098310470581,
				"bytes":	2932200,
				"bits_per_second":	23460157.5535396,
				"retransmits":	1,
				"omitted":	false,
				"sender":	true
			}
		}, {
			"streams":	[{
					"socket":	5,
					"start":	5.000106,
					"end":	6.000214,
					"seconds":	1.000108003616333,
					"bytes":	2345760,
					"bits_per_second":	18764053.41437418,
					"retransmits":	0,
					"snd_cwnd":	217200,
					"snd_wnd":	2339200,
					"rtt":	81507,
					"rttvar":	1184,
					"pmtu":	1500,
					"omitted":	false,
					"sender":	true
				}],
			"sum":	{
				"start":	5.000106,
				"end":	6.000214,
				"seconds":	1.000108003616333,
				"bytes":	2345760,
				"bits_per_second":	18764053.41437418,
				"retransmits":	0,
				"omitted":	false,
				"sender":	true
			}
		}, {
			"streams":	[{
					"socket":	5,
					"start":	6.000214,
					"end":	7.000099,
					"seconds":	0.99988502264022827,
					"bytes":	2932200,
					"bits_per_second":	23460297.403054863,
					"retransmits":	0,
					"snd_cwnd":	230232,
					"snd_wnd":	2339200,
					"rtt":	88825,
					"rttvar":	1208,
					"pmtu":	1500,
					"omitted":	false,
					"sender":	true
				}],
			"sum":	{
				"start":	6.000214,
				"end":	7.000099,
				"seconds":	0.99988502264022827,
				"bytes":	2932200,
				"bits_per_second":	23460297.403054863,
				"retransmits":	0,
				"omitted":	false,
				"sender":	true
			}
		}, {
			"streams":	[{
					"socket":	5,
					"start":	7.000099,
					"end":	8.000176,
					"seconds":	1.00007700920105,
					"bytes":	2345760,
					"bits_per_second":	18764634.950454473,
					"retransmits":	0,
					"snd_cwnd":	234576,
					"snd_wnd":	2339200,
					"rtt":	86618,
					"rttvar":	1662,
					"pmtu":	1500,
					"omitted":	false,
					"sender":	true
				}],
			"sum":	{
				"start":	7.000099,
				"end":	8.000176,
				"seconds":	1.00007700920105,
				"bytes":	2345760,
				"bits_per_second":	18764634.950454473,
				"retransmits":	0,
				"omitted":	false,
				"sender":	true
			}
		}, {
			"streams":	[{
					"socket":	5,
					"start":	8.000176,
					"end":	9.000093,
					"seconds":	0.999916970729828,
					"bytes":	2932200,
					"bits_per_second":	23459547.829134822,
					"retransmits":	0,
					"snd_cwnd":	234576,
					"snd_wnd":	2339200,
					"rtt":	89107,
					"rttvar":	1734,
					"pmtu":	1500,
					"omitted":	false,
					"sender":	true
				}],
			"sum":	{
				"start":	8.000176,
				"end":	9.000093,
				"seconds":	0.999916970729828,
				"bytes":	2932200,
				"bits_per_second":	23459547.829134822,
				"retransmits":	0,
				"omitted":	false,
				"sender":	true
			}
		}, {
			"streams":	[{
					"socket":	5,
					"start":	9.000093,
					"end":	10.000231,
					"seconds":	1.0001380443573,
					"bytes":	2345760,
					"bits_per_second":	18763489.806109015,
					"retransmits":	0,
					"snd_cwnd":	237472,
					"snd_wnd":	2339200,
					"rtt":	88377,
					"rttvar":	1302,
					"pmtu":	1500,
					"omitted":	false,
					"sender":	true
				}],
			"sum":	{
				"start":	9.000093,
				"end":	10.000231,
				"seconds":	1.0001380443573,
				"bytes":	2345760,
				"bits_per_second":	18763489.806109015,
				"retransmits":	0,
				"omitted":	false,
				"sender":	true
			}
		}],
	"end":	{
		"streams":	[{
				"sender":	{
					"socket":	5,
					"start":	0,
					"end":	10.000231,
					"seconds":	10.000231,
					"bytes":	26861848,
					"bits_per_second":	21488982.0045157,
					"retransmits":	18,
					"max_snd_cwnd":	264984,
					"max_snd_wnd":	2339200,
					"max_rtt":	98914,
					"min_rtt":	72834,
					"mean_rtt":	85855,
					"sender":	true
				},
				"receiver":	{
					"socket":	5,
					"start":	0,
					"end":	10.085475,
					"seconds":	10.000231,
					"bytes":	25904720,
					"bits_per_second":	20548140.76679581,
					"sender":	true
				}
			}],
		"sum_sent":	{
			"start":	0,
			"end":	10.000231,
			"seconds":	10.000231,
			"bytes":	26861848,
			"bits_per_second":	21488982.0045157,
			"retransmits":	18,
			"sender":	true
		},
		"sum_received":	{
			"start":	0,
			"end":	10.085475,
			"seconds":	10.085475,
			"bytes":	25904720,
			"bits_per_second":	20548140.76679581,
			"sender":	true
		},
		"cpu_utilization_percent":	{
			"host_total":	1.0589401346657521,
			"host_user":	0.11361254019450844,
			"host_system":	0.945347279568739,
			"remote_total":	1.224877803747239,
			"remote_user":	0,
			"remote_system":	1.224877803747239
		},