{
	"start":	{
		"connected":	[{
				"socket":	5,
				"local_host":	"192.168.225.54",
				"local_port":	47762,
				"remote_host":	"192.168.26.3",
				"remote_port":	55001
			}],
		"version":	"iperf 3.12",
		"system_info":	"Linux rpi1 6.6.51+rpt-rpi-v8 #1 SMP PREEMPT Debian 1:6.6.51-1+rpt3 (2024-10-08) aarch64",
		"timestamp":	{
			"time":	"Fri, 23 May 2025 00:16:07 GMT",
			"timesecs":	1747959367
		},
		"connecting_to":	{
			"host":	"192.168.26.3",
			"port":	55001
		},
		"cookie":	"2oy5nrymz52uvxr7ztu6xf377mcqcgvvwilc",
		"tcp_mss_default":	1448,
		"target_bitrate":	0,
		"sock_bufsize":	0,
		"sndbuf_actual":	16384,
		"rcvbuf_actual":	131072,
		"test_start":	{
			"protocol":	"TCP",
			"num_streams":	1,
			"blksize":	131072,
			"omit":	0,
			"duration":	10,
			"bytes":	0,
			"blocks":	0,
			"reverse":	0,
			"tos":	0,
			"target_bitrate":	0
		}
	},
	"intervals":	[{
			"streams":	[{
					"socket":	5,
					"start":	0,
					"end":	1.000097,
					"seconds":	1.0000970363616943,
					"bytes":	2011272,
					"bits_per_second":	16088614.819353228,
					"retransmits":	0,
					"snd_cwnd":	105704,
					"snd_wnd":	580224,
					"rtt":	38745,
					"rttvar":	695,
					"pmtu":	1500,
					"omitted":	false,
					"sender":	true
				}],
			"sum":	{
				"start":	0,
				"end":	1.000097,
				"seconds":	1.0000970363616943,
				"bytes":	2011272,
				"bits_per_second":	16088614.819353228,
				"retransmits":	0,
				"omitted":	false,
				"sender":	true
			}
		}, {
			"streams":	[{
					"socket":	5,
					"start":	1.000097,
					"end":	2.0001,
					"seconds":	1.0000029802322388,
					"bytes":	3258000,
					"bits_per_second":	26063922.323458422,
					"retransmits":	0,
					"snd_cwnd":	230232,
					"snd_wnd":	580224,
					"rtt":	84132,
					"rttvar":	860,
					"pmtu":	1500,
					"omitted":	false,
					"sender":	true
				}],
			"sum":	{
				"start":	1.000097,
				"end":	2.0001,
				"seconds":	1.0000029802322388,
				"bytes":	3258000,
				"bits_per_second":	26063922.323458422,
				"retransmits":	0,
				"omitted":	false,
				"sender":	true
			}
		}, {
			"streams":	[{
					"socket":	5,
					"start":	2.0001,
					"end":	3.000249,
					"seconds":	1.0001490116119385,
					"bytes":	2280600,
					"bits_per_second":	18242081.717998087,
					"retransmits":	3,
					"snd_cwnd":	211408,
					"snd_wnd":	2602112,
					"rtt":	81054,
					"rttvar":	1207,
					"pmtu":	1500,
					"omitted":	false,
					"sender":	true
				}],
			"sum":	{
				"start":	2.0001,
				"end":	3.000249,
				"seconds":	1.0001490116119385,
				"bytes":	2280600,
				"bits_per_second":	18242081.717998087,
				"retransmits":	3,
				"omitted":	false,
				"sender":	true
			}
		}, {
			"streams":	[{
					"socket":	5,
					"start":	3.000249,
					"end":	4.000099,
					"seconds":	0.99984997510910034,
					"bytes":	2932200,
					"bits_per_second":	23461119.751931168,
					"retransmits":	0,
					"snd_cwnd":	243264,
					"snd_wnd":	2602112,
					"rtt":	95052,
					"rttvar":	2071,
					"pmtu":	1500,
					"omitted":	false,
					"sender":	true
				}],
			"sum":	{
				"start":	3.000249,
				"end":	4.000099,
				"seconds":	0.99984997510910034,
				"bytes":	2932200,
				"bits_per_second":	23461119.751931168,
				"retransmits":	0,
				"omitted":	false,
				"sender":	true
			}
		}, {
			"streams":	[{
					"socket":	5,
					"start":	4.000099,
					"end":	5.000182,
					"seconds":	1.0000829696655273,
					"bytes":	2345760,
					"bits_per_second":	18764523.11379347,
					"retransmits":	0,
					"snd_cwnd":	262088,
					"snd_wnd":	2602112,
					"rtt":	98914,
					"rttvar":	1040,
					"pmtu":	1500,
					"omitted":	false,
					"sender":	true
				}],
			"sum":	{
				"start":	4.000099,
				"end":	5.000182,
				"seconds":	1.0000829696655273,
				"bytes":	2345760,
				"bits_per_second":	18764523.11379347,
				"retransmits":	0,
				"omitted":	false,
				"sender":	true
			}
		}, {
			"streams":	[{
					"socket":	5,
					"start":	5.000182,
					"end":	6.000254,
					"seconds":	1.0000720024108887,
					"bytes":	2345760,
					"bits_per_second":	18764728.894279938,
					"retransmits":	8,
					"snd_cwnd":	198376,
					"snd_wnd":	2602112,
					"rtt":	72816,
					"rttvar":	751,
					"pmtu":	1500,
					"omitted":	false,
					"sender":	true
				}],
			"sum":	{
				"start":	5.000182,
				"end":	6.000254,
				"seconds":	1.0000720024108887,
				"bytes":	2345760,
				"bits_per_second":	18764728.894279938,
				"retransmits":	8,
				"omitted":	false,
				"sender":	true
			}
		}, {
			"streams":	[{
					"socket":	5,
					"start":	6.000254,
					"end":	7.00011,
					"seconds":	0.99985599517822266,
					"bytes":	2932200,
					"bits_per_second":	23460978.494026754,
					"retransmits":	0,
					"snd_cwnd":	217200,
					"snd_wnd":	2602112,
					"rtt":	86419,
					"rttvar":	1043,
					"pmtu":	1500,
					"omitted":	false,
					"sender":	true
				}],
			"sum":	{
				"start":	6.000254,
				"end":	7.00011,
				"seconds":	0.99985599517822266,
				"bytes":	2932200,
				"bits_per_second":	23460978.494026754,
				"retransmits":	0,
				"omitted":	false,
				"sender":	true
			}
		}, {
			"streams":	[{
					"socket":	5,
					"start":	7.00011,
					"end":	8.000209,
					"seconds":	1.0000989437103271,
					"bytes":	2345760,
					"bits_per_second":	18764223.398115583,
					"retransmits":	0,
					"snd_cwnd":	225888,
					"snd_wnd":	2602112,
					"rtt":	89190,
					"rttvar":	929,
					"pmtu":	1500,
					"omitted":	false,
					"sender":	true
				}],
			"sum":	{
				"start":	7.00011,
				"end":	8.000209,
				"seconds":	1.0000989437103271,
				"bytes":	2345760,
				"bits_per_second":	18764223.398115583,
				"retransmits":	0,
				"omitted":	false,
				"sender":	true
			}
		}, {
			"streams":	[{
					"socket":	5,
					"start":	8.000209,
					"end":	9.000091,
					"seconds":	0.99988198280334473,
					"bytes":	2932200,
					"bits_per_second":	23460368.726949655,
					"retransmits":	0,
					"snd_cwnd":	227336,
					"snd_wnd":	2602112,
					"rtt":	87003,
					"rttvar":	1358,
					"pmtu":	1500,
					"omitted":	false,
					"sender":	true
				}],
			"sum":	{
				"start":	8.000209,
				"end":	9.000091,
				"seconds":	0.99988198280334473,
				"bytes":	2932200,
				"bits_per_second":	23460368.726949655,
				"retransmits":	0,
				"omitted":	false,
				"sender":	true
			}
		}, {
			"streams":	[{
					"socket":	5,
					"start":	9.000091,
					"end":	10.000159,
					"seconds":	1.0000679492950439,
					"bytes":	2345760,
					"bits_per_second":	18764804.944732368,
					"retransmits":	0,
					"snd_cwnd":	227336,
					"snd_wnd":	2602112,
					"rtt":	90327,
					"rttvar":	1398,
					"pmtu":	1500,
					"omitted":	false,
					"sender":	true
				}],
			"sum":	{
				"start":	9.000091,
				"end":	10.000159,
				"seconds":	1.0000679492950439,
				"bytes":	2345760,
				"bits_per_second":	18764804.944732368,
				"retransmits":	0,
				"omitted":	false,
				"sender":	true
			}
		}],
	"end":	{
		"streams":	[{
				"sender":	{
					"socket":	5,
					"start":	0,
					"end":	10.000159,
					"seconds":	10.000159,
					"bytes":	25729512,
					"bits_per_second":	20583282.325811021,
					"retransmits":	11,
					"max_snd_cwnd":	262088,
					"max_snd_wnd":	2602112,
					"max_rtt":	98914,
					"min_rtt":	38745,
					"mean_rtt":	82365,
					"sender":	true
				},
				"receiver":	{
					"socket":	5,
					"start":	0,
					"end":	10.084271,
					"seconds":	10.000159,
					"bytes":	24574008,
					"bits_per_second":	19494920.7533197,
					"sender":	true
				}
			}],
		"sum_sent":	{
			"start":	0,
			"end":	10.000159,
			"seconds":	10.000159,
			"bytes":	25729512,
			"bits_per_second":	20583282.325811021,
			"retransmits":	11,
			"sender":	true
		},
		"sum_received":	{
			"start":	0,
			"end":	10.084271,
			"seconds":	10.084271,
			"bytes":	24574008,
			"bits_per_second":	19494920.7533197,
			"sender":	true
		},
		"cpu_utilization_percent":	{
			"host_total":	0.90327393920418675,
			"host_user":	0.0371352962956975,
			"host_system":	0.86612878485266342,
			"remote_total":	0.65819292172002519,
			"remote_user":	0,