{
	"start":	{
		"connected":	[{
				"socket":	5,
				"local_host":	"192.168.225.48",
				"local_port":	42546,
				"remote_host":	"192.168.26.3",
				"remote_port":	55002
			}],
		"version":	"iperf 3.12",
		"system_info":	"Linux rpi2 6.6.74+rpt-rpi-v8 #1 SMP PREEMPT Debian 1:6.6.74-1+rpt1 (2025-01-27) aarch64",
		"timestamp":	{
			"time":	"Fri, 23 May 2025 00:50:46 GMT",
			"timesecs":	1747961446
		},
		"connecting_to":	{
			"host":	"192.168.26.3",
			"port":	55002
		},
		"cookie":	"64tm5lwvkvbxwue6l6v76hlbmrmddc7f3oxc",
		"tcp_mss_default":	1448,
		"target_bitrate":	0,
		"sock_bufsize":	0,
		"sndbuf_actual":	16384,
		"rcvbuf_actual":	131072,
		"test_start":	{
			"protocol":	"TCP",
			"num_streams":	1,
			"blksize":	131072,
			"omit":	0,
			"duration":	10,
			"bytes":	0,
			"blocks":	0,
			"reverse":	0,
			"tos":	0,
			"target_bitrate":	0
		}
	},
	"intervals":	[{
			"streams":	[{
					"socket":	5,
					"start":	0,
					"end":	1.000125,
					"seconds":	1.0001250505447388,
					"bytes":	1314784,
					"bits_per_second":	10516956.848817062,
					"retransmits":	17,
					"snd_cwnd":	36200,
					"snd_wnd":	967808,
					"rtt":	40634,
					"rttvar":	462,
					"pmtu":	1500,
					"omitted":	false,
					"sender":	true
				}],
			"sum":	{
				"start":	0,
				"end":	1.000125,
				"seconds":	1.0001250505447388,
				"bytes":	1314784,
				"bits_per_second":	10516956.848817062,
				"retransmits":	17,
				"omitted":	false,
				"sender":	true
			}
		}, {
			"streams":	[{
					"socket":	5,
					"start":	1.000125,
					"end":	2.00033,
					"seconds":	1.0002050399780273,
					"bytes":	651600,
					"bits_per_second":	5211731.3867109846,
					"retransmits":	2,
					"snd_cwnd":	34752,
					"snd_wnd":	969216,
					"rtt":	48358,
					"rttvar":	3018,
					"pmtu":	1500,
					"omitted":	false,
					"sender":	true
				}],
			"sum":	{
				"start":	1.000125,
				"end":	2.00033,
				"seconds":	1.0002050399780273,
				"bytes":	651600,
				"bits_per_second":	5211731.3867109846,
				"retransmits":	2,
				"omitted":	false,
				"sender":	true
			}
		}, {
			"streams":	[{
					"socket":	5,
					"start":	2.00033,
					"end":	3.000497,
					"seconds":	1.0001670122146606,
					"bytes":	586440,
					"bits_per_second":	4690736.5896937652,
					"retransmits":	20,
					"snd_cwnd":	4344,
					"snd_wnd":	967808,
					"rtt":	52067,
					"rttvar":	7921,
					"pmtu":	1500,
					"omitted":	false,
					"sender":	true
				}],
			"sum":	{
				"start":	2.00033,
				"end":	3.000497,
				"seconds":	1.0001670122146606,
				"bytes":	586440,
				"bits_per_second":	4690736.5896937652,
				"retransmits":	20,
				"omitted":	false,
				"sender":	true
			}
		}, {
			"streams":	[{
					"socket":	5,
					"start":	3.000497,
					"end":	4.001039,
					"seconds":	1.0005420446395874,
					"bytes":	0,
					"bits_per_second":	0,
					"retransmits":	13,
					"snd_cwnd":	2896,
					"snd_wnd":	964864,
					"rtt":	47766,
					"rttvar":	9794,
					"pmtu":	1500,
					"omitted":	false,
					"sender":	true
				}],
			"sum":	{
				"start":	3.000497,
				"end":	4.001039,
				"seconds":	1.0005420446395874,
				"bytes":	0,
				"bits_per_second":	0,
				"retransmits":	13,
				"omitted":	false,
				"sender":	true
			}
		}, {
			"streams":	[{
					"socket":	5,
					"start":	4.001039,
					"end":	5.001031,
					"seconds":	0.9999920129776,
					"bytes":	0,
					"bits_per_second":	0,
					"retransmits":	10,
					"snd_cwnd":	2896,
					"snd_wnd":	966400,
					"rtt":	51280,
					"rttvar":	14667,
					"pmtu":	1500,
					"omitted":	false,
					"sender":	true
				}],
			"sum":	{
				"start":	4.001039,
				"end":	5.001031,
				"seconds":	0.9999920129776,
				"bytes":	0,
				"bits_per_second":	0,
				"retransmits":	10,
				"omitted":	false,
				"sender":	true
			}
		}, {
			"streams":	[{
					"socket":	5,
					"start":	5.001031,
					"end":	6.001071,
					"seconds":	1.0000400543212891,
					"bytes":	0,
					"bits_per_second":	0,
					"retransmits":	10,
					"snd_cwnd":	2896,
					"snd_wnd":	966400,
					"rtt":	49702,
					"rttvar":	13011,
					"pmtu":	1500,
					"omitted":	false,
					"sender":	true
				}],
			"sum":	{
				"start":	5.001031,
				"end":	6.001071,
				"seconds":	1.0000400543212891,
				"bytes":	0,
				"bits_per_second":	0,
				"retransmits":	10,
				"omitted":	false,
				"sender":	true
			}
		}, {
			"streams":	[{
					"socket":	5,
					"start":	6.001071,
					"end":	7.001068,
					"seconds":	0.99999701976776123,
					"bytes":	0,
					"bits_per_second":	0,
					"retransmits":	9,
					"snd_cwnd":	1448,
					"snd_wnd":	967808,
					"rtt":	52893,
					"rttvar":	16464,
					"pmtu":	1500,
					"omitted":	false,
					"sender":	true
				}],
			"sum":	{
				"start":	6.001071,
				"end":	7.001068,
				"seconds":	0.99999701976776123,
				"bytes":	0,
				"bits_per_second":	0,
				"retransmits":	9,
				"omitted":	false,
				"sender":	true
			}
		}, {
			"streams":	[{
					"socket":	5,
					"start":	7.001068,
					"end":	8.000634,
					"seconds":	0.99956601858139038,
					"bytes":	195480,
					"bits_per_second":	1564518.9721629811,
					"retransmits":	10,
					"snd_cwnd":	1448,
					"snd_wnd":	967808,
					"rtt":	50599,
					"rttvar":	15675,
					"pmtu":	1500,
					"omitted":	false,
					"sender":	true
				}],
			"sum":	{
				"start":	7.001068,
				"end":	8.000634,
				"seconds":	0.99956601858139038,
				"bytes":	195480,
				"bits_per_second":	1564518.9721629811,
				"retransmits":	10,
				"omitted":	false,
				"sender":	true
			}
		}, {
			"streams":	[{
					"socket":	5,
					"start":	8.000634,
					"end":	9.001056,
					"seconds":	1.00042200088501,
					"bytes":	0,
					"bits_per_second":	0,
					"retransmits":	10,
					"snd_cwnd":	4344,
					"snd_wnd":	967808,
					"rtt":	50673,
					"rttvar":	16026,
					"pmtu":	1500,
					"omitted":	false,
					"sender":	true
				}],
			"sum":	{
				"start":	8.000634,
				"end":	9.001056,
				"seconds":	1.00042200088501,
				"bytes":	0,
				"bits_per_second":	0,
				"retransmits":	10,
				"omitted":	false,
				"sender":	true
			}
		}, {
			"streams":	[{
					"socket":	5,
					"start":	9.001056,
					"end":	10.001092,
					"seconds":	1.0000360012054443,
					"bytes":	0,
					"bits_per_second":	0,
					"retransmits":	10,
					"snd_cwnd":	5792,
					"snd_wnd":	967808,
					"rtt":	46899,
					"rttvar":	10973,
					"pmtu":	1500,
					"omitted":	false,
					"sender":	true
				}],
			"sum":	{
				"start":	9.001056,
				"end":	10.001092,
				"seconds":	1.0000360012054443,
				"bytes":	0,
				"bits_per_second":	0,
				"retransmits":	10,
				"omitted":	false,
				"sender":	true
			}
		}],
	"end":	{
		"streams":	[{
				"sender":	{
					"socket":	5,
					"start":	0,
					"end":	10.001092,
					"seconds":	10.001092,
					"bytes":	2748304,
					"bits_per_second":	2198403.1343777259,
					"retransmits":	111,
					"max_snd_cwnd":	36200,
					"max_snd_wnd":	969216,
					"max_rtt":	52893,
					"min_rtt":	40634,
					"mean_rtt":	49087,
					"sender":	true
				},
				"receiver":	{
					"socket":	5,
					"start":	0,
					"end":	10.039436,
					"seconds":	10.001092,
					"bytes":	2266120,
					"bits_per_second":	1805774.7467088788,
					"sender":	true
				}
			}],
		"sum_sent":	{
			"start":	0,
			"end":	10.001092,
			"seconds":	10.001092,
			"bytes":	2748304,
			"bits_per_second":	2198403.1343777259,
			"retransmits":	111,
			"sender":	true
		},
		"sum_received":	{
			"start":	0,
			"end":	10.039436,
			"seconds":	10.039436,
			"bytes":	2266120,
			"bits_per_second":	1805774.7467088788,
			"sender":	true
		},
		"cpu_utilization_percent":	{
			"host_total":	0.815523848393896,
			"host_user":	0.079462004633282457,
			"host_system":	0.7360520020458956,
			"remote_total":	0.0445867330171019,
			"remote_user":	0.00761269982771972,
			"remote_system":	0.03697403318938218
		},
		"sender_tcp_congestion":	"cubic",
		"receiver_tcp_congestion":	"cubic"
	}
}
