{
	"start":	{
		"connected":	[{
				"socket":	5,
				"local_host":	"192.168.225.48",
				"local_port":	55520,
				"remote_host":	"192.168.26.3",
				"remote_port":	55002
			}],
		"version":	"iperf 3.12",
		"system_info":	"Linux rpi2 6.6.74+rpt-rpi-v8 #1 SMP PREEMPT Debian 1:6.6.74-1+rpt1 (2025-01-27) aarch64",
		"timestamp":	{
			"time":	"Fri, 23 May 2025 00:12:26 GMT",
			"timesecs":	1747959146
		},
		"connecting_to":	{
			"host":	"192.168.26.3",
			"port":	55002
		},
		"cookie":	"hwnvtdef6tber3ec2vifngpgde6mss73liub",
		"tcp_mss_default":	1448,
		"target_bitrate":	0,
		"sock_bufsize":	0,
		"sndbuf_actual":	16384,
		"rcvbuf_actual":	131072,
		"test_start":	{
			"protocol":	"TCP",
			"num_streams":	1,
			"blksize":	131072,
			"omit":	0,
			"duration":	10,
			"bytes":	0,
			"blocks":	0,
			"reverse":	0,
			"tos":	0,
			"target_bitrate":	0
		}
	},
	"intervals":	[{
			"streams":	[{
					"socket":	5,
					"start":	0,
					"end":	1.000156,
					"seconds":	1.000156044960022,
					"bytes":	977400,
					"bits_per_second":	7817980.04361664,
					"retransmits":	3,
					"snd_cwnd":	41992,
					"snd_wnd":	544000,
					"rtt":	43454,
					"rttvar":	9010,
					"pmtu":	1500,
					"omitted":	false,
					"sender":	true
				}],
			"sum":	{
				"start":	0,
				"end":	1.000156,
				"seconds":	1.000156044960022,
				"bytes":	977400,
				"bits_per_second":	7817980.04361664,
				"retransmits":	3,
				"omitted":	false,
				"sender":	true
			}
		}, {
			"streams":	[{
					"socket":	5,
					"start":	1.000156,
					"end":	2.000078,
					"seconds":	0.999921977519989,
					"bytes":	912240,
					"bits_per_second":	7298489.44624693,
					"retransmits":	6,
					"snd_cwnd":	27512,
					"snd_wnd":	545536,
					"rtt":	30526,
					"rttvar":	3805,
					"pmtu":	1500,
					"omitted":	false,
					"sender":	true
				}],
			"sum":	{
				"start":	1.000156,
				"end":	2.000078,
				"seconds":	0.999921977519989,
				"bytes":	912240,
				"bits_per_second":	7298489.44624693,
				"retransmits":	6,
				"omitted":	false,
				"sender":	true
			}
		}, {
			"streams":	[{
					"socket":	5,
					"start":	2.000078,
					"end":	3.000075,
					"seconds":	0.99999701976776123,
					"bytes":	847080,
					"bits_per_second":	6776660.1960211871,
					"retransmits":	3,
					"snd_cwnd":	31856,
					"snd_wnd":	544000,
					"rtt":	31277,
					"rttvar":	4315,
					"pmtu":	1500,
					"omitted":	false,
					"sender":	true
				}],
			"sum":	{
				"start":	2.000078,
				"end":	3.000075,
				"seconds":	0.99999701976776123,
				"bytes":	847080,
				"bits_per_second":	6776660.1960211871,
				"retransmits":	3,
				"omitted":	false,
				"sender":	true
			}
		}, {
			"streams":	[{
					"socket":	5,
					"start":	3.000075,
					"end":	4.000138,
					"seconds":	1.0000629425048828,
					"bytes":	1042560,
					"bits_per_second":	8339955.0623377664,
					"retransmits":	2,
					"snd_cwnd":	36200,
					"snd_wnd":	545536,
					"rtt":	45203,
					"rttvar":	20219,
					"pmtu":	1500,
					"omitted":	false,
					"sender":	true
				}],
			"sum":	{
				"start":	3.000075,
				"end":	4.000138,
				"seconds":	1.0000629425048828,
				"bytes":	1042560,
				"bits_per_second":	8339955.0623377664,
				"retransmits":	2,
				"omitted":	false,
				"sender":	true
			}
		}, {
			"streams":	[{
					"socket":	5,
					"start":	4.000138,
					"end":	5.000075,
					"seconds":	0.99993699789047241,
					"bytes":	1042560,
					"bits_per_second":	8341005.50094214,
					"retransmits":	3,
					"snd_cwnd":	37648,
					"snd_wnd":	545536,
					"rtt":	41539,
					"rttvar":	1307,
					"pmtu":	1500,
					"omitted":	false,
					"sender":	true
				}],
			"sum":	{
				"start":	4.000138,
				"end":	5.000075,
				"seconds":	0.99993699789047241,
				"bytes":	1042560,
				"bits_per_second":	8341005.50094214,
				"retransmits":	3,
				"omitted":	false,
				"sender":	true
			}
		}, {
			"streams":	[{
					"socket":	5,
					"start":	5.000075,
					"end":	6.000094,
					"seconds":	1.0000189542770386,
					"bytes":	1303200,
					"bits_per_second":	10425402.394034784,
					"retransmits":	3,
					"snd_cwnd":	40544,
					"snd_wnd":	544000,
					"rtt":	35815,
					"rttvar":	5040,
					"pmtu":	1500,
					"omitted":	false,
					"sender":	true
				}],
			"sum":	{
				"start":	5.000075,
				"end":	6.000094,
				"seconds":	1.0000189542770386,
				"bytes":	1303200,
				"bits_per_second":	10425402.394034784,
				"retransmits":	3,
				"omitted":	false,
				"sender":	true
			}
		}, {
			"streams":	[{
					"socket":	5,
					"start":	6.000094,
					"end":	7.000153,
					"seconds":	1.0000590085983276,
					"bytes":	912240,
					"bits_per_second":	7297489.3853800576,
					"retransmits":	3,
					"snd_cwnd":	44888,
					"snd_wnd":	545536,
					"rtt":	33997,
					"rttvar":	2383,
					"pmtu":	1500,
					"omitted":	false,
					"sender":	true
				}],
			"sum":	{
				"start":	6.000094,
				"end":	7.000153,
				"seconds":	1.0000590085983276,
				"bytes":	912240,
				"bits_per_second":	7297489.3853800576,
				"retransmits":	3,
				"omitted":	false,
				"sender":	true
			}
		}, {
			"streams":	[{
					"socket":	5,
					"start":	7.000153,
					"end":	8.000213,
					"seconds":	1.000059962272644,
					"bytes":	1172880,
					"bits_per_second":	9382477.4053317457,
					"retransmits":	8,
					"snd_cwnd":	20272,
					"snd_wnd":	545536,
					"rtt":	63905,
					"rttvar":	34273,
					"pmtu":	1500,
					"omitted":	false,
					"sender":	true
				}],
			"sum":	{
				"start":	7.000153,
				"end":	8.000213,
				"seconds":	1.000059962272644,
				"bytes":	1172880,
				"bits_per_second":	9382477.4053317457,
				"retransmits":	8,
				"omitted":	false,
				"sender":	true
			}
		}, {
			"streams":	[{
					"socket":	5,
					"start":	8.000213,
					"end":	9.000095,
					"seconds":	0.99988198280334473,
					"bytes":	651600,
					"bits_per_second":	5213415.27265548,
					"retransmits":	1,
					"snd_cwnd":	28960,
					"snd_wnd":	545536,
					"rtt":	30943,
					"rttvar":	5111,
					"pmtu":	1500,
					"omitted":	false,
					"sender":	true
				}],
			"sum":	{
				"start":	8.000213,
				"end":	9.000095,
				"seconds":	0.99988198280334473,
				"bytes":	651600,
				"bits_per_second":	5213415.27265548,
				"retransmits":	1,
				"omitted":	false,
				"sender":	true
			}
		}, {
			"streams":	[{
					"socket":	5,
					"start":	9.000095,
					"end":	10.000165,
					"seconds":	1.0000699758529663,
					"bytes":	651600,
					"bits_per_second":	5212435.2553969715,
					"retransmits":	3,
					"snd_cwnd":	33304,
					"snd_wnd":	545536,
					"rtt":	31225,
					"rttvar":	4656,
					"pmtu":	1500,
					"omitted":	false,
					"sender":	true
				}],
			"sum":	{
				"start":	9.000095,
				"end":	10.000165,
				"seconds":	1.0000699758529663,
				"bytes":	651600,
				"bits_per_second":	5212435.2553969715,
				"retransmits":	3,
				"omitted":	false,
				"sender":	true
			}
		}],
	"end":	{
		"streams":	[{
				"sender":	{
					"socket":	5,
					"start":	0,
					"end":	10.000165,
					"seconds":	10.000165,
					"bytes":	9513360,
					"bits_per_second":	7610562.4257199746,
					"retransmits":	35,
					"max_snd_cwnd":	44888,
					"max_snd_wnd":	545536,
					"max_rtt":	63905,
					"min_rtt":	30526,
					"mean_rtt":	38788,
					"sender":	true
				},
				"receiver":	{
					"socket":	5,
					"start":	0,
					"end":	10.020434,
					"seconds":	10.000165,
					"bytes":	9262856,
					"bits_per_second":	7395173.5024650628,
					"sender":	true
				}
			}],
		"sum_sent":	{
			"start":	0,
			"end":	10.000165,
			"seconds":	10.000165,
			"bytes":	9513360,
			"bits_per_second":	7610562.4257199746,
			"retransmits":	35,
			"sender":	true
		},
		"sum_received":	{
			"start":	0,
			"end":	10.020434,
			"seconds":	10.020434,
			"bytes":	9262856,
			"bits_per_second":	7395173.5024650628,
			"sender":	true
		},
		"cpu_utilization_percent":	{
			"host_total":	0.92614318615775282,
			"host_user":	0.17077419735831972,
			"host_system":	0.75534930414755619,
			"remote_total":	0.26311422323886691,
			"remote_user":	0.0318387417020343,
			"remote_system":	0.23128056272765637
		},