{
	"start":	{
		"connected":	[{
				"socket":	5,
				"local_host":	"192.168.225.48",
				"local_port":	49698,
				"remote_host":	"192.168.26.3",
				"remote_port":	55002
			}],
		"version":	"iperf 3.12",
		"system_info":	"Linux rpi2 6.6.74+rpt-rpi-v8 #1 SMP PREEMPT Debian 1:6.6.74-1+rpt1 (2025-01-27) aarch64",
		"timestamp":	{
			"time":	"Fri, 23 May 2025 00:27:56 GMT",
			"timesecs":	1747960076
		},
		"connecting_to":	{
			"host":	"192.168.26.3",
			"port":	55002
		},
		"cookie":	"aupup7dqpinmljyyezaump6muya6bv4d3blo",
		"tcp_mss_default":	1448,
		"target_bitrate":	0,
		"sock_bufsize":	0,
		"sndbuf_actual":	16384,
		"rcvbuf_actual":	131072,
		"test_start":	{
			"protocol":	"TCP",
			"num_streams":	1,
			"blksize":	131072,
			"omit":	0,
			"duration":	10,
			"bytes":	0,
			"blocks":	0,
			"reverse":	0,
			"tos":	0,
			"target_bitrate":	0
		}
	},
	"intervals":	[{
			"streams":	[{
					"socket":	5,
					"start":	0,
					"end":	1.000349,
					"seconds":	1.0003490447998047,
					"bytes":	1193152,
					"bits_per_second":	9541885.4545017742,
					"retransmits":	12,
					"snd_cwnd":	18824,
					"snd_wnd":	1153024,
					"rtt":	38103,
					"rttvar":	727,
					"pmtu":	1500,
					"omitted":	false,
					"sender":	true
				}],
			"sum":	{
				"start":	0,
				"end":	1.000349,
				"seconds":	1.0003490447998047,
				"bytes":	1193152,
				"bits_per_second":	9541885.4545017742,
				"retransmits":	12,
				"omitted":	false,
				"sender":	true
			}
		}, {
			"streams":	[{
					"socket":	5,
					"start":	1.000349,
					"end":	2.000339,
					"seconds":	0.99998998641967773,
					"bytes":	521280,
					"bits_per_second":	4170281.7594513646,
					"retransmits":	0,
					"snd_cwnd":	36200,
					"snd_wnd":	1634048,
					"rtt":	44629,
					"rttvar":	4592,
					"pmtu":	1500,
					"omitted":	false,
					"sender":	true
				}],
			"sum":	{
				"start":	1.000349,
				"end":	2.000339,
				"seconds":	0.99998998641967773,
				"bytes":	521280,
				"bits_per_second":	4170281.7594513646,
				"retransmits":	0,
				"omitted":	false,
				"sender":	true
			}
		}, {
			"streams":	[{
					"socket":	5,
					"start":	2.000339,
					"end":	3.000117,
					"seconds":	0.99977797269821167,
					"bytes":	781920,
					"bits_per_second":	6256749.16913599,
					"retransmits":	5,
					"snd_cwnd":	24616,
					"snd_wnd":	1635584,
					"rtt":	42883,
					"rttvar":	5437,
					"pmtu":	1500,
					"omitted":	false,
					"sender":	true
				}],
			"sum":	{
				"start":	2.000339,
				"end":	3.000117,
				"seconds":	0.99977797269821167,
				"bytes":	781920,
				"bits_per_second":	6256749.16913599,
				"retransmits":	5,
				"omitted":	false,
				"sender":	true
			}
		}, {
			"streams":	[{
					"socket":	5,
					"start":	3.000117,
					"end":	4.00023,
					"seconds":	1.0001130104064941,
					"bytes":	521280,
					"bits_per_second":	4169768.7727360064,
					"retransmits":	2,
					"snd_cwnd":	28960,
					"snd_wnd":	1635584,
					"rtt":	53148,
					"rttvar":	9638,
					"pmtu":	1500,
					"omitted":	false,
					"sender":	true
				}],
			"sum":	{
				"start":	3.000117,
				"end":	4.00023,
				"seconds":	1.0001130104064941,
				"bytes":	521280,
				"bits_per_second":	4169768.7727360064,
				"retransmits":	2,
				"omitted":	false,
				"sender":	true
			}
		}, {
			"streams":	[{
					"socket":	5,
					"start":	4.00023,
					"end":	5.000283,
					"seconds":	1.00005304813385,
					"bytes":	521280,
					"bits_per_second":	4170018.7882851618,
					"retransmits":	3,
					"snd_cwnd":	34752,
					"snd_wnd":	1635584,
					"rtt":	45498,
					"rttvar":	7032,
					"pmtu":	1500,
					"omitted":	false,
					"sender":	true
				}],
			"sum":	{
				"start":	4.00023,
				"end":	5.000283,
				"seconds":	1.00005304813385,
				"bytes":	521280,
				"bits_per_second":	4170018.7882851618,
				"retransmits":	3,
				"omitted":	false,
				"sender":	true
			}
		}, {
			"streams":	[{
					"socket":	5,
					"start":	5.000283,
					"end":	6.000099,
					"seconds":	0.99981600046157837,
					"bytes":	781920,
					"bits_per_second":	6256511.1951720417,
					"retransmits":	1,
					"snd_cwnd":	36200,
					"snd_wnd":	1635584,
					"rtt":	38153,
					"rttvar":	5467,
					"pmtu":	1500,
					"omitted":	false,
					"sender":	true
				}],
			"sum":	{
				"start":	5.000283,
				"end":	6.000099,
				"seconds":	0.99981600046157837,
				"bytes":	781920,
				"bits_per_second":	6256511.1951720417,
				"retransmits":	1,
				"omitted":	false,
				"sender":	true
			}
		}, {
			"streams":	[{
					"socket":	5,
					"start":	6.000099,
					"end":	7.000368,
					"seconds":	1.0002690553665161,
					"bytes":	521280,
					"bits_per_second":	4169118.2763541066,
					"retransmits":	3,
					"snd_cwnd":	36200,
					"snd_wnd":	1635584,
					"rtt":	41365,
					"rttvar":	2531,
					"pmtu":	1500,
					"omitted":	false,
					"sender":	true
				}],
			"sum":	{
				"start":	6.000099,
				"end":	7.000368,
				"seconds":	1.0002690553665161,
				"bytes":	521280,
				"bits_per_second":	4169118.2763541066,
				"retransmits":	3,
				"omitted":	false,
				"sender":	true
			}
		}, {
			"streams":	[{
					"socket":	5,
					"start":	7.000368,
					"end":	8.00013,
					"seconds":	0.999761998653412,
					"bytes":	781920,
					"bits_per_second":	6256849.1385203665,
					"retransmits":	4,
					"snd_cwnd":	26064,
					"snd_wnd":	1635584,
					"rtt":	43737,
					"rttvar":	5131,
					"pmtu":	1500,
					"omitted":	false,
					"sender":	true
				}],
			"sum":	{
				"start":	7.000368,
				"end":	8.00013,
				"seconds":	0.999761998653412,
				"bytes":	781920,
				"bits_per_second":	6256849.1385203665,
				"retransmits":	4,
				"omitted":	false,
				"sender":	true
			}
		}, {
			"streams":	[{
					"socket":	5,
					"start":	8.00013,
					"end":	9.000338,
					"seconds":	1.0002080202102661,
					"bytes":	521280,
					"bits_per_second":	4169372.6862171353,
					"retransmits":	1,
					"snd_cwnd":	27512,
					"snd_wnd":	1635584,
					"rtt":	40139,
					"rttvar":	1608,
					"pmtu":	1500,
					"omitted":	false,
					"sender":	true
				}],
			"sum":	{
				"start":	8.00013,
				"end":	9.000338,
				"seconds":	1.0002080202102661,
				"bytes":	521280,
				"bits_per_second":	4169372.6862171353,
				"retransmits":	1,
				"omitted":	false,
				"sender":	true
			}
		}, {
			"streams":	[{
					"socket":	5,
					"start":	9.000338,
					"end":	10.000553,
					"seconds":	1.0002150535583496,
					"bytes":	521280,
					"bits_per_second":	4169343.3678727578,
					"retransmits":	5,
					"snd_cwnd":	18824,
					"snd_wnd":	1635584,
					"rtt":	42117,
					"rttvar":	2904,
					"pmtu":	1500,
					"omitted":	false,
					"sender":	true
				}],
			"sum":	{
				"start":	9.000338,
				"end":	10.000553,
				"seconds":	1.0002150535583496,
				"bytes":	521280,
				"bits_per_second":	4169343.3678727578,
				"retransmits":	5,
				"omitted":	false,
				"sender":	true
			}
		}],
	"end":	{
		"streams":	[{
				"sender":	{
					"socket":	5,
					"start":	0,
					"end":	10.000553,
					"seconds":	10.000553,
					"bytes":	6666592,
					"bits_per_second":	5332978.68627865,
					"retransmits":	36,
					"max_snd_cwnd":	36200,
					"max_snd_wnd":	1635584,
					"max_rtt":	53148,
					"min_rtt":	38103,
					"mean_rtt":	42977,
					"sender":	true
				},
				"receiver":	{
					"socket":	5,
					"start":	0,
					"end":	10.017353,
					"seconds":	10.000553,
					"bytes":	6229296,
					"bits_per_second":	4974804.0225796178,
					"sender":	true
				}
			}],
		"sum_sent":	{
			"start":	0,
			"end":	10.000553,
			"seconds":	10.000553,
			"bytes":	6666592,
			"bits_per_second":	5332978.68627865,
			"retransmits":	36,
			"sender":	true
		},
		"sum_received":	{
			"start":	0,
			"end":	10.017353,
			"seconds":	10.017353,
			"bytes":	6229296,
			"bits_per_second":	4974804.0225796178,
			"sender":	true
		},
		"cpu_utilization_percent":	{
			"host_total":	0.88187006058033945,
			"host_user":	0.025009283749270559,
			"host_system":	0.856860776831069,
			"remote_total":	0.19011405399239131,
			"remote_user":	0,
			"remote_system":	0.19011405399239131
		},