{
	"start":	{
		"connected":	[{
				"socket":	5,
				"local_host":	"192.168.225.48",
				"local_port":	55844,
				"remote_host":	"192.168.26.3",
				"remote_port":	55002
			}],
		"version":	"iperf 3.12",
		"system_info":	"Linux rpi2 6.6.74+rpt-rpi-v8 #1 SMP PREEMPT Debian 1:6.6.74-1+rpt1 (2025-01-27) aarch64",
		"timestamp":	{
			"time":	"Fri, 23 May 2025 00:05:47 GMT",
			"timesecs":	1747958747
		},
		"connecting_to":	{
			"host":	"192.168.26.3",
			"port":	55002
		},
		"cookie":	"uawxxth5rl453gfexbptqekad3x2mkvp3rpa",
		"tcp_mss_default":	1448,
		"target_bitrate":	0,
		"sock_bufsize":	0,
		"sndbuf_actual":	16384,
		"rcvbuf_actual":	131072,
		"test_start":	{
			"protocol":	"TCP",
			"num_streams":	1,
			"blksize":	131072,
			"omit":	0,
			"duration":	10,
			"bytes":	0,
			"blocks":	0,
			"reverse":	0,
			"tos":	0,
			"target_bitrate":	0
		}
	},
	"intervals":	[{
			"streams":	[{
					"socket":	5,
					"start":	0,
					"end":	1.000163,
					"seconds":	1.0001629590988159,
					"bytes":	1505920,
					"bits_per_second":	12045397.092944853,
					"retransmits":	0,
					"snd_cwnd":	108600,
					"snd_wnd":	440064,
					"rtt":	93732,
					"rttvar":	1574,
					"pmtu":	1500,
					"omitted":	false,
					"sender":	true
				}],
			"sum":	{
				"start":	0,
				"end":	1.000163,
				"seconds":	1.0001629590988159,
				"bytes":	1505920,
				"bits_per_second":	12045397.092944853,
				"retransmits":	0,
				"omitted":	false,
				"sender":	true
			}
		}, {
			"streams":	[{
					"socket":	5,
					"start":	1.000163,
					"end":	2.000087,
					"seconds":	0.99992400407791138,
					"bytes":	1238040,
					"bits_per_second":	9905072.74513662,
					"retransmits":	5,
					"snd_cwnd":	98464,
					"snd_wnd":	1423232,
					"rtt":	87623,
					"rttvar":	1518,
					"pmtu":	1500,
					"omitted":	false,
					"sender":	true
				}],
			"sum":	{
				"start":	1.000163,
				"end":	2.000087,
				"seconds":	0.99992400407791138,
				"bytes":	1238040,
				"bits_per_second":	9905072.74513662,
				"retransmits":	5,
				"omitted":	false,
				"sender":	true
			}
		}, {
			"streams":	[{
					"socket":	5,
					"start":	2.000087,
					"end":	3.000172,
					"seconds":	1.00008499622345,
					"bytes":	1042560,
					"bits_per_second":	8339771.1509477347,
					"retransmits":	0,
					"snd_cwnd":	115840,
					"snd_wnd":	2473344,
					"rtt":	99967,
					"rttvar":	1099,
					"pmtu":	1500,
					"omitted":	false,
					"sender":	true
				}],
			"sum":	{
				"start":	2.000087,
				"end":	3.000172,
				"seconds":	1.00008499622345,
				"bytes":	1042560,
				"bits_per_second":	8339771.1509477347,
				"retransmits":	0,
				"omitted":	false,
				"sender":	true
			}
		}, {
			"streams":	[{
					"socket":	5,
					"start":	3.000172,
					"end":	4.000256,
					"seconds":	1.0000840425491333,
					"bytes":	1042560,
					"bits_per_second":	8339779.1037049163,
					"retransmits":	2,
					"snd_cwnd":	88328,
					"snd_wnd":	2474752,
					"rtt":	75292,
					"rttvar":	1535,
					"pmtu":	1500,
					"omitted":	false,
					"sender":	true
				}],
			"sum":	{
				"start":	3.000172,
				"end":	4.000256,
				"seconds":	1.0000840425491333,
				"bytes":	1042560,
				"bits_per_second":	8339779.1037049163,
				"retransmits":	2,
				"omitted":	false,
				"sender":	true
			}
		}, {
			"streams":	[{
					"socket":	5,
					"start":	4.000256,
					"end":	5.000089,
					"seconds":	0.99983298778533936,
					"bytes":	1303200,
					"bits_per_second":	10427341.493395835,
					"retransmits":	0,
					"snd_cwnd":	99912,
					"snd_wnd":	2474752,
					"rtt":	87935,
					"rttvar":	1353,
					"pmtu":	1500,
					"omitted":	false,
					"sender":	true
				}],
			"sum":	{
				"start":	4.000256,
				"end":	5.000089,
				"seconds":	0.99983298778533936,
				"bytes":	1303200,
				"bits_per_second":	10427341.493395835,
				"retransmits":	0,
				"omitted":	false,
				"sender":	true
			}
		}, {
			"streams":	[{
					"socket":	5,
					"start":	5.000089,
					"end":	6.000117,
					"seconds":	1.0000280141830444,
					"bytes":	1042560,
					"bits_per_second":	8340246.35481198,
					"retransmits":	0,
					"snd_cwnd":	102808,
					"snd_wnd":	2474752,
					"rtt":	91694,
					"rttvar":	1153,
					"pmtu":	1500,
					"omitted":	false,
					"sender":	true
				}],
			"sum":	{
				"start":	5.000089,
				"end":	6.000117,
				"seconds":	1.0000280141830444,
				"bytes":	1042560,
				"bits_per_second":	8340246.35481198,
				"retransmits":	0,
				"omitted":	false,
				"sender":	true
			}
		}, {
			"streams":	[{
					"socket":	5,
					"start":	6.000117,
					"end":	7.000174,
					"seconds":	1.0000569820404053,
					"bytes":	1042560,
					"bits_per_second":	8340004.7695112433,
					"retransmits":	0,
					"snd_cwnd":	110048,
					"snd_wnd":	2474752,
					"rtt":	104414,
					"rttvar":	1946,
					"pmtu":	1500,
					"omitted":	false,
					"sender":	true
				}],
			"sum":	{
				"start":	6.000117,
				"end":	7.000174,
				"seconds":	1.0000569820404053,
				"bytes":	1042560,
				"bits_per_second":	8340004.7695112433,
				"retransmits":	0,
				"omitted":	false,
				"sender":	true
			}
		}, {
			"streams":	[{
					"socket":	5,
					"start":	7.000174,
					"end":	8.00022,
					"seconds":	1.0000460147857666,
					"bytes":	1042560,
					"bits_per_second":	8340096.2322586,
					"retransmits":	1,
					"snd_cwnd":	92672,
					"snd_wnd":	2473344,
					"rtt":	103639,
					"rttvar":	1557,
					"pmtu":	1500,
					"omitted":	false,
					"sender":	true
				}],
			"sum":	{
				"start":	7.000174,
				"end":	8.00022,
				"seconds":	1.0000460147857666,
				"bytes":	1042560,
				"bits_per_second":	8340096.2322586,
				"retransmits":	1,
				"omitted":	false,
				"sender":	true
			}
		}, {
			"streams":	[{
					"socket":	5,
					"start":	8.00022,
					"end":	9.000262,
					"seconds":	1.0000419616699219,
					"bytes":	1042560,
					"bits_per_second":	8340130.0342163984,
					"retransmits":	0,
					"snd_cwnd":	101360,
					"snd_wnd":	2474752,
					"rtt":	90149,
					"rttvar":	2016,
					"pmtu":	1500,
					"omitted":	false,
					"sender":	true
				}],
			"sum":	{
				"start":	8.00022,
				"end":	9.000262,
				"seconds":	1.0000419616699219,
				"bytes":	1042560,
				"bits_per_second":	8340130.0342163984,
				"retransmits":	0,
				"omitted":	false,
				"sender":	true
			}
		}, {
			"streams":	[{
					"socket":	5,
					"start":	9.000262,
					"end":	10.000129,
					"seconds":	0.999867022037506,
					"bytes":	1303200,
					"bits_per_second":	10426986.559427625,
					"retransmits":	0,
					"snd_cwnd":	112944,
					"snd_wnd":	2474752,
					"rtt":	101678,
					"rttvar":	1723,
					"pmtu":	1500,
					"omitted":	false,
					"sender":	true
				}],
			"sum":	{
				"start":	9.000262,
				"end":	10.000129,
				"seconds":	0.999867022037506,
				"bytes":	1303200,
				"bits_per_second":	10426986.559427625,
				"retransmits":	0,
				"omitted":	false,
				"sender":	true
			}
		}],
	"end":	{
		"streams":	[{
				"sender":	{
					"socket":	5,
					"start":	0,
					"end":	10.000129,
					"seconds":	10.000129,
					"bytes":	11605720,
					"bits_per_second":	9284456.230514627,
					"retransmits":	8,
					"max_snd_cwnd":	115840,
					"max_snd_wnd":	2474752,
					"max_rtt":	104414,
					"min_rtt":	75292,
					"mean_rtt":	93612,
					"sender":	true
				},
				"receiver":	{
					"socket":	5,
					"start":	0,
					"end":	10.099429,
					"seconds":	10.000129,
					"bytes":	11020728,
					"bits_per_second":	8729783.0402095,
					"sender":	true
				}
			}],
		"sum_sent":	{
			"start":	0,
			"end":	10.000129,
			"seconds":	10.000129,
			"bytes":	11605720,
			"bits_per_second":	9284456.230514627,
			"retransmits":	8,
			"sender":	true
		},
		"sum_received":	{
			"start":	0,
			"end":	10.099429,
			"seconds":	10.099429,
			"bytes":	11020728,
			"bits_per_second":	8729783.0402095,
			"sender":	true
		},
		"cpu_utilization_percent":	{
			"host_total":	0.962357208581243,
			"host_user":	0.0987890281751397,
			"host_system":	0.86354845613173459,
			"remote_total":	0.517974688175518,
			"remote_user":	0.092968056855565279,