{
	"start":	{
		"connected":	[{
				"socket":	5,
				"local_host":	"192.168.225.48",
				"local_port":	45392,
				"remote_host":	"192.168.26.3",
				"remote_port":	55002
			}],
		"version":	"iperf 3.12",
		"system_info":	"Linux rpi2 6.6.74+rpt-rpi-v8 #1 SMP PREEMPT Debian 1:6.6.74-1+rpt1 (2025-01-27) aarch64",
		"timestamp":	{
			"time":	"Fri, 23 May 2025 00:05:34 GMT",
			"timesecs":	1747958734
		},
		"connecting_to":	{
			"host":	"192.168.26.3",
			"port":	55002
		},
		"cookie":	"tl7w732vofbmc7lsv7hiqbtpnxzqfpvksyix",
		"tcp_mss_default":	1448,
		"target_bitrate":	0,
		"sock_bufsize":	0,
		"sndbuf_actual":	16384,
		"rcvbuf_actual":	131072,
		"test_start":	{
			"protocol":	"TCP",
			"num_streams":	1,
			"blksize":	131072,
			"omit":	0,
			"duration":	10,
			"bytes":	0,
			"blocks":	0,
			"reverse":	0,
			"tos":	0,
			"target_bitrate":	0
		}
	},
	"intervals":	[{
			"streams":	[{
					"socket":	5,
					"start":	0,
					"end":	1.000144,
					"seconds":	1.0001440048217773,
					"bytes":	1505920,
					"bits_per_second":	12045625.371865127,
					"retransmits":	0,
					"snd_cwnd":	108600,
					"snd_wnd":	376960,
					"rtt":	90910,
					"rttvar":	2269,
					"pmtu":	1500,
					"omitted":	false,
					"sender":	true
				}],
			"sum":	{
				"start":	0,
				"end":	1.000144,
				"seconds":	1.0001440048217773,
				"bytes":	1505920,
				"bits_per_second":	12045625.371865127,
				"retransmits":	0,
				"omitted":	false,
				"sender":	true
			}
		}, {
			"streams":	[{
					"socket":	5,
					"start":	1.000144,
					"end":	2.000074,
					"seconds":	0.99993002414703369,
					"bytes":	1303200,
					"bits_per_second":	10426329.591306459,
					"retransmits":	5,
					"snd_cwnd":	66608,
					"snd_wnd":	595072,
					"rtt":	59409,
					"rttvar":	661,
					"pmtu":	1500,
					"omitted":	false,
					"sender":	true
				}],
			"sum":	{
				"start":	1.000144,
				"end":	2.000074,
				"seconds":	0.99993002414703369,
				"bytes":	1303200,
				"bits_per_second":	10426329.591306459,
				"retransmits":	5,
				"omitted":	false,
				"sender":	true
			}
		}, {
			"streams":	[{
					"socket":	5,
					"start":	2.000074,
					"end":	3.00009,
					"seconds":	1.0000159740448,
					"bytes":	1042560,
					"bits_per_second":	8340346.7709270352,
					"retransmits":	0,
					"snd_cwnd":	78192,
					"snd_wnd":	595072,
					"rtt":	70343,
					"rttvar":	1661,
					"pmtu":	1500,
					"omitted":	false,
					"sender":	true
				}],
			"sum":	{
				"start":	2.000074,
				"end":	3.00009,
				"seconds":	1.0000159740448,
				"bytes":	1042560,
				"bits_per_second":	8340346.7709270352,
				"retransmits":	0,
				"omitted":	false,
				"sender":	true
			}
		}, {
			"streams":	[{
					"socket":	5,
					"start":	3.00009,
					"end":	4.000124,
					"seconds":	1.000033974647522,
					"bytes":	1042560,
					"bits_per_second":	8340196.64475873,
					"retransmits":	0,
					"snd_cwnd":	86880,
					"snd_wnd":	595072,
					"rtt":	80242,
					"rttvar":	1719,
					"pmtu":	1500,
					"omitted":	false,
					"sender":	true
				}],
			"sum":	{
				"start":	3.00009,
				"end":	4.000124,
				"seconds":	1.000033974647522,
				"bytes":	1042560,
				"bits_per_second":	8340196.64475873,
				"retransmits":	0,
				"omitted":	false,
				"sender":	true
			}
		}, {
			"streams":	[{
					"socket":	5,
					"start":	4.000124,
					"end":	5.000148,
					"seconds":	1.0000239610672,
					"bytes":	1042560,
					"bits_per_second":	8340280.15798667,
					"retransmits":	0,
					"snd_cwnd":	97016,
					"snd_wnd":	595072,
					"rtt":	86819,
					"rttvar":	1523,
					"pmtu":	1500,
					"omitted":	false,
					"sender":	true
				}],
			"sum":	{
				"start":	4.000124,
				"end":	5.000148,
				"seconds":	1.0000239610672,
				"bytes":	1042560,
				"bits_per_second":	8340280.15798667,
				"retransmits":	0,
				"omitted":	false,
				"sender":	true
			}
		}, {
			"streams":	[{
					"socket":	5,
					"start":	5.000148,
					"end":	6.000232,
					"seconds":	1.0000840425491333,
					"bytes":	1042560,
					"bits_per_second":	8339779.1037049163,
					"retransmits":	0,
					"snd_cwnd":	105704,
					"snd_wnd":	595072,
					"rtt":	91077,
					"rttvar":	1445,
					"pmtu":	1500,
					"omitted":	false,
					"sender":	true
				}],
			"sum":	{
				"start":	5.000148,
				"end":	6.000232,
				"seconds":	1.0000840425491333,
				"bytes":	1042560,
				"bits_per_second":	8339779.1037049163,
				"retransmits":	0,
				"omitted":	false,
				"sender":	true
			}
		}, {
			"streams":	[{
					"socket":	5,
					"start":	6.000232,
					"end":	7.000096,
					"seconds":	0.99986398220062256,
					"bytes":	1303200,
					"bits_per_second":	10427018.260077804,
					"retransmits":	0,
					"snd_cwnd":	112944,
					"snd_wnd":	595072,
					"rtt":	100233,
					"rttvar":	1291,
					"pmtu":	1500,
					"omitted":	false,
					"sender":	true
				}],
			"sum":	{
				"start":	6.000232,
				"end":	7.000096,
				"seconds":	0.99986398220062256,
				"bytes":	1303200,
				"bits_per_second":	10427018.260077804,
				"retransmits":	0,
				"omitted":	false,
				"sender":	true
			}
		}, {
			"streams":	[{
					"socket":	5,
					"start":	7.000096,
					"end":	8.00036,
					"seconds":	1.000264048576355,
					"bytes":	781920,
					"bits_per_second":	6253708.7171163065,
					"retransmits":	1,
					"snd_cwnd":	89776,
					"snd_wnd":	595072,
					"rtt":	106200,
					"rttvar":	1665,
					"pmtu":	1500,
					"omitted":	false,
					"sender":	true
				}],
			"sum":	{
				"start":	7.000096,
				"end":	8.00036,
				"seconds":	1.000264048576355,
				"bytes":	781920,
				"bits_per_second":	6253708.7171163065,
				"retransmits":	1,
				"omitted":	false,
				"sender":	true
			}
		}, {
			"streams":	[{
					"socket":	5,
					"start":	8.00036,
					"end":	9.000099,
					"seconds":	0.99973899126052856,
					"bytes":	1433520,
					"bits_per_second":	11471154.071464475,
					"retransmits":	0,
					"snd_cwnd":	104256,
					"snd_wnd":	648832,
					"rtt":	88435,
					"rttvar":	850,
					"pmtu":	1500,
					"omitted":	false,
					"sender":	true
				}],
			"sum":	{
				"start":	8.00036,
				"end":	9.000099,
				"seconds":	0.99973899126052856,
				"bytes":	1433520,
				"bits_per_second":	11471154.071464475,
				"retransmits":	0,
				"omitted":	false,
				"sender":	true
			}
		}, {
			"streams":	[{
					"socket":	5,
					"start":	9.000099,
					"end":	10.000169,
					"seconds":	1.0000699758529663,
					"bytes":	1042560,
					"bits_per_second":	8339896.4086351553,
					"retransmits":	0,
					"snd_cwnd":	115840,
					"snd_wnd":	648832,
					"rtt":	102191,
					"rttvar":	1022,
					"pmtu":	1500,
					"omitted":	false,
					"sender":	true
				}],
			"sum":	{
				"start":	9.000099,
				"end":	10.000169,
				"seconds":	1.0000699758529663,
				"bytes":	1042560,
				"bits_per_second":	8339896.4086351553,
				"retransmits":	0,
				"omitted":	false,
				"sender":	true
			}
		}],
	"end":	{
		"streams":	[{
				"sender":	{
					"socket":	5,
					"start":	0,
					"end":	10.000169,
					"seconds":	10.000169,
					"bytes":	11540560,
					"bits_per_second":	9232291.974265635,
					"retransmits":	6,
					"max_snd_cwnd":	115840,
					"max_snd_wnd":	648832,
					"max_rtt":	106200,
					"min_rtt":	59409,
					"mean_rtt":	87585,
					"sender":	true
				},
				"receiver":	{
					"socket":	5,
					"start":	0,
					"end":	10.103296,
					"seconds":	10.000169,
					"bytes":	11038104,
					"bits_per_second":	8740200.4256828669,
					"sender":	true
				}
			}],
		"sum_sent":	{
			"start":	0,
			"end":	10.000169,
			"seconds":	10.000169,
			"bytes":	11540560,
			"bits_per_second":	9232291.974265635,
			"retransmits":	6,
			"sender":	true
		},
		"sum_received":	{
			"start":	0,
			"end":	10.103296,
			"seconds":	10.103296,
			"bytes":	11038104,
			"bits_per_second":	8740200.4256828669,
			"sender":	true
		},
		"cpu_utilization_percent":	{
			"host_total":	0.913006985628027,
			"host_user":	0.15297333366012791,
			"host_system":	0.760033651967899,
			"remote_total":	0.093363939297900156,
			"remote_user":	0.017029169898682764,
			"remote_system":	0.0763331267668359
		},