{
	"start":	{
		"connected":	[{
				"socket":	5,
				"local_host":	"192.168.225.55",
				"local_port":	42634,
				"remote_host":	"192.168.26.3",
				"remote_port":	55004
			}],
		"version":	"iperf 3.16",
		"system_info":	"Linux cse-ThinkPad-P14s-Gen-5 6.11.0-17-generic #17~24.04.2-Ubuntu SMP PREEMPT_DYNAMIC Mon Jan 20 22:48:29 UTC 2 x86_64",
		"timestamp":	{
			"time":	"Fri, 30 May 2025 19:27:50 GMT",
			"timesecs":	1748633270
		},
		"connecting_to":	{
			"host":	"192.168.26.3",
			"port":	55004
		},
		"cookie":	"2cgmded75gsh2j5onrmxcq3zuk7ogsmoun2j",
		"tcp_mss_default":	1448,
		"target_bitrate":	0,
		"fq_rate":	0,
		"sock_bufsize":	0,
		"sndbuf_actual":	16384,
		"rcvbuf_actual":	131072,
		"test_start":	{
			"protocol":	"TCP",
			"num_streams":	1,
			"blksize":	131072,
			"omit":	0,
			"duration":	10,
			"bytes":	0,
			"blocks":	0,
			"reverse":	0,
			"tos":	0,
			"target_bitrate":	0,
			"bidir":	0,
			"fqrate":	0
		}
	},
	"intervals":	[{
			"streams":	[{
					"socket":	5,
					"start":	0,
					"end":	1.001117,
					"seconds":	1.0011169910430908,
					"bytes":	2228224,
					"bits_per_second":	17805902.965872977,
					"retransmits":	0,
					"snd_cwnd":	120184,
					"snd_wnd":	318464,
					"rtt":	39468,
					"rttvar":	1135,
					"pmtu":	1500,
					"omitted":	false,
					"sender":	true
				}],
			"sum":	{
				"start":	0,
				"end":	1.001117,
				"seconds":	1.0011169910430908,
				"bytes":	2228224,
				"bits_per_second":	17805902.965872977,
				"retransmits":	0,
				"omitted":	false,
				"sender":	true
			}
		}, {
			"streams":	[{
					"socket":	5,
					"start":	1.001117,
					"end":	2.00145,
					"seconds":	1.0003329515457153,
					"bytes":	3407872,
					"bits_per_second":	27253901.771278478,
					"retransmits":	0,
					"snd_cwnd":	256296,
					"snd_wnd":	558592,
					"rtt":	88334,
					"rttvar":	906,
					"pmtu":	1500,
					"omitted":	false,
					"sender":	true
				}],
			"sum":	{
				"start":	1.001117,
				"end":	2.00145,
				"seconds":	1.0003329515457153,
				"bytes":	3407872,
				"bits_per_second":	27253901.771278478,
				"retransmits":	0,
				"omitted":	false,
				"sender":	true
			}
		}, {
			"streams":	[{
					"socket":	5,
					"start":	2.00145,
					"end":	3.001238,
					"seconds":	0.999787986278534,
					"bytes":	3276800,
					"bits_per_second":	26219958.991082385,
					"retransmits":	9,
					"snd_cwnd":	234576,
					"snd_wnd":	2827904,
					"rtt":	81249,
					"rttvar":	1106,
					"pmtu":	1500,
					"omitted":	false,
					"sender":	true
				}],
			"sum":	{
				"start":	2.00145,
				"end":	3.001238,
				"seconds":	0.999787986278534,
				"bytes":	3276800,
				"bits_per_second":	26219958.991082385,
				"retransmits":	9,
				"omitted":	false,
				"sender":	true
			}
		}, {
			"streams":	[{
					"socket":	5,
					"start":	3.001238,
					"end":	4.001128,
					"seconds":	0.9998900294303894,
					"bytes":	2621440,
					"bits_per_second":	20973826.503647521,
					"retransmits":	0,
					"snd_cwnd":	270776,
					"snd_wnd":	2827904,
					"rtt":	97392,
					"rttvar":	1112,
					"pmtu":	1500,
					"omitted":	false,
					"sender":	true
				}],
			"sum":	{
				"start":	3.001238,
				"end":	4.001128,
				"seconds":	0.9998900294303894,
				"bytes":	2621440,
				"bits_per_second":	20973826.503647521,
				"retransmits":	0,
				"omitted":	false,
				"sender":	true
			}
		}, {
			"streams":	[{
					"socket":	5,
					"start":	4.001128,
					"end":	5.001354,
					"seconds":	1.0002260208129883,
					"bytes":	2621440,
					"bits_per_second":	20966781.071096562,
					"retransmits":	0,
					"snd_cwnd":	295392,
					"snd_wnd":	2827904,
					"rtt":	106401,
					"rttvar":	1494,
					"pmtu":	1500,
					"omitted":	false,
					"sender":	true
				}],
			"sum":	{
				"start":	4.001128,
				"end":	5.001354,
				"seconds":	1.0002260208129883,
				"bytes":	2621440,
				"bits_per_second":	20966781.071096562,
				"retransmits":	0,
				"omitted":	false,
				"sender":	true
			}
		}, {
			"streams":	[{
					"socket":	5,
					"start":	5.001354,
					"end":	6.001323,
					"seconds":	0.9999690055847168,
					"bytes":	2752512,
					"bits_per_second":	22020778.521154344,
					"retransmits":	5,
					"snd_cwnd":	225888,
					"snd_wnd":	2827904,
					"rtt":	81801,
					"rttvar":	1620,
					"pmtu":	1500,
					"omitted":	false,
					"sender":	true
				}],
			"sum":	{
				"start":	5.001354,
				"end":	6.001323,
				"seconds":	0.9999690055847168,
				"bytes":	2752512,
				"bits_per_second":	22020778.521154344,
				"retransmits":	5,
				"omitted":	false,
				"sender":	true
			}
		}, {
			"streams":	[{
					"socket":	5,
					"start":	6.001323,
					"end":	7.001367,
					"seconds":	1.0000439882278442,
					"bytes":	2621440,
					"bits_per_second":	20970597.540577356,
					"retransmits":	0,
					"snd_cwnd":	243264,
					"snd_wnd":	2827904,
					"rtt":	87498,
					"rttvar":	1246,
					"pmtu":	1500,
					"omitted":	false,
					"sender":	true
				}],
			"sum":	{
				"start":	6.001323,
				"end":	7.001367,
				"seconds":	1.0000439882278442,
				"bytes":	2621440,
				"bits_per_second":	20970597.540577356,
				"retransmits":	0,
				"omitted":	false,
				"sender":	true
			}
		}, {
			"streams":	[{
					"socket":	5,
					"start":	7.001367,
					"end":	8.001177,
					"seconds":	0.999809980392456,
					"bytes":	2621440,
					"bits_per_second":	20975505.757372051,
					"retransmits":	0,
					"snd_cwnd":	249056,
					"snd_wnd":	2829440,
					"rtt":	90012,
					"rttvar":	1261,
					"pmtu":	1500,
					"omitted":	false,
					"sender":	true
				}],
			"sum":	{
				"start":	7.001367,
				"end":	8.001177,
				"seconds":	0.999809980392456,
				"bytes":	2621440,
				"bits_per_second":	20975505.757372051,
				"retransmits":	0,
				"omitted":	false,
				"sender":	true
			}
		}, {
			"streams":	[{
					"socket":	5,
					"start":	8.001177,
					"end":	9.001116,
					"seconds":	0.99993902444839478,
					"bytes":	3276800,
					"bits_per_second":	26215998.53497155,
					"retransmits":	0,
					"snd_cwnd":	250504,
					"snd_wnd":	2827904,
					"rtt":	90222,
					"rttvar":	1953,
					"pmtu":	1500,
					"omitted":	false,
					"sender":	true
				}],
			"sum":	{
				"start":	8.001177,
				"end":	9.001116,
				"seconds":	0.99993902444839478,
				"bytes":	3276800,
				"bits_per_second":	26215998.53497155,
				"retransmits":	0,
				"omitted":	false,
				"sender":	true
			}
		}, {
			"streams":	[{
					"socket":	5,
					"start":	9.001116,
					"end":	10.002197,
					"seconds":	1.0010809898376465,
					"bytes":	2490368,
					"bits_per_second":	19901430.755598571,
					"retransmits":	0,
					"snd_cwnd":	250504,
					"snd_wnd":	2829440,
					"rtt":	90498,
					"rttvar":	1581,
					"pmtu":	1500,
					"omitted":	false,
					"sender":	true
				}],
			"sum":	{
				"start":	9.001116,
				"end":	10.002197,
				"seconds":	1.0010809898376465,
				"bytes":	2490368,
				"bits_per_second":	19901430.755598571,
				"retransmits":	0,
				"omitted":	false,
				"sender":	true
			}
		}],
	"end":	{
		"streams":	[{
				"sender":	{
					"socket":	5,
					"start":	0,
					"end":	10.002197,
					"seconds":	10.002197,
					"bytes":	27918336,
					"bits_per_second":	22329762.951079648,
					"retransmits":	14,
					"max_snd_cwnd":	295392,
					"max_snd_wnd":	2829440,
					"max_rtt":	106401,
					"min_rtt":	39468,
					"mean_rtt":	85287,
					"sender":	true
				},
				"receiver":	{
					"socket":	5,
					"start":	0,
					"end":	10.110596,
					"seconds":	10.002197,
					"bytes":	26634512,
					"bits_per_second":	21074533.687232684,
					"sender":	true
				}
			}],
		"sum_sent":	{
			"start":	0,
			"end":	10.002197,
			"seconds":	10.002197,
			"bytes":	27918336,
			"bits_per_second":	22329762.951079648,
			"retransmits":	14,
			"sender":	true
		},
		"sum_received":	{
			"start":	0,
			"end":	10.110596,
			"seconds":	10.110596,
			"bytes":	26634512,
			"bits_per_second":	21074533.687232684,
			"sender":	true
		},
		"cpu_utilization_percent":	{
			"host_total":	0.212678463702011,
			"host_user":	0,
			"host_system":	0.21268836309056538,