{
	"start":	{
		"connected":	[{
				"socket":	5,
				"local_host":	"192.168.225.55",
				"local_port":	47594,
				"remote_host":	"192.168.26.3",
				"remote_port":	55004
			}],
		"version":	"iperf 3.16",
		"system_info":	"Linux cse-ThinkPad-P14s-Gen-5 6.11.0-17-generic #17~24.04.2-Ubuntu SMP PREEMPT_DYNAMIC Mon Jan 20 22:48:29 UTC 2 x86_64",
		"timestamp":	{
			"time":	"Fri, 30 May 2025 19:26:20 GMT",
			"timesecs":	1748633180
		},
		"connecting_to":	{
			"host":	"192.168.26.3",
			"port":	55004
		},
		"cookie":	"lh27lrivwwp5uvlxph3psjiuqfc2pn2qq2ur",
		"tcp_mss_default":	1448,
		"target_bitrate":	0,
		"fq_rate":	0,
		"sock_bufsize":	0,
		"sndbuf_actual":	16384,
		"rcvbuf_actual":	131072,
		"test_start":	{
			"protocol":	"TCP",
			"num_streams":	1,
			"blksize":	131072,
			"omit":	0,
			"duration":	10,
			"bytes":	0,
			"blocks":	0,
			"reverse":	0,
			"tos":	0,
			"target_bitrate":	0,
			"bidir":	0,
			"fqrate":	0
		}
	},
	"intervals":	[{
			"streams":	[{
					"socket":	5,
					"start":	0,
					"end":	1.001433,
					"seconds":	1.00143301486969,
					"bytes":	2228224,
					"bits_per_second":	17800283.928445835,
					"retransmits":	0,
					"snd_cwnd":	121632,
					"snd_wnd":	318464,
					"rtt":	40155,
					"rttvar":	940,
					"pmtu":	1500,
					"omitted":	false,
					"sender":	true
				}],
			"sum":	{
				"start":	0,
				"end":	1.001433,
				"seconds":	1.00143301486969,
				"bytes":	2228224,
				"bits_per_second":	17800283.928445835,
				"retransmits":	0,
				"omitted":	false,
				"sender":	true
			}
		}, {
			"streams":	[{
					"socket":	5,
					"start":	1.001433,
					"end":	2.001141,
					"seconds":	0.99970799684524536,
					"bytes":	3407872,
					"bits_per_second":	27270939.2002796,
					"retransmits":	0,
					"snd_cwnd":	257744,
					"snd_wnd":	542080,
					"rtt":	88894,
					"rttvar":	693,
					"pmtu":	1500,
					"omitted":	false,
					"sender":	true
				}],
			"sum":	{
				"start":	1.001433,
				"end":	2.001141,
				"seconds":	0.99970799684524536,
				"bytes":	3407872,
				"bits_per_second":	27270939.2002796,
				"retransmits":	0,
				"omitted":	false,
				"sender":	true
			}
		}, {
			"streams":	[{
					"socket":	5,
					"start":	2.001141,
					"end":	3.001342,
					"seconds":	1.0002009868621826,
					"bytes":	3276800,
					"bits_per_second":	26209132.308736738,
					"retransmits":	2,
					"snd_cwnd":	238920,
					"snd_wnd":	2924032,
					"rtt":	85546,
					"rttvar":	490,
					"pmtu":	1500,
					"omitted":	false,
					"sender":	true
				}],
			"sum":	{
				"start":	2.001141,
				"end":	3.001342,
				"seconds":	1.0002009868621826,
				"bytes":	3276800,
				"bits_per_second":	26209132.308736738,
				"retransmits":	2,
				"omitted":	false,
				"sender":	true
			}
		}, {
			"streams":	[{
					"socket":	5,
					"start":	3.001342,
					"end":	4.001121,
					"seconds":	0.999778985977173,
					"bytes":	2621440,
					"bits_per_second":	20976156.024626452,
					"retransmits":	0,
					"snd_cwnd":	273672,
					"snd_wnd":	3017728,
					"rtt":	98782,
					"rttvar":	949,
					"pmtu":	1500,
					"omitted":	false,
					"sender":	true
				}],
			"sum":	{
				"start":	3.001342,
				"end":	4.001121,
				"seconds":	0.999778985977173,
				"bytes":	2621440,
				"bits_per_second":	20976156.024626452,
				"retransmits":	0,
				"omitted":	false,
				"sender":	true
			}
		}, {
			"streams":	[{
					"socket":	5,
					"start":	4.001121,
					"end":	5.001362,
					"seconds":	1.0002410411834717,
					"bytes":	2621440,
					"bits_per_second":	20966466.218169555,
					"retransmits":	3,
					"snd_cwnd":	205616,
					"snd_wnd":	3017728,
					"rtt":	105856,
					"rttvar":	690,
					"pmtu":	1500,
					"omitted":	false,
					"sender":	true
				}],
			"sum":	{
				"start":	4.001121,
				"end":	5.001362,
				"seconds":	1.0002410411834717,
				"bytes":	2621440,
				"bits_per_second":	20966466.218169555,
				"retransmits":	3,
				"omitted":	false,
				"sender":	true
			}
		}, {
			"streams":	[{
					"socket":	5,
					"start":	5.001362,
					"end":	6.001366,
					"seconds":	1.0000040531158447,
					"bytes":	2621440,
					"bits_per_second":	20971435.000344515,
					"retransmits":	0,
					"snd_cwnd":	228784,
					"snd_wnd":	3019264,
					"rtt":	83363,
					"rttvar":	1324,
					"pmtu":	1500,
					"omitted":	false,
					"sender":	true
				}],
			"sum":	{
				"start":	5.001362,
				"end":	6.001366,
				"seconds":	1.0000040531158447,
				"bytes":	2621440,
				"bits_per_second":	20971435.000344515,
				"retransmits":	0,
				"omitted":	false,
				"sender":	true
			}
		}, {
			"streams":	[{
					"socket":	5,
					"start":	6.001366,
					"end":	7.001341,
					"seconds":	0.999975025653839,
					"bytes":	2621440,
					"bits_per_second":	20972043.763080642,
					"retransmits":	0,
					"snd_cwnd":	243264,
					"snd_wnd":	3019264,
					"rtt":	88781,
					"rttvar":	1179,
					"pmtu":	1500,
					"omitted":	false,
					"sender":	true
				}],
			"sum":	{
				"start":	6.001366,
				"end":	7.001341,
				"seconds":	0.999975025653839,
				"bytes":	2621440,
				"bits_per_second":	20972043.763080642,
				"retransmits":	0,
				"omitted":	false,
				"sender":	true
			}
		}, {
			"streams":	[{
					"socket":	5,
					"start":	7.001341,
					"end":	8.001187,
					"seconds":	0.99984598159790039,
					"bytes":	3276800,
					"bits_per_second":	26218438.121945091,
					"retransmits":	0,
					"snd_cwnd":	249056,
					"snd_wnd":	3019264,
					"rtt":	90467,
					"rttvar":	1444,
					"pmtu":	1500,
					"omitted":	false,
					"sender":	true
				}],
			"sum":	{
				"start":	7.001341,
				"end":	8.001187,
				"seconds":	0.99984598159790039,
				"bytes":	3276800,
				"bits_per_second":	26218438.121945091,
				"retransmits":	0,
				"omitted":	false,
				"sender":	true
			}
		}, {
			"streams":	[{
					"socket":	5,
					"start":	8.001187,
					"end":	9.001105,
					"seconds":	0.999917984008789,
					"bytes":	2621440,
					"bits_per_second":	20973240.141079076,
					"retransmits":	0,
					"snd_cwnd":	249056,
					"snd_wnd":	3019264,
					"rtt":	90774,
					"rttvar":	1957,
					"pmtu":	1500,
					"omitted":	false,
					"sender":	true
				}],
			"sum":	{
				"start":	8.001187,
				"end":	9.001105,
				"seconds":	0.999917984008789,
				"bytes":	2621440,
				"bits_per_second":	20973240.141079076,
				"retransmits":	0,
				"omitted":	false,
				"sender":	true
			}
		}, {
			"streams":	[{
					"socket":	5,
					"start":	9.001105,
					"end":	10.001966,
					"seconds":	1.0008610486984253,
					"bytes":	2490368,
					"bits_per_second":	19905804.133259948,
					"retransmits":	0,
					"snd_cwnd":	249056,
					"snd_wnd":	3019264,
					"rtt":	91039,
					"rttvar":	552,
					"pmtu":	1500,
					"omitted":	false,
					"sender":	true
				}],
			"sum":	{
				"start":	9.001105,
				"end":	10.001966,
				"seconds":	1.0008610486984253,
				"bytes":	2490368,
				"bits_per_second":	19905804.133259948,
				"retransmits":	0,
				"omitted":	false,
				"sender":	true
			}
		}],
	"end":	{
		"streams":	[{
				"sender":	{
					"socket":	5,
					"start":	0,
					"end":	10.001966,
					"seconds":	10.001966,
					"bytes":	27787264,
					"bits_per_second":	22225441.678166073,
					"retransmits":	5,
					"max_snd_cwnd":	273672,
					"max_snd_wnd":	3019264,
					"max_rtt":	105856,
					"min_rtt":	40155,
					"mean_rtt":	86365,
					"sender":	true
				},
				"receiver":	{
					"socket":	5,
					"start":	0,
					"end":	10.108757,
					"seconds":	10.001966,
					"bytes":	26648992,
					"bits_per_second":	21089826.968835041,
					"sender":	true
				}
			}],
		"sum_sent":	{
			"start":	0,
			"end":	10.001966,
			"seconds":	10.001966,
			"bytes":	27787264,
			"bits_per_second":	22225441.678166073,
			"retransmits":	5,
			"sender":	true
		},
		"sum_received":	{
			"start":	0,
			"end":	10.108757,
			"seconds":	10.108757,
			"bytes":	26648992,
			"bits_per_second":	21089826.968835041,
			"sender":	true
		},
		"cpu_utilization_percent":	{
			"host_total":	0.19985145520150807,
			"host_user":	0.015036621945172654,
			"host_system":	0.1848544293641568,