{
	"start":	{
		"connected":	[{
				"socket":	5,
				"local_host":	"192.168.225.31",
				"local_port":	38444,
				"remote_host":	"192.168.26.3",
				"remote_port":	55004
			}],
		"version":	"iperf 3.16",
		"system_info":	"Linux cse-ThinkPad-P14s-Gen-5 6.11.0-17-generic #17~24.04.2-Ubuntu SMP PREEMPT_DYNAMIC Mon Jan 20 22:48:29 UTC 2 x86_64",
		"timestamp":	{
			"time":	"Fri, 30 May 2025 19:15:09 GMT",
			"timesecs":	1748632509
		},
		"connecting_to":	{
			"host":	"192.168.26.3",
			"port":	55004
		},
		"cookie":	"mgwgjwi5qhz7mumhfeqb6bv4jiyyxdq3dqjl",
		"tcp_mss_default":	1448,
		"target_bitrate":	0,
		"fq_rate":	0,
		"sock_bufsize":	0,
		"sndbuf_actual":	16384,
		"rcvbuf_actual":	131072,
		"test_start":	{
			"protocol":	"TCP",
			"num_streams":	1,
			"blksize":	131072,
			"omit":	0,
			"duration":	10,
			"bytes":	0,
			"blocks":	0,
			"reverse":	0,
			"tos":	0,
			"target_bitrate":	0,
			"bidir":	0,
			"fqrate":	0
		}
	},
	"intervals":	[{
			"streams":	[{
					"socket":	5,
					"start":	0,
					"end":	1.001347,
					"seconds":	1.0013469457626343,
					"bytes":	1703936,
					"bits_per_second":	13613151.822836135,
					"retransmits":	7,
					"snd_cwnd":	97016,
					"snd_wnd":	460288,
					"rtt":	101063,
					"rttvar":	2353,
					"pmtu":	1500,
					"omitted":	false,
					"sender":	true
				}],
			"sum":	{
				"start":	0,
				"end":	1.001347,
				"seconds":	1.0013469457626343,
				"bytes":	1703936,
				"bits_per_second":	13613151.822836135,
				"retransmits":	7,
				"omitted":	false,
				"sender":	true
			}
		}, {
			"streams":	[{
					"socket":	5,
					"start":	1.001347,
					"end":	2.001376,
					"seconds":	1.0000289678573608,
					"bytes":	1310720,
					"bits_per_second":	10485456.258798731,
					"retransmits":	0,
					"snd_cwnd":	118736,
					"snd_wnd":	1282688,
					"rtt":	96233,
					"rttvar":	1488,
					"pmtu":	1500,
					"omitted":	false,
					"sender":	true
				}],
			"sum":	{
				"start":	1.001347,
				"end":	2.001376,
				"seconds":	1.0000289678573608,
				"bytes":	1310720,
				"bits_per_second":	10485456.258798731,
				"retransmits":	0,
				"omitted":	false,
				"sender":	true
			}
		}, {
			"streams":	[{
					"socket":	5,
					"start":	2.001376,
					"end":	3.001337,
					"seconds":	0.999961018562317,
					"bytes":	1048576,
					"bits_per_second":	8388935.01274743,
					"retransmits":	2,
					"snd_cwnd":	121632,
					"snd_wnd":	1282688,
					"rtt":	107309,
					"rttvar":	1726,
					"pmtu":	1500,
					"omitted":	false,
					"sender":	true
				}],
			"sum":	{
				"start":	2.001376,
				"end":	3.001337,
				"seconds":	0.999961018562317,
				"bytes":	1048576,
				"bits_per_second":	8388935.01274743,
				"retransmits":	2,
				"omitted":	false,
				"sender":	true
			}
		}, {
			"streams":	[{
					"socket":	5,
					"start":	3.001337,
					"end":	4.00119,
					"seconds":	0.999853014945984,
					"bytes":	1179648,
					"bits_per_second":	9438571.3289166149,
					"retransmits":	0,
					"snd_cwnd":	105704,
					"snd_wnd":	1284224,
					"rtt":	85639,
					"rttvar":	1818,
					"pmtu":	1500,
					"omitted":	false,
					"sender":	true
				}],
			"sum":	{
				"start":	3.001337,
				"end":	4.00119,
				"seconds":	0.999853014945984,
				"bytes":	1179648,
				"bits_per_second":	9438571.3289166149,
				"retransmits":	0,
				"omitted":	false,
				"sender":	true
			}
		}, {
			"streams":	[{
					"socket":	5,
					"start":	4.00119,
					"end":	5.001083,
					"seconds":	0.99989300966262817,
					"bytes":	1310720,
					"bits_per_second":	10486881.995042628,
					"retransmits":	0,
					"snd_cwnd":	112944,
					"snd_wnd":	1284224,
					"rtt":	90199,
					"rttvar":	1663,
					"pmtu":	1500,
					"omitted":	false,
					"sender":	true
				}],
			"sum":	{
				"start":	4.00119,
				"end":	5.001083,
				"seconds":	0.99989300966262817,
				"bytes":	1310720,
				"bits_per_second":	10486881.995042628,
				"retransmits":	0,
				"omitted":	false,
				"sender":	true
			}
		}, {
			"streams":	[{
					"socket":	5,
					"start":	5.001083,
					"end":	6.001173,
					"seconds":	1.0000900030136108,
					"bytes":	1048576,
					"bits_per_second":	8387853.06794616,
					"retransmits":	0,
					"snd_cwnd":	117288,
					"snd_wnd":	1284224,
					"rtt":	94935,
					"rttvar":	506,
					"pmtu":	1500,
					"omitted":	false,
					"sender":	true
				}],
			"sum":	{
				"start":	5.001083,
				"end":	6.001173,
				"seconds":	1.0000900030136108,
				"bytes":	1048576,
				"bits_per_second":	8387853.06794616,
				"retransmits":	0,
				"omitted":	false,
				"sender":	true
			}
		}, {
			"streams":	[{
					"socket":	5,
					"start":	6.001173,
					"end":	7.001141,
					"seconds":	0.99996799230575562,
					"bytes":	1310720,
					"bits_per_second":	10486095.635742927,
					"retransmits":	0,
					"snd_cwnd":	124528,
					"snd_wnd":	1284224,
					"rtt":	101914,
					"rttvar":	1404,
					"pmtu":	1500,
					"omitted":	false,
					"sender":	true
				}],
			"sum":	{
				"start":	6.001173,
				"end":	7.001141,
				"seconds":	0.99996799230575562,
				"bytes":	1310720,
				"bits_per_second":	10486095.635742927,
				"retransmits":	0,
				"omitted":	false,
				"sender":	true
			}
		}, {
			"streams":	[{
					"socket":	5,
					"start":	7.001141,
					"end":	8.001339,
					"seconds":	1.0001980066299438,
					"bytes":	1310720,
					"bits_per_second":	10483684.161029879,
					"retransmits":	0,
					"snd_cwnd":	131768,
					"snd_wnd":	1284224,
					"rtt":	107345,
					"rttvar":	1983,
					"pmtu":	1500,
					"omitted":	false,
					"sender":	true
				}],
			"sum":	{
				"start":	7.001141,
				"end":	8.001339,
				"seconds":	1.0001980066299438,
				"bytes":	1310720,
				"bits_per_second":	10483684.161029879,
				"retransmits":	0,
				"omitted":	false,
				"sender":	true
			}
		}, {
			"streams":	[{
					"socket":	5,
					"start":	8.001339,
					"end":	9.001166,
					"seconds":	0.99982702732086182,
					"bytes":	1048576,
					"bits_per_second":	8390059.25102678,
					"retransmits":	3,
					"snd_cwnd":	72400,
					"snd_wnd":	1284224,
					"rtt":	58531,
					"rttvar":	1780,
					"pmtu":	1500,
					"omitted":	false,
					"sender":	true
				}],
			"sum":	{
				"start":	8.001339,
				"end":	9.001166,
				"seconds":	0.99982702732086182,
				"bytes":	1048576,
				"bits_per_second":	8390059.25102678,
				"retransmits":	3,
				"omitted":	false,
				"sender":	true
			}
		}, {
			"streams":	[{
					"socket":	5,
					"start":	9.001166,
					"end":	10.002177,
					"seconds":	1.00101101398468,
					"bytes":	1310720,
					"bits_per_second":	10475169.457186889,
					"retransmits":	0,
					"snd_cwnd":	83984,
					"snd_wnd":	1284224,
					"rtt":	66467,
					"rttvar":	2338,
					"pmtu":	1500,
					"omitted":	false,
					"sender":	true
				}],
			"sum":	{
				"start":	9.001166,
				"end":	10.002177,
				"seconds":	1.00101101398468,
				"bytes":	1310720,
				"bits_per_second":	10475169.457186889,
				"retransmits":	0,
				"omitted":	false,
				"sender":	true
			}
		}],
	"end":	{
		"streams":	[{
				"sender":	{
					"socket":	5,
					"start":	0,
					"end":	10.002177,
					"seconds":	10.002177,
					"bytes":	12582912,
					"bits_per_second":	10064138.637018722,
					"retransmits":	12,
					"max_snd_cwnd":	131768,
					"max_snd_wnd":	1284224,
					"max_rtt":	107345,
					"min_rtt":	58531,
					"mean_rtt":	90963,
					"sender":	true
				},
				"receiver":	{
					"socket":	5,
					"start":	0,
					"end":	10.070629,
					"seconds":	10.002177,
					"bytes":	12058944,
					"bits_per_second":	9579496.1764553133,
					"sender":	true
				}
			}],
		"sum_sent":	{
			"start":	0,
			"end":	10.002177,
			"seconds":	10.002177,
			"bytes":	12582912,
			"bits_per_second":	10064138.637018722,
			"retransmits":	12,
			"sender":	true
		},
		"sum_received":	{
			"start":	0,
			"end":	10.070629,
			"seconds":	10.070629,
			"bytes":	12058944,
			"bits_per_second":	9579496.1764553133,
			"sender":	true
		},
		"cpu_utilization_percent":	{
			"host_total":	0.11551538173066031,
			"host_user":	0,
			"host_system":	0.11555474296474522,