{
	"start":	{
		"connected":	[{
				"socket":	5,
				"local_host":	"192.168.225.31",
				"local_port":	56580,
				"remote_host":	"192.168.26.3",
				"remote_port":	55004
			}],
		"version":	"iperf 3.16",
		"system_info":	"Linux cse-ThinkPad-P14s-Gen-5 6.11.0-17-generic #17~24.04.2-Ubuntu SMP PREEMPT_DYNAMIC Mon Jan 20 22:48:29 UTC 2 x86_64",
		"timestamp":	{
			"time":	"Fri, 30 May 2025 19:14:57 GMT",
			"timesecs":	1748632497
		},
		"connecting_to":	{
			"host":	"192.168.26.3",
			"port":	55004
		},
		"cookie":	"oi6d44ezzbnhvs7hyowswxc6ytc5bmkhn424",
		"tcp_mss_default":	1448,
		"target_bitrate":	0,
		"fq_rate":	0,
		"sock_bufsize":	0,
		"sndbuf_actual":	16384,
		"rcvbuf_actual":	131072,
		"test_start":	{
			"protocol":	"TCP",
			"num_streams":	1,
			"blksize":	131072,
			"omit":	0,
			"duration":	10,
			"bytes":	0,
			"blocks":	0,
			"reverse":	0,
			"tos":	0,
			"target_bitrate":	0,
			"bidir":	0,
			"fqrate":	0
		}
	},
	"intervals":	[{
			"streams":	[{
					"socket":	5,
					"start":	0,
					"end":	1.001023,
					"seconds":	1.0010230541229248,
					"bytes":	1835008,
					"bits_per_second":	14665060.849035451,
					"retransmits":	5,
					"snd_cwnd":	95568,
					"snd_wnd":	512128,
					"rtt":	81894,
					"rttvar":	2425,
					"pmtu":	1500,
					"omitted":	false,
					"sender":	true
				}],
			"sum":	{
				"start":	0,
				"end":	1.001023,
				"seconds":	1.0010230541229248,
				"bytes":	1835008,
				"bits_per_second":	14665060.849035451,
				"retransmits":	5,
				"omitted":	false,
				"sender":	true
			}
		}, {
			"streams":	[{
					"socket":	5,
					"start":	1.001023,
					"end":	2.001342,
					"seconds":	1.0003190040588379,
					"bytes":	917504,
					"bits_per_second":	7337691.2467098,
					"retransmits":	0,
					"snd_cwnd":	118736,
					"snd_wnd":	1284352,
					"rtt":	94429,
					"rttvar":	1943,
					"pmtu":	1500,
					"omitted":	false,
					"sender":	true
				}],
			"sum":	{
				"start":	1.001023,
				"end":	2.001342,
				"seconds":	1.0003190040588379,
				"bytes":	917504,
				"bits_per_second":	7337691.2467098,
				"retransmits":	0,
				"omitted":	false,
				"sender":	true
			}
		}, {
			"streams":	[{
					"socket":	5,
					"start":	2.001342,
					"end":	3.001095,
					"seconds":	0.99975299835205078,
					"bytes":	1310720,
					"bits_per_second":	10488350.639892323,
					"retransmits":	0,
					"snd_cwnd":	133216,
					"snd_wnd":	1284352,
					"rtt":	107144,
					"rttvar":	1543,
					"pmtu":	1500,
					"omitted":	false,
					"sender":	true
				}],
			"sum":	{
				"start":	2.001342,
				"end":	3.001095,
				"seconds":	0.99975299835205078,
				"bytes":	1310720,
				"bits_per_second":	10488350.639892323,
				"retransmits":	0,
				"omitted":	false,
				"sender":	true
			}
		}, {
			"streams":	[{
					"socket":	5,
					"start":	3.001095,
					"end":	4.001328,
					"seconds":	1.0002330541610718,
					"bytes":	1441792,
					"bits_per_second":	11531648.501332747,
					"retransmits":	3,
					"snd_cwnd":	72400,
					"snd_wnd":	1285760,
					"rtt":	59181,
					"rttvar":	944,
					"pmtu":	1500,
					"omitted":	false,
					"sender":	true
				}],
			"sum":	{
				"start":	3.001095,
				"end":	4.001328,
				"seconds":	1.0002330541610718,
				"bytes":	1441792,
				"bits_per_second":	11531648.501332747,
				"retransmits":	3,
				"omitted":	false,
				"sender":	true
			}
		}, {
			"streams":	[{
					"socket":	5,
					"start":	4.001328,
					"end":	5.001335,
					"seconds":	1.0000070333480835,
					"bytes":	917504,
					"bits_per_second":	7339980.3753630938,
					"retransmits":	0,
					"snd_cwnd":	83984,
					"snd_wnd":	1285760,
					"rtt":	68538,
					"rttvar":	1322,
					"pmtu":	1500,
					"omitted":	false,
					"sender":	true
				}],
			"sum":	{
				"start":	4.001328,
				"end":	5.001335,
				"seconds":	1.0000070333480835,
				"bytes":	917504,
				"bits_per_second":	7339980.3753630938,
				"retransmits":	0,
				"omitted":	false,
				"sender":	true
			}
		}, {
			"streams":	[{
					"socket":	5,
					"start":	5.001335,
					"end":	6.001127,
					"seconds":	0.999791979789734,
					"bytes":	1310720,
					"bits_per_second":	10487941.703838492,
					"retransmits":	0,
					"snd_cwnd":	95568,
					"snd_wnd":	1285760,
					"rtt":	75471,
					"rttvar":	1806,
					"pmtu":	1500,
					"omitted":	false,
					"sender":	true
				}],
			"sum":	{
				"start":	5.001335,
				"end":	6.001127,
				"seconds":	0.999791979789734,
				"bytes":	1310720,
				"bits_per_second":	10487941.703838492,
				"retransmits":	0,
				"omitted":	false,
				"sender":	true
			}
		}, {
			"streams":	[{
					"socket":	5,
					"start":	6.001127,
					"end":	7.001348,
					"seconds":	1.0002210140228271,
					"bytes":	1310720,
					"bits_per_second":	10483443.01208682,
					"retransmits":	0,
					"snd_cwnd":	104256,
					"snd_wnd":	1285760,
					"rtt":	83403,
					"rttvar":	1498,
					"pmtu":	1500,
					"omitted":	false,
					"sender":	true
				}],
			"sum":	{
				"start":	6.001127,
				"end":	7.001348,
				"seconds":	1.0002210140228271,
				"bytes":	1310720,
				"bits_per_second":	10483443.01208682,
				"retransmits":	0,
				"omitted":	false,
				"sender":	true
			}
		}, {
			"streams":	[{
					"socket":	5,
					"start":	7.001348,
					"end":	8.00133,
					"seconds":	0.99998199939727783,
					"bytes":	917504,
					"bits_per_second":	7340164.1273783725,
					"retransmits":	0,
					"snd_cwnd":	112944,
					"snd_wnd":	1285760,
					"rtt":	91949,
					"rttvar":	1737,
					"pmtu":	1500,
					"omitted":	false,
					"sender":	true
				}],
			"sum":	{
				"start":	7.001348,
				"end":	8.00133,
				"seconds":	0.99998199939727783,
				"bytes":	917504,
				"bits_per_second":	7340164.1273783725,
				"retransmits":	0,
				"omitted":	false,
				"sender":	true
			}
		}, {
			"streams":	[{
					"socket":	5,
					"start":	8.00133,
					"end":	9.001345,
					"seconds":	1.0000150203704834,
					"bytes":	1310720,
					"bits_per_second":	10485602.502365673,
					"retransmits":	0,
					"snd_cwnd":	121632,
					"snd_wnd":	1285760,
					"rtt":	98405,
					"rttvar":	2227,
					"pmtu":	1500,
					"omitted":	false,
					"sender":	true
				}],
			"sum":	{
				"start":	8.00133,
				"end":	9.001345,
				"seconds":	1.0000150203704834,
				"bytes":	1310720,
				"bits_per_second":	10485602.502365673,
				"retransmits":	0,
				"omitted":	false,
				"sender":	true
			}
		}, {
			"streams":	[{
					"socket":	5,
					"start":	9.001345,
					"end":	10.002086,
					"seconds":	1.0007410049438477,
					"bytes":	1310720,
					"bits_per_second":	10477995.753345156,
					"retransmits":	0,
					"snd_cwnd":	128872,
					"snd_wnd":	1285760,
					"rtt":	104308,
					"rttvar":	2244,
					"pmtu":	1500,
					"omitted":	false,
					"sender":	true
				}],
			"sum":	{
				"start":	9.001345,
				"end":	10.002086,
				"seconds":	1.0007410049438477,
				"bytes":	1310720,
				"bits_per_second":	10477995.753345156,
				"retransmits":	0,
				"omitted":	false,
				"sender":	true
			}
		}],
	"end":	{
		"streams":	[{
				"sender":	{
					"socket":	5,
					"start":	0,
					"end":	10.002086,
					"seconds":	10.002086,
					"bytes":	12582912,
					"bits_per_second":	10064230.201579951,
					"retransmits":	8,
					"max_snd_cwnd":	133216,
					"max_snd_wnd":	1285760,
					"max_rtt":	107144,
					"min_rtt":	59181,
					"mean_rtt":	86472,
					"sender":	true
				},
				"receiver":	{
					"socket":	5,
					"start":	0,
					"end":	10.108421,
					"seconds":	10.002086,
					"bytes":	12092248,
					"bits_per_second":	9570039.07929834,
					"sender":	true
				}
			}],
		"sum_sent":	{
			"start":	0,
			"end":	10.002086,
			"seconds":	10.002086,
			"bytes":	12582912,
			"bits_per_second":	10064230.201579951,
			"retransmits":	8,
			"sender":	true
		},
		"sum_received":	{
			"start":	0,
			"end":	10.108421,
			"seconds":	10.108421,
			"bytes":	12092248,
			"bits_per_second":	9570039.07929834,
			"sender":	true
		},
		"cpu_utilization_percent":	{
			"host_total":	0.14182415202431273,
			"host_user":	0.00929881521286169,
			"host_system":	0.13250565677925449,