{
	"start":	{
		"connected":	[{
				"socket":	5,
				"local_host":	"192.168.225.48",
				"local_port":	33670,
				"remote_host":	"192.168.26.3",
				"remote_port":	55004
			}],
		"version":	"iperf 3.12",
		"system_info":	"Linux rpi2 6.6.74+rpt-rpi-v8 #1 SMP PREEMPT Debian 1:6.6.74-1+rpt1 (2025-01-27) aarch64",
		"timestamp":	{
			"time":	"Thu, 22 May 2025 01:55:36 GMT",
			"timesecs":	1747878936
		},
		"connecting_to":	{
			"host":	"192.168.26.3",
			"port":	55004
		},
		"cookie":	"upoqune3kx7uvu2ep7zqiii6cmilm7zgjkua",
		"target_bitrate":	200000000,
		"sock_bufsize":	0,
		"sndbuf_actual":	212992,
		"rcvbuf_actual":	212992,
		"test_start":	{
			"protocol":	"UDP",
			"num_streams":	1,
			"blksize":	1448,
			"omit":	0,
			"duration":	10,
			"bytes":	0,
			"blocks":	0,
			"reverse":	0,
			"tos":	0,
			"target_bitrate":	200000000
		}
	},
	"intervals":	[{
			"streams":	[{
					"socket":	5,
					"start":	0,
					"end":	1.000082,
					"seconds":	1.0000820159912109,
					"bytes":	8401296,
					"bits_per_second":	67204856.127110541,
					"packets":	5802,
					"omitted":	false,
					"sender":	true
				}],
			"sum":	{
				"start":	0,
				"end":	1.000082,
				"seconds":	1.0000820159912109,
				"bytes":	8401296,
				"bits_per_second":	67204856.127110541,
				"packets":	5802,
				"omitted":	false,
				"sender":	true
			}
		}, {
			"streams":	[{
					"socket":	5,
					"start":	1.000082,
					"end":	2.000076,
					"seconds":	0.99999397993087769,
					"bytes":	8976152,
					"bits_per_second":	71809648.2990464,
					"packets":	6199,
					"omitted":	false,
					"sender":	true
				}],
			"sum":	{
				"start":	1.000082,
				"end":	2.000076,
				"seconds":	0.99999397993087769,
				"bytes":	8976152,
				"bits_per_second":	71809648.2990464,
				"packets":	6199,
				"omitted":	false,
				"sender":	true
			}
		}, {
			"streams":	[{
					"socket":	5,
					"start":	2.000076,
					"end":	3.00002,
					"seconds":	0.999943971633911,
					"bytes":	8195680,
					"bits_per_second":	65569113.7303082,
					"packets":	5660,
					"omitted":	false,
					"sender":	true
				}],
			"sum":	{
				"start":	2.000076,
				"end":	3.00002,
				"seconds":	0.999943971633911,
				"bytes":	8195680,
				"bits_per_second":	65569113.7303082,
				"packets":	5660,
				"omitted":	false,
				"sender":	true
			}
		}, {
			"streams":	[{
					"socket":	5,
					"start":	3.00002,
					"end":	4.000061,
					"seconds":	1.0000410079956055,
					"bytes":	9042760,
					"bits_per_second":	72339113.517950758,
					"packets":	6245,
					"omitted":	false,
					"sender":	true
				}],
			"sum":	{
				"start":	3.00002,
				"end":	4.000061,
				"seconds":	1.0000410079956055,
				"bytes":	9042760,
				"bits_per_second":	72339113.517950758,
				"packets":	6245,
				"omitted":	false,
				"sender":	true
			}
		}, {
			"streams":	[{
					"socket":	5,
					"start":	4.000061,
					"end":	5.000069,
					"seconds":	1.0000079870224,
					"bytes":	8282560,
					"bits_per_second":	66259950.7802889,
					"packets":	5720,
					"omitted":	false,
					"sender":	true
				}],
			"sum":	{
				"start":	4.000061,
				"end":	5.000069,
				"seconds":	1.0000079870224,
				"bytes":	8282560,
				"bits_per_second":	66259950.7802889,
				"packets":	5720,
				"omitted":	false,
				"sender":	true
			}
		}, {
			"streams":	[{
					"socket":	5,
					"start":	5.000069,
					"end":	6.000069,
					"seconds":	1,
					"bytes":	8143552,
					"bits_per_second":	65148416,
					"packets":	5624,
					"omitted":	false,
					"sender":	true
				}],
			"sum":	{
				"start":	5.000069,
				"end":	6.000069,
				"seconds":	1,
				"bytes":	8143552,
				"bits_per_second":	65148416,
				"packets":	5624,
				"omitted":	false,
				"sender":	true
			}
		}, {
			"streams":	[{
					"socket":	5,
					"start":	6.000069,
					"end":	7.00007,
					"seconds":	1.0000009536743164,
					"bytes":	8764744,
					"bits_per_second":	70117885.130373836,
					"packets":	6053,
					"omitted":	false,
					"sender":	true
				}],
			"sum":	{
				"start":	6.000069,
				"end":	7.00007,
				"seconds":	1.0000009536743164,
				"bytes":	8764744,
				"bits_per_second":	70117885.130373836,
				"packets":	6053,
				"omitted":	false,
				"sender":	true
			}
		}, {
			"streams":	[{
					"socket":	5,
					"start":	7.00007,
					"end":	8.00007,
					"seconds":	1,
					"bytes":	8220296,
					"bits_per_second":	65762368,
					"packets":	5677,
					"omitted":	false,
					"sender":	true
				}],
			"sum":	{
				"start":	7.00007,
				"end":	8.00007,
				"seconds":	1,
				"bytes":	8220296,
				"bits_per_second":	65762368,
				"packets":	5677,
				"omitted":	false,
				"sender":	true
			}
		}, {
			"streams":	[{
					"socket":	5,
					"start":	8.00007,
					"end":	9.000068,
					"seconds":	0.99999797344207764,
					"bytes":	8861760,
					"bits_per_second":	70894223.671250626,
					"packets":	6120,
					"omitted":	false,
					"sender":	true
				}],
			"sum":	{
				"start":	8.00007,
				"end":	9.000068,
				"seconds":	0.99999797344207764,
				"bytes":	8861760,
				"bits_per_second":	70894223.671250626,
				"packets":	6120,
				"omitted":	false,
				"sender":	true
			}
		}, {
			"streams":	[{
					"socket":	5,
					"start":	9.000068,
					"end":	10.00008,
					"seconds":	1.0000120401382446,
					"bytes":	8850176,
					"bits_per_second":	70800555.551523358,
					"packets":	6112,
					"omitted":	false,
					"sender":	true
				}],
			"sum":	{
				"start":	9.000068,
				"end":	10.00008,
				"seconds":	1.0000120401382446,
				"bytes":	8850176,
				"bits_per_second":	70800555.551523358,
				"packets":	6112,
				"omitted":	false,
				"sender":	true
			}
		}],
	"end":	{
		"streams":	[{
				"udp":	{
					"socket":	5,
					"start":	0,
					"end":	10.00008,
					"seconds":	10.00008,
					"bytes":	85738976,
					"bits_per_second":	68590632.0749434,
					"jitter_ms":	1.7690185823046962,
					"lost_packets":	44483,
					"packets":	59212,
					"lost_percent":	75.124974667297167,
					"out_of_order":	0,
					"sender":	true
				}
			}],
		"sum":	{
			"start":	0,
			"end":	11.204729,
			"seconds":	11.204729,
			"bytes":	85738976,
			"bits_per_second":	68590632.0749434,
			"jitter_ms":	1.7690185823046962,
			"lost_packets":	44483,
			"packets":	59212,
			"lost_percent":	75.124974667297167,
			"sender":	true
		},
		"sum_sent":	{
			"start":	0,
			"end":	10.00008,
			"seconds":	10.00008,
			"bytes":	85738976,
			"bits_per_second":	68590632.0749434,
			"jitter_ms":	0,
			"lost_packets":	0,
			"packets":	59212,
			"lost_percent":	0,
			"sender":	true
		},
		"sum_received":	{
			"start":	0,
			"end":	11.204729,
			"seconds":	11.204729,
			"bytes":	21324696,
			"bits_per_second":	15225497.020052873,
			"jitter_ms":	1.7690185823046962,
			"lost_packets":	44483,
			"packets":	59210,
			"lost_percent":	75.124974667297167,
			"sender":	false
		},
		"cpu_utilization_percent":	{
			"host_total":	27.757376758075392,
			"host_user":	2.9073223692532224,
			"host_system":	24.850054388822169,
			"remote_total":	0.58888656768274461,
			"remote_user":	0.056015356250843369,
			"remote_system":	0.53287839288783079
		}
	}
}
