{
	"start":	{
		"connected":	[{
				"socket":	5,
				"local_host":	"192.168.225.48",
				"local_port":	56696,
				"remote_host":	"192.168.26.3",
				"remote_port":	55004
			}],
		"version":	"iperf 3.12",
		"system_info":	"Linux rpi2 6.6.74+rpt-rpi-v8 #1 SMP PREEMPT Debian 1:6.6.74-1+rpt1 (2025-01-27) aarch64",
		"timestamp":	{
			"time":	"Thu, 22 May 2025 01:55:49 GMT",
			"timesecs":	1747878949
		},
		"connecting_to":	{
			"host":	"192.168.26.3",
			"port":	55004
		},
		"cookie":	"oxjdfbarzhq44ju7ywlasvcvso3u56qmanex",
		"target_bitrate":	200000000,
		"sock_bufsize":	0,
		"sndbuf_actual":	212992,
		"rcvbuf_actual":	212992,
		"test_start":	{
			"protocol":	"UDP",
			"num_streams":	1,
			"blksize":	1448,
			"omit":	0,
			"duration":	10,
			"bytes":	0,
			"blocks":	0,
			"reverse":	0,
			"tos":	0,
			"target_bitrate":	200000000
		}
	},
	"intervals":	[{
			"streams":	[{
					"socket":	5,
					"start":	0,
					"end":	1.000067,
					"seconds":	1.0000669956207275,
					"bytes":	8417224,
					"bits_per_second":	67333280.965046123,
					"packets":	5813,
					"omitted":	false,
					"sender":	true
				}],
			"sum":	{
				"start":	0,
				"end":	1.000067,
				"seconds":	1.0000669956207275,
				"bytes":	8417224,
				"bits_per_second":	67333280.965046123,
				"packets":	5813,
				"omitted":	false,
				"sender":	true
			}
		}, {
			"streams":	[{
					"socket":	5,
					"start":	1.000067,
					"end":	2.000082,
					"seconds":	1.0000150203704834,
					"bytes":	8890720,
					"bits_per_second":	71124691.680780441,
					"packets":	6140,
					"omitted":	false,
					"sender":	true
				}],
			"sum":	{
				"start":	1.000067,
				"end":	2.000082,
				"seconds":	1.0000150203704834,
				"bytes":	8890720,
				"bits_per_second":	71124691.680780441,
				"packets":	6140,
				"omitted":	false,
				"sender":	true
			}
		}, {
			"streams":	[{
					"socket":	5,
					"start":	2.000082,
					"end":	3.000055,
					"seconds":	0.99997299909591675,
					"bytes":	8285456,
					"bits_per_second":	66285437.766747259,
					"packets":	5722,
					"omitted":	false,
					"sender":	true
				}],
			"sum":	{
				"start":	2.000082,
				"end":	3.000055,
				"seconds":	0.99997299909591675,
				"bytes":	8285456,
				"bits_per_second":	66285437.766747259,
				"packets":	5722,
				"omitted":	false,
				"sender":	true
			}
		}, {
			"streams":	[{
					"socket":	5,
					"start":	3.000055,
					"end":	4.000084,
					"seconds":	1.0000289678573608,
					"bytes":	8882032,
					"bits_per_second":	71054197.7121358,
					"packets":	6134,
					"omitted":	false,
					"sender":	true
				}],
			"sum":	{
				"start":	3.000055,
				"end":	4.000084,
				"seconds":	1.0000289678573608,
				"bytes":	8882032,
				"bits_per_second":	71054197.7121358,
				"packets":	6134,
				"omitted":	false,
				"sender":	true
			}
		}, {
			"streams":	[{
					"socket":	5,
					"start":	4.000084,
					"end":	5.000071,
					"seconds":	0.999987006187439,
					"bytes":	8425912,
					"bits_per_second":	67408171.8891506,
					"packets":	5819,
					"omitted":	false,
					"sender":	true
				}],
			"sum":	{
				"start":	4.000084,
				"end":	5.000071,
				"seconds":	0.999987006187439,
				"bytes":	8425912,
				"bits_per_second":	67408171.8891506,
				"packets":	5819,
				"omitted":	false,
				"sender":	true
			}
		}, {
			"streams":	[{
					"socket":	5,
					"start":	5.000071,
					"end":	6.000074,
					"seconds":	1.0000029802322388,
					"bytes":	8163824,
					"bits_per_second":	65310397.359848261,
					"packets":	5638,
					"omitted":	false,
					"sender":	true
				}],
			"sum":	{
				"start":	5.000071,
				"end":	6.000074,
				"seconds":	1.0000029802322388,
				"bytes":	8163824,
				"bits_per_second":	65310397.359848261,
				"packets":	5638,
				"omitted":	false,
				"sender":	true
			}
		}, {
			"streams":	[{
					"socket":	5,
					"start":	6.000074,
					"end":	7.000074,
					"seconds":	1,
					"bytes":	8783568,
					"bits_per_second":	70268544,
					"packets":	6066,
					"omitted":	false,
					"sender":	true
				}],
			"sum":	{
				"start":	6.000074,
				"end":	7.000074,
				"seconds":	1,
				"bytes":	8783568,
				"bits_per_second":	70268544,
				"packets":	6066,
				"omitted":	false,
				"sender":	true
			}
		}, {
			"streams":	[{
					"socket":	5,
					"start":	7.000074,
					"end":	8.000073,
					"seconds":	0.99999898672103882,
					"bytes":	8701032,
					"bits_per_second":	69608326.5326528,
					"packets":	6009,
					"omitted":	false,
					"sender":	true
				}],
			"sum":	{
				"start":	7.000074,
				"end":	8.000073,
				"seconds":	0.99999898672103882,
				"bytes":	8701032,
				"bits_per_second":	69608326.5326528,
				"packets":	6009,
				"omitted":	false,
				"sender":	true
			}
		}, {
			"streams":	[{
					"socket":	5,
					"start":	8.000073,
					"end":	9.000067,
					"seconds":	0.99999397993087769,
					"bytes":	7940832,
					"bits_per_second":	63527038.437162526,
					"packets":	5484,
					"omitted":	false,
					"sender":	true
				}],
			"sum":	{
				"start":	8.000073,
				"end":	9.000067,
				"seconds":	0.99999397993087769,
				"bytes":	7940832,
				"bits_per_second":	63527038.437162526,
				"packets":	5484,
				"omitted":	false,
				"sender":	true
			}
		}, {
			"streams":	[{
					"socket":	5,
					"start":	9.000067,
					"end":	10.000076,
					"seconds":	1.0000089406967163,
					"bytes":	8564920,
					"bits_per_second":	68518747.39466016,
					"packets":	5915,
					"omitted":	false,
					"sender":	true
				}],
			"sum":	{
				"start":	9.000067,
				"end":	10.000076,
				"seconds":	1.0000089406967163,
				"bytes":	8564920,
				"bits_per_second":	68518747.39466016,
				"packets":	5915,
				"omitted":	false,
				"sender":	true
			}
		}],
	"end":	{
		"streams":	[{
				"udp":	{
					"socket":	5,
					"start":	0,
					"end":	10.000076,
					"seconds":	10.000076,
					"bytes":	85055520,
					"bits_per_second":	68043898.8663686,
					"jitter_ms":	0.64036943523857148,
					"lost_packets":	44160,
					"packets":	58740,
					"lost_percent":	75.1787538304392,
					"out_of_order":	0,
					"sender":	true
				}
			}],
		"sum":	{
			"start":	0,
			"end":	10.319471,
			"seconds":	10.319471,
			"bytes":	85055520,
			"bits_per_second":	68043898.8663686,
			"jitter_ms":	0.64036943523857148,
			"lost_packets":	44160,
			"packets":	58740,
			"lost_percent":	75.1787538304392,
			"sender":	true
		},
		"sum_sent":	{
			"start":	0,
			"end":	10.000076,
			"seconds":	10.000076,
			"bytes":	85055520,
			"bits_per_second":	68043898.8663686,
			"jitter_ms":	0,
			"lost_packets":	0,
			"packets":	58740,
			"lost_percent":	0,
			"sender":	true
		},
		"sum_received":	{
			"start":	0,
			"end":	10.319471,
			"seconds":	10.319471,
			"bytes":	20810656,
			"bits_per_second":	16133118.451517524,
			"jitter_ms":	0.64036943523857148,
			"lost_packets":	44160,
			"packets":	58532,
			"lost_percent":	75.1787538304392,
			"sender":	false
		},
		"cpu_utilization_percent":	{
			"host_total":	23.245574922906265,
			"host_user":	2.3254699199091311,
			"host_system":	20.9200951601965,
			"remote_total":	0.66504910731755318,
			"remote_user":	0.085043448490096332,
			"remote_system":	0.57999760699556036
		}
	}
}
