{
	"start":	{
		"connected":	[{
				"socket":	5,
				"local_host":	"192.168.225.48",
				"local_port":	53365,
				"remote_host":	"192.168.26.3",
				"remote_port":	55001
			}],
		"version":	"iperf 3.12",
		"system_info":	"Linux rpi2 6.6.74+rpt-rpi-v8 #1 SMP PREEMPT Debian 1:6.6.74-1+rpt1 (2025-01-27) aarch64",
		"timestamp":	{
			"time":	"Thu, 22 May 2025 02:01:58 GMT",
			"timesecs":	1747879318
		},
		"connecting_to":	{
			"host":	"192.168.26.3",
			"port":	55001
		},
		"cookie":	"jgsqctoewo2pqzjercvldtk2qn6tdgfcus7y",
		"target_bitrate":	200000000,
		"sock_bufsize":	0,
		"sndbuf_actual":	212992,
		"rcvbuf_actual":	212992,
		"test_start":	{
			"protocol":	"UDP",
			"num_streams":	1,
			"blksize":	1448,
			"omit":	0,
			"duration":	10,
			"bytes":	0,
			"blocks":	0,
			"reverse":	0,
			"tos":	0,
			"target_bitrate":	200000000
		}
	},
	"intervals":	[{
			"streams":	[{
					"socket":	5,
					"start":	0,
					"end":	1.000073,
					"seconds":	1.0000729560852051,
					"bytes":	7454304,
					"bits_per_second":	59630081.622684352,
					"packets":	5148,
					"omitted":	false,
					"sender":	true
				}],
			"sum":	{
				"start":	0,
				"end":	1.000073,
				"seconds":	1.0000729560852051,
				"bytes":	7454304,
				"bits_per_second":	59630081.622684352,
				"packets":	5148,
				"omitted":	false,
				"sender":	true
			}
		}, {
			"streams":	[{
					"socket":	5,
					"start":	1.000073,
					"end":	2.000073,
					"seconds":	1,
					"bytes":	8120384,
					"bits_per_second":	64963072,
					"packets":	5608,
					"omitted":	false,
					"sender":	true
				}],
			"sum":	{
				"start":	1.000073,
				"end":	2.000073,
				"seconds":	1,
				"bytes":	8120384,
				"bits_per_second":	64963072,
				"packets":	5608,
				"omitted":	false,
				"sender":	true
			}
		}, {
			"streams":	[{
					"socket":	5,
					"start":	2.000073,
					"end":	3.000074,
					"seconds":	1.0000009536743164,
					"bytes":	7394936,
					"bits_per_second":	59159431.581169531,
					"packets":	5107,
					"omitted":	false,
					"sender":	true
				}],
			"sum":	{
				"start":	2.000073,
				"end":	3.000074,
				"seconds":	1.0000009536743164,
				"bytes":	7394936,
				"bits_per_second":	59159431.581169531,
				"packets":	5107,
				"omitted":	false,
				"sender":	true
			}
		}, {
			"streams":	[{
					"socket":	5,
					"start":	3.000074,
					"end":	4.000034,
					"seconds":	0.99996000528335571,
					"bytes":	7255928,
					"bits_per_second":	58049745.683129869,
					"packets":	5011,
					"omitted":	false,
					"sender":	true
				}],
			"sum":	{
				"start":	3.000074,
				"end":	4.000034,
				"seconds":	0.99996000528335571,
				"bytes":	7255928,
				"bits_per_second":	58049745.683129869,
				"packets":	5011,
				"omitted":	false,
				"sender":	true
			}
		}, {
			"streams":	[{
					"socket":	5,
					"start":	4.000034,
					"end":	5.000073,
					"seconds":	1.0000389814376831,
					"bytes":	7726528,
					"bits_per_second":	61809814.564565346,
					"packets":	5336,
					"omitted":	false,
					"sender":	true
				}],
			"sum":	{
				"start":	4.000034,
				"end":	5.000073,
				"seconds":	1.0000389814376831,
				"bytes":	7726528,
				"bits_per_second":	61809814.564565346,
				"packets":	5336,
				"omitted":	false,
				"sender":	true
			}
		}, {
			"streams":	[{
					"socket":	5,
					"start":	5.000073,
					"end":	6.000037,
					"seconds":	0.99996399879455566,
					"bytes":	7581728,
					"bits_per_second":	60656007.689394258,
					"packets":	5236,
					"omitted":	false,
					"sender":	true
				}],
			"sum":	{
				"start":	5.000073,
				"end":	6.000037,
				"seconds":	0.99996399879455566,
				"bytes":	7581728,
				"bits_per_second":	60656007.689394258,
				"packets":	5236,
				"omitted":	false,
				"sender":	true
			}
		}, {
			"streams":	[{
					"socket":	5,
					"start":	6.000037,
					"end":	7.000073,
					"seconds":	1.0000360012054443,
					"bytes":	7717840,
					"bits_per_second":	61740497.267673634,
					"packets":	5330,
					"omitted":	false,
					"sender":	true
				}],
			"sum":	{
				"start":	6.000037,
				"end":	7.000073,
				"seconds":	1.0000360012054443,
				"bytes":	7717840,
				"bits_per_second":	61740497.267673634,
				"packets":	5330,
				"omitted":	false,
				"sender":	true
			}
		}, {
			"streams":	[{
					"socket":	5,
					"start":	7.000073,
					"end":	8.000073,
					"seconds":	1,
					"bytes":	7383352,
					"bits_per_second":	59066816,
					"packets":	5099,
					"omitted":	false,
					"sender":	true
				}],
			"sum":	{
				"start":	7.000073,
				"end":	8.000073,
				"seconds":	1,
				"bytes":	7383352,
				"bits_per_second":	59066816,
				"packets":	5099,
				"omitted":	false,
				"sender":	true
			}
		}, {
			"streams":	[{
					"socket":	5,
					"start":	8.000073,
					"end":	9.000067,
					"seconds":	0.99999397993087769,
					"bytes":	6914200,
					"bits_per_second":	55313932.99370005,
					"packets":	4775,
					"omitted":	false,
					"sender":	true
				}],
			"sum":	{
				"start":	8.000073,
				"end":	9.000067,
				"seconds":	0.99999397993087769,
				"bytes":	6914200,
				"bits_per_second":	55313932.99370005,
				"packets":	4775,
				"omitted":	false,
				"sender":	true
			}
		}, {
			"streams":	[{
					"socket":	5,
					"start":	9.000067,
					"end":	10.000066,
					"seconds":	0.99999898672103882,
					"bytes":	7787344,
					"bits_per_second":	62298815.126078673,
					"packets":	5378,
					"omitted":	false,
					"sender":	true
				}],
			"sum":	{
				"start":	9.000067,
				"end":	10.000066,
				"seconds":	0.99999898672103882,
				"bytes":	7787344,
				"bits_per_second":	62298815.126078673,
				"packets":	5378,
				"omitted":	false,
				"sender":	true
			}
		}],
	"end":	{
		"streams":	[{
				"udp":	{
					"socket":	5,
					"start":	0,
					"end":	10.000066,
					"seconds":	10.000066,
					"bytes":	75336544,
					"bits_per_second":	60268837.425672986,
					"jitter_ms":	0.536447065758433,
					"lost_packets":	29231,
					"packets":	52028,
					"lost_percent":	56.183209041285458,
					"out_of_order":	0,
					"sender":	true
				}
			}],
		"sum":	{
			"start":	0,
			"end":	10.319589,
			"seconds":	10.319589,
			"bytes":	75336544,
			"bits_per_second":	60268837.425672986,
			"jitter_ms":	0.536447065758433,
			"lost_packets":	29231,
			"packets":	52028,
			"lost_percent":	56.183209041285458,
			"sender":	true
		},
		"sum_sent":	{
			"start":	0,
			"end":	10.000066,
			"seconds":	10.000066,
			"bytes":	75336544,
			"bits_per_second":	60268837.425672986,
			"jitter_ms":	0,
			"lost_packets":	0,
			"packets":	52028,
			"lost_percent":	0,
			"sender":	true
		},
		"sum_received":	{
			"start":	0,
			"end":	10.319589,
			"seconds":	10.319589,
			"bytes":	32458368,
			"bits_per_second":	25162527.693690125,
			"jitter_ms":	0.536447065758433,
			"lost_packets":	29231,
			"packets":	51647,
			"lost_percent":	56.183209041285458,
			"sender":	false
		},
		"cpu_utilization_percent":	{
			"host_total":	16.849807764103755,
			"host_user":	1.2213999828537452,
			"host_system":	15.628368409826596,
			"remote_total":	0.0990143241859893,
			"remote_user":	0.018628838234303221,
			"remote_system":	0.0803854859516861
		}
	}
}
