{
	"start":	{
		"connected":	[{
				"socket":	5,
				"local_host":	"192.168.225.48",
				"local_port":	43928,
				"remote_host":	"192.168.26.3",
				"remote_port":	55001
			}],
		"version":	"iperf 3.12",
		"system_info":	"Linux rpi2 6.6.74+rpt-rpi-v8 #1 SMP PREEMPT Debian 1:6.6.74-1+rpt1 (2025-01-27) aarch64",
		"timestamp":	{
			"time":	"Thu, 22 May 2025 02:13:36 GMT",
			"timesecs":	1747880016
		},
		"connecting_to":	{
			"host":	"192.168.26.3",
			"port":	55001
		},
		"cookie":	"oz2j4nwdumnnuzcjikaay4qysq6m7qhmsmh4",
		"target_bitrate":	200000000,
		"sock_bufsize":	0,
		"sndbuf_actual":	212992,
		"rcvbuf_actual":	212992,
		"test_start":	{
			"protocol":	"UDP",
			"num_streams":	1,
			"blksize":	1448,
			"omit":	0,
			"duration":	10,
			"bytes":	0,
			"blocks":	0,
			"reverse":	0,
			"tos":	0,
			"target_bitrate":	200000000
		}
	},
	"intervals":	[{
			"streams":	[{
					"socket":	5,
					"start":	0,
					"end":	1.000066,
					"seconds":	1.0000660419464111,
					"bytes":	8919680,
					"bits_per_second":	71352727.726979166,
					"packets":	6160,
					"omitted":	false,
					"sender":	true
				}],
			"sum":	{
				"start":	0,
				"end":	1.000066,
				"seconds":	1.0000660419464111,
				"bytes":	8919680,
				"bits_per_second":	71352727.726979166,
				"packets":	6160,
				"omitted":	false,
				"sender":	true
			}
		}, {
			"streams":	[{
					"socket":	5,
					"start":	1.000066,
					"end":	2.000034,
					"seconds":	0.99996799230575562,
					"bytes":	8424464,
					"bits_per_second":	67397869.2503917,
					"packets":	5818,
					"omitted":	false,
					"sender":	true
				}],
			"sum":	{
				"start":	1.000066,
				"end":	2.000034,
				"seconds":	0.99996799230575562,
				"bytes":	8424464,
				"bits_per_second":	67397869.2503917,
				"packets":	5818,
				"omitted":	false,
				"sender":	true
			}
		}, {
			"streams":	[{
					"socket":	5,
					"start":	2.000034,
					"end":	3.000066,
					"seconds":	1.0000319480895996,
					"bytes":	8560576,
					"bits_per_second":	68482420.1175061,
					"packets":	5912,
					"omitted":	false,
					"sender":	true
				}],
			"sum":	{
				"start":	2.000034,
				"end":	3.000066,
				"seconds":	1.0000319480895996,
				"bytes":	8560576,
				"bits_per_second":	68482420.1175061,
				"packets":	5912,
				"omitted":	false,
				"sender":	true
			}
		}, {
			"streams":	[{
					"socket":	5,
					"start":	3.000066,
					"end":	4.000066,
					"seconds":	1,
					"bytes":	8415776,
					"bits_per_second":	67326208,
					"packets":	5812,
					"omitted":	false,
					"sender":	true
				}],
			"sum":	{
				"start":	3.000066,
				"end":	4.000066,
				"seconds":	1,
				"bytes":	8415776,
				"bits_per_second":	67326208,
				"packets":	5812,
				"omitted":	false,
				"sender":	true
			}
		}, {
			"streams":	[{
					"socket":	5,
					"start":	4.000066,
					"end":	5.000065,
					"seconds":	0.99999898672103882,
					"bytes":	8480936,
					"bits_per_second":	67847556.748501822,
					"packets":	5857,
					"omitted":	false,
					"sender":	true
				}],
			"sum":	{
				"start":	4.000066,
				"end":	5.000065,
				"seconds":	0.99999898672103882,
				"bytes":	8480936,
				"bits_per_second":	67847556.748501822,
				"packets":	5857,
				"omitted":	false,
				"sender":	true
			}
		}, {
			"streams":	[{
					"socket":	5,
					"start":	5.000065,
					"end":	6.000066,
					"seconds":	1.0000009536743164,
					"bytes":	8285456,
					"bits_per_second":	66283584.787047587,
					"packets":	5722,
					"omitted":	false,
					"sender":	true
				}],
			"sum":	{
				"start":	5.000065,
				"end":	6.000066,
				"seconds":	1.0000009536743164,
				"bytes":	8285456,
				"bits_per_second":	66283584.787047587,
				"packets":	5722,
				"omitted":	false,
				"sender":	true
			}
		}, {
			"streams":	[{
					"socket":	5,
					"start":	6.000066,
					"end":	7.00006,
					"seconds":	0.99999397993087769,
					"bytes":	8171064,
					"bits_per_second":	65368905.5253297,
					"packets":	5643,
					"omitted":	false,
					"sender":	true
				}],
			"sum":	{
				"start":	6.000066,
				"end":	7.00006,
				"seconds":	0.99999397993087769,
				"bytes":	8171064,
				"bits_per_second":	65368905.5253297,
				"packets":	5643,
				"omitted":	false,
				"sender":	true
			}
		}, {
			"streams":	[{
					"socket":	5,
					"start":	7.00006,
					"end":	8.000066,
					"seconds":	1.0000059604644775,
					"bytes":	8074048,
					"bits_per_second":	64591999.00168442,
					"packets":	5576,
					"omitted":	false,
					"sender":	true
				}],
			"sum":	{
				"start":	7.00006,
				"end":	8.000066,
				"seconds":	1.0000059604644775,
				"bytes":	8074048,
				"bits_per_second":	64591999.00168442,
				"packets":	5576,
				"omitted":	false,
				"sender":	true
			}
		}, {
			"streams":	[{
					"socket":	5,
					"start":	8.000066,
					"end":	9.000066,
					"seconds":	1,
					"bytes":	8861760,
					"bits_per_second":	70894080,
					"packets":	6120,
					"omitted":	false,
					"sender":	true
				}],
			"sum":	{
				"start":	8.000066,
				"end":	9.000066,
				"seconds":	1,
				"bytes":	8861760,
				"bits_per_second":	70894080,
				"packets":	6120,
				"omitted":	false,
				"sender":	true
			}
		}, {
			"streams":	[{
					"socket":	5,
					"start":	9.000066,
					"end":	10.000088,
					"seconds":	1.0000220537185669,
					"bytes":	8575056,
					"bits_per_second":	68598935.138390467,
					"packets":	5922,
					"omitted":	false,
					"sender":	true
				}],
			"sum":	{
				"start":	9.000066,
				"end":	10.000088,
				"seconds":	1.0000220537185669,
				"bytes":	8575056,
				"bits_per_second":	68598935.138390467,
				"packets":	5922,
				"omitted":	false,
				"sender":	true
			}
		}],
	"end":	{
		"streams":	[{
				"udp":	{
					"socket":	5,
					"start":	0,
					"end":	10.000088,
					"seconds":	10.000088,
					"bytes":	84768816,
					"bits_per_second":	67814456.0327869,
					"jitter_ms":	2.4051741010667507,
					"lost_packets":	52945,
					"packets":	58542,
					"lost_percent":	90.439342694134126,
					"out_of_order":	0,
					"sender":	true
				}
			}],
		"sum":	{
			"start":	0,
			"end":	10.319775,
			"seconds":	10.319775,
			"bytes":	84768816,
			"bits_per_second":	67814456.0327869,
			"jitter_ms":	2.4051741010667507,
			"lost_packets":	52945,
			"packets":	58542,
			"lost_percent":	90.439342694134126,
			"sender":	true
		},
		"sum_sent":	{
			"start":	0,
			"end":	10.000088,
			"seconds":	10.000088,
			"bytes":	84768816,
			"bits_per_second":	67814456.0327869,
			"jitter_ms":	0,
			"lost_packets":	0,
			"packets":	58542,
			"lost_percent":	0,
			"sender":	true
		},
		"sum_received":	{
			"start":	0,
			"end":	10.319775,
			"seconds":	10.319775,
			"bytes":	8074048,
			"bits_per_second":	6259088.40066765,
			"jitter_ms":	2.4051741010667507,
			"lost_packets":	52945,
			"packets":	58521,
			"lost_percent":	90.439342694134126,
			"sender":	false
		},
		"cpu_utilization_percent":	{
			"host_total":	18.344020124619412,
			"host_user":	1.454857698318506,
			"host_system":	16.889182111545654,
			"remote_total":	0.145645773703918,
			"remote_user":	0.011339966218837474,
			"remote_system":	0.13430580748508053
		}
	}
}
