{
	"start":	{
		"connected":	[{
				"socket":	5,
				"local_host":	"192.168.225.48",
				"local_port":	60142,
				"remote_host":	"192.168.26.3",
				"remote_port":	55001
			}],
		"version":	"iperf 3.12",
		"system_info":	"Linux rpi2 6.6.74+rpt-rpi-v8 #1 SMP PREEMPT Debian 1:6.6.74-1+rpt1 (2025-01-27) aarch64",
		"timestamp":	{
			"time":	"Thu, 22 May 2025 02:13:48 GMT",
			"timesecs":	1747880028
		},
		"connecting_to":	{
			"host":	"192.168.26.3",
			"port":	55001
		},
		"cookie":	"he32gc4pbht7e3nmuu5c7hephdep5l5dgmsl",
		"target_bitrate":	200000000,
		"sock_bufsize":	0,
		"sndbuf_actual":	212992,
		"rcvbuf_actual":	212992,
		"test_start":	{
			"protocol":	"UDP",
			"num_streams":	1,
			"blksize":	1448,
			"omit":	0,
			"duration":	10,
			"bytes":	0,
			"blocks":	0,
			"reverse":	0,
			"tos":	0,
			"target_bitrate":	200000000
		}
	},
	"intervals":	[{
			"streams":	[{
					"socket":	5,
					"start":	0,
					"end":	1.000065,
					"seconds":	1.0000649690628052,
					"bytes":	8919680,
					"bits_per_second":	71352804.2751777,
					"packets":	6160,
					"omitted":	false,
					"sender":	true
				}],
			"sum":	{
				"start":	0,
				"end":	1.000065,
				"seconds":	1.0000649690628052,
				"bytes":	8919680,
				"bits_per_second":	71352804.2751777,
				"packets":	6160,
				"omitted":	false,
				"sender":	true
			}
		}, {
			"streams":	[{
					"socket":	5,
					"start":	1.000065,
					"end":	2.000067,
					"seconds":	1.0000020265579224,
					"bytes":	8253600,
					"bits_per_second":	66028666.189083435,
					"packets":	5700,
					"omitted":	false,
					"sender":	true
				}],
			"sum":	{
				"start":	1.000065,
				"end":	2.000067,
				"seconds":	1.0000020265579224,
				"bytes":	8253600,
				"bits_per_second":	66028666.189083435,
				"packets":	5700,
				"omitted":	false,
				"sender":	true
			}
		}, {
			"streams":	[{
					"socket":	5,
					"start":	2.000067,
					"end":	3.000074,
					"seconds":	1.0000070333480835,
					"bytes":	8743024,
					"bits_per_second":	69943700.0616112,
					"packets":	6038,
					"omitted":	false,
					"sender":	true
				}],
			"sum":	{
				"start":	2.000067,
				"end":	3.000074,
				"seconds":	1.0000070333480835,
				"bytes":	8743024,
				"bits_per_second":	69943700.0616112,
				"packets":	6038,
				"omitted":	false,
				"sender":	true
			}
		}, {
			"streams":	[{
					"socket":	5,
					"start":	3.000074,
					"end":	4.000093,
					"seconds":	1.0000189542770386,
					"bytes":	8621392,
					"bits_per_second":	68969828.726759,
					"packets":	5954,
					"omitted":	false,
					"sender":	true
				}],
			"sum":	{
				"start":	3.000074,
				"end":	4.000093,
				"seconds":	1.0000189542770386,
				"bytes":	8621392,
				"bits_per_second":	68969828.726759,
				"packets":	5954,
				"omitted":	false,
				"sender":	true
			}
		}, {
			"streams":	[{
					"socket":	5,
					"start":	4.000093,
					"end":	5.000065,
					"seconds":	0.99997198581695557,
					"bytes":	8372336,
					"bits_per_second":	66980564.405791685,
					"packets":	5782,
					"omitted":	false,
					"sender":	true
				}],
			"sum":	{
				"start":	4.000093,
				"end":	5.000065,
				"seconds":	0.99997198581695557,
				"bytes":	8372336,
				"bits_per_second":	66980564.405791685,
				"packets":	5782,
				"omitted":	false,
				"sender":	true
			}
		}, {
			"streams":	[{
					"socket":	5,
					"start":	5.000065,
					"end":	6.000064,
					"seconds":	0.99999898672103882,
					"bytes":	8850176,
					"bits_per_second":	70801479.741649836,
					"packets":	6112,
					"omitted":	false,
					"sender":	true
				}],
			"sum":	{
				"start":	5.000065,
				"end":	6.000064,
				"seconds":	0.99999898672103882,
				"bytes":	8850176,
				"bits_per_second":	70801479.741649836,
				"packets":	6112,
				"omitted":	false,
				"sender":	true
			}
		}, {
			"streams":	[{
					"socket":	5,
					"start":	6.000064,
					"end":	7.000038,
					"seconds":	0.999974012374878,
					"bytes":	8298488,
					"bits_per_second":	66389629.30879847,
					"packets":	5731,
					"omitted":	false,
					"sender":	true
				}],
			"sum":	{
				"start":	6.000064,
				"end":	7.000038,
				"seconds":	0.999974012374878,
				"bytes":	8298488,
				"bits_per_second":	66389629.30879847,
				"packets":	5731,
				"omitted":	false,
				"sender":	true
			}
		}, {
			"streams":	[{
					"socket":	5,
					"start":	7.000038,
					"end":	8.000064,
					"seconds":	1.0000259876251221,
					"bytes":	8706824,
					"bits_per_second":	69652781.889615551,
					"packets":	6013,
					"omitted":	false,
					"sender":	true
				}],
			"sum":	{
				"start":	7.000038,
				"end":	8.000064,
				"seconds":	1.0000259876251221,
				"bytes":	8706824,
				"bits_per_second":	69652781.889615551,
				"packets":	6013,
				"omitted":	false,
				"sender":	true
			}
		}, {
			"streams":	[{
					"socket":	5,
					"start":	8.000064,
					"end":	9.00004,
					"seconds":	0.99997597932815552,
					"bytes":	8315864,
					"bits_per_second":	66528510.059508443,
					"packets":	5743,
					"omitted":	false,
					"sender":	true
				}],
			"sum":	{
				"start":	8.000064,
				"end":	9.00004,
				"seconds":	0.99997597932815552,
				"bytes":	8315864,
				"bits_per_second":	66528510.059508443,
				"packets":	5743,
				"omitted":	false,
				"sender":	true
			}
		}, {
			"streams":	[{
					"socket":	5,
					"start":	9.00004,
					"end":	10.000093,
					"seconds":	1.00005304813385,
					"bytes":	8669176,
					"bits_per_second":	69349729.126286834,
					"packets":	5987,
					"omitted":	false,
					"sender":	true
				}],
			"sum":	{
				"start":	9.00004,
				"end":	10.000093,
				"seconds":	1.00005304813385,
				"bytes":	8669176,
				"bits_per_second":	69349729.126286834,
				"packets":	5987,
				"omitted":	false,
				"sender":	true
			}
		}],
	"end":	{
		"streams":	[{
				"udp":	{
					"socket":	5,
					"start":	0,
					"end":	10.000093,
					"seconds":	10.000093,
					"bytes":	85750560,
					"bits_per_second":	68599810.0217668,
					"jitter_ms":	3.190031917643593,
					"lost_packets":	53583,
					"packets":	59220,
					"lost_percent":	90.481256332320157,
					"out_of_order":	0,
					"sender":	true
				}
			}],
		"sum":	{
			"start":	0,
			"end":	10.319829,
			"seconds":	10.319829,
			"bytes":	85750560,
			"bits_per_second":	68599810.0217668,
			"jitter_ms":	3.190031917643593,
			"lost_packets":	53583,
			"packets":	59220,
			"lost_percent":	90.481256332320157,
			"sender":	true
		},
		"sum_sent":	{
			"start":	0,
			"end":	10.000093,
			"seconds":	10.000093,
			"bytes":	85750560,
			"bits_per_second":	68599810.0217668,
			"jitter_ms":	0,
			"lost_packets":	0,
			"packets":	59220,
			"lost_percent":	0,
			"sender":	true
		},
		"sum_received":	{
			"start":	0,
			"end":	10.319829,
			"seconds":	10.319829,
			"bytes":	7798928,
			"bits_per_second":	6045780.797336855,
			"jitter_ms":	3.190031917643593,
			"lost_packets":	53583,
			"packets":	58969,
			"lost_percent":	90.481256332320157,
			"sender":	false
		},
		"cpu_utilization_percent":	{
			"host_total":	19.9694658472125,
			"host_user":	1.4081419748535671,
			"host_system":	18.561343557842,
			"remote_total":	0.18668469210810795,
			"remote_user":	0.010228627775749,
			"remote_system":	0.176456064332359
		}
	}
}
