{
	"start":	{
		"connected":	[{
				"socket":	5,
				"local_host":	"129.93.240.12",
				"local_port":	48652,
				"remote_host":	"129.93.208.46",
				"remote_port":	56000
			}],
		"version":	"iperf 3.12",
		"system_info":	"Linux rpi2 6.6.74+rpt-rpi-v8 #1 SMP PREEMPT Debian 1:6.6.74-1+rpt1 (2025-01-27) aarch64",
		"timestamp":	{
			"time":	"Tue, 13 May 2025 21:48:04 GMT",
			"timesecs":	1747172884
		},
		"connecting_to":	{
			"host":	"129.93.208.46",
			"port":	56000
		},
		"cookie":	"utkikevlotryucaobndj6cdvnxt5y76altwz",
		"tcp_mss_default":	1448,
		"target_bitrate":	0,
		"sock_bufsize":	0,
		"sndbuf_actual":	16384,
		"rcvbuf_actual":	131072,
		"test_start":	{
			"protocol":	"TCP",
			"num_streams":	1,
			"blksize":	131072,
			"omit":	0,
			"duration":	10,
			"bytes":	0,
			"blocks":	0,
			"reverse":	0,
			"tos":	0,
			"target_bitrate":	0
		}
	},
	"intervals":	[{
			"streams":	[{
					"socket":	5,
					"start":	0,
					"end":	1.000102,
					"seconds":	1.0001020431518555,
					"bytes":	1285824,
					"bits_per_second":	10285542.430831814,
					"retransmits":	0,
					"snd_cwnd":	95568,
					"snd_wnd":	576000,
					"rtt":	91204,
					"rttvar":	4576,
					"pmtu":	1500,
					"omitted":	false,
					"sender":	true
				}],
			"sum":	{
				"start":	0,
				"end":	1.000102,
				"seconds":	1.0001020431518555,
				"bytes":	1285824,
				"bits_per_second":	10285542.430831814,
				"retransmits":	0,
				"omitted":	false,
				"sender":	true
			}
		}, {
			"streams":	[{
					"socket":	5,
					"start":	1.000102,
					"end":	2.000212,
					"seconds":	1.0001100301742554,
					"bytes":	781920,
					"bits_per_second":	6254671.7973722247,
					"retransmits":	0,
					"snd_cwnd":	131768,
					"snd_wnd":	576000,
					"rtt":	135409,
					"rttvar":	5521,
					"pmtu":	1500,
					"omitted":	false,
					"sender":	true
				}],
			"sum":	{
				"start":	1.000102,
				"end":	2.000212,
				"seconds":	1.0001100301742554,
				"bytes":	781920,
				"bits_per_second":	6254671.7973722247,
				"retransmits":	0,
				"omitted":	false,
				"sender":	true
			}
		}, {
			"streams":	[{
					"socket":	5,
					"start":	2.000212,
					"end":	3.000233,
					"seconds":	1.0000209808349609,
					"bytes":	1042560,
					"bits_per_second":	8340305.01343699,
					"retransmits":	0,
					"snd_cwnd":	170864,
					"snd_wnd":	576000,
					"rtt":	212262,
					"rttvar":	15512,
					"pmtu":	1500,
					"omitted":	false,
					"sender":	true
				}],
			"sum":	{
				"start":	2.000212,
				"end":	3.000233,
				"seconds":	1.0000209808349609,
				"bytes":	1042560,
				"bits_per_second":	8340305.01343699,
				"retransmits":	0,
				"omitted":	false,
				"sender":	true
			}
		}, {
			"streams":	[{
					"socket":	5,
					"start":	3.000233,
					"end":	4.000366,
					"seconds":	1.0001330375671387,
					"bytes":	781920,
					"bits_per_second":	6254527.9128228771,
					"retransmits":	0,
					"snd_cwnd":	208512,
					"snd_wnd":	576000,
					"rtt":	243422,
					"rttvar":	13983,
					"pmtu":	1500,
					"omitted":	false,
					"sender":	true
				}],
			"sum":	{
				"start":	3.000233,
				"end":	4.000366,
				"seconds":	1.0001330375671387,
				"bytes":	781920,
				"bits_per_second":	6254527.9128228771,
				"retransmits":	0,
				"omitted":	false,
				"sender":	true
			}
		}, {
			"streams":	[{
					"socket":	5,
					"start":	4.000366,
					"end":	5.000463,
					"seconds":	1.0000970363616943,
					"bytes":	977400,
					"bits_per_second":	7818441.3268995173,
					"retransmits":	0,
					"snd_cwnd":	249056,
					"snd_wnd":	576000,
					"rtt":	278229,
					"rttvar":	6770,
					"pmtu":	1500,
					"omitted":	false,
					"sender":	true
				}],
			"sum":	{
				"start":	4.000366,
				"end":	5.000463,
				"seconds":	1.0000970363616943,
				"bytes":	977400,
				"bits_per_second":	7818441.3268995173,
				"retransmits":	0,
				"omitted":	false,
				"sender":	true
			}
		}, {
			"streams":	[{
					"socket":	5,
					"start":	5.000463,
					"end":	6.00034,
					"seconds":	0.99987697601318359,
					"bytes":	1107720,
					"bits_per_second":	8862850.3431837764,
					"retransmits":	0,
					"snd_cwnd":	288152,
					"snd_wnd":	623744,
					"rtt":	329294,
					"rttvar":	4890,
					"pmtu":	1500,
					"omitted":	false,
					"sender":	true
				}],
			"sum":	{
				"start":	5.000463,
				"end":	6.00034,
				"seconds":	0.99987697601318359,
				"bytes":	1107720,
				"bits_per_second":	8862850.3431837764,
				"retransmits":	0,
				"omitted":	false,
				"sender":	true
			}
		}, {
			"streams":	[{
					"socket":	5,
					"start":	6.00034,
					"end":	7.000732,
					"seconds":	1.000391960144043,
					"bytes":	651600,
					"bits_per_second":	5210757.5907041747,
					"retransmits":	0,
					"snd_cwnd":	325800,
					"snd_wnd":	679680,
					"rtt":	406040,
					"rttvar":	4986,
					"pmtu":	1500,
					"omitted":	false,
					"sender":	true
				}],
			"sum":	{
				"start":	6.00034,
				"end":	7.000732,
				"seconds":	1.000391960144043,
				"bytes":	651600,
				"bits_per_second":	5210757.5907041747,
				"retransmits":	0,
				"omitted":	false,
				"sender":	true
			}
		}, {
			"streams":	[{
					"socket":	5,
					"start":	7.000732,
					"end":	8.000304,
					"seconds":	0.999571979045868,
					"bytes":	1368360,
					"bits_per_second":	10951567.50037075,
					"retransmits":	0,
					"snd_cwnd":	366344,
					"snd_wnd":	808192,
					"rtt":	441619,
					"rttvar":	10557,
					"pmtu":	1500,
					"omitted":	false,
					"sender":	true
				}],
			"sum":	{
				"start":	7.000732,
				"end":	8.000304,
				"seconds":	0.999571979045868,
				"bytes":	1368360,
				"bits_per_second":	10951567.50037075,
				"retransmits":	0,
				"omitted":	false,
				"sender":	true
			}
		}, {
			"streams":	[{
					"socket":	5,
					"start":	8.000304,
					"end":	9.000541,
					"seconds":	1.000236988067627,
					"bytes":	781920,
					"bits_per_second":	6253877.9055599868,
					"retransmits":	0,
					"snd_cwnd":	421368,
					"snd_wnd":	878976,
					"rtt":	462349,
					"rttvar":	4890,
					"pmtu":	1500,
					"omitted":	false,
					"sender":	true
				}],
			"sum":	{
				"start":	8.000304,
				"end":	9.000541,
				"seconds":	1.000236988067627,
				"bytes":	781920,
				"bits_per_second":	6253877.9055599868,
				"retransmits":	0,
				"omitted":	false,
				"sender":	true
			}
		}, {
			"streams":	[{
					"socket":	5,
					"start":	9.000541,
					"end":	10.00018,
					"seconds":	0.99963897466659546,
					"bytes":	2019960,
					"bits_per_second":	16165516.160861632,
					"retransmits":	0,
					"snd_cwnd":	538656,
					"snd_wnd":	972928,
					"rtt":	553523,
					"rttvar":	5516,
					"pmtu":	1500,
					"omitted":	false,
					"sender":	true
				}],
			"sum":	{
				"start":	9.000541,
				"end":	10.00018,
				"seconds":	0.99963897466659546,
				"bytes":	2019960,
				"bits_per_second":	16165516.160861632,
				"retransmits":	0,
				"omitted":	false,
				"sender":	true
			}
		}],
	"end":	{
		"streams":	[{
				"sender":	{
					"socket":	5,
					"start":	0,
					"end":	10.00018,
					"seconds":	10.00018,
					"bytes":	10799184,
					"bits_per_second":	8639191.6945495,
					"retransmits":	0,
					"max_snd_cwnd":	538656,
					"max_snd_wnd":	972928,
					"max_rtt":	553523,
					"min_rtt":	91204,
					"mean_rtt":	315335,
					"sender":	true
				},
				"receiver":	{
					"socket":	5,
					"start":	0,
					"end":	10.524368,
					"seconds":	10.00018,
					"bytes":	8257536,
					"bits_per_second":	6276888.8355101226,
					"sender":	true
				}
			}],
		"sum_sent":	{
			"start":	0,
			"end":	10.00018,
			"seconds":	10.00018,
			"bytes":	10799184,
			"bits_per_second":	8639191.6945495,
			"retransmits":	0,
			"sender":	true
		},
		"sum_received":	{
			"start":	0,
			"end":	10.524368,
			"seconds":	10.524368,
			"bytes":	8257536,
			"bits_per_second":	6276888.8355101226,
			"sender":	true
		},
		"cpu_utilization_percent":	{
			"host_total":	0.47760375075130179,
			"host_user":	0.16331616852782774,
			"host_system":	0.31427770641960828,
			"remote_total":	1.6646443838656988,
			"remote_user":	0.29874358752652169,