{
	"start":	{
		"connected":	[{
				"socket":	5,
				"local_host":	"129.93.240.12",
				"local_port":	53344,
				"remote_host":	"129.93.208.46",
				"remote_port":	56000
			}],
		"version":	"iperf 3.12",
		"system_info":	"Linux rpi2 6.6.74+rpt-rpi-v8 #1 SMP PREEMPT Debian 1:6.6.74-1+rpt1 (2025-01-27) aarch64",
		"timestamp":	{
			"time":	"Tue, 13 May 2025 21:42:25 GMT",
			"timesecs":	1747172545
		},
		"connecting_to":	{
			"host":	"129.93.208.46",
			"port":	56000
		},
		"cookie":	"z64bhmk4kyjbrs2o5kd74fjslqflf4tmrpd2",
		"tcp_mss_default":	1448,
		"target_bitrate":	0,
		"sock_bufsize":	0,
		"sndbuf_actual":	16384,
		"rcvbuf_actual":	131072,
		"test_start":	{
			"protocol":	"TCP",
			"num_streams":	1,
			"blksize":	131072,
			"omit":	0,
			"duration":	10,
			"bytes":	0,
			"blocks":	0,
			"reverse":	0,
			"tos":	0,
			"target_bitrate":	0
		}
	},
	"intervals":	[{
			"streams":	[{
					"socket":	5,
					"start":	0,
					"end":	1.000094,
					"seconds":	1.0000940561294556,
					"bytes":	1238040,
					"bits_per_second":	9903388.5256067868,
					"retransmits":	0,
					"snd_cwnd":	92672,
					"snd_wnd":	270336,
					"rtt":	117696,
					"rttvar":	3015,
					"pmtu":	1500,
					"omitted":	false,
					"sender":	true
				}],
			"sum":	{
				"start":	0,
				"end":	1.000094,
				"seconds":	1.0000940561294556,
				"bytes":	1238040,
				"bits_per_second":	9903388.5256067868,
				"retransmits":	0,
				"omitted":	false,
				"sender":	true
			}
		}, {
			"streams":	[{
					"socket":	5,
					"start":	1.000094,
					"end":	2.000105,
					"seconds":	1.0000109672546387,
					"bytes":	1107720,
					"bits_per_second":	8861662.81188742,
					"retransmits":	0,
					"snd_cwnd":	134664,
					"snd_wnd":	320768,
					"rtt":	150655,
					"rttvar":	6658,
					"pmtu":	1500,
					"omitted":	false,
					"sender":	true
				}],
			"sum":	{
				"start":	1.000094,
				"end":	2.000105,
				"seconds":	1.0000109672546387,
				"bytes":	1107720,
				"bits_per_second":	8861662.81188742,
				"retransmits":	0,
				"omitted":	false,
				"sender":	true
			}
		}, {
			"streams":	[{
					"socket":	5,
					"start":	2.000105,
					"end":	3.000406,
					"seconds":	1.0003010034561157,
					"bytes":	651600,
					"bits_per_second":	5211231.40133758,
					"retransmits":	0,
					"snd_cwnd":	172312,
					"snd_wnd":	375680,
					"rtt":	220318,
					"rttvar":	2711,
					"pmtu":	1500,
					"omitted":	false,
					"sender":	true
				}],
			"sum":	{
				"start":	2.000105,
				"end":	3.000406,
				"seconds":	1.0003010034561157,
				"bytes":	651600,
				"bits_per_second":	5211231.40133758,
				"retransmits":	0,
				"omitted":	false,
				"sender":	true
			}
		}, {
			"streams":	[{
					"socket":	5,
					"start":	3.000406,
					"end":	4.00015,
					"seconds":	0.9997439980506897,
					"bytes":	1238040,
					"bits_per_second":	9906856.1744922064,
					"retransmits":	0,
					"snd_cwnd":	208512,
					"snd_wnd":	451200,
					"rtt":	271524,
					"rttvar":	3803,
					"pmtu":	1500,
					"omitted":	false,
					"sender":	true
				}],
			"sum":	{
				"start":	3.000406,
				"end":	4.00015,
				"seconds":	0.9997439980506897,
				"bytes":	1238040,
				"bits_per_second":	9906856.1744922064,
				"retransmits":	0,
				"omitted":	false,
				"sender":	true
			}
		}, {
			"streams":	[{
					"socket":	5,
					"start":	4.00015,
					"end":	5.000099,
					"seconds":	0.99994897842407227,
					"bytes":	977400,
					"bits_per_second":	7819598.9682624834,
					"retransmits":	0,
					"snd_cwnd":	246160,
					"snd_wnd":	541440,
					"rtt":	320638,
					"rttvar":	3030,
					"pmtu":	1500,
					"omitted":	false,
					"sender":	true
				}],
			"sum":	{
				"start":	4.00015,
				"end":	5.000099,
				"seconds":	0.99994897842407227,
				"bytes":	977400,
				"bits_per_second":	7819598.9682624834,
				"retransmits":	0,
				"omitted":	false,
				"sender":	true
			}
		}, {
			"streams":	[{
					"socket":	5,
					"start":	5.000099,
					"end":	6.000498,
					"seconds":	1.0003989934921265,
					"bytes":	586440,
					"bits_per_second":	4689648.8606242528,
					"retransmits":	0,
					"snd_cwnd":	283808,
					"snd_wnd":	623616,
					"rtt":	356392,
					"rttvar":	3272,
					"pmtu":	1500,
					"omitted":	false,
					"sender":	true
				}],
			"sum":	{
				"start":	5.000099,
				"end":	6.000498,
				"seconds":	1.0003989934921265,
				"bytes":	586440,
				"bits_per_second":	4689648.8606242528,
				"retransmits":	0,
				"omitted":	false,
				"sender":	true
			}
		}, {
			"streams":	[{
					"socket":	5,
					"start":	6.000498,
					"end":	7.00018,
					"seconds":	0.99968200922012329,
					"bytes":	1238040,
					"bits_per_second":	9907470.4842659,
					"retransmits":	0,
					"snd_cwnd":	321456,
					"snd_wnd":	673920,
					"rtt":	409573,
					"rttvar":	3897,
					"pmtu":	1500,
					"omitted":	false,
					"sender":	true
				}],
			"sum":	{
				"start":	6.000498,
				"end":	7.00018,
				"seconds":	0.99968200922012329,
				"bytes":	1238040,
				"bits_per_second":	9907470.4842659,
				"retransmits":	0,
				"omitted":	false,
				"sender":	true
			}
		}, {
			"streams":	[{
					"socket":	5,
					"start":	7.00018,
					"end":	8.000457,
					"seconds":	1.000277042388916,
					"bytes":	716760,
					"bits_per_second":	5732491.85676156,
					"retransmits":	0,
					"snd_cwnd":	357656,
					"snd_wnd":	763648,
					"rtt":	476751,
					"rttvar":	2318,
					"pmtu":	1500,
					"omitted":	false,
					"sender":	true
				}],
			"sum":	{
				"start":	7.00018,
				"end":	8.000457,
				"seconds":	1.000277042388916,
				"bytes":	716760,
				"bits_per_second":	5732491.85676156,
				"retransmits":	0,
				"omitted":	false,
				"sender":	true
			}
		}, {
			"streams":	[{
					"socket":	5,
					"start":	8.000457,
					"end":	9.000604,
					"seconds":	1.0001469850540161,
					"bytes":	781920,
					"bits_per_second":	6254440.6906972369,
					"retransmits":	0,
					"snd_cwnd":	421368,
					"snd_wnd":	854400,
					"rtt":	461345,
					"rttvar":	2339,
					"pmtu":	1500,
					"omitted":	false,
					"sender":	true
				}],
			"sum":	{
				"start":	8.000457,
				"end":	9.000604,
				"seconds":	1.0001469850540161,
				"bytes":	781920,
				"bits_per_second":	6254440.6906972369,
				"retransmits":	0,
				"omitted":	false,
				"sender":	true
			}
		}, {
			"streams":	[{
					"socket":	5,
					"start":	9.000604,
					"end":	10.000253,
					"seconds":	0.99964898824691772,
					"bytes":	1954800,
					"bits_per_second":	15643891.189671515,
					"retransmits":	0,
					"snd_cwnd":	544448,
					"snd_wnd":	1134080,
					"rtt":	534581,
					"rttvar":	2434,
					"pmtu":	1500,
					"omitted":	false,
					"sender":	true
				}],
			"sum":	{
				"start":	9.000604,
				"end":	10.000253,
				"seconds":	0.99964898824691772,
				"bytes":	1954800,
				"bits_per_second":	15643891.189671515,
				"retransmits":	0,
				"omitted":	false,
				"sender":	true
			}
		}],
	"end":	{
		"streams":	[{
				"sender":	{
					"socket":	5,
					"start":	0,
					"end":	10.000253,
					"seconds":	10.000253,
					"bytes":	10490760,
					"bits_per_second":	8392395.67238949,
					"retransmits":	0,
					"max_snd_cwnd":	544448,
					"max_snd_wnd":	1134080,
					"max_rtt":	534581,
					"min_rtt":	117696,
					"mean_rtt":	331947,
					"sender":	true
				},
				"receiver":	{
					"socket":	5,
					"start":	0,
					"end":	10.535044,
					"seconds":	10.000253,
					"bytes":	7995392,
					"bits_per_second":	6071463.583825564,
					"sender":	true
				}
			}],
		"sum_sent":	{
			"start":	0,
			"end":	10.000253,
			"seconds":	10.000253,
			"bytes":	10490760,
			"bits_per_second":	8392395.67238949,
			"retransmits":	0,
			"sender":	true
		},
		"sum_received":	{
			"start":	0,
			"end":	10.535044,
			"seconds":	10.535044,
			"bytes":	7995392,
			"bits_per_second":	6071463.583825564,
			"sender":	true
		},
		"cpu_utilization_percent":	{
			"host_total":	0.41211827006105772,
			"host_user":	0.06802702877153656,
			"host_system":	0.34410115632067867,
			"remote_total":	2.4343480183642066,
			"remote_user":	0.20999407786895166,
			"remote_system":	2.22439190895846
		},