{
	"start":	{
		"connected":	[{
				"socket":	5,
				"local_host":	"129.93.240.12",
				"local_port":	59520,
				"remote_host":	"129.93.208.46",
				"remote_port":	56000
			}],
		"version":	"iperf 3.12",
		"system_info":	"Linux rpi2 6.6.74+rpt-rpi-v8 #1 SMP PREEMPT Debian 1:6.6.74-1+rpt1 (2025-01-27) aarch64",
		"timestamp":	{
			"time":	"Tue, 13 May 2025 22:00:05 GMT",
			"timesecs":	1747173605
		},
		"connecting_to":	{
			"host":	"129.93.208.46",
			"port":	56000
		},
		"cookie":	"3sbcld3xsbqjjueegoid2fpxpq2nf3w3wo2i",
		"tcp_mss_default":	1448,
		"target_bitrate":	0,
		"sock_bufsize":	0,
		"sndbuf_actual":	16384,
		"rcvbuf_actual":	131072,
		"test_start":	{
			"protocol":	"TCP",
			"num_streams":	1,
			"blksize":	131072,
			"omit":	0,
			"duration":	10,
			"bytes":	0,
			"blocks":	0,
			"reverse":	0,
			"tos":	0,
			"target_bitrate":	0
		}
	},
	"intervals":	[{
			"streams":	[{
					"socket":	5,
					"start":	0,
					"end":	1.000149,
					"seconds":	1.0001490116119385,
					"bytes":	1953352,
					"bits_per_second":	15624487.769891696,
					"retransmits":	2,
					"snd_cwnd":	165072,
					"snd_wnd":	1287680,
					"rtt":	96934,
					"rttvar":	10186,
					"pmtu":	1500,
					"omitted":	false,
					"sender":	true
				}],
			"sum":	{
				"start":	0,
				"end":	1.000149,
				"seconds":	1.0001490116119385,
				"bytes":	1953352,
				"bits_per_second":	15624487.769891696,
				"retransmits":	2,
				"omitted":	false,
				"sender":	true
			}
		}, {
			"streams":	[{
					"socket":	5,
					"start":	1.000149,
					"end":	2.000186,
					"seconds":	1.0000369548797607,
					"bytes":	1563840,
					"bits_per_second":	12510257.684931478,
					"retransmits":	0,
					"snd_cwnd":	172312,
					"snd_wnd":	1287680,
					"rtt":	109850,
					"rttvar":	3225,
					"pmtu":	1500,
					"omitted":	false,
					"sender":	true
				}],
			"sum":	{
				"start":	1.000149,
				"end":	2.000186,
				"seconds":	1.0000369548797607,
				"bytes":	1563840,
				"bits_per_second":	12510257.684931478,
				"retransmits":	0,
				"omitted":	false,
				"sender":	true
			}
		}, {
			"streams":	[{
					"socket":	5,
					"start":	2.000186,
					"end":	3.00026,
					"seconds":	1.000074028968811,
					"bytes":	1563840,
					"bits_per_second":	12509793.912856592,
					"retransmits":	0,
					"snd_cwnd":	179552,
					"snd_wnd":	1287680,
					"rtt":	118060,
					"rttvar":	3678,
					"pmtu":	1500,
					"omitted":	false,
					"sender":	true
				}],
			"sum":	{
				"start":	2.000186,
				"end":	3.00026,
				"seconds":	1.000074028968811,
				"bytes":	1563840,
				"bits_per_second":	12509793.912856592,
				"retransmits":	0,
				"omitted":	false,
				"sender":	true
			}
		}, {
			"streams":	[{
					"socket":	5,
					"start":	3.00026,
					"end":	4.00028,
					"seconds":	1.0000200271606445,
					"bytes":	1563840,
					"bits_per_second":	12510469.45081857,
					"retransmits":	0,
					"snd_cwnd":	186792,
					"snd_wnd":	1287680,
					"rtt":	117944,
					"rttvar":	3146,
					"pmtu":	1500,
					"omitted":	false,
					"sender":	true
				}],
			"sum":	{
				"start":	3.00026,
				"end":	4.00028,
				"seconds":	1.0000200271606445,
				"bytes":	1563840,
				"bits_per_second":	12510469.45081857,
				"retransmits":	0,
				"omitted":	false,
				"sender":	true
			}
		}, {
			"streams":	[{
					"socket":	5,
					"start":	4.00028,
					"end":	5.000221,
					"seconds":	0.99994099140167236,
					"bytes":	1759320,
					"bits_per_second":	14075390.569068395,
					"retransmits":	0,
					"snd_cwnd":	214304,
					"snd_wnd":	1287680,
					"rtt":	119964,
					"rttvar":	5089,
					"pmtu":	1500,
					"omitted":	false,
					"sender":	true
				}],
			"sum":	{
				"start":	4.00028,
				"end":	5.000221,
				"seconds":	0.99994099140167236,
				"bytes":	1759320,
				"bits_per_second":	14075390.569068395,
				"retransmits":	0,
				"omitted":	false,
				"sender":	true
			}
		}, {
			"streams":	[{
					"socket":	5,
					"start":	5.000221,
					"end":	6.000198,
					"seconds":	0.9999769926071167,
					"bytes":	1954800,
					"bits_per_second":	15638759.807091089,
					"retransmits":	0,
					"snd_cwnd":	254848,
					"snd_wnd":	1287680,
					"rtt":	127321,
					"rttvar":	9406,
					"pmtu":	1500,
					"omitted":	false,
					"sender":	true
				}],
			"sum":	{
				"start":	5.000221,
				"end":	6.000198,
				"seconds":	0.9999769926071167,
				"bytes":	1954800,
				"bits_per_second":	15638759.807091089,
				"retransmits":	0,
				"omitted":	false,
				"sender":	true
			}
		}, {
			"streams":	[{
					"socket":	5,
					"start":	6.000198,
					"end":	7.000261,
					"seconds":	1.0000629425048828,
					"bytes":	1824480,
					"bits_per_second":	14594921.359091092,
					"retransmits":	0,
					"snd_cwnd":	314216,
					"snd_wnd":	1287680,
					"rtt":	170535,
					"rttvar":	5128,
					"pmtu":	1500,
					"omitted":	false,
					"sender":	true
				}],
			"sum":	{
				"start":	6.000198,
				"end":	7.000261,
				"seconds":	1.0000629425048828,
				"bytes":	1824480,
				"bits_per_second":	14594921.359091092,
				"retransmits":	0,
				"omitted":	false,
				"sender":	true
			}
		}, {
			"streams":	[{
					"socket":	5,
					"start":	7.000261,
					"end":	8.000237,
					"seconds":	0.99997597932815552,
					"bytes":	2150280,
					"bits_per_second":	17202653.219287835,
					"retransmits":	0,
					"snd_cwnd":	395304,
					"snd_wnd":	1287680,
					"rtt":	212205,
					"rttvar":	3256,
					"pmtu":	1500,
					"omitted":	false,
					"sender":	true
				}],
			"sum":	{
				"start":	7.000261,
				"end":	8.000237,
				"seconds":	0.99997597932815552,
				"bytes":	2150280,
				"bits_per_second":	17202653.219287835,
				"retransmits":	0,
				"omitted":	false,
				"sender":	true
			}
		}, {
			"streams":	[{
					"socket":	5,
					"start":	8.000237,
					"end":	9.000479,
					"seconds":	1.0002419948577881,
					"bytes":	1824480,
					"bits_per_second":	14592308.736322554,
					"retransmits":	0,
					"snd_cwnd":	495216,
					"snd_wnd":	1329792,
					"rtt":	279904,
					"rttvar":	6121,
					"pmtu":	1500,
					"omitted":	false,
					"sender":	true
				}],
			"sum":	{
				"start":	8.000237,
				"end":	9.000479,
				"seconds":	1.0002419948577881,
				"bytes":	1824480,
				"bits_per_second":	14592308.736322554,
				"retransmits":	0,
				"omitted":	false,
				"sender":	true
			}
		}, {
			"streams":	[{
					"socket":	5,
					"start":	9.000479,
					"end":	10.000495,
					"seconds":	1.0000159740448,
					"bytes":	2215440,
					"bits_per_second":	17723236.888219949,
					"retransmits":	0,
					"snd_cwnd":	624088,
					"snd_wnd":	1329792,
					"rtt":	252853,
					"rttvar":	31180,
					"pmtu":	1500,
					"omitted":	false,
					"sender":	true
				}],
			"sum":	{
				"start":	9.000479,
				"end":	10.000495,
				"seconds":	1.0000159740448,
				"bytes":	2215440,
				"bits_per_second":	17723236.888219949,
				"retransmits":	0,
				"omitted":	false,
				"sender":	true
			}
		}],
	"end":	{
		"streams":	[{
				"sender":	{
					"socket":	5,
					"start":	0,
					"end":	10.000495,
					"seconds":	10.000495,
					"bytes":	18373672,
					"bits_per_second":	14698210.038603088,
					"retransmits":	2,
					"max_snd_cwnd":	624088,
					"max_snd_wnd":	1329792,
					"max_rtt":	279904,
					"min_rtt":	96934,
					"mean_rtt":	160557,
					"sender":	true
				},
				"receiver":	{
					"socket":	5,
					"start":	0,
					"end":	10.214037,
					"seconds":	10.000495,
					"bytes":	16121856,
					"bits_per_second":	12627215.664090507,
					"sender":	true
				}
			}],
		"sum_sent":	{
			"start":	0,
			"end":	10.000495,
			"seconds":	10.000495,
			"bytes":	18373672,
			"bits_per_second":	14698210.038603088,
			"retransmits":	2,
			"sender":	true
		},
		"sum_received":	{
			"start":	0,
			"end":	10.214037,
			"seconds":	10.214037,
			"bytes":	16121856,
			"bits_per_second":	12627215.664090507,
			"sender":	true
		},
		"cpu_utilization_percent":	{
			"host_total":	0.55637251111119046,
			"host_user":	0.129999044241316,
			"host_system":	0.42637346686987448,
			"remote_total":	2.325519465223532,
			"remote_user":	0.32463088632123049,