{
	"start":	{
		"connected":	[{
				"socket":	5,
				"local_host":	"129.93.240.12",
				"local_port":	36914,
				"remote_host":	"129.93.208.46",
				"remote_port":	56000
			}],
		"version":	"iperf 3.12",
		"system_info":	"Linux rpi2 6.6.74+rpt-rpi-v8 #1 SMP PREEMPT Debian 1:6.6.74-1+rpt1 (2025-01-27) aarch64",
		"timestamp":	{
			"time":	"Tue, 13 May 2025 21:52:34 GMT",
			"timesecs":	1747173154
		},
		"connecting_to":	{
			"host":	"129.93.208.46",
			"port":	56000
		},
		"cookie":	"7coaqe3jlnnzrl5aecrhl2p5gbxercfp4usz",
		"tcp_mss_default":	1448,
		"target_bitrate":	0,
		"sock_bufsize":	0,
		"sndbuf_actual":	16384,
		"rcvbuf_actual":	131072,
		"test_start":	{
			"protocol":	"TCP",
			"num_streams":	1,
			"blksize":	131072,
			"omit":	0,
			"duration":	10,
			"bytes":	0,
			"blocks":	0,
			"reverse":	0,
			"tos":	0,
			"target_bitrate":	0
		}
	},
	"intervals":	[{
			"streams":	[{
					"socket":	5,
					"start":	0,
					"end":	1.000149,
					"seconds":	1.0001490116119385,
					"bytes":	2125664,
					"bits_per_second":	17002778.388584886,
					"retransmits":	2,
					"snd_cwnd":	124528,
					"snd_wnd":	738560,
					"rtt":	88460,
					"rttvar":	3625,
					"pmtu":	1500,
					"omitted":	false,
					"sender":	true
				}],
			"sum":	{
				"start":	0,
				"end":	1.000149,
				"seconds":	1.0001490116119385,
				"bytes":	2125664,
				"bits_per_second":	17002778.388584886,
				"retransmits":	2,
				"omitted":	false,
				"sender":	true
			}
		}, {
			"streams":	[{
					"socket":	5,
					"start":	1.000149,
					"end":	2.000142,
					"seconds":	0.99999302625656128,
					"bytes":	1694160,
					"bits_per_second":	13553374.517756615,
					"retransmits":	0,
					"snd_cwnd":	134664,
					"snd_wnd":	738560,
					"rtt":	80423,
					"rttvar":	2459,
					"pmtu":	1500,
					"omitted":	false,
					"sender":	true
				}],
			"sum":	{
				"start":	1.000149,
				"end":	2.000142,
				"seconds":	0.99999302625656128,
				"bytes":	1694160,
				"bits_per_second":	13553374.517756615,
				"retransmits":	0,
				"omitted":	false,
				"sender":	true
			}
		}, {
			"streams":	[{
					"socket":	5,
					"start":	2.000142,
					"end":	3.000213,
					"seconds":	1.0000710487365723,
					"bytes":	1629000,
					"bits_per_second":	13031074.158644849,
					"retransmits":	0,
					"snd_cwnd":	143352,
					"snd_wnd":	738560,
					"rtt":	84625,
					"rttvar":	3610,
					"pmtu":	1500,
					"omitted":	false,
					"sender":	true
				}],
			"sum":	{
				"start":	2.000142,
				"end":	3.000213,
				"seconds":	1.0000710487365723,
				"bytes":	1629000,
				"bits_per_second":	13031074.158644849,
				"retransmits":	0,
				"omitted":	false,
				"sender":	true
			}
		}, {
			"streams":	[{
					"socket":	5,
					"start":	3.000213,
					"end":	4.000176,
					"seconds":	0.99996298551559448,
					"bytes":	1629000,
					"bits_per_second":	13032482.390616212,
					"retransmits":	0,
					"snd_cwnd":	152040,
					"snd_wnd":	733568,
					"rtt":	88770,
					"rttvar":	3659,
					"pmtu":	1500,
					"omitted":	false,
					"sender":	true
				}],
			"sum":	{
				"start":	3.000213,
				"end":	4.000176,
				"seconds":	0.99996298551559448,
				"bytes":	1629000,
				"bits_per_second":	13032482.390616212,
				"retransmits":	0,
				"omitted":	false,
				"sender":	true
			}
		}, {
			"streams":	[{
					"socket":	5,
					"start":	4.000176,
					"end":	5.000254,
					"seconds":	1.0000779628753662,
					"bytes":	1759320,
					"bits_per_second":	14073462.792374346,
					"retransmits":	0,
					"snd_cwnd":	181000,
					"snd_wnd":	738560,
					"rtt":	106293,
					"rttvar":	3407,
					"pmtu":	1500,
					"omitted":	false,
					"sender":	true
				}],
			"sum":	{
				"start":	4.000176,
				"end":	5.000254,
				"seconds":	1.0000779628753662,
				"bytes":	1759320,
				"bits_per_second":	14073462.792374346,
				"retransmits":	0,
				"omitted":	false,
				"sender":	true
			}
		}, {
			"streams":	[{
					"socket":	5,
					"start":	5.000254,
					"end":	6.000149,
					"seconds":	0.99989497661590576,
					"bytes":	2150280,
					"bits_per_second":	17204046.82721791,
					"retransmits":	0,
					"snd_cwnd":	225888,
					"snd_wnd":	738560,
					"rtt":	136672,
					"rttvar":	3130,
					"pmtu":	1500,
					"omitted":	false,
					"sender":	true
				}],
			"sum":	{
				"start":	5.000254,
				"end":	6.000149,
				"seconds":	0.99989497661590576,
				"bytes":	2150280,
				"bits_per_second":	17204046.82721791,
				"retransmits":	0,
				"omitted":	false,
				"sender":	true
			}
		}, {
			"streams":	[{
					"socket":	5,
					"start":	6.000149,
					"end":	7.000107,
					"seconds":	0.99995797872543335,
					"bytes":	2215440,
					"bits_per_second":	17724264.796197493,
					"retransmits":	0,
					"snd_cwnd":	293944,
					"snd_wnd":	738560,
					"rtt":	158172,
					"rttvar":	3480,
					"pmtu":	1500,
					"omitted":	false,
					"sender":	true
				}],
			"sum":	{
				"start":	6.000149,
				"end":	7.000107,
				"seconds":	0.99995797872543335,
				"bytes":	2215440,
				"bits_per_second":	17724264.796197493,
				"retransmits":	0,
				"omitted":	false,
				"sender":	true
			}
		}, {
			"streams":	[{
					"socket":	5,
					"start":	7.000107,
					"end":	8.000141,
					"seconds":	1.000033974647522,
					"bytes":	2150280,
					"bits_per_second":	17201655.579814881,
					"retransmits":	0,
					"snd_cwnd":	379376,
					"snd_wnd":	838912,
					"rtt":	216975,
					"rttvar":	5120,
					"pmtu":	1500,
					"omitted":	false,
					"sender":	true
				}],
			"sum":	{
				"start":	7.000107,
				"end":	8.000141,
				"seconds":	1.000033974647522,
				"bytes":	2150280,
				"bits_per_second":	17201655.579814881,
				"retransmits":	0,
				"omitted":	false,
				"sender":	true
			}
		}, {
			"streams":	[{
					"socket":	5,
					"start":	8.000141,
					"end":	9.000383,
					"seconds":	1.0002419948577881,
					"bytes":	1759320,
					"bits_per_second":	14071154.852882463,
					"retransmits":	0,
					"snd_cwnd":	490872,
					"snd_wnd":	975872,
					"rtt":	267634,
					"rttvar":	3940,
					"pmtu":	1500,
					"omitted":	false,
					"sender":	true
				}],
			"sum":	{
				"start":	8.000141,
				"end":	9.000383,
				"seconds":	1.0002419948577881,
				"bytes":	1759320,
				"bits_per_second":	14071154.852882463,
				"retransmits":	0,
				"omitted":	false,
				"sender":	true
			}
		}, {
			"streams":	[{
					"socket":	5,
					"start":	9.000383,
					"end":	10.000543,
					"seconds":	1.0001599788665771,
					"bytes":	2215440,
					"bits_per_second":	17720685.064888347,
					"retransmits":	0,
					"snd_cwnd":	600920,
					"snd_wnd":	1142016,
					"rtt":	277910,
					"rttvar":	28833,
					"pmtu":	1500,
					"omitted":	false,
					"sender":	true
				}],
			"sum":	{
				"start":	9.000383,
				"end":	10.000543,
				"seconds":	1.0001599788665771,
				"bytes":	2215440,
				"bits_per_second":	17720685.064888347,
				"retransmits":	0,
				"omitted":	false,
				"sender":	true
			}
		}],
	"end":	{
		"streams":	[{
				"sender":	{
					"socket":	5,
					"start":	0,
					"end":	10.000543,
					"seconds":	10.000543,
					"bytes":	19327904,
					"bits_per_second":	15461483.64143827,
					"retransmits":	2,
					"max_snd_cwnd":	600920,
					"max_snd_wnd":	1142016,
					"max_rtt":	277910,
					"min_rtt":	80423,
					"mean_rtt":	150593,
					"sender":	true
				},
				"receiver":	{
					"socket":	5,
					"start":	0,
					"end":	10.328931,
					"seconds":	10.000543,
					"bytes":	17301504,
					"bits_per_second":	13400421.786146116,
					"sender":	true
				}
			}],
		"sum_sent":	{
			"start":	0,
			"end":	10.000543,
			"seconds":	10.000543,
			"bytes":	19327904,
			"bits_per_second":	15461483.64143827,
			"retransmits":	2,
			"sender":	true
		},
		"sum_received":	{
			"start":	0,
			"end":	10.328931,
			"seconds":	10.328931,
			"bytes":	17301504,
			"bits_per_second":	13400421.786146116,
			"sender":	true
		},
		"cpu_utilization_percent":	{
			"host_total":	0.544374325989603,
			"host_user":	0.03637028519935636,
			"host_system":	0.50800404079024652,
			"remote_total":	3.3914126965224991,
			"remote_user":	0.50768856914096949,