{
	"start":	{
		"connected":	[{
				"socket":	5,
				"local_host":	"129.93.240.12",
				"local_port":	44406,
				"remote_host":	"129.93.208.46",
				"remote_port":	56000
			}],
		"version":	"iperf 3.12",
		"system_info":	"Linux rpi2 6.6.74+rpt-rpi-v8 #1 SMP PREEMPT Debian 1:6.6.74-1+rpt1 (2025-01-27) aarch64",
		"timestamp":	{
			"time":	"Tue, 13 May 2025 21:51:58 GMT",
			"timesecs":	1747173118
		},
		"connecting_to":	{
			"host":	"129.93.208.46",
			"port":	56000
		},
		"cookie":	"kg272m73xmxtd5y6b66qa67wb26pn2rkakyi",
		"tcp_mss_default":	1448,
		"target_bitrate":	0,
		"sock_bufsize":	0,
		"sndbuf_actual":	16384,
		"rcvbuf_actual":	131072,
		"test_start":	{
			"protocol":	"TCP",
			"num_streams":	1,
			"blksize":	131072,
			"omit":	0,
			"duration":	10,
			"bytes":	0,
			"blocks":	0,
			"reverse":	0,
			"tos":	0,
			"target_bitrate":	0
		}
	},
	"intervals":	[{
			"streams":	[{
					"socket":	5,
					"start":	0,
					"end":	1.000098,
					"seconds":	1.0000979900360107,
					"bytes":	2002584,
					"bits_per_second":	16019102.287589978,
					"retransmits":	0,
					"snd_cwnd":	111496,
					"snd_wnd":	408704,
					"rtt":	84981,
					"rttvar":	5750,
					"pmtu":	1500,
					"omitted":	false,
					"sender":	true
				}],
			"sum":	{
				"start":	0,
				"end":	1.000098,
				"seconds":	1.0000979900360107,
				"bytes":	2002584,
				"bits_per_second":	16019102.287589978,
				"retransmits":	0,
				"omitted":	false,
				"sender":	true
			}
		}, {
			"streams":	[{
					"socket":	5,
					"start":	1.000098,
					"end":	2.000194,
					"seconds":	1.0000959634780884,
					"bytes":	1629000,
					"bits_per_second":	13030749.523953583,
					"retransmits":	0,
					"snd_cwnd":	183896,
					"snd_wnd":	408704,
					"rtt":	122404,
					"rttvar":	3387,
					"pmtu":	1500,
					"omitted":	false,
					"sender":	true
				}],
			"sum":	{
				"start":	1.000098,
				"end":	2.000194,
				"seconds":	1.0000959634780884,
				"bytes":	1629000,
				"bits_per_second":	13030749.523953583,
				"retransmits":	0,
				"omitted":	false,
				"sender":	true
			}
		}, {
			"streams":	[{
					"socket":	5,
					"start":	2.000194,
					"end":	3.000213,
					"seconds":	1.0000189542770386,
					"bytes":	2410920,
					"bits_per_second":	19286994.42896435,
					"retransmits":	0,
					"snd_cwnd":	269328,
					"snd_wnd":	615040,
					"rtt":	165558,
					"rttvar":	8609,
					"pmtu":	1500,
					"omitted":	false,
					"sender":	true
				}],
			"sum":	{
				"start":	2.000194,
				"end":	3.000213,
				"seconds":	1.0000189542770386,
				"bytes":	2410920,
				"bits_per_second":	19286994.42896435,
				"retransmits":	0,
				"omitted":	false,
				"sender":	true
			}
		}, {
			"streams":	[{
					"socket":	5,
					"start":	3.000213,
					"end":	4.000129,
					"seconds":	0.99991601705551147,
					"bytes":	1954800,
					"bits_per_second":	15639713.4691881,
					"retransmits":	0,
					"snd_cwnd":	351864,
					"snd_wnd":	814848,
					"rtt":	189409,
					"rttvar":	6084,
					"pmtu":	1500,
					"omitted":	false,
					"sender":	true
				}],
			"sum":	{
				"start":	3.000213,
				"end":	4.000129,
				"seconds":	0.99991601705551147,
				"bytes":	1954800,
				"bits_per_second":	15639713.4691881,
				"retransmits":	0,
				"omitted":	false,
				"sender":	true
			}
		}, {
			"streams":	[{
					"socket":	5,
					"start":	4.000129,
					"end":	5.000349,
					"seconds":	1.0002199411392212,
					"bytes":	1629000,
					"bits_per_second":	13029134.35734638,
					"retransmits":	0,
					"snd_cwnd":	431504,
					"snd_wnd":	1061760,
					"rtt":	244191,
					"rttvar":	3700,
					"pmtu":	1500,
					"omitted":	false,
					"sender":	true
				}],
			"sum":	{
				"start":	4.000129,
				"end":	5.000349,
				"seconds":	1.0002199411392212,
				"bytes":	1629000,
				"bits_per_second":	13029134.35734638,
				"retransmits":	0,
				"omitted":	false,
				"sender":	true
			}
		}, {
			"streams":	[{
					"socket":	5,
					"start":	5.000349,
					"end":	6.000402,
					"seconds":	1.00005304813385,
					"bytes":	1889640,
					"bits_per_second":	15116318.10753371,
					"retransmits":	0,
					"snd_cwnd":	499560,
					"snd_wnd":	1061760,
					"rtt":	395689,
					"rttvar":	7923,
					"pmtu":	1500,
					"omitted":	false,
					"sender":	true
				}],
			"sum":	{
				"start":	5.000349,
				"end":	6.000402,
				"seconds":	1.00005304813385,
				"bytes":	1889640,
				"bits_per_second":	15116318.10753371,
				"retransmits":	0,
				"omitted":	false,
				"sender":	true
			}
		}, {
			"streams":	[{
					"socket":	5,
					"start":	6.000402,
					"end":	7.000495,
					"seconds":	1.0000929832458496,
					"bytes":	1107720,
					"bits_per_second":	8860936.0814018846,
					"retransmits":	0,
					"snd_cwnd":	540104,
					"snd_wnd":	1061760,
					"rtt":	511425,
					"rttvar":	27565,
					"pmtu":	1500,
					"omitted":	false,
					"sender":	true
				}],
			"sum":	{
				"start":	6.000402,
				"end":	7.000495,
				"seconds":	1.0000929832458496,
				"bytes":	1107720,
				"bits_per_second":	8860936.0814018846,
				"retransmits":	0,
				"omitted":	false,
				"sender":	true
			}
		}, {
			"streams":	[{
					"socket":	5,
					"start":	7.000495,
					"end":	8.000501,
					"seconds":	1.0000059604644775,
					"bytes":	1172880,
					"bits_per_second":	9382984.07305674,
					"retransmits":	0,
					"snd_cwnd":	576304,
					"snd_wnd":	1234048,
					"rtt":	464098,
					"rttvar":	23214,
					"pmtu":	1500,
					"omitted":	false,
					"sender":	true
				}],
			"sum":	{
				"start":	7.000495,
				"end":	8.000501,
				"seconds":	1.0000059604644775,
				"bytes":	1172880,
				"bits_per_second":	9382984.07305674,
				"retransmits":	0,
				"omitted":	false,
				"sender":	true
			}
		}, {
			"streams":	[{
					"socket":	5,
					"start":	8.000501,
					"end":	9.001034,
					"seconds":	1.0005329847335815,
					"bytes":	1172880,
					"bits_per_second":	9378041.64697127,
					"retransmits":	0,
					"snd_cwnd":	576304,
					"snd_wnd":	1473408,
					"rtt":	313277,
					"rttvar":	22456,
					"pmtu":	1500,
					"omitted":	false,
					"sender":	true
				}],
			"sum":	{
				"start":	8.000501,
				"end":	9.001034,
				"seconds":	1.0005329847335815,
				"bytes":	1172880,
				"bits_per_second":	9378041.64697127,
				"retransmits":	0,
				"omitted":	false,
				"sender":	true
			}
		}, {
			"streams":	[{
					"socket":	5,
					"start":	9.001034,
					"end":	10.000313,
					"seconds":	0.999279022216797,
					"bytes":	2410920,
					"bits_per_second":	19301275.79103281,
					"retransmits":	0,
					"snd_cwnd":	605264,
					"snd_wnd":	1473408,
					"rtt":	264149,
					"rttvar":	23922,
					"pmtu":	1500,
					"omitted":	false,
					"sender":	true
				}],
			"sum":	{
				"start":	9.001034,
				"end":	10.000313,
				"seconds":	0.999279022216797,
				"bytes":	2410920,
				"bits_per_second":	19301275.79103281,
				"retransmits":	0,
				"omitted":	false,
				"sender":	true
			}
		}],
	"end":	{
		"streams":	[{
				"sender":	{
					"socket":	5,
					"start":	0,
					"end":	10.000313,
					"seconds":	10.000313,
					"bytes":	17380344,
					"bits_per_second":	13903840.009807693,
					"retransmits":	0,
					"max_snd_cwnd":	605264,
					"max_snd_wnd":	1473408,
					"max_rtt":	511425,
					"min_rtt":	84981,
					"mean_rtt":	275518,
					"sender":	true
				},
				"receiver":	{
					"socket":	5,
					"start":	0,
					"end":	10.209154,
					"seconds":	10.000313,
					"bytes":	14548992,
					"bits_per_second":	11400742.510104168,
					"sender":	true
				}
			}],
		"sum_sent":	{
			"start":	0,
			"end":	10.000313,
			"seconds":	10.000313,
			"bytes":	17380344,
			"bits_per_second":	13903840.009807693,
			"retransmits":	0,
			"sender":	true
		},
		"sum_received":	{
			"start":	0,
			"end":	10.209154,
			"seconds":	10.209154,
			"bytes":	14548992,
			"bits_per_second":	11400742.510104168,
			"sender":	true
		},
		"cpu_utilization_percent":	{
			"host_total":	0.589792543348463,
			"host_user":	0.14200435462833452,
			"host_system":	0.44778818872012832,
			"remote_total":	2.7920911288393579,
			"remote_user":	0.29943597898129859,