{
	"start":	{
		"connected":	[{
				"socket":	5,
				"local_host":	"129.93.240.12",
				"local_port":	37598,
				"remote_host":	"129.93.208.46",
				"remote_port":	56000
			}],
		"version":	"iperf 3.12",
		"system_info":	"Linux rpi2 6.6.74+rpt-rpi-v8 #1 SMP PREEMPT Debian 1:6.6.74-1+rpt1 (2025-01-27) aarch64",
		"timestamp":	{
			"time":	"Tue, 13 May 2025 22:22:36 GMT",
			"timesecs":	1747174956
		},
		"connecting_to":	{
			"host":	"129.93.208.46",
			"port":	56000
		},
		"cookie":	"tpinr52am6lvcrqv5nmmqnabbal5tkeohdg7",
		"tcp_mss_default":	1448,
		"target_bitrate":	0,
		"sock_bufsize":	0,
		"sndbuf_actual":	16384,
		"rcvbuf_actual":	131072,
		"test_start":	{
			"protocol":	"TCP",
			"num_streams":	1,
			"blksize":	131072,
			"omit":	0,
			"duration":	10,
			"bytes":	0,
			"blocks":	0,
			"reverse":	0,
			"tos":	0,
			"target_bitrate":	0
		}
	},
	"intervals":	[{
			"streams":	[{
					"socket":	5,
					"start":	0,
					"end":	1.000261,
					"seconds":	1.0002609491348267,
					"bytes":	1164192,
					"bits_per_second":	9311106.27487329,
					"retransmits":	0,
					"snd_cwnd":	92672,
					"snd_wnd":	774656,
					"rtt":	89379,
					"rttvar":	1559,
					"pmtu":	1500,
					"omitted":	false,
					"sender":	true
				}],
			"sum":	{
				"start":	0,
				"end":	1.000261,
				"seconds":	1.0002609491348267,
				"bytes":	1164192,
				"bits_per_second":	9311106.27487329,
				"retransmits":	0,
				"omitted":	false,
				"sender":	true
			}
		}, {
			"streams":	[{
					"socket":	5,
					"start":	1.000261,
					"end":	2.000212,
					"seconds":	0.99995100498199463,
					"bytes":	1303200,
					"bits_per_second":	10426110.827487718,
					"retransmits":	0,
					"snd_cwnd":	143352,
					"snd_wnd":	774656,
					"rtt":	142774,
					"rttvar":	4434,
					"pmtu":	1500,
					"omitted":	false,
					"sender":	true
				}],
			"sum":	{
				"start":	1.000261,
				"end":	2.000212,
				"seconds":	0.99995100498199463,
				"bytes":	1303200,
				"bits_per_second":	10426110.827487718,
				"retransmits":	0,
				"omitted":	false,
				"sender":	true
			}
		}, {
			"streams":	[{
					"socket":	5,
					"start":	2.000212,
					"end":	3.000114,
					"seconds":	0.99990200996398926,
					"bytes":	1498680,
					"bits_per_second":	11990614.9607918,
					"retransmits":	0,
					"snd_cwnd":	198376,
					"snd_wnd":	774656,
					"rtt":	168039,
					"rttvar":	6195,
					"pmtu":	1500,
					"omitted":	false,
					"sender":	true
				}],
			"sum":	{
				"start":	2.000212,
				"end":	3.000114,
				"seconds":	0.99990200996398926,
				"bytes":	1498680,
				"bits_per_second":	11990614.9607918,
				"retransmits":	0,
				"omitted":	false,
				"sender":	true
			}
		}, {
			"streams":	[{
					"socket":	5,
					"start":	3.000114,
					"end":	4.000149,
					"seconds":	1.0000350475311279,
					"bytes":	1498680,
					"bits_per_second":	11989019.814454859,
					"retransmits":	0,
					"snd_cwnd":	259192,
					"snd_wnd":	774656,
					"rtt":	199642,
					"rttvar":	3247,
					"pmtu":	1500,
					"omitted":	false,
					"sender":	true
				}],
			"sum":	{
				"start":	3.000114,
				"end":	4.000149,
				"seconds":	1.0000350475311279,
				"bytes":	1498680,
				"bits_per_second":	11989019.814454859,
				"retransmits":	0,
				"omitted":	false,
				"sender":	true
			}
		}, {
			"streams":	[{
					"socket":	5,
					"start":	4.000149,
					"end":	5.000401,
					"seconds":	1.0002520084381104,
					"bytes":	1238040,
					"bits_per_second":	9901824.65663384,
					"retransmits":	0,
					"snd_cwnd":	322904,
					"snd_wnd":	774656,
					"rtt":	242973,
					"rttvar":	3625,
					"pmtu":	1500,
					"omitted":	false,
					"sender":	true
				}],
			"sum":	{
				"start":	4.000149,
				"end":	5.000401,
				"seconds":	1.0002520084381104,
				"bytes":	1238040,
				"bits_per_second":	9901824.65663384,
				"retransmits":	0,
				"omitted":	false,
				"sender":	true
			}
		}, {
			"streams":	[{
					"socket":	5,
					"start":	5.000401,
					"end":	6.000102,
					"seconds":	0.99970102310180664,
					"bytes":	2215440,
					"bits_per_second":	17728820.507764038,
					"retransmits":	0,
					"snd_cwnd":	388064,
					"snd_wnd":	803200,
					"rtt":	269293,
					"rttvar":	1902,
					"pmtu":	1500,
					"omitted":	false,
					"sender":	true
				}],
			"sum":	{
				"start":	5.000401,
				"end":	6.000102,
				"seconds":	0.99970102310180664,
				"bytes":	2215440,
				"bits_per_second":	17728820.507764038,
				"retransmits":	0,
				"omitted":	false,
				"sender":	true
			}
		}, {
			"streams":	[{
					"socket":	5,
					"start":	6.000102,
					"end":	7.000096,
					"seconds":	0.99999397993087769,
					"bytes":	1759320,
					"bits_per_second":	14074644.730334148,
					"retransmits":	0,
					"snd_cwnd":	457568,
					"snd_wnd":	924288,
					"rtt":	317680,
					"rttvar":	2041,
					"pmtu":	1500,
					"omitted":	false,
					"sender":	true
				}],
			"sum":	{
				"start":	6.000102,
				"end":	7.000096,
				"seconds":	0.99999397993087769,
				"bytes":	1759320,
				"bits_per_second":	14074644.730334148,
				"retransmits":	0,
				"omitted":	false,
				"sender":	true
			}
		}, {
			"streams":	[{
					"socket":	5,
					"start":	7.000096,
					"end":	8.000478,
					"seconds":	1.0003819465637207,
					"bytes":	1042560,
					"bits_per_second":	8337295.5985953929,
					"retransmits":	0,
					"snd_cwnd":	531416,
					"snd_wnd":	1078784,
					"rtt":	231162,
					"rttvar":	35467,
					"pmtu":	1500,
					"omitted":	false,
					"sender":	true
				}],
			"sum":	{
				"start":	7.000096,
				"end":	8.000478,
				"seconds":	1.0003819465637207,
				"bytes":	1042560,
				"bits_per_second":	8337295.5985953929,
				"retransmits":	0,
				"omitted":	false,
				"sender":	true
			}
		}, {
			"streams":	[{
					"socket":	5,
					"start":	8.000478,
					"end":	9.000341,
					"seconds":	0.999863028526306,
					"bytes":	2280600,
					"bits_per_second":	18247299.3594842,
					"retransmits":	0,
					"snd_cwnd":	580648,
					"snd_wnd":	1085568,
					"rtt":	238222,
					"rttvar":	35451,
					"pmtu":	1500,
					"omitted":	false,
					"sender":	true
				}],
			"sum":	{
				"start":	8.000478,
				"end":	9.000341,
				"seconds":	0.999863028526306,
				"bytes":	2280600,
				"bits_per_second":	18247299.3594842,
				"retransmits":	0,
				"omitted":	false,
				"sender":	true
			}
		}, {
			"streams":	[{
					"socket":	5,
					"start":	9.000341,
					"end":	10.000673,
					"seconds":	1.0003319978713989,
					"bytes":	1172880,
					"bits_per_second":	9379925.88457244,
					"retransmits":	0,
					"snd_cwnd":	580648,
					"snd_wnd":	1078784,
					"rtt":	224879,
					"rttvar":	12477,
					"pmtu":	1500,
					"omitted":	false,
					"sender":	true
				}],
			"sum":	{
				"start":	9.000341,
				"end":	10.000673,
				"seconds":	1.0003319978713989,
				"bytes":	1172880,
				"bits_per_second":	9379925.88457244,
				"retransmits":	0,
				"omitted":	false,
				"sender":	true
			}
		}],
	"end":	{
		"streams":	[{
				"sender":	{
					"socket":	5,
					"start":	0,
					"end":	10.000673,
					"seconds":	10.000673,
					"bytes":	15173592,
					"bits_per_second":	12138056.7087835,
					"retransmits":	0,
					"max_snd_cwnd":	580648,
					"max_snd_wnd":	1085568,
					"max_rtt":	317680,
					"min_rtt":	89379,
					"mean_rtt":	212404,
					"sender":	true
				},
				"receiver":	{
					"socket":	5,
					"start":	0,
					"end":	10.239832,
					"seconds":	10.000673,
					"bytes":	13238272,
					"bits_per_second":	10342569.682783859,
					"sender":	true
				}
			}],
		"sum_sent":	{
			"start":	0,
			"end":	10.000673,
			"seconds":	10.000673,
			"bytes":	15173592,
			"bits_per_second":	12138056.7087835,
			"retransmits":	0,
			"sender":	true
		},
		"sum_received":	{
			"start":	0,
			"end":	10.239832,
			"seconds":	10.239832,
			"bytes":	13238272,
			"bits_per_second":	10342569.682783859,
			"sender":	true
		},
		"cpu_utilization_percent":	{
			"host_total":	0.456478973232169,
			"host_user":	0.05521931059647564,
			"host_system":	0.401269578116138,
			"remote_total":	2.5632932592725264,
			"remote_user":	0.47497654756298763,