{
	"start":	{
		"connected":	[{
				"socket":	5,
				"local_host":	"129.93.240.12",
				"local_port":	42270,
				"remote_host":	"129.93.208.46",
				"remote_port":	56000
			}],
		"version":	"iperf 3.12",
		"system_info":	"Linux rpi2 6.6.74+rpt-rpi-v8 #1 SMP PREEMPT Debian 1:6.6.74-1+rpt1 (2025-01-27) aarch64",
		"timestamp":	{
			"time":	"Tue, 13 May 2025 22:17:47 GMT",
			"timesecs":	1747174667
		},
		"connecting_to":	{
			"host":	"129.93.208.46",
			"port":	56000
		},
		"cookie":	"u7zwxqjwmhccucbgcuku67mo6y2jomwsrrgc",
		"tcp_mss_default":	1448,
		"target_bitrate":	0,
		"sock_bufsize":	0,
		"sndbuf_actual":	16384,
		"rcvbuf_actual":	131072,
		"test_start":	{
			"protocol":	"TCP",
			"num_streams":	1,
			"blksize":	131072,
			"omit":	0,
			"duration":	10,
			"bytes":	0,
			"blocks":	0,
			"reverse":	0,
			"tos":	0,
			"target_bitrate":	0
		}
	},
	"intervals":	[{
			"streams":	[{
					"socket":	5,
					"start":	0,
					"end":	1.000111,
					"seconds":	1.0001109838485718,
					"bytes":	2406576,
					"bits_per_second":	19250471.508585155,
					"retransmits":	0,
					"snd_cwnd":	136112,
					"snd_wnd":	588544,
					"rtt":	65627,
					"rttvar":	2903,
					"pmtu":	1500,
					"omitted":	false,
					"sender":	true
				}],
			"sum":	{
				"start":	0,
				"end":	1.000111,
				"seconds":	1.0001109838485718,
				"bytes":	2406576,
				"bits_per_second":	19250471.508585155,
				"retransmits":	0,
				"omitted":	false,
				"sender":	true
			}
		}, {
			"streams":	[{
					"socket":	5,
					"start":	1.000111,
					"end":	2.000195,
					"seconds":	1.0000840425491333,
					"bytes":	2410920,
					"bits_per_second":	19285739.177317619,
					"retransmits":	0,
					"snd_cwnd":	228784,
					"snd_wnd":	588544,
					"rtt":	110709,
					"rttvar":	1455,
					"pmtu":	1500,
					"omitted":	false,
					"sender":	true
				}],
			"sum":	{
				"start":	1.000111,
				"end":	2.000195,
				"seconds":	1.0000840425491333,
				"bytes":	2410920,
				"bits_per_second":	19285739.177317619,
				"retransmits":	0,
				"omitted":	false,
				"sender":	true
			}
		}, {
			"streams":	[{
					"socket":	5,
					"start":	2.000195,
					"end":	3.000293,
					"seconds":	1.0000979900360107,
					"bytes":	1759320,
					"bits_per_second":	14073180.968490113,
					"retransmits":	0,
					"snd_cwnd":	309872,
					"snd_wnd":	684672,
					"rtt":	202961,
					"rttvar":	3986,
					"pmtu":	1500,
					"omitted":	false,
					"sender":	true
				}],
			"sum":	{
				"start":	2.000195,
				"end":	3.000293,
				"seconds":	1.0000979900360107,
				"bytes":	1759320,
				"bits_per_second":	14073180.968490113,
				"retransmits":	0,
				"omitted":	false,
				"sender":	true
			}
		}, {
			"streams":	[{
					"socket":	5,
					"start":	3.000293,
					"end":	4.000201,
					"seconds":	0.9999079704284668,
					"bytes":	2150280,
					"bits_per_second":	17203823.2604834,
					"retransmits":	0,
					"snd_cwnd":	386616,
					"snd_wnd":	867456,
					"rtt":	227862,
					"rttvar":	2182,
					"pmtu":	1500,
					"omitted":	false,
					"sender":	true
				}],
			"sum":	{
				"start":	3.000293,
				"end":	4.000201,
				"seconds":	0.9999079704284668,
				"bytes":	2150280,
				"bits_per_second":	17203823.2604834,
				"retransmits":	0,
				"omitted":	false,
				"sender":	true
			}
		}, {
			"streams":	[{
					"socket":	5,
					"start":	4.000201,
					"end":	5.000339,
					"seconds":	1.0001380443573,
					"bytes":	1759320,
					"bits_per_second":	14072617.35458176,
					"retransmits":	0,
					"snd_cwnd":	472048,
					"snd_wnd":	1059840,
					"rtt":	252937,
					"rttvar":	3819,
					"pmtu":	1500,
					"omitted":	false,
					"sender":	true
				}],
			"sum":	{
				"start":	4.000201,
				"end":	5.000339,
				"seconds":	1.0001380443573,
				"bytes":	1759320,
				"bits_per_second":	14072617.35458176,
				"retransmits":	0,
				"omitted":	false,
				"sender":	true
			}
		}, {
			"streams":	[{
					"socket":	5,
					"start":	5.000339,
					"end":	6.000417,
					"seconds":	1.0000779628753662,
					"bytes":	2085120,
					"bits_per_second":	16679659.605777005,
					"retransmits":	0,
					"snd_cwnd":	554584,
					"snd_wnd":	1137920,
					"rtt":	277727,
					"rttvar":	26534,
					"pmtu":	1500,
					"omitted":	false,
					"sender":	true
				}],
			"sum":	{
				"start":	5.000339,
				"end":	6.000417,
				"seconds":	1.0000779628753662,
				"bytes":	2085120,
				"bits_per_second":	16679659.605777005,
				"retransmits":	0,
				"omitted":	false,
				"sender":	true
			}
		}, {
			"streams":	[{
					"socket":	5,
					"start":	6.000417,
					"end":	7.000189,
					"seconds":	0.999772012233734,
					"bytes":	2345760,
					"bits_per_second":	18770359.412314422,
					"retransmits":	0,
					"snd_cwnd":	579200,
					"snd_wnd":	1137920,
					"rtt":	238541,
					"rttvar":	33710,
					"pmtu":	1500,
					"omitted":	false,
					"sender":	true
				}],
			"sum":	{
				"start":	6.000417,
				"end":	7.000189,
				"seconds":	0.999772012233734,
				"bytes":	2345760,
				"bits_per_second":	18770359.412314422,
				"retransmits":	0,
				"omitted":	false,
				"sender":	true
			}
		}, {
			"streams":	[{
					"socket":	5,
					"start":	7.000189,
					"end":	8.000461,
					"seconds":	1.0002720355987549,
					"bytes":	1172880,
					"bits_per_second":	9380488.1732831672,
					"retransmits":	0,
					"snd_cwnd":	579200,
					"snd_wnd":	1137920,
					"rtt":	256210,
					"rttvar":	23974,
					"pmtu":	1500,
					"omitted":	false,
					"sender":	true
				}],
			"sum":	{
				"start":	7.000189,
				"end":	8.000461,
				"seconds":	1.0002720355987549,
				"bytes":	1172880,
				"bits_per_second":	9380488.1732831672,
				"retransmits":	0,
				"omitted":	false,
				"sender":	true
			}
		}, {
			"streams":	[{
					"socket":	5,
					"start":	8.000461,
					"end":	9.000179,
					"seconds":	0.99971801042556763,
					"bytes":	2345760,
					"bits_per_second":	18771373.331577282,
					"retransmits":	0,
					"snd_cwnd":	579200,
					"snd_wnd":	1137920,
					"rtt":	206728,
					"rttvar":	13630,
					"pmtu":	1500,
					"omitted":	false,
					"sender":	true
				}],
			"sum":	{
				"start":	8.000461,
				"end":	9.000179,
				"seconds":	0.99971801042556763,
				"bytes":	2345760,
				"bits_per_second":	18771373.331577282,
				"retransmits":	0,
				"omitted":	false,
				"sender":	true
			}
		}, {
			"streams":	[{
					"socket":	5,
					"start":	9.000179,
					"end":	10.000545,
					"seconds":	1.0003659725189209,
					"bytes":	1172880,
					"bits_per_second":	9379607.32148207,
					"retransmits":	0,
					"snd_cwnd":	579200,
					"snd_wnd":	1137920,
					"rtt":	239042,
					"rttvar":	10593,
					"pmtu":	1500,
					"omitted":	false,
					"sender":	true
				}],
			"sum":	{
				"start":	9.000179,
				"end":	10.000545,
				"seconds":	1.0003659725189209,
				"bytes":	1172880,
				"bits_per_second":	9379607.32148207,
				"retransmits":	0,
				"omitted":	false,
				"sender":	true
			}
		}],
	"end":	{
		"streams":	[{
				"sender":	{
					"socket":	5,
					"start":	0,
					"end":	10.000545,
					"seconds":	10.000545,
					"bytes":	19608816,
					"bits_per_second":	15686197.902214328,
					"retransmits":	0,
					"max_snd_cwnd":	579200,
					"max_snd_wnd":	1137920,
					"max_rtt":	277727,
					"min_rtt":	65627,
					"mean_rtt":	207834,
					"sender":	true
				},
				"receiver":	{
					"socket":	5,
					"start":	0,
					"end":	10.243852,
					"seconds":	10.000545,
					"bytes":	17301504,
					"bits_per_second":	13511717.271979328,
					"sender":	true
				}
			}],
		"sum_sent":	{
			"start":	0,
			"end":	10.000545,
			"seconds":	10.000545,
			"bytes":	19608816,
			"bits_per_second":	15686197.902214328,
			"retransmits":	0,
			"sender":	true
		},
		"sum_received":	{
			"start":	0,
			"end":	10.243852,
			"seconds":	10.243852,
			"bytes":	17301504,
			"bits_per_second":	13511717.271979328,
			"sender":	true
		},
		"cpu_utilization_percent":	{
			"host_total":	0.57674099840532855,
			"host_user":	0.0519460534434562,
			"host_system":	0.5247850297006692,
			"remote_total":	2.2172631685814665,
			"remote_user":	0.24653720412850977,