{
	"start":	{
		"connected":	[{
				"socket":	5,
				"local_host":	"192.168.225.37",
				"local_port":	43564,
				"remote_host":	"129.93.208.46",
				"remote_port":	56000
			}],
		"version":	"iperf 3.12",
		"system_info":	"Linux rpi 6.12.20+rpt-rpi-v8 #1 SMP PREEMPT Debian 1:6.12.20-1+rpt1~bpo12+1 (2025-03-19) aarch64",
		"timestamp":	{
			"time":	"Sun, 11 May 2025 22:49:52 GMT",
			"timesecs":	1747003792
		},
		"connecting_to":	{
			"host":	"129.93.208.46",
			"port":	56000
		},
		"cookie":	"htfinviygorxz7546ftrvime5nv4kuwa3qdj",
		"tcp_mss_default":	1448,
		"target_bitrate":	0,
		"sock_bufsize":	0,
		"sndbuf_actual":	16384,
		"rcvbuf_actual":	131072,
		"test_start":	{
			"protocol":	"TCP",
			"num_streams":	1,
			"blksize":	131072,
			"omit":	0,
			"duration":	10,
			"bytes":	0,
			"blocks":	0,
			"reverse":	0,
			"tos":	0,
			"target_bitrate":	0
		}
	},
	"intervals":	[{
			"streams":	[{
					"socket":	5,
					"start":	0,
					"end":	1.000175,
					"seconds":	1.0001749992370605,
					"bytes":	1851992,
					"bits_per_second":	14813343.676158357,
					"retransmits":	0,
					"snd_cwnd":	124528,
					"snd_wnd":	305152,
					"rtt":	88181,
					"rttvar":	1699,
					"pmtu":	1500,
					"omitted":	false,
					"sender":	true
				}],
			"sum":	{
				"start":	0,
				"end":	1.000175,
				"seconds":	1.0001749992370605,
				"bytes":	1851992,
				"bits_per_second":	14813343.676158357,
				"retransmits":	0,
				"omitted":	false,
				"sender":	true
			}
		}, {
			"streams":	[{
					"socket":	5,
					"start":	1.000175,
					"end":	2.000274,
					"seconds":	1.0000989437103271,
					"bytes":	1368360,
					"bits_per_second":	10945796.982234091,
					"retransmits":	12,
					"snd_cwnd":	120184,
					"snd_wnd":	1221632,
					"rtt":	93711,
					"rttvar":	1852,
					"pmtu":	1500,
					"omitted":	false,
					"sender":	true
				}],
			"sum":	{
				"start":	1.000175,
				"end":	2.000274,
				"seconds":	1.0000989437103271,
				"bytes":	1368360,
				"bits_per_second":	10945796.982234091,
				"retransmits":	12,
				"omitted":	false,
				"sender":	true
			}
		}, {
			"streams":	[{
					"socket":	5,
					"start":	2.000274,
					"end":	3.000257,
					"seconds":	0.999983012676239,
					"bytes":	1303200,
					"bits_per_second":	10425777.10605116,
					"retransmits":	5,
					"snd_cwnd":	97016,
					"snd_wnd":	1288704,
					"rtt":	106700,
					"rttvar":	1261,
					"pmtu":	1500,
					"omitted":	false,
					"sender":	true
				}],
			"sum":	{
				"start":	2.000274,
				"end":	3.000257,
				"seconds":	0.999983012676239,
				"bytes":	1303200,
				"bits_per_second":	10425777.10605116,
				"retransmits":	5,
				"omitted":	false,
				"sender":	true
			}
		}, {
			"streams":	[{
					"socket":	5,
					"start":	3.000257,
					"end":	4.000199,
					"seconds":	0.99994200468063354,
					"bytes":	1303200,
					"bits_per_second":	10426204.671069678,
					"retransmits":	1,
					"snd_cwnd":	76744,
					"snd_wnd":	1290112,
					"rtt":	53811,
					"rttvar":	2072,
					"pmtu":	1500,
					"omitted":	false,
					"sender":	true
				}],
			"sum":	{
				"start":	3.000257,
				"end":	4.000199,
				"seconds":	0.99994200468063354,
				"bytes":	1303200,
				"bits_per_second":	10426204.671069678,
				"retransmits":	1,
				"omitted":	false,
				"sender":	true
			}
		}, {
			"streams":	[{
					"socket":	5,
					"start":	4.000199,
					"end":	5.000176,
					"seconds":	0.9999769926071167,
					"bytes":	1303200,
					"bits_per_second":	10425839.871394059,
					"retransmits":	0,
					"snd_cwnd":	88328,
					"snd_wnd":	1288704,
					"rtt":	65413,
					"rttvar":	1138,
					"pmtu":	1500,
					"omitted":	false,
					"sender":	true
				}],
			"sum":	{
				"start":	4.000199,
				"end":	5.000176,
				"seconds":	0.9999769926071167,
				"bytes":	1303200,
				"bits_per_second":	10425839.871394059,
				"retransmits":	0,
				"omitted":	false,
				"sender":	true
			}
		}, {
			"streams":	[{
					"socket":	5,
					"start":	5.000176,
					"end":	6.000143,
					"seconds":	0.99996697902679443,
					"bytes":	1303200,
					"bits_per_second":	10425944.274826542,
					"retransmits":	0,
					"snd_cwnd":	98464,
					"snd_wnd":	1288704,
					"rtt":	79219,
					"rttvar":	1288,
					"pmtu":	1500,
					"omitted":	false,
					"sender":	true
				}],
			"sum":	{
				"start":	5.000176,
				"end":	6.000143,
				"seconds":	0.99996697902679443,
				"bytes":	1303200,
				"bits_per_second":	10425944.274826542,
				"retransmits":	0,
				"omitted":	false,
				"sender":	true
			}
		}, {
			"streams":	[{
					"socket":	5,
					"start":	6.000143,
					"end":	7.000138,
					"seconds":	0.999994993209839,
					"bytes":	1303200,
					"bits_per_second":	10425652.199052854,
					"retransmits":	0,
					"snd_cwnd":	108600,
					"snd_wnd":	1288704,
					"rtt":	89480,
					"rttvar":	1888,
					"pmtu":	1500,
					"omitted":	false,
					"sender":	true
				}],
			"sum":	{
				"start":	6.000143,
				"end":	7.000138,
				"seconds":	0.999994993209839,
				"bytes":	1303200,
				"bits_per_second":	10425652.199052854,
				"retransmits":	0,
				"omitted":	false,
				"sender":	true
			}
		}, {
			"streams":	[{
					"socket":	5,
					"start":	7.000138,
					"end":	8.000281,
					"seconds":	1.0001430511474609,
					"bytes":	977400,
					"bits_per_second":	7818081.61445411,
					"retransmits":	0,
					"snd_cwnd":	117288,
					"snd_wnd":	1288704,
					"rtt":	88655,
					"rttvar":	1245,
					"pmtu":	1500,
					"omitted":	false,
					"sender":	true
				}],
			"sum":	{
				"start":	7.000138,
				"end":	8.000281,
				"seconds":	1.0001430511474609,
				"bytes":	977400,
				"bits_per_second":	7818081.61445411,
				"retransmits":	0,
				"omitted":	false,
				"sender":	true
			}
		}, {
			"streams":	[{
					"socket":	5,
					"start":	8.000281,
					"end":	9.000312,
					"seconds":	1.0000309944152832,
					"bytes":	1303200,
					"bits_per_second":	10425276.874639105,
					"retransmits":	0,
					"snd_cwnd":	124528,
					"snd_wnd":	1290112,
					"rtt":	92405,
					"rttvar":	2222,
					"pmtu":	1500,
					"omitted":	false,
					"sender":	true
				}],
			"sum":	{
				"start":	8.000281,
				"end":	9.000312,
				"seconds":	1.0000309944152832,
				"bytes":	1303200,
				"bits_per_second":	10425276.874639105,
				"retransmits":	0,
				"omitted":	false,
				"sender":	true
			}
		}, {
			"streams":	[{
					"socket":	5,
					"start":	9.000312,
					"end":	10.000326,
					"seconds":	1.0000139474868774,
					"bytes":	1303200,
					"bits_per_second":	10425454.5911089,
					"retransmits":	0,
					"snd_cwnd":	133216,
					"snd_wnd":	1288704,
					"rtt":	85201,
					"rttvar":	1226,
					"pmtu":	1500,
					"omitted":	false,
					"sender":	true
				}],
			"sum":	{
				"start":	9.000312,
				"end":	10.000326,
				"seconds":	1.0000139474868774,
				"bytes":	1303200,
				"bits_per_second":	10425454.5911089,
				"retransmits":	0,
				"omitted":	false,
				"sender":	true
			}
		}],
	"end":	{
		"streams":	[{
				"sender":	{
					"socket":	5,
					"start":	0,
					"end":	10.000326,
					"seconds":	10.000326,
					"bytes":	13320152,
					"bits_per_second":	10655774.221760372,
					"retransmits":	18,
					"max_snd_cwnd":	133216,
					"max_snd_wnd":	1290112,
					"max_rtt":	106700,
					"min_rtt":	53811,
					"mean_rtt":	84277,
					"sender":	true
				},
				"receiver":	{
					"socket":	5,
					"start":	0,
					"end":	10.078205,
					"seconds":	10.000326,
					"bytes":	12845056,
					"bits_per_second":	10196304.599876665,
					"sender":	true
				}
			}],
		"sum_sent":	{
			"start":	0,
			"end":	10.000326,
			"seconds":	10.000326,
			"bytes":	13320152,
			"bits_per_second":	10655774.221760372,
			"retransmits":	18,
			"sender":	true
		},
		"sum_received":	{
			"start":	0,
			"end":	10.078205,
			"seconds":	10.078205,
			"bytes":	12845056,
			"bits_per_second":	10196304.599876665,
			"sender":	true
		},
		"cpu_utilization_percent":	{
			"host_total":	0.624401336518069,
			"host_user":	0.045816333882276336,
			"host_system":	0.578594845027604,
			"remote_total":	0.482447406019152,
			"remote_user":	0.014030287361916026,