{
	"start":	{
		"connected":	[{
				"socket":	5,
				"local_host":	"192.168.225.46",
				"local_port":	33348,
				"remote_host":	"129.93.208.46",
				"remote_port":	56000
			}],
		"version":	"iperf 3.12",
		"system_info":	"Linux rpi 6.12.20+rpt-rpi-v8 #1 SMP PREEMPT Debian 1:6.12.20-1+rpt1~bpo12+1 (2025-03-19) aarch64",
		"timestamp":	{
			"time":	"Sun, 11 May 2025 22:57:29 GMT",
			"timesecs":	1747004249
		},
		"connecting_to":	{
			"host":	"129.93.208.46",
			"port":	56000
		},
		"cookie":	"ykd37cinspm3gztwfgtywwosoko3m6xevzxi",
		"tcp_mss_default":	1448,
		"target_bitrate":	0,
		"sock_bufsize":	0,
		"sndbuf_actual":	16384,
		"rcvbuf_actual":	131072,
		"test_start":	{
			"protocol":	"TCP",
			"num_streams":	1,
			"blksize":	131072,
			"omit":	0,
			"duration":	10,
			"bytes":	0,
			"blocks":	0,
			"reverse":	0,
			"tos":	0,
			"target_bitrate":	0
		}
	},
	"intervals":	[{
			"streams":	[{
					"socket":	5,
					"start":	0,
					"end":	1.000953,
					"seconds":	1.0009529590606689,
					"bytes":	324352,
					"bits_per_second":	2592345.60077136,
					"retransmits":	2,
					"snd_cwnd":	1448,
					"snd_wnd":	111744,
					"rtt":	44813,
					"rttvar":	2674,
					"pmtu":	1500,
					"omitted":	false,
					"sender":	true
				}],
			"sum":	{
				"start":	0,
				"end":	1.000953,
				"seconds":	1.0009529590606689,
				"bytes":	324352,
				"bits_per_second":	2592345.60077136,
				"retransmits":	2,
				"omitted":	false,
				"sender":	true
			}
		}, {
			"streams":	[{
					"socket":	5,
					"start":	1.000953,
					"end":	2.000334,
					"seconds":	0.99938100576400757,
					"bytes":	479288,
					"bits_per_second":	3836678.8821133822,
					"retransmits":	51,
					"snd_cwnd":	27512,
					"snd_wnd":	915328,
					"rtt":	34016,
					"rttvar":	8860,
					"pmtu":	1500,
					"omitted":	false,
					"sender":	true
				}],
			"sum":	{
				"start":	1.000953,
				"end":	2.000334,
				"seconds":	0.99938100576400757,
				"bytes":	479288,
				"bits_per_second":	3836678.8821133822,
				"retransmits":	51,
				"omitted":	false,
				"sender":	true
			}
		}, {
			"streams":	[{
					"socket":	5,
					"start":	2.000334,
					"end":	3.000252,
					"seconds":	0.999917984008789,
					"bytes":	521280,
					"bits_per_second":	4170582.05442112,
					"retransmits":	7,
					"snd_cwnd":	15928,
					"snd_wnd":	916864,
					"rtt":	45316,
					"rttvar":	9014,
					"pmtu":	1500,
					"omitted":	false,
					"sender":	true
				}],
			"sum":	{
				"start":	2.000334,
				"end":	3.000252,
				"seconds":	0.999917984008789,
				"bytes":	521280,
				"bits_per_second":	4170582.05442112,
				"retransmits":	7,
				"omitted":	false,
				"sender":	true
			}
		}, {
			"streams":	[{
					"socket":	5,
					"start":	3.000252,
					"end":	4.000174,
					"seconds":	0.999921977519989,
					"bytes":	521280,
					"bits_per_second":	4170565.3978553885,
					"retransmits":	0,
					"snd_cwnd":	31856,
					"snd_wnd":	916864,
					"rtt":	40731,
					"rttvar":	793,
					"pmtu":	1500,
					"omitted":	false,
					"sender":	true
				}],
			"sum":	{
				"start":	3.000252,
				"end":	4.000174,
				"seconds":	0.999921977519989,
				"bytes":	521280,
				"bits_per_second":	4170565.3978553885,
				"retransmits":	0,
				"omitted":	false,
				"sender":	true
			}
		}, {
			"streams":	[{
					"socket":	5,
					"start":	4.000174,
					"end":	5.000238,
					"seconds":	1.0000640153884888,
					"bytes":	847080,
					"bits_per_second":	6776206.21852644,
					"retransmits":	1,
					"snd_cwnd":	34752,
					"snd_wnd":	916864,
					"rtt":	40279,
					"rttvar":	1088,
					"pmtu":	1500,
					"omitted":	false,
					"sender":	true
				}],
			"sum":	{
				"start":	4.000174,
				"end":	5.000238,
				"seconds":	1.0000640153884888,
				"bytes":	847080,
				"bits_per_second":	6776206.21852644,
				"retransmits":	1,
				"omitted":	false,
				"sender":	true
			}
		}, {
			"streams":	[{
					"socket":	5,
					"start":	5.000238,
					"end":	6.00028,
					"seconds":	1.0000419616699219,
					"bytes":	912240,
					"bits_per_second":	7297613.77993935,
					"retransmits":	4,
					"snd_cwnd":	37648,
					"snd_wnd":	916864,
					"rtt":	41216,
					"rttvar":	5764,
					"pmtu":	1500,
					"omitted":	false,
					"sender":	true
				}],
			"sum":	{
				"start":	5.000238,
				"end":	6.00028,
				"seconds":	1.0000419616699219,
				"bytes":	912240,
				"bits_per_second":	7297613.77993935,
				"retransmits":	4,
				"omitted":	false,
				"sender":	true
			}
		}, {
			"streams":	[{
					"socket":	5,
					"start":	6.00028,
					"end":	7.000114,
					"seconds":	0.99983400106430054,
					"bytes":	1238040,
					"bits_per_second":	9905964.37954408,
					"retransmits":	0,
					"snd_cwnd":	56472,
					"snd_wnd":	916864,
					"rtt":	39854,
					"rttvar":	3482,
					"pmtu":	1500,
					"omitted":	false,
					"sender":	true
				}],
			"sum":	{
				"start":	6.00028,
				"end":	7.000114,
				"seconds":	0.99983400106430054,
				"bytes":	1238040,
				"bits_per_second":	9905964.37954408,
				"retransmits":	0,
				"omitted":	false,
				"sender":	true
			}
		}, {
			"streams":	[{
					"socket":	5,
					"start":	7.000114,
					"end":	8.000114,
					"seconds":	1,
					"bytes":	1498680,
					"bits_per_second":	11989440,
					"retransmits":	4,
					"snd_cwnd":	53576,
					"snd_wnd":	916864,
					"rtt":	52218,
					"rttvar":	4120,
					"pmtu":	1500,
					"omitted":	false,
					"sender":	true
				}],
			"sum":	{
				"start":	7.000114,
				"end":	8.000114,
				"seconds":	1,
				"bytes":	1498680,
				"bits_per_second":	11989440,
				"retransmits":	4,
				"omitted":	false,
				"sender":	true
			}
		}, {
			"streams":	[{
					"socket":	5,
					"start":	8.000114,
					"end":	9.000106,
					"seconds":	0.9999920129776,
					"bytes":	1303200,
					"bits_per_second":	10425683.270165812,
					"retransmits":	8,
					"snd_cwnd":	36200,
					"snd_wnd":	916864,
					"rtt":	62220,
					"rttvar":	25322,
					"pmtu":	1500,
					"omitted":	false,
					"sender":	true
				}],
			"sum":	{
				"start":	8.000114,
				"end":	9.000106,
				"seconds":	0.9999920129776,
				"bytes":	1303200,
				"bits_per_second":	10425683.270165812,
				"retransmits":	8,
				"omitted":	false,
				"sender":	true
			}
		}, {
			"streams":	[{
					"socket":	5,
					"start":	9.000106,
					"end":	10.00025,
					"seconds":	1.0001440048217773,
					"bytes":	977400,
					"bits_per_second":	7818074.159624,
					"retransmits":	0,
					"snd_cwnd":	53576,
					"snd_wnd":	916864,
					"rtt":	23611,
					"rttvar":	6264,
					"pmtu":	1500,
					"omitted":	false,
					"sender":	true
				}],
			"sum":	{
				"start":	9.000106,
				"end":	10.00025,
				"seconds":	1.0001440048217773,
				"bytes":	977400,
				"bits_per_second":	7818074.159624,
				"retransmits":	0,
				"omitted":	false,
				"sender":	true
			}
		}],
	"end":	{
		"streams":	[{
				"sender":	{
					"socket":	5,
					"start":	0,
					"end":	10.00025,
					"seconds":	10.00025,
					"bytes":	8622840,
					"bits_per_second":	6898099.5475113122,
					"retransmits":	77,
					"max_snd_cwnd":	56472,
					"max_snd_wnd":	916864,
					"max_rtt":	62220,
					"min_rtt":	23611,
					"mean_rtt":	42427,
					"sender":	true
				},
				"receiver":	{
					"socket":	5,
					"start":	0,
					"end":	10.021485,
					"seconds":	10.00025,
					"bytes":	8388608,
					"bits_per_second":	6696498.9719587462,
					"sender":	true
				}
			}],
		"sum_sent":	{
			"start":	0,
			"end":	10.00025,
			"seconds":	10.00025,
			"bytes":	8622840,
			"bits_per_second":	6898099.5475113122,
			"retransmits":	77,
			"sender":	true
		},
		"sum_received":	{
			"start":	0,
			"end":	10.021485,
			"seconds":	10.021485,
			"bytes":	8388608,
			"bits_per_second":	6696498.9719587462,
			"sender":	true
		},
		"cpu_utilization_percent":	{
			"host_total":	0.54547918562639464,
			"host_user":	0.040331505686909616,
			"host_system":	0.505147679939485,
			"remote_total":	0.81337100832080778,
			"remote_user":	0.18483255455793407,
			"remote_system":	0.62854843230601243
		},
		"sender_tcp_congestion":	"cubic",
		"receiver_tcp_congestion":	"cubic"
	}
}
