{
	"start":	{
		"connected":	[{
				"socket":	5,
				"local_host":	"192.168.225.37",
				"local_port":	50988,
				"remote_host":	"129.93.208.46",
				"remote_port":	56000
			}],
		"version":	"iperf 3.12",
		"system_info":	"Linux rpi 6.12.20+rpt-rpi-v8 #1 SMP PREEMPT Debian 1:6.12.20-1+rpt1~bpo12+1 (2025-03-19) aarch64",
		"timestamp":	{
			"time":	"Sun, 11 May 2025 22:40:34 GMT",
			"timesecs":	1747003234
		},
		"connecting_to":	{
			"host":	"129.93.208.46",
			"port":	56000
		},
		"cookie":	"aq7hsee2jhnlimiwjgp6ztyj2atuvhvirzen",
		"tcp_mss_default":	1448,
		"target_bitrate":	0,
		"sock_bufsize":	0,
		"sndbuf_actual":	16384,
		"rcvbuf_actual":	131072,
		"test_start":	{
			"protocol":	"TCP",
			"num_streams":	1,
			"blksize":	131072,
			"omit":	0,
			"duration":	10,
			"bytes":	0,
			"blocks":	0,
			"reverse":	0,
			"tos":	0,
			"target_bitrate":	0
		}
	},
	"intervals":	[{
			"streams":	[{
					"socket":	5,
					"start":	0,
					"end":	1.000319,
					"seconds":	1.0003190040588379,
					"bytes":	722552,
					"bits_per_second":	5778572.61188252,
					"retransmits":	47,
					"snd_cwnd":	24616,
					"snd_wnd":	353536,
					"rtt":	100930,
					"rttvar":	2803,
					"pmtu":	1500,
					"omitted":	false,
					"sender":	true
				}],
			"sum":	{
				"start":	0,
				"end":	1.000319,
				"seconds":	1.0003190040588379,
				"bytes":	722552,
				"bits_per_second":	5778572.61188252,
				"retransmits":	47,
				"omitted":	false,
				"sender":	true
			}
		}, {
			"streams":	[{
					"socket":	5,
					"start":	1.000319,
					"end":	2.000106,
					"seconds":	0.99978697299957275,
					"bytes":	390960,
					"bits_per_second":	3128346.42225463,
					"retransmits":	0,
					"snd_cwnd":	31856,
					"snd_wnd":	360192,
					"rtt":	94749,
					"rttvar":	4072,
					"pmtu":	1500,
					"omitted":	false,
					"sender":	true
				}],
			"sum":	{
				"start":	1.000319,
				"end":	2.000106,
				"seconds":	0.99978697299957275,
				"bytes":	390960,
				"bits_per_second":	3128346.42225463,
				"retransmits":	0,
				"omitted":	false,
				"sender":	true
			}
		}, {
			"streams":	[{
					"socket":	5,
					"start":	2.000106,
					"end":	3.000379,
					"seconds":	1.0002729892730713,
					"bytes":	195480,
					"bits_per_second":	1563413.2049656664,
					"retransmits":	2,
					"snd_cwnd":	30408,
					"snd_wnd":	361600,
					"rtt":	106761,
					"rttvar":	5007,
					"pmtu":	1500,
					"omitted":	false,
					"sender":	true
				}],
			"sum":	{
				"start":	2.000106,
				"end":	3.000379,
				"seconds":	1.0002729892730713,
				"bytes":	195480,
				"bits_per_second":	1563413.2049656664,
				"retransmits":	2,
				"omitted":	false,
				"sender":	true
			}
		}, {
			"streams":	[{
					"socket":	5,
					"start":	3.000379,
					"end":	4.000638,
					"seconds":	1.0002590417861938,
					"bytes":	195480,
					"bits_per_second":	1563435.0050037059,
					"retransmits":	2,
					"snd_cwnd":	26064,
					"snd_wnd":	360192,
					"rtt":	79609,
					"rttvar":	3438,
					"pmtu":	1500,
					"omitted":	false,
					"sender":	true
				}],
			"sum":	{
				"start":	3.000379,
				"end":	4.000638,
				"seconds":	1.0002590417861938,
				"bytes":	195480,
				"bits_per_second":	1563435.0050037059,
				"retransmits":	2,
				"omitted":	false,
				"sender":	true
			}
		}, {
			"streams":	[{
					"socket":	5,
					"start":	4.000638,
					"end":	5.000199,
					"seconds":	0.99956101179122925,
					"bytes":	390960,
					"bits_per_second":	3129053.6176427566,
					"retransmits":	3,
					"snd_cwnd":	24616,
					"snd_wnd":	360192,
					"rtt":	87170,
					"rttvar":	3267,
					"pmtu":	1500,
					"omitted":	false,
					"sender":	true
				}],
			"sum":	{
				"start":	4.000638,
				"end":	5.000199,
				"seconds":	0.99956101179122925,
				"bytes":	390960,
				"bits_per_second":	3129053.6176427566,
				"retransmits":	3,
				"omitted":	false,
				"sender":	true
			}
		}, {
			"streams":	[{
					"socket":	5,
					"start":	5.000199,
					"end":	6.00031,
					"seconds":	1.0001109838485718,
					"bytes":	195480,
					"bits_per_second":	1563666.4582785775,
					"retransmits":	1,
					"snd_cwnd":	23168,
					"snd_wnd":	360192,
					"rtt":	87684,
					"rttvar":	3562,
					"pmtu":	1500,
					"omitted":	false,
					"sender":	true
				}],
			"sum":	{
				"start":	5.000199,
				"end":	6.00031,
				"seconds":	1.0001109838485718,
				"bytes":	195480,
				"bits_per_second":	1563666.4582785775,
				"retransmits":	1,
				"omitted":	false,
				"sender":	true
			}
		}, {
			"streams":	[{
					"socket":	5,
					"start":	6.00031,
					"end":	7.000609,
					"seconds":	1.0002989768981934,
					"bytes":	195480,
					"bits_per_second":	1563372.587713005,
					"retransmits":	1,
					"snd_cwnd":	20272,
					"snd_wnd":	361600,
					"rtt":	90129,
					"rttvar":	5168,
					"pmtu":	1500,
					"omitted":	false,
					"sender":	true
				}],
			"sum":	{
				"start":	6.00031,
				"end":	7.000609,
				"seconds":	1.0002989768981934,
				"bytes":	195480,
				"bits_per_second":	1563372.587713005,
				"retransmits":	1,
				"omitted":	false,
				"sender":	true
			}
		}, {
			"streams":	[{
					"socket":	5,
					"start":	7.000609,
					"end":	8.000104,
					"seconds":	0.999495029449463,
					"bytes":	390960,
					"bits_per_second":	3129260.1842380087,
					"retransmits":	0,
					"snd_cwnd":	27512,
					"snd_wnd":	360192,
					"rtt":	69974,
					"rttvar":	4486,
					"pmtu":	1500,
					"omitted":	false,
					"sender":	true
				}],
			"sum":	{
				"start":	7.000609,
				"end":	8.000104,
				"seconds":	0.999495029449463,
				"bytes":	390960,
				"bits_per_second":	3129260.1842380087,
				"retransmits":	0,
				"omitted":	false,
				"sender":	true
			}
		}, {
			"streams":	[{
					"socket":	5,
					"start":	8.000104,
					"end":	9.00054,
					"seconds":	1.0004359483718872,
					"bytes":	195480,
					"bits_per_second":	1563158.5435779255,
					"retransmits":	0,
					"snd_cwnd":	36200,
					"snd_wnd":	360192,
					"rtt":	102595,
					"rttvar":	3251,
					"pmtu":	1500,
					"omitted":	false,
					"sender":	true
				}],
			"sum":	{
				"start":	8.000104,
				"end":	9.00054,
				"seconds":	1.0004359483718872,
				"bytes":	195480,
				"bits_per_second":	1563158.5435779255,
				"retransmits":	0,
				"omitted":	false,
				"sender":	true
			}
		}, {
			"streams":	[{
					"socket":	5,
					"start":	9.00054,
					"end":	10.000425,
					"seconds":	0.99988502264022827,
					"bytes":	390960,
					"bits_per_second":	3128039.6537406482,
					"retransmits":	1,
					"snd_cwnd":	34752,
					"snd_wnd":	361600,
					"rtt":	102994,
					"rttvar":	2717,
					"pmtu":	1500,
					"omitted":	false,
					"sender":	true
				}],
			"sum":	{
				"start":	9.00054,
				"end":	10.000425,
				"seconds":	0.99988502264022827,
				"bytes":	390960,
				"bits_per_second":	3128039.6537406482,
				"retransmits":	1,
				"omitted":	false,
				"sender":	true
			}
		}],
	"end":	{
		"streams":	[{
				"sender":	{
					"socket":	5,
					"start":	0,
					"end":	10.000425,
					"seconds":	10.000425,
					"bytes":	3263792,
					"bits_per_second":	2610922.6357879792,
					"retransmits":	57,
					"max_snd_cwnd":	36200,
					"max_snd_wnd":	361600,
					"max_rtt":	106761,
					"min_rtt":	69974,
					"mean_rtt":	92259,
					"sender":	true
				},
				"receiver":	{
					"socket":	5,
					"start":	0,
					"end":	10.292642,
					"seconds":	10.000425,
					"bytes":	2883584,
					"bits_per_second":	2241277.9925698377,
					"sender":	true
				}
			}],
		"sum_sent":	{
			"start":	0,
			"end":	10.000425,
			"seconds":	10.000425,
			"bytes":	3263792,
			"bits_per_second":	2610922.6357879792,
			"retransmits":	57,
			"sender":	true
		},
		"sum_received":	{
			"start":	0,
			"end":	10.292642,
			"seconds":	10.292642,
			"bytes":	2883584,
			"bits_per_second":	2241277.9925698377,
			"sender":	true
		},
		"cpu_utilization_percent":	{
			"host_total":	0.46574985174960071,
			"host_user":	0.078689589500180859,
			"host_system":	0.38709963165004541,
			"remote_total":	0.16320336394408452,
			"remote_user":	0.0421658887675513,
			"remote_system":	0.12102775953396006
		},