{
	"start":	{
		"connected":	[{
				"socket":	5,
				"local_host":	"129.93.240.11",
				"local_port":	36332,
				"remote_host":	"10.53.1.2",
				"remote_port":	55001
			}],
		"version":	"iperf 3.12",
		"system_info":	"Linux rpi1 6.6.51+rpt-rpi-v8 #1 SMP PREEMPT Debian 1:6.6.51-1+rpt3 (2024-10-08) aarch64",
		"timestamp":	{
			"time":	"Thu, 15 May 2025 19:12:01 GMT",
			"timesecs":	1747336321
		},
		"connecting_to":	{
			"host":	"10.53.1.2",
			"port":	55001
		},
		"cookie":	"2kyqmyjbib4ugdyclf7odvyd5opku3nt5vsf",
		"tcp_mss_default":	1448,
		"target_bitrate":	0,
		"sock_bufsize":	0,
		"sndbuf_actual":	16384,
		"rcvbuf_actual":	131072,
		"test_start":	{
			"protocol":	"TCP",
			"num_streams":	1,
			"blksize":	131072,
			"omit":	0,
			"duration":	20,
			"bytes":	0,
			"blocks":	0,
			"reverse":	0,
			"tos":	0,
			"target_bitrate":	0
		}
	},
	"intervals":	[{
			"streams":	[{
					"socket":	5,
					"start":	0,
					"end":	1.000098,
					"seconds":	1.0000979900360107,
					"bytes":	1766560,
					"bits_per_second":	14131095.293463321,
					"retransmits":	0,
					"snd_cwnd":	111496,
					"snd_wnd":	385664,
					"rtt":	88658,
					"rttvar":	1766,
					"pmtu":	1500,
					"omitted":	false,
					"sender":	true
				}],
			"sum":	{
				"start":	0,
				"end":	1.000098,
				"seconds":	1.0000979900360107,
				"bytes":	1766560,
				"bits_per_second":	14131095.293463321,
				"retransmits":	0,
				"omitted":	false,
				"sender":	true
			}
		}, {
			"streams":	[{
					"socket":	5,
					"start":	1.000098,
					"end":	2.00028,
					"seconds":	1.000182032585144,
					"bytes":	1238040,
					"bits_per_second":	9902517.41915476,
					"retransmits":	0,
					"snd_cwnd":	173760,
					"snd_wnd":	390016,
					"rtt":	137052,
					"rttvar":	1212,
					"pmtu":	1500,
					"omitted":	false,
					"sender":	true
				}],
			"sum":	{
				"start":	1.000098,
				"end":	2.00028,
				"seconds":	1.000182032585144,
				"bytes":	1238040,
				"bits_per_second":	9902517.41915476,
				"retransmits":	0,
				"omitted":	false,
				"sender":	true
			}
		}, {
			"streams":	[{
					"socket":	5,
					"start":	2.00028,
					"end":	3.000216,
					"seconds":	0.99993598461151123,
					"bytes":	1694160,
					"bits_per_second":	13554147.674028987,
					"retransmits":	0,
					"snd_cwnd":	236024,
					"snd_wnd":	551424,
					"rtt":	172360,
					"rttvar":	3196,
					"pmtu":	1500,
					"omitted":	false,
					"sender":	true
				}],
			"sum":	{
				"start":	2.00028,
				"end":	3.000216,
				"seconds":	0.99993598461151123,
				"bytes":	1694160,
				"bits_per_second":	13554147.674028987,
				"retransmits":	0,
				"omitted":	false,
				"sender":	true
			}
		}, {
			"streams":	[{
					"socket":	5,
					"start":	3.000216,
					"end":	4.000136,
					"seconds":	0.99992001056671143,
					"bytes":	1694160,
					"bits_per_second":	13554364.205911418,
					"retransmits":	0,
					"snd_cwnd":	296840,
					"snd_wnd":	628992,
					"rtt":	244830,
					"rttvar":	4198,
					"pmtu":	1500,
					"omitted":	false,
					"sender":	true
				}],
			"sum":	{
				"start":	3.000216,
				"end":	4.000136,
				"seconds":	0.99992001056671143,
				"bytes":	1694160,
				"bits_per_second":	13554364.205911418,
				"retransmits":	0,
				"omitted":	false,
				"sender":	true
			}
		}, {
			"streams":	[{
					"socket":	5,
					"start":	4.000136,
					"end":	5.000267,
					"seconds":	1.0001310110092163,
					"bytes":	1368360,
					"bits_per_second":	10945446.0260698,
					"retransmits":	0,
					"snd_cwnd":	357656,
					"snd_wnd":	752384,
					"rtt":	255924,
					"rttvar":	2490,
					"pmtu":	1500,
					"omitted":	false,
					"sender":	true
				}],
			"sum":	{
				"start":	4.000136,
				"end":	5.000267,
				"seconds":	1.0001310110092163,
				"bytes":	1368360,
				"bits_per_second":	10945446.0260698,
				"retransmits":	0,
				"omitted":	false,
				"sender":	true
			}
		}, {
			"streams":	[{
					"socket":	5,
					"start":	5.000267,
					"end":	6.000246,
					"seconds":	0.999979019165039,
					"bytes":	1629000,
					"bits_per_second":	13032273.427977959,
					"retransmits":	0,
					"snd_cwnd":	418472,
					"snd_wnd":	891392,
					"rtt":	331638,
					"rttvar":	1135,
					"pmtu":	1500,
					"omitted":	false,
					"sender":	true
				}],
			"sum":	{
				"start":	5.000267,
				"end":	6.000246,
				"seconds":	0.999979019165039,
				"bytes":	1629000,
				"bits_per_second":	13032273.427977959,
				"retransmits":	0,
				"omitted":	false,
				"sender":	true
			}
		}, {
			"streams":	[{
					"socket":	5,
					"start":	6.000246,
					"end":	7.000655,
					"seconds":	1.0004090070724487,
					"bytes":	912240,
					"bits_per_second":	7294936.31945228,
					"retransmits":	0,
					"snd_cwnd":	482184,
					"snd_wnd":	1074560,
					"rtt":	362253,
					"rttvar":	2959,
					"pmtu":	1500,
					"omitted":	false,
					"sender":	true
				}],
			"sum":	{
				"start":	6.000246,
				"end":	7.000655,
				"seconds":	1.0004090070724487,
				"bytes":	912240,
				"bits_per_second":	7294936.31945228,
				"retransmits":	0,
				"omitted":	false,
				"sender":	true
			}
		}, {
			"streams":	[{
					"socket":	5,
					"start":	7.000655,
					"end":	8.000426,
					"seconds":	0.999770998954773,
					"bytes":	2019960,
					"bits_per_second":	16163381.431242159,
					"retransmits":	0,
					"snd_cwnd":	543000,
					"snd_wnd":	1140096,
					"rtt":	285349,
					"rttvar":	8307,
					"pmtu":	1500,
					"omitted":	false,
					"sender":	true
				}],
			"sum":	{
				"start":	7.000655,
				"end":	8.000426,
				"seconds":	0.999770998954773,
				"bytes":	2019960,
				"bits_per_second":	16163381.431242159,
				"retransmits":	0,
				"omitted":	false,
				"sender":	true
			}
		}, {
			"streams":	[{
					"socket":	5,
					"start":	8.000426,
					"end":	9.000689,
					"seconds":	1.000262975692749,
					"bytes":	1172880,
					"bits_per_second":	9380573.13728084,
					"retransmits":	0,
					"snd_cwnd":	587888,
					"snd_wnd":	1140096,
					"rtt":	271289,
					"rttvar":	5564,
					"pmtu":	1500,
					"omitted":	false,
					"sender":	true
				}],
			"sum":	{
				"start":	8.000426,
				"end":	9.000689,
				"seconds":	1.000262975692749,
				"bytes":	1172880,
				"bits_per_second":	9380573.13728084,
				"retransmits":	0,
				"omitted":	false,
				"sender":	true
			}
		}, {
			"streams":	[{
					"socket":	5,
					"start":	9.000689,
					"end":	10.000829,
					"seconds":	1.0001399517059326,
					"bytes":	1172880,
					"bits_per_second":	9381727.0113001745,
					"retransmits":	0,
					"snd_cwnd":	587888,
					"snd_wnd":	1140096,
					"rtt":	417724,
					"rttvar":	21778,
					"pmtu":	1500,
					"omitted":	false,
					"sender":	true
				}],
			"sum":	{
				"start":	9.000689,
				"end":	10.000829,
				"seconds":	1.0001399517059326,
				"bytes":	1172880,
				"bits_per_second":	9381727.0113001745,
				"retransmits":	0,
				"omitted":	false,
				"sender":	true
			}
		}, {
			"streams":	[{
					"socket":	5,
					"start":	10.000829,
					"end":	11.000875,
					"seconds":	1.0000460147857666,
					"bytes":	1191472,
					"bits_per_second":	9531337.41755066,
					"retransmits":	0,
					"snd_cwnd":	587888,
					"snd_wnd":	1140096,
					"rtt":	417919,
					"rttvar":	19788,
					"pmtu":	1500,
					"omitted":	false,
					"sender":	true
				}],
			"sum":	{
				"start":	10.000829,
				"end":	11.000875,
				"seconds":	1.0000460147857666,
				"bytes":	1191472,
				"bits_per_second":	9531337.41755066,
				"retransmits":	0,
				"omitted":	false,
				"sender":	true
			}
		}, {
			"streams":	[{
					"socket":	5,
					"start":	11.000875,
					"end":	12.000915,
					"seconds":	1.0000400543212891,
					"bytes":	1219448,
					"bits_per_second":	9755193.26235483,
					"retransmits":	0,
					"snd_cwnd":	587888,
					"snd_wnd":	1140096,
					"rtt":	373206,
					"rttvar":	17059,
					"pmtu":	1500,
					"omitted":	false,
					"sender":	true
				}],
			"sum":	{
				"start":	11.000875,
				"end":	12.000915,
				"seconds":	1.0000400543212891,
				"bytes":	1219448,
				"bits_per_second":	9755193.26235483,
				"retransmits":	0,
				"omitted":	false,