{
	"start":	{
		"connected":	[{
				"socket":	5,
				"local_host":	"129.93.240.11",
				"local_port":	42896,
				"remote_host":	"10.53.1.2",
				"remote_port":	55001
			}],
		"version":	"iperf 3.12",
		"system_info":	"Linux rpi1 6.6.51+rpt-rpi-v8 #1 SMP PREEMPT Debian 1:6.6.51-1+rpt3 (2024-10-08) aarch64",
		"timestamp":	{
			"time":	"Thu, 15 May 2025 18:57:21 GMT",
			"timesecs":	1747335441
		},
		"connecting_to":	{
			"host":	"10.53.1.2",
			"port":	55001
		},
		"cookie":	"uoelklmwiyii6gteqt6qn7sy37gchg3ip7vw",
		"tcp_mss_default":	1448,
		"target_bitrate":	0,
		"sock_bufsize":	0,
		"sndbuf_actual":	16384,
		"rcvbuf_actual":	131072,
		"test_start":	{
			"protocol":	"TCP",
			"num_streams":	1,
			"blksize":	131072,
			"omit":	0,
			"duration":	20,
			"bytes":	0,
			"blocks":	0,
			"reverse":	0,
			"tos":	0,
			"target_bitrate":	0
		}
	},
	"intervals":	[{
			"streams":	[{
					"socket":	5,
					"start":	0,
					"end":	1.000107,
					"seconds":	1.0001070499420166,
					"bytes":	1973624,
					"bits_per_second":	15787301.970239487,
					"retransmits":	0,
					"snd_cwnd":	105704,
					"snd_wnd":	621056,
					"rtt":	38555,
					"rttvar":	8332,
					"pmtu":	1500,
					"omitted":	false,
					"sender":	true
				}],
			"sum":	{
				"start":	0,
				"end":	1.000107,
				"seconds":	1.0001070499420166,
				"bytes":	1973624,
				"bits_per_second":	15787301.970239487,
				"retransmits":	0,
				"omitted":	false,
				"sender":	true
			}
		}, {
			"streams":	[{
					"socket":	5,
					"start":	1.000107,
					"end":	2.000259,
					"seconds":	1.0001519918441772,
					"bytes":	1172880,
					"bits_per_second":	9381614.07117596,
					"retransmits":	0,
					"snd_cwnd":	157832,
					"snd_wnd":	921216,
					"rtt":	119290,
					"rttvar":	8027,
					"pmtu":	1500,
					"omitted":	false,
					"sender":	true
				}],
			"sum":	{
				"start":	1.000107,
				"end":	2.000259,
				"seconds":	1.0001519918441772,
				"bytes":	1172880,
				"bits_per_second":	9381614.07117596,
				"retransmits":	0,
				"omitted":	false,
				"sender":	true
			}
		}, {
			"streams":	[{
					"socket":	5,
					"start":	2.000259,
					"end":	3.000312,
					"seconds":	1.00005304813385,
					"bytes":	1629000,
					"bits_per_second":	13031308.713391131,
					"retransmits":	0,
					"snd_cwnd":	222992,
					"snd_wnd":	921216,
					"rtt":	164581,
					"rttvar":	14589,
					"pmtu":	1500,
					"omitted":	false,
					"sender":	true
				}],
			"sum":	{
				"start":	2.000259,
				"end":	3.000312,
				"seconds":	1.00005304813385,
				"bytes":	1629000,
				"bits_per_second":	13031308.713391131,
				"retransmits":	0,
				"omitted":	false,
				"sender":	true
			}
		}, {
			"streams":	[{
					"socket":	5,
					"start":	3.000312,
					"end":	4.000108,
					"seconds":	0.999795973300934,
					"bytes":	1629000,
					"bits_per_second":	13034659.418534616,
					"retransmits":	0,
					"snd_cwnd":	278016,
					"snd_wnd":	964864,
					"rtt":	198059,
					"rttvar":	1057,
					"pmtu":	1500,
					"omitted":	false,
					"sender":	true
				}],
			"sum":	{
				"start":	3.000312,
				"end":	4.000108,
				"seconds":	0.999795973300934,
				"bytes":	1629000,
				"bits_per_second":	13034659.418534616,
				"retransmits":	0,
				"omitted":	false,
				"sender":	true
			}
		}, {
			"streams":	[{
					"socket":	5,
					"start":	4.000108,
					"end":	5.00027,
					"seconds":	1.0001620054244995,
					"bytes":	1368360,
					"bits_per_second":	10945106.833321275,
					"retransmits":	0,
					"snd_cwnd":	343176,
					"snd_wnd":	964864,
					"rtt":	206105,
					"rttvar":	19006,
					"pmtu":	1500,
					"omitted":	false,
					"sender":	true
				}],
			"sum":	{
				"start":	4.000108,
				"end":	5.00027,
				"seconds":	1.0001620054244995,
				"bytes":	1368360,
				"bits_per_second":	10945106.833321275,
				"retransmits":	0,
				"omitted":	false,
				"sender":	true
			}
		}, {
			"streams":	[{
					"socket":	5,
					"start":	5.00027,
					"end":	6.000517,
					"seconds":	1.0002470016479492,
					"bytes":	1563840,
					"bits_per_second":	12507630.594631186,
					"retransmits":	0,
					"snd_cwnd":	419920,
					"snd_wnd":	964864,
					"rtt":	306368,
					"rttvar":	4481,
					"pmtu":	1500,
					"omitted":	false,
					"sender":	true
				}],
			"sum":	{
				"start":	5.00027,
				"end":	6.000517,
				"seconds":	1.0002470016479492,
				"bytes":	1563840,
				"bits_per_second":	12507630.594631186,
				"retransmits":	0,
				"omitted":	false,
				"sender":	true
			}
		}, {
			"streams":	[{
					"socket":	5,
					"start":	6.000517,
					"end":	7.000443,
					"seconds":	0.999925971031189,
					"bytes":	1759320,
					"bits_per_second":	14075602.002301624,
					"retransmits":	0,
					"snd_cwnd":	472048,
					"snd_wnd":	964864,
					"rtt":	548731,
					"rttvar":	28665,
					"pmtu":	1500,
					"omitted":	false,
					"sender":	true
				}],
			"sum":	{
				"start":	6.000517,
				"end":	7.000443,
				"seconds":	0.999925971031189,
				"bytes":	1759320,
				"bits_per_second":	14075602.002301624,
				"retransmits":	0,
				"omitted":	false,
				"sender":	true
			}
		}, {
			"streams":	[{
					"socket":	5,
					"start":	7.000443,
					"end":	8.000383,
					"seconds":	0.99993997812271118,
					"bytes":	1042560,
					"bits_per_second":	8340980.6413165219,
					"retransmits":	0,
					"snd_cwnd":	512592,
					"snd_wnd":	1182720,
					"rtt":	574438,
					"rttvar":	5760,
					"pmtu":	1500,
					"omitted":	false,
					"sender":	true
				}],
			"sum":	{
				"start":	7.000443,
				"end":	8.000383,
				"seconds":	0.99993997812271118,
				"bytes":	1042560,
				"bits_per_second":	8340980.6413165219,
				"retransmits":	0,
				"omitted":	false,
				"sender":	true
			}
		}, {
			"streams":	[{
					"socket":	5,
					"start":	8.000383,
					"end":	9.000681,
					"seconds":	1.000298023223877,
					"bytes":	1107720,
					"bits_per_second":	8859119.7765634768,
					"retransmits":	0,
					"snd_cwnd":	586440,
					"snd_wnd":	1422464,
					"rtt":	197024,
					"rttvar":	10276,
					"pmtu":	1500,
					"omitted":	false,
					"sender":	true
				}],
			"sum":	{
				"start":	8.000383,
				"end":	9.000681,
				"seconds":	1.000298023223877,
				"bytes":	1107720,
				"bits_per_second":	8859119.7765634768,
				"retransmits":	0,
				"omitted":	false,
				"sender":	true
			}
		}, {
			"streams":	[{
					"socket":	5,
					"start":	9.000681,
					"end":	10.000573,
					"seconds":	0.999891996383667,
					"bytes":	2606400,
					"bits_per_second":	20853452.248255838,
					"retransmits":	0,
					"snd_cwnd":	640016,
					"snd_wnd":	1422464,
					"rtt":	197808,
					"rttvar":	5089,
					"pmtu":	1500,
					"omitted":	false,
					"sender":	true
				}],
			"sum":	{
				"start":	9.000681,
				"end":	10.000573,
				"seconds":	0.999891996383667,
				"bytes":	2606400,
				"bits_per_second":	20853452.248255838,
				"retransmits":	0,
				"omitted":	false,
				"sender":	true
			}
		}, {
			"streams":	[{
					"socket":	5,
					"start":	10.000573,
					"end":	11.000194,
					"seconds":	0.99962097406387329,
					"bytes":	2497376,
					"bits_per_second":	19986583.433495857,
					"retransmits":	0,
					"snd_cwnd":	693592,
					"snd_wnd":	1422464,
					"rtt":	284470,
					"rttvar":	12263,
					"pmtu":	1500,
					"omitted":	false,
					"sender":	true
				}],
			"sum":	{
				"start":	10.000573,
				"end":	11.000194,
				"seconds":	0.99962097406387329,
				"bytes":	2497376,
				"bits_per_second":	19986583.433495857,
				"retransmits":	0,
				"omitted":	false,
				"sender":	true
			}
		}, {
			"streams":	[{
					"socket":	5,
					"start":	11.000194,
					"end":	12.000565,
					"seconds":	1.000370979309082,
					"bytes":	1310720,
					"bits_per_second":	10481871.442574346,
					"retransmits":	0,
					"snd_cwnd":	741376,
					"snd_wnd":	1422464,
					"rtt":	251879,
					"rttvar":	10030,
					"pmtu":	1500,
					"omitted":	false,
					"sender":	true
				}],
			"sum":	{
				"start":	11.000194,
				"end":	12.000565,
				"seconds":	1.000370979309082,
				"bytes":	1310720,
				"bits_per_second":	10481871.442574346,
				"retransmits":	0,
				"omitted":	false,